player_id,player_name,season,PA,SO,K%,BB%,Whiff%,Swing%,xwOBA,xBA,xSLG,Hard-Hit%,Barrel%,average_swing_speed,fast_swing_rate,swords,squared_up_contact,pitch_type,pitch_name,pitch_usage,Pitches,PutAway%,BA,SLG,wOBA,run_value_per_100,source,source_timestamp,schema_version,refresh_status
592332,"Gausman, Kevin",2026.0,609.0,143.0,23.5,6.6,27.4,50.3,0.31,0.251,0.406,39.3,7.3,72.1,26.7,20.0,30.3,FF,4-Seam Fastball,50.8,1228,18.5,0.304,0.464,0.358,0.5,BASEBALL_SAVANT_CURRENT_SEASON,2026-08-20T23:43:02.137578+00:00,SAVANT_ARSENAL_SCHEMA_V1,CURRENT
694819,"Misiorowski, Jacob",2026.0,527.0,210.0,39.8,5.9,38.1,51.8,0.216,0.165,0.245,33.6,3.2,71.4,23.2,29.0,25.1,FF,4-Seam Fastball,63.9,1331,34.5,0.175,0.275,0.25,1.7,BASEBALL_SAVANT_CURRENT_SEASON,2026-08-20T23:43:02.137578+00:00,SAVANT_ARSENAL_SCHEMA_V1,CURRENT
671096,"Abbott, Andrew",2026.0,604.0,108.0,17.9,10.9,22.4,46.6,0.331,0.256,0.415,38.2,7.7,72.6,29.4,25.0,30.9,FF,4-Seam Fastball,44.9,1079,12.3,0.249,0.418,0.374,-0.3,BASEBALL_SAVANT_CURRENT_SEASON,2026-08-20T23:43:02.137578+00:00,SAVANT_ARSENAL_SCHEMA_V1,CURRENT
663903,"Singer, Brady",2026.0,557.0,104.0,18.7,7.5,25.1,44.4,0.343,0.271,0.447,40.5,9.2,72.3,30.6,12.0,38.6,SI,Sinker,48.7,1056,19.5,0.279,0.442,0.364,-0.3,BASEBALL_SAVANT_CURRENT_SEASON,2026-08-20T23:43:02.137578+00:00,SAVANT_ARSENAL_SCHEMA_V1,CURRENT
650911,"Sánchez, Cristopher",2026.0,673.0,187.0,27.8,5.6,32.8,50.0,0.284,0.237,0.358,41.8,7.2,72.6,29.6,19.0,35.5,SI,Sinker,43.6,1080,20.2,0.336,0.466,0.386,0.0,BASEBALL_SAVANT_CURRENT_SEASON,2026-08-20T23:43:02.137578+00:00,SAVANT_ARSENAL_SCHEMA_V1,CURRENT
695505,"Burns, Chase",2026.0,548.0,159.0,29.0,8.8,31.7,49.0,0.27,0.202,0.331,36.9,7.6,72.2,28.0,28.0,28.8,FF,4-Seam Fastball,56.4,1262,14.1,0.24,0.374,0.328,0.6,BASEBALL_SAVANT_CURRENT_SEASON,2026-08-20T23:43:02.137578+00:00,SAVANT_ARSENAL_SCHEMA_V1,CURRENT
642547,"Peralta, Freddy",2026.0,573.0,123.0,21.5,9.2,26.4,47.1,0.312,0.242,0.383,39.4,6.1,71.8,23.9,21.0,30.5,FF,4-Seam Fastball,53.5,1251,16.5,0.282,0.471,0.377,-0.4,BASEBALL_SAVANT_CURRENT_SEASON,2026-08-20T23:43:02.137578+00:00,SAVANT_ARSENAL_SCHEMA_V1,CURRENT
671737,"Bradley, Taj",2026.0,599.0,158.0,26.4,10.4,26.0,47.1,0.307,0.226,0.377,44.9,9.3,72.2,28.8,29.0,31.7,FF,4-Seam Fastball,46.6,1127,18.3,0.24,0.421,0.351,0.4,BASEBALL_SAVANT_CURRENT_SEASON,2026-08-20T23:43:02.137578+00:00,SAVANT_ARSENAL_SCHEMA_V1,CURRENT
664285,"Valdez, Framber",2026.0,613.0,111.0,18.1,8.8,20.6,46.3,0.324,0.258,0.391,43.7,6.2,72.3,29.1,23.0,38.1,SI,Sinker,45.0,999,15.1,0.308,0.424,0.366,0.3,BASEBALL_SAVANT_CURRENT_SEASON,2026-08-20T23:43:02.137578+00:00,SAVANT_ARSENAL_SCHEMA_V1,CURRENT
672282,"Detmers, Reid",2026.0,579.0,167.0,28.8,7.4,29.6,49.2,0.283,0.214,0.363,38.2,8.3,72.0,26.2,33.0,33.5,FF,4-Seam Fastball,45.7,1056,17.2,0.226,0.407,0.307,0.3,BASEBALL_SAVANT_CURRENT_SEASON,2026-08-20T23:43:02.137578+00:00,SAVANT_ARSENAL_SCHEMA_V1,CURRENT
669022,"Gore, MacKenzie",2026.0,597.0,154.0,25.8,8.5,26.3,49.6,0.304,0.236,0.378,42.0,8.8,72.6,31.4,21.0,27.8,FF,4-Seam Fastball,46.4,1099,20.5,0.248,0.389,0.317,1.0,BASEBALL_SAVANT_CURRENT_SEASON,2026-08-20T23:43:02.137578+00:00,SAVANT_ARSENAL_SCHEMA_V1,CURRENT
650911,"Sánchez, Cristopher",2026.0,673.0,187.0,27.8,5.6,32.8,50.0,0.284,0.237,0.358,41.8,7.2,72.6,29.6,19.0,35.5,CH,Changeup,37.4,926,29.3,0.177,0.255,0.218,1.3,BASEBALL_SAVANT_CURRENT_SEASON,2026-08-20T23:43:02.137578+00:00,SAVANT_ARSENAL_SCHEMA_V1,CURRENT
680736,"Wrobleski, Justin",2026.0,516.0,100.0,19.4,5.4,20.0,50.1,0.331,0.27,0.448,43.9,9.4,72.6,31.6,7.0,35.1,FF,4-Seam Fastball,49.6,943,22.0,0.187,0.326,0.261,1.4,BASEBALL_SAVANT_CURRENT_SEASON,2026-08-20T23:43:02.137578+00:00,SAVANT_ARSENAL_SCHEMA_V1,CURRENT
693433,"Woo, Bryan",2026.0,563.0,137.0,24.3,5.2,24.8,53.4,0.293,0.237,0.383,43.3,6.9,72.1,26.1,13.0,31.4,FF,4-Seam Fastball,47.2,1000,17.2,0.233,0.37,0.289,1.4,BASEBALL_SAVANT_CURRENT_SEASON,2026-08-20T23:43:02.137578+00:00,SAVANT_ARSENAL_SCHEMA_V1,CURRENT
693645,"Schlittler, Cam",2026.0,602.0,189.0,31.4,5.6,28.8,52.7,0.266,0.21,0.34,40.1,8.1,71.8,26.1,27.0,27.0,FF,4-Seam Fastball,44.3,1056,27.0,0.184,0.305,0.244,1.6,BASEBALL_SAVANT_CURRENT_SEASON,2026-08-20T23:43:02.137578+00:00,SAVANT_ARSENAL_SCHEMA_V1,CURRENT
694973,"Skenes, Paul",2026.0,573.0,171.0,29.8,7.2,28.5,51.0,0.277,0.212,0.341,39.0,7.4,71.1,19.5,16.0,27.5,FF,4-Seam Fastball,41.5,978,26.0,0.204,0.356,0.284,1.1,BASEBALL_SAVANT_CURRENT_SEASON,2026-08-20T23:43:02.137578+00:00,SAVANT_ARSENAL_SCHEMA_V1,CURRENT
696149,"Chandler, Bubba",2026.0,528.0,108.0,20.5,12.1,23.1,47.9,0.311,0.23,0.365,37.1,5.7,72.0,25.1,16.0,31.0,FF,4-Seam Fastball,48.9,1014,15.4,0.223,0.371,0.335,0.1,BASEBALL_SAVANT_CURRENT_SEASON,2026-08-20T23:43:02.137578+00:00,SAVANT_ARSENAL_SCHEMA_V1,CURRENT
690997,"McLean, Nolan",2026.0,594.0,162.0,27.3,9.1,24.6,44.1,0.298,0.221,0.348,35.7,6.9,71.8,23.6,16.0,28.1,SI,Sinker,32.6,770,29.2,0.184,0.259,0.247,2.8,BASEBALL_SAVANT_CURRENT_SEASON,2026-08-20T23:43:02.137578+00:00,SAVANT_ARSENAL_SCHEMA_V1,CURRENT
645261,"Alcantara, Sandy",2026.0,728.0,131.0,18.0,6.5,21.1,50.9,0.297,0.249,0.367,35.2,5.4,72.0,25.4,20.0,32.8,SI,Sinker,27.0,719,17.1,0.26,0.33,0.301,1.7,BASEBALL_SAVANT_CURRENT_SEASON,2026-08-20T23:43:02.137578+00:00,SAVANT_ARSENAL_SCHEMA_V1,CURRENT
680732,"Burke, Sean",2026.0,571.0,154.0,27.0,7.4,25.8,48.9,0.294,0.226,0.37,36.9,7.7,71.6,25.4,26.0,30.9,FF,4-Seam Fastball,37.3,841,21.6,0.17,0.311,0.25,1.5,BASEBALL_SAVANT_CURRENT_SEASON,2026-08-20T23:43:02.137578+00:00,SAVANT_ARSENAL_SCHEMA_V1,CURRENT
680694,"Bradish, Kyle",2026.0,562.0,124.0,22.1,10.3,24.4,44.7,0.312,0.239,0.376,37.4,7.5,72.0,24.9,28.0,33.0,SI,Sinker,35.2,776,21.6,0.236,0.315,0.292,1.0,BASEBALL_SAVANT_CURRENT_SEASON,2026-08-20T23:43:02.137578+00:00,SAVANT_ARSENAL_SCHEMA_V1,CURRENT
800048,"Messick, Parker",2026.0,591.0,152.0,25.7,6.8,26.1,48.5,0.267,0.218,0.327,32.5,5.0,72.0,27.9,15.0,29.5,FF,4-Seam Fastball,39.1,902,27.1,0.155,0.249,0.219,2.6,BASEBALL_SAVANT_CURRENT_SEASON,2026-08-20T23:43:02.137578+00:00,SAVANT_ARSENAL_SCHEMA_V1,CURRENT
691587,"Pérez, Eury",2026.0,494.0,133.0,26.9,9.9,28.6,51.5,0.296,0.208,0.36,39.8,9.2,72.7,31.9,22.0,26.1,FF,4-Seam Fastball,38.9,775,24.3,0.185,0.328,0.298,1.2,BASEBALL_SAVANT_CURRENT_SEASON,2026-08-20T23:43:02.137578+00:00,SAVANT_ARSENAL_SCHEMA_V1,CURRENT
690986,"Harrison, Kyle",2026.0,402.0,122.0,30.3,6.5,29.1,48.4,0.276,0.22,0.344,35.6,6.8,71.9,23.8,17.0,28.4,FF,4-Seam Fastball,57.8,979,23.2,0.232,0.401,0.311,1.0,BASEBALL_SAVANT_CURRENT_SEASON,2026-08-20T23:43:02.137578+00:00,SAVANT_ARSENAL_SCHEMA_V1,CURRENT
695505,"Burns, Chase",2026.0,548.0,159.0,29.0,8.8,31.7,49.0,0.27,0.202,0.331,36.9,7.6,72.2,28.0,28.0,28.8,SL,Slider,38.4,860,32.0,0.144,0.247,0.201,1.9,BASEBALL_SAVANT_CURRENT_SEASON,2026-08-20T23:43:02.137578+00:00,SAVANT_ARSENAL_SCHEMA_V1,CURRENT
684007,"Imanaga, Shota",2026.0,578.0,140.0,24.2,5.5,29.4,51.5,0.302,0.235,0.411,35.4,10.0,72.6,31.3,16.0,31.9,FF,4-Seam Fastball,41.2,930,18.5,0.236,0.453,0.317,0.5,BASEBALL_SAVANT_CURRENT_SEASON,2026-08-20T23:43:02.137578+00:00,SAVANT_ARSENAL_SCHEMA_V1,CURRENT
669358,"Baz, Shane",2026.0,623.0,132.0,21.2,7.9,22.5,49.1,0.312,0.252,0.396,42.8,6.8,72.0,26.7,25.0,35.2,CU,Curveball,32.8,779,21.4,0.29,0.411,0.322,-0.6,BASEBALL_SAVANT_CURRENT_SEASON,2026-08-20T23:43:02.137578+00:00,SAVANT_ARSENAL_SCHEMA_V1,CURRENT
592332,"Gausman, Kevin",2026.0,609.0,143.0,23.5,6.6,27.4,50.3,0.31,0.251,0.406,39.3,7.3,72.1,26.7,20.0,30.3,FS,Split-Finger,38.5,930,18.6,0.194,0.289,0.245,0.2,BASEBALL_SAVANT_CURRENT_SEASON,2026-08-20T23:43:02.137578+00:00,SAVANT_ARSENAL_SCHEMA_V1,CURRENT
605488,"Springs, Jeffrey",2026.0,504.0,89.0,17.7,9.3,23.3,46.2,0.344,0.257,0.458,35.3,9.7,71.9,24.4,16.0,34.2,FF,4-Seam Fastball,44.0,863,14.0,0.286,0.534,0.402,-1.8,BASEBALL_SAVANT_CURRENT_SEASON,2026-08-20T23:43:02.137578+00:00,SAVANT_ARSENAL_SCHEMA_V1,CURRENT
543135,"Eovaldi, Nathan",2026.0,555.0,137.0,24.7,5.8,30.5,52.2,0.316,0.25,0.421,41.5,8.7,73.1,35.9,7.0,33.1,FS,Split-Finger,36.7,737,26.0,0.196,0.354,0.267,1.4,BASEBALL_SAVANT_CURRENT_SEASON,2026-08-20T23:43:02.137578+00:00,SAVANT_ARSENAL_SCHEMA_V1,CURRENT
657746,"Ryan, Joe",2026.0,523.0,138.0,26.4,5.2,25.5,50.2,0.29,0.224,0.39,42.2,10.5,72.4,29.0,17.0,30.9,FF,4-Seam Fastball,45.6,953,18.7,0.243,0.456,0.336,0.4,BASEBALL_SAVANT_CURRENT_SEASON,2026-08-20T23:43:02.137578+00:00,SAVANT_ARSENAL_SCHEMA_V1,CURRENT
605288,"Houser, Adrian",2026.0,464.0,73.0,15.7,7.3,17.8,46.2,0.341,0.269,0.456,42.2,8.8,71.9,25.9,9.0,37.5,SI,Sinker,45.8,781,10.8,0.291,0.454,0.371,0.2,BASEBALL_SAVANT_CURRENT_SEASON,2026-08-20T23:43:02.137578+00:00,SAVANT_ARSENAL_SCHEMA_V1,CURRENT
607067,"Rea, Colin",2026.0,535.0,91.0,17.0,8.0,19.5,46.8,0.359,0.276,0.487,41.4,10.7,72.1,27.5,13.0,36.7,FF,4-Seam Fastball,42.5,861,12.4,0.299,0.485,0.373,-0.3,BASEBALL_SAVANT_CURRENT_SEASON,2026-08-20T23:43:02.137578+00:00,SAVANT_ARSENAL_SCHEMA_V1,CURRENT
656302,"Cease, Dylan",2026.0,553.0,201.0,36.3,10.7,34.8,46.1,0.254,0.183,0.276,32.4,4.9,71.7,26.5,19.0,24.6,FF,4-Seam Fastball,36.9,865,24.6,0.202,0.301,0.293,1.2,BASEBALL_SAVANT_CURRENT_SEASON,2026-08-20T23:43:02.137578+00:00,SAVANT_ARSENAL_SCHEMA_V1,CURRENT
622491,"Castillo, Luis",2026.0,508.0,102.0,20.1,7.1,24.9,52.1,0.337,0.267,0.453,41.8,9.9,72.4,30.5,16.0,30.6,FF,4-Seam Fastball,42.6,870,16.2,0.255,0.495,0.369,-0.8,BASEBALL_SAVANT_CURRENT_SEASON,2026-08-20T23:43:02.137578+00:00,SAVANT_ARSENAL_SCHEMA_V1,CURRENT
669432,"Rogers, Trevor",2026.0,529.0,108.0,20.4,6.6,23.6,52.5,0.308,0.25,0.399,39.2,7.1,72.2,27.2,22.0,31.1,FF,4-Seam Fastball,45.5,934,17.0,0.245,0.444,0.343,0.6,BASEBALL_SAVANT_CURRENT_SEASON,2026-08-20T23:43:02.137578+00:00,SAVANT_ARSENAL_SCHEMA_V1,CURRENT
593958,"Rodriguez, Eduardo",2026.0,613.0,106.0,17.3,7.7,20.6,48.0,0.333,0.266,0.443,35.2,8.3,72.6,29.8,14.0,32.1,FF,4-Seam Fastball,39.6,938,17.5,0.193,0.335,0.272,1.5,BASEBALL_SAVANT_CURRENT_SEASON,2026-08-20T23:43:02.137578+00:00,SAVANT_ARSENAL_SCHEMA_V1,CURRENT
801139,"Tolle, Payton",2026.0,483.0,134.0,27.7,6.8,27.1,55.3,0.255,0.2,0.315,33.5,6.5,71.7,23.8,15.0,26.3,FF,4-Seam Fastball,45.8,830,24.5,0.195,0.359,0.29,0.5,BASEBALL_SAVANT_CURRENT_SEASON,2026-08-20T23:43:02.137578+00:00,SAVANT_ARSENAL_SCHEMA_V1,CURRENT
676106,"Hancock, Emerson",2026.0,516.0,119.0,23.1,6.2,23.7,51.5,0.308,0.244,0.41,41.1,8.4,72.2,27.7,9.0,29.2,FF,4-Seam Fastball,39.2,786,20.4,0.205,0.355,0.28,1.9,BASEBALL_SAVANT_CURRENT_SEASON,2026-08-20T23:43:02.137578+00:00,SAVANT_ARSENAL_SCHEMA_V1,CURRENT
669194,"Nelson, Ryne",2026.0,355.0,62.0,17.5,6.2,21.0,54.2,0.349,0.261,0.5,43.4,10.2,71.7,22.9,17.0,34.1,FF,4-Seam Fastball,56.8,734,15.4,0.23,0.434,0.322,0.3,BASEBALL_SAVANT_CURRENT_SEASON,2026-08-20T23:43:02.137578+00:00,SAVANT_ARSENAL_SCHEMA_V1,CURRENT
666200,"Luzardo, Jesús",2026.0,621.0,185.0,29.8,7.4,31.9,46.5,0.264,0.207,0.304,31.8,5.8,71.6,22.1,32.0,29.6,ST,Sweeper,38.2,931,30.7,0.117,0.173,0.171,2.0,BASEBALL_SAVANT_CURRENT_SEASON,2026-08-20T23:43:02.137578+00:00,SAVANT_ARSENAL_SCHEMA_V1,CURRENT
808963,"Sasaki, Roki",2026.0,493.0,114.0,23.1,9.3,29.7,50.2,0.317,0.242,0.4,43.9,9.8,72.0,27.3,25.0,31.6,FF,4-Seam Fastball,41.9,832,16.6,0.319,0.593,0.433,-1.5,BASEBALL_SAVANT_CURRENT_SEASON,2026-08-20T23:43:02.137578+00:00,SAVANT_ARSENAL_SCHEMA_V1,CURRENT
650633,"King, Michael",2026.0,610.0,128.0,21.0,9.5,24.8,46.4,0.321,0.239,0.402,32.4,8.5,72.6,31.1,15.0,29.7,CH,Changeup,27.6,665,16.3,0.205,0.287,0.253,1.2,BASEBALL_SAVANT_CURRENT_SEASON,2026-08-20T23:43:02.137578+00:00,SAVANT_ARSENAL_SCHEMA_V1,CURRENT
519242,"Sale, Chris",2026.0,517.0,160.0,30.9,5.4,30.0,50.5,0.272,0.223,0.33,34.5,5.6,71.1,20.7,14.0,29.4,SL,Slider,39.4,819,26.2,0.193,0.249,0.24,1.2,BASEBALL_SAVANT_CURRENT_SEASON,2026-08-20T23:43:02.137578+00:00,SAVANT_ARSENAL_SCHEMA_V1,CURRENT
605400,"Nola, Aaron",2026.0,593.0,146.0,24.6,7.8,28.1,46.0,0.315,0.245,0.42,42.0,9.5,72.3,27.7,14.0,35.4,CU,Curveball,33.1,784,28.5,0.173,0.33,0.252,1.3,BASEBALL_SAVANT_CURRENT_SEASON,2026-08-20T23:43:02.137578+00:00,SAVANT_ARSENAL_SCHEMA_V1,CURRENT
669302,"Gilbert, Logan",2026.0,594.0,157.0,26.4,6.2,29.8,50.2,0.298,0.233,0.395,41.8,10.1,71.9,26.7,24.0,33.6,FF,4-Seam Fastball,39.2,923,17.9,0.23,0.476,0.336,1.0,BASEBALL_SAVANT_CURRENT_SEASON,2026-08-20T23:43:02.137578+00:00,SAVANT_ARSENAL_SCHEMA_V1,CURRENT
519242,"Sale, Chris",2026.0,517.0,160.0,30.9,5.4,30.0,50.5,0.272,0.223,0.33,34.5,5.6,71.1,20.7,14.0,29.4,FF,4-Seam Fastball,41.2,855,21.4,0.221,0.358,0.293,1.1,BASEBALL_SAVANT_CURRENT_SEASON,2026-08-20T23:43:02.137578+00:00,SAVANT_ARSENAL_SCHEMA_V1,CURRENT
684007,"Imanaga, Shota",2026.0,578.0,140.0,24.2,5.5,29.4,51.5,0.302,0.235,0.411,35.4,10.0,72.6,31.3,16.0,31.9,FS,Split-Finger,32.8,741,23.9,0.202,0.36,0.263,0.8,BASEBALL_SAVANT_CURRENT_SEASON,2026-08-20T23:43:02.137578+00:00,SAVANT_ARSENAL_SCHEMA_V1,CURRENT
594798,"deGrom, Jacob",2026.0,498.0,147.0,29.5,6.2,33.4,51.7,0.297,0.238,0.402,45.6,8.8,72.4,27.8,28.0,31.6,SL,Slider,36.4,737,22.8,0.171,0.238,0.212,2.1,BASEBALL_SAVANT_CURRENT_SEASON,2026-08-20T23:43:02.137578+00:00,SAVANT_ARSENAL_SCHEMA_V1,CURRENT
669372,"Ginn, J.T.",2026.0,533.0,114.0,21.4,9.9,27.3,45.8,0.308,0.238,0.361,35.2,5.6,72.7,31.0,10.0,30.9,SI,Sinker,35.7,717,28.6,0.218,0.31,0.297,1.4,BASEBALL_SAVANT_CURRENT_SEASON,2026-08-20T23:43:02.137578+00:00,SAVANT_ARSENAL_SCHEMA_V1,CURRENT
672282,"Detmers, Reid",2026.0,579.0,167.0,28.8,7.4,29.6,49.2,0.283,0.214,0.363,38.2,8.3,72.0,26.2,33.0,33.5,SL,Slider,32.2,743,26.7,0.176,0.245,0.223,1.9,BASEBALL_SAVANT_CURRENT_SEASON,2026-08-20T23:43:02.137578+00:00,SAVANT_ARSENAL_SCHEMA_V1,CURRENT
656492,"Griffin, Foster",2026.0,589.0,131.0,22.2,5.9,23.7,48.3,0.315,0.252,0.418,38.1,9.2,72.5,31.6,23.0,29.4,FC,Cutter,32.2,749,16.9,0.218,0.41,0.296,1.6,BASEBALL_SAVANT_CURRENT_SEASON,2026-08-20T23:43:02.137578+00:00,SAVANT_ARSENAL_SCHEMA_V1,CURRENT
592662,"Ray, Robbie",2026.0,578.0,117.0,20.2,11.8,24.8,47.2,0.329,0.24,0.415,38.3,8.7,72.4,28.2,23.0,30.3,FF,4-Seam Fastball,32.9,765,16.6,0.233,0.466,0.366,-0.2,BASEBALL_SAVANT_CURRENT_SEASON,2026-08-20T23:43:02.137578+00:00,SAVANT_ARSENAL_SCHEMA_V1,CURRENT
656427,"Flaherty, Jack",2026.0,389.0,102.0,26.2,10.8,27.1,45.1,0.323,0.236,0.394,46.2,8.4,73.0,32.9,16.0,28.9,FF,4-Seam Fastball,49.2,806,20.9,0.224,0.388,0.324,0.4,BASEBALL_SAVANT_CURRENT_SEASON,2026-08-20T23:43:02.137578+00:00,SAVANT_ARSENAL_SCHEMA_V1,CURRENT
677958,"Rocker, Kumar",2026.0,528.0,109.0,20.6,9.1,25.8,47.9,0.333,0.259,0.43,40.6,7.9,72.2,30.0,29.0,33.4,SL,Slider,38.3,777,25.1,0.197,0.33,0.247,0.7,BASEBALL_SAVANT_CURRENT_SEASON,2026-08-20T23:43:02.137578+00:00,SAVANT_ARSENAL_SCHEMA_V1,CURRENT
607200,"Fedde, Erick",2026.0,498.0,82.0,16.5,8.4,18.2,42.3,0.329,0.257,0.434,39.6,7.6,72.5,29.9,15.0,36.1,ST,Sweeper,36.8,719,15.2,0.217,0.389,0.299,0.8,BASEBALL_SAVANT_CURRENT_SEASON,2026-08-20T23:43:02.137578+00:00,SAVANT_ARSENAL_SCHEMA_V1,CURRENT
594798,"deGrom, Jacob",2026.0,498.0,147.0,29.5,6.2,33.4,51.7,0.297,0.238,0.402,45.6,8.8,72.4,27.8,28.0,31.6,FF,4-Seam Fastball,42.3,856,22.4,0.283,0.538,0.375,-0.2,BASEBALL_SAVANT_CURRENT_SEASON,2026-08-20T23:43:02.137578+00:00,SAVANT_ARSENAL_SCHEMA_V1,CURRENT
656550,"Holmes, Grant",2026.0,507.0,97.0,19.1,10.1,26.9,48.3,0.336,0.254,0.432,43.0,9.0,72.9,31.1,25.0,38.5,SL,Slider,36.1,677,23.8,0.223,0.397,0.302,0.1,BASEBALL_SAVANT_CURRENT_SEASON,2026-08-20T23:43:02.137578+00:00,SAVANT_ARSENAL_SCHEMA_V1,CURRENT
687064,"Young, Brandon",2026.0,507.0,96.0,18.9,8.3,23.4,49.9,0.323,0.258,0.412,41.1,6.9,71.9,26.1,25.0,35.5,FF,4-Seam Fastball,40.2,764,13.1,0.218,0.374,0.302,1.4,BASEBALL_SAVANT_CURRENT_SEASON,2026-08-20T23:43:02.137578+00:00,SAVANT_ARSENAL_SCHEMA_V1,CURRENT
640455,"Manaea, Sean",2026.0,481.0,113.0,23.5,7.7,23.1,49.9,0.327,0.25,0.419,41.8,9.5,71.6,22.1,22.0,31.9,FF,4-Seam Fastball,38.6,731,20.1,0.21,0.409,0.3,0.8,BASEBALL_SAVANT_CURRENT_SEASON,2026-08-20T23:43:02.137578+00:00,SAVANT_ARSENAL_SCHEMA_V1,CURRENT
593958,"Rodriguez, Eduardo",2026.0,613.0,106.0,17.3,7.7,20.6,48.0,0.333,0.266,0.443,35.2,8.3,72.6,29.8,14.0,32.1,CH,Changeup,26.2,621,14.1,0.211,0.343,0.281,0.7,BASEBALL_SAVANT_CURRENT_SEASON,2026-08-20T23:43:02.137578+00:00,SAVANT_ARSENAL_SCHEMA_V1,CURRENT
669358,"Baz, Shane",2026.0,623.0,132.0,21.2,7.9,22.5,49.1,0.312,0.252,0.396,42.8,6.8,72.0,26.7,25.0,35.2,FF,4-Seam Fastball,34.4,817,18.6,0.239,0.387,0.318,0.1,BASEBALL_SAVANT_CURRENT_SEASON,2026-08-20T23:43:02.137578+00:00,SAVANT_ARSENAL_SCHEMA_V1,CURRENT
702056,"Yesavage, Trey",2026.0,386.0,91.0,23.6,11.9,30.0,47.3,0.285,0.2,0.33,34.0,6.1,72.2,27.0,17.0,31.9,FF,4-Seam Fastball,46.6,722,18.8,0.198,0.358,0.307,1.1,BASEBALL_SAVANT_CURRENT_SEASON,2026-08-20T23:43:02.137578+00:00,SAVANT_ARSENAL_SCHEMA_V1,CURRENT
701542,"Warren, Will",2026.0,535.0,122.0,22.8,8.0,22.4,43.8,0.332,0.266,0.427,43.7,8.0,72.6,30.5,15.0,37.6,FF,4-Seam Fastball,36.8,771,21.2,0.231,0.479,0.335,-0.2,BASEBALL_SAVANT_CURRENT_SEASON,2026-08-20T23:43:02.137578+00:00,SAVANT_ARSENAL_SCHEMA_V1,CURRENT
686790,"McDonald, Trevor",2026.0,310.0,57.0,18.4,7.4,21.3,44.5,0.312,0.246,0.359,37.8,4.2,72.4,26.7,20.0,38.0,SI,Sinker,57.6,655,16.8,0.286,0.363,0.347,1.0,BASEBALL_SAVANT_CURRENT_SEASON,2026-08-20T23:43:02.137578+00:00,SAVANT_ARSENAL_SCHEMA_V1,CURRENT
641816,"Mahle, Tyler",2026.0,473.0,108.0,22.8,8.5,22.7,45.3,0.315,0.247,0.405,37.8,7.5,72.3,27.5,10.0,33.9,FF,4-Seam Fastball,48.2,887,23.1,0.221,0.436,0.326,0.7,BASEBALL_SAVANT_CURRENT_SEASON,2026-08-20T23:43:02.137578+00:00,SAVANT_ARSENAL_SCHEMA_V1,CURRENT
676917,"Cavalli, Cade",2026.0,600.0,162.0,27.0,7.0,25.9,47.6,0.303,0.24,0.372,41.4,7.1,72.0,24.9,32.0,30.9,FF,4-Seam Fastball,33.0,772,19.4,0.294,0.482,0.371,-0.7,BASEBALL_SAVANT_CURRENT_SEASON,2026-08-20T23:43:02.137578+00:00,SAVANT_ARSENAL_SCHEMA_V1,CURRENT
808963,"Sasaki, Roki",2026.0,493.0,114.0,23.1,9.3,29.7,50.2,0.317,0.242,0.4,43.9,9.8,72.0,27.3,25.0,31.6,FS,Split-Finger,36.4,723,18.9,0.17,0.33,0.244,0.5,BASEBALL_SAVANT_CURRENT_SEASON,2026-08-20T23:43:02.137578+00:00,SAVANT_ARSENAL_SCHEMA_V1,CURRENT
657277,"Webb, Logan",2026.0,560.0,110.0,19.6,5.7,20.8,48.2,0.295,0.249,0.365,38.0,5.1,72.2,28.5,15.0,31.8,SI,Sinker,28.8,594,16.8,0.226,0.351,0.299,2.3,BASEBALL_SAVANT_CURRENT_SEASON,2026-08-20T23:43:02.137578+00:00,SAVANT_ARSENAL_SCHEMA_V1,CURRENT
656302,"Cease, Dylan",2026.0,553.0,201.0,36.3,10.7,34.8,46.1,0.254,0.183,0.276,32.4,4.9,71.7,26.5,19.0,24.6,SL,Slider,29.6,695,27.1,0.124,0.182,0.186,3.3,BASEBALL_SAVANT_CURRENT_SEASON,2026-08-20T23:43:02.137578+00:00,SAVANT_ARSENAL_SCHEMA_V1,CURRENT
694738,"Roupp, Landen",2026.0,548.0,128.0,23.4,10.9,25.5,43.5,0.3,0.23,0.345,29.9,5.1,72.0,25.0,19.0,29.1,SI,Sinker,34.3,782,15.8,0.261,0.464,0.394,0.0,BASEBALL_SAVANT_CURRENT_SEASON,2026-08-20T23:43:02.137578+00:00,SAVANT_ARSENAL_SCHEMA_V1,CURRENT
677958,"Rocker, Kumar",2026.0,528.0,109.0,20.6,9.1,25.8,47.9,0.333,0.259,0.43,40.6,7.9,72.2,30.0,29.0,33.4,SI,Sinker,29.7,602,10.8,0.314,0.472,0.411,-0.7,BASEBALL_SAVANT_CURRENT_SEASON,2026-08-20T23:43:02.137578+00:00,SAVANT_ARSENAL_SCHEMA_V1,CURRENT
669467,"Pallante, Andre",2026.0,564.0,97.0,17.2,7.3,21.4,44.9,0.305,0.25,0.374,34.5,5.3,72.1,26.7,24.0,34.2,FF,4-Seam Fastball,32.0,704,11.5,0.286,0.399,0.345,0.9,BASEBALL_SAVANT_CURRENT_SEASON,2026-08-20T23:43:02.137578+00:00,SAVANT_ARSENAL_SCHEMA_V1,CURRENT
607259,"Martinez, Nick",2026.0,574.0,83.0,14.5,3.8,17.3,50.6,0.326,0.279,0.439,33.0,7.3,72.0,25.0,10.0,35.2,SI,Sinker,30.7,609,18.4,0.286,0.417,0.319,0.6,BASEBALL_SAVANT_CURRENT_SEASON,2026-08-20T23:43:02.137578+00:00,SAVANT_ARSENAL_SCHEMA_V1,CURRENT
667755,"Soriano, José",2026.0,578.0,136.0,23.5,10.7,30.8,46.6,0.326,0.249,0.395,38.7,8.0,72.4,27.5,30.0,33.4,SI,Sinker,27.9,647,16.3,0.265,0.316,0.33,0.7,BASEBALL_SAVANT_CURRENT_SEASON,2026-08-20T23:43:02.137578+00:00,SAVANT_ARSENAL_SCHEMA_V1,CURRENT
678394,"Bello, Brayan",2026.0,385.0,67.0,17.4,7.3,24.9,49.2,0.351,0.294,0.466,42.3,8.0,72.6,29.9,8.0,37.5,SI,Sinker,41.2,588,19.7,0.3,0.388,0.344,0.7,BASEBALL_SAVANT_CURRENT_SEASON,2026-08-20T23:43:02.137578+00:00,SAVANT_ARSENAL_SCHEMA_V1,CURRENT
643511,"Rogers, Tyler",2026.0,240.0,29.0,12.1,8.3,14.1,50.7,0.254,0.225,0.289,27.5,1.1,70.7,18.7,1.0,32.5,SI,Sinker,77.3,639,11.2,0.218,0.255,0.262,2.4,BASEBALL_SAVANT_CURRENT_SEASON,2026-08-20T23:43:02.137578+00:00,SAVANT_ARSENAL_SCHEMA_V1,CURRENT
656849,"Peterson, David",2026.0,507.0,95.0,18.7,9.3,21.4,47.0,0.34,0.275,0.417,41.2,6.4,71.9,27.8,8.0,39.1,SI,Sinker,30.1,557,15.4,0.286,0.435,0.382,0.0,BASEBALL_SAVANT_CURRENT_SEASON,2026-08-20T23:43:02.137578+00:00,SAVANT_ARSENAL_SCHEMA_V1,CURRENT
641778,"Lauer, Eric",2026.0,438.0,69.0,15.8,7.3,19.0,52.0,0.332,0.25,0.459,35.2,10.8,72.8,31.6,9.0,28.3,FF,4-Seam Fastball,41.9,713,16.3,0.234,0.532,0.359,-0.5,BASEBALL_SAVANT_CURRENT_SEASON,2026-08-20T23:43:02.137578+00:00,SAVANT_ARSENAL_SCHEMA_V1,CURRENT
608379,"Wacha, Michael",2026.0,632.0,120.0,19.0,6.5,21.1,48.5,0.314,0.25,0.417,37.1,7.1,71.5,24.2,13.0,36.5,CH,Changeup,24.7,577,20.5,0.194,0.318,0.255,1.6,BASEBALL_SAVANT_CURRENT_SEASON,2026-08-20T23:43:02.137578+00:00,SAVANT_ARSENAL_SCHEMA_V1,CURRENT
676282,"Cantillo, Joey",2026.0,542.0,139.0,25.6,10.9,30.7,45.0,0.304,0.228,0.368,39.2,8.2,72.2,26.5,18.0,32.0,FF,4-Seam Fastball,34.1,741,16.8,0.3,0.533,0.405,-1.3,BASEBALL_SAVANT_CURRENT_SEASON,2026-08-20T23:43:02.137578+00:00,SAVANT_ARSENAL_SCHEMA_V1,CURRENT
645261,"Alcantara, Sandy",2026.0,728.0,131.0,18.0,6.5,21.1,50.9,0.297,0.249,0.367,35.2,5.4,72.0,25.4,20.0,32.8,CH,Changeup,20.3,542,21.3,0.228,0.353,0.296,0.0,BASEBALL_SAVANT_CURRENT_SEASON,2026-08-20T23:43:02.137578+00:00,SAVANT_ARSENAL_SCHEMA_V1,CURRENT
676974,"Meyer, Max",2026.0,462.0,121.0,26.2,8.9,28.6,46.7,0.304,0.227,0.375,42.0,8.6,72.3,27.4,32.0,33.3,ST,Sweeper,30.0,537,27.5,0.199,0.267,0.245,0.9,BASEBALL_SAVANT_CURRENT_SEASON,2026-08-20T23:43:02.137578+00:00,SAVANT_ARSENAL_SCHEMA_V1,CURRENT
625643,"López, Reynaldo",2026.0,306.0,66.0,21.6,9.5,21.8,45.6,0.33,0.256,0.426,36.4,7.7,71.7,23.4,12.0,32.7,FF,4-Seam Fastball,54.8,672,21.5,0.281,0.444,0.354,1.0,BASEBALL_SAVANT_CURRENT_SEASON,2026-08-20T23:43:02.137578+00:00,SAVANT_ARSENAL_SCHEMA_V1,CURRENT
700712,"Ureña, Walbert",2026.0,479.0,109.0,22.8,12.3,27.7,45.6,0.283,0.201,0.301,34.3,5.3,72.9,35.5,18.0,26.4,CH,Changeup,32.7,633,23.4,0.155,0.226,0.242,2.3,BASEBALL_SAVANT_CURRENT_SEASON,2026-08-20T23:43:02.137578+00:00,SAVANT_ARSENAL_SCHEMA_V1,CURRENT
669461,"Liberatore, Matthew",2026.0,541.0,125.0,23.1,8.1,23.4,46.8,0.336,0.264,0.441,41.7,9.0,72.7,31.2,18.0,34.0,FF,4-Seam Fastball,31.4,663,14.0,0.268,0.452,0.353,0.1,BASEBALL_SAVANT_CURRENT_SEASON,2026-08-20T23:43:02.137578+00:00,SAVANT_ARSENAL_SCHEMA_V1,CURRENT
518876,"Kelly, Merrill",2026.0,565.0,84.0,14.9,10.1,21.3,49.0,0.399,0.305,0.554,44.0,12.6,72.7,31.3,20.0,34.9,CH,Changeup,27.4,568,19.9,0.241,0.354,0.302,-0.6,BASEBALL_SAVANT_CURRENT_SEASON,2026-08-20T23:43:02.137578+00:00,SAVANT_ARSENAL_SCHEMA_V1,CURRENT
693821,"Elder, Bryce",2026.0,579.0,113.0,19.5,7.9,21.6,46.6,0.31,0.248,0.396,40.8,6.5,72.7,28.8,17.0,36.9,SI,Sinker,27.8,574,28.5,0.223,0.357,0.307,1.0,BASEBALL_SAVANT_CURRENT_SEASON,2026-08-20T23:43:02.137578+00:00,SAVANT_ARSENAL_SCHEMA_V1,CURRENT
677952,"Ashcraft, Braxton",2026.0,602.0,159.0,26.4,5.5,25.8,52.2,0.285,0.227,0.367,41.4,6.7,72.4,28.5,18.0,31.9,FF,4-Seam Fastball,31.5,688,21.9,0.299,0.58,0.395,-0.9,BASEBALL_SAVANT_CURRENT_SEASON,2026-08-20T23:43:02.137578+00:00,SAVANT_ARSENAL_SCHEMA_V1,CURRENT
805123,"Blubaugh, AJ",2026.0,324.0,79.0,24.4,10.2,28.8,49.0,0.306,0.218,0.379,36.7,9.6,71.5,22.2,13.0,28.7,FF,4-Seam Fastball,51.1,680,18.9,0.204,0.422,0.326,0.5,BASEBALL_SAVANT_CURRENT_SEASON,2026-08-20T23:43:02.137578+00:00,SAVANT_ARSENAL_SCHEMA_V1,CURRENT
669923,"Kirby, George",2026.0,567.0,114.0,20.1,5.5,21.9,51.9,0.303,0.253,0.397,41.1,7.2,72.0,26.1,18.0,32.0,FF,4-Seam Fastball,28.7,604,15.6,0.259,0.444,0.326,0.2,BASEBALL_SAVANT_CURRENT_SEASON,2026-08-20T23:43:02.137578+00:00,SAVANT_ARSENAL_SCHEMA_V1,CURRENT
695611,"Jump, Gage",2026.0,338.0,85.0,25.1,10.9,25.3,48.0,0.318,0.251,0.381,39.4,5.6,71.8,22.3,12.0,31.1,FF,4-Seam Fastball,46.9,637,21.7,0.279,0.49,0.381,-0.5,BASEBALL_SAVANT_CURRENT_SEASON,2026-08-20T23:43:02.137578+00:00,SAVANT_ARSENAL_SCHEMA_V1,CURRENT
543037,"Cole, Gerrit",2026.0,353.0,92.0,26.1,5.4,21.7,48.1,0.285,0.237,0.369,42.7,8.1,72.1,25.7,10.0,33.6,FF,4-Seam Fastball,48.9,638,26.3,0.185,0.318,0.251,1.8,BASEBALL_SAVANT_CURRENT_SEASON,2026-08-20T23:43:02.137578+00:00,SAVANT_ARSENAL_SCHEMA_V1,CURRENT
571510,"Boyd, Matthew",2026.0,354.0,68.0,19.2,7.3,22.3,49.1,0.341,0.267,0.448,37.9,10.3,71.8,24.4,7.0,30.8,FF,4-Seam Fastball,46.1,614,12.0,0.28,0.467,0.368,-0.7,BASEBALL_SAVANT_CURRENT_SEASON,2026-08-20T23:43:02.137578+00:00,SAVANT_ARSENAL_SCHEMA_V1,CURRENT
595345,"Okert, Steven",2026.0,240.0,64.0,26.7,5.4,30.7,49.6,0.262,0.203,0.334,33.3,4.5,71.5,23.8,5.0,29.7,SL,Slider,67.0,647,21.4,0.168,0.297,0.235,1.9,BASEBALL_SAVANT_CURRENT_SEASON,2026-08-20T23:43:02.137578+00:00,SAVANT_ARSENAL_SCHEMA_V1,CURRENT
656876,"Rasmussen, Drew",2026.0,529.0,138.0,26.1,4.7,25.0,50.5,0.275,0.229,0.35,32.9,6.1,71.9,25.5,21.0,28.6,FC,Cutter,29.1,605,17.6,0.228,0.373,0.293,0.6,BASEBALL_SAVANT_CURRENT_SEASON,2026-08-20T23:43:02.137578+00:00,SAVANT_ARSENAL_SCHEMA_V1,CURRENT
669923,"Kirby, George",2026.0,567.0,114.0,20.1,5.5,21.9,51.9,0.303,0.253,0.397,41.1,7.2,72.0,26.1,18.0,32.0,ST,Sweeper,29.7,625,20.4,0.247,0.395,0.289,0.1,BASEBALL_SAVANT_CURRENT_SEASON,2026-08-20T23:43:02.137578+00:00,SAVANT_ARSENAL_SCHEMA_V1,CURRENT
657612,"Hill, Tim",2026.0,202.0,22.0,10.9,5.4,13.2,51.0,0.325,0.261,0.425,43.6,6.7,72.0,26.5,2.0,36.6,SI,Sinker,82.1,560,9.0,0.237,0.378,0.305,0.8,BASEBALL_SAVANT_CURRENT_SEASON,2026-08-20T23:43:02.137578+00:00,SAVANT_ARSENAL_SCHEMA_V1,CURRENT
676282,"Cantillo, Joey",2026.0,542.0,139.0,25.6,10.9,30.7,45.0,0.304,0.228,0.368,39.2,8.2,72.2,26.5,18.0,32.0,CU,Curveball,29.4,639,27.2,0.2,0.239,0.26,0.8,BASEBALL_SAVANT_CURRENT_SEASON,2026-08-20T23:43:02.137578+00:00,SAVANT_ARSENAL_SCHEMA_V1,CURRENT
668909,"Williams, Gavin",2026.0,597.0,190.0,31.8,7.5,31.2,49.6,0.305,0.228,0.41,47.6,11.7,71.5,20.8,37.0,31.5,ST,Sweeper,28.8,670,25.4,0.167,0.321,0.241,0.9,BASEBALL_SAVANT_CURRENT_SEASON,2026-08-20T23:43:02.137578+00:00,SAVANT_ARSENAL_SCHEMA_V1,CURRENT
681035,"Scott, Christian",2026.0,367.0,105.0,28.6,9.5,26.6,49.8,0.304,0.229,0.356,34.7,6.8,72.2,27.5,14.0,25.7,FF,4-Seam Fastball,48.3,740,21.8,0.239,0.423,0.344,-0.3,BASEBALL_SAVANT_CURRENT_SEASON,2026-08-20T23:43:02.137578+00:00,SAVANT_ARSENAL_SCHEMA_V1,CURRENT
660271,"Ohtani, Shohei",2026.0,340.0,95.0,27.9,7.6,30.4,47.5,0.257,0.201,0.288,33.8,3.8,71.2,21.5,10.0,27.8,FF,4-Seam Fastball,45.1,602,26.9,0.193,0.307,0.263,1.7,BASEBALL_SAVANT_CURRENT_SEASON,2026-08-20T23:43:02.137578+00:00,SAVANT_ARSENAL_SCHEMA_V1,CURRENT
650633,"King, Michael",2026.0,610.0,128.0,21.0,9.5,24.8,46.4,0.321,0.239,0.402,32.4,8.5,72.6,31.1,15.0,29.7,SI,Sinker,28.1,677,18.6,0.264,0.507,0.383,-0.4,BASEBALL_SAVANT_CURRENT_SEASON,2026-08-20T23:43:02.137578+00:00,SAVANT_ARSENAL_SCHEMA_V1,CURRENT
693645,"Schlittler, Cam",2026.0,602.0,189.0,31.4,5.6,28.8,52.7,0.266,0.21,0.34,40.1,8.1,71.8,26.1,27.0,27.0,FC,Cutter,25.8,615,23.8,0.225,0.411,0.312,0.3,BASEBALL_SAVANT_CURRENT_SEASON,2026-08-20T23:43:02.137578+00:00,SAVANT_ARSENAL_SCHEMA_V1,CURRENT
665871,"Assad, Javier",2026.0,332.0,55.0,16.6,6.3,14.9,44.3,0.326,0.264,0.431,45.5,7.1,71.8,24.8,10.0,38.0,SI,Sinker,42.2,551,17.3,0.236,0.351,0.295,1.5,BASEBALL_SAVANT_CURRENT_SEASON,2026-08-20T23:43:02.137578+00:00,SAVANT_ARSENAL_SCHEMA_V1,CURRENT
678606,"Ferrer, José A.",2026.0,229.0,43.0,18.8,6.1,19.8,51.0,0.294,0.238,0.368,35.9,6.0,71.2,21.6,6.0,30.7,SI,Sinker,71.0,591,16.9,0.289,0.45,0.366,0.3,BASEBALL_SAVANT_CURRENT_SEASON,2026-08-20T23:43:02.137578+00:00,SAVANT_ARSENAL_SCHEMA_V1,CURRENT
669467,"Pallante, Andre",2026.0,564.0,97.0,17.2,7.3,21.4,44.9,0.305,0.25,0.374,34.5,5.3,72.1,26.7,24.0,34.2,SL,Slider,29.6,653,20.5,0.203,0.314,0.267,2.0,BASEBALL_SAVANT_CURRENT_SEASON,2026-08-20T23:43:02.137578+00:00,SAVANT_ARSENAL_SCHEMA_V1,CURRENT
527048,"Pérez, Martín",2026.0,455.0,83.0,18.2,9.9,21.6,42.6,0.322,0.259,0.385,37.2,5.2,73.4,36.1,7.0,34.8,SI,Sinker,34.8,599,15.7,0.257,0.336,0.333,0.8,BASEBALL_SAVANT_CURRENT_SEASON,2026-08-20T23:43:02.137578+00:00,SAVANT_ARSENAL_SCHEMA_V1,CURRENT
808967,"Yamamoto, Yoshinobu",2026.0,556.0,136.0,24.5,6.1,25.9,49.1,0.273,0.219,0.344,35.9,6.5,72.1,27.3,10.0,32.5,FS,Split-Finger,26.7,577,16.9,0.172,0.299,0.216,0.5,BASEBALL_SAVANT_CURRENT_SEASON,2026-08-20T23:43:02.137578+00:00,SAVANT_ARSENAL_SCHEMA_V1,CURRENT
607259,"Martinez, Nick",2026.0,574.0,83.0,14.5,3.8,17.3,50.6,0.326,0.279,0.439,33.0,7.3,72.0,25.0,10.0,35.2,CH,Changeup,27.4,543,19.2,0.161,0.271,0.204,1.6,BASEBALL_SAVANT_CURRENT_SEASON,2026-08-20T23:43:02.137578+00:00,SAVANT_ARSENAL_SCHEMA_V1,CURRENT
701542,"Warren, Will",2026.0,535.0,122.0,22.8,8.0,22.4,43.8,0.332,0.266,0.427,43.7,8.0,72.6,30.5,15.0,37.6,SI,Sinker,26.4,553,21.9,0.298,0.426,0.377,-1.0,BASEBALL_SAVANT_CURRENT_SEASON,2026-08-20T23:43:02.137578+00:00,SAVANT_ARSENAL_SCHEMA_V1,CURRENT
670950,"Richards, Trevor",2026.0,239.0,54.0,22.6,7.9,23.9,48.3,0.304,0.238,0.4,39.8,7.2,71.5,23.8,8.0,36.6,FF,4-Seam Fastball,62.8,565,19.3,0.255,0.462,0.341,1.1,BASEBALL_SAVANT_CURRENT_SEASON,2026-08-20T23:43:02.137578+00:00,SAVANT_ARSENAL_SCHEMA_V1,CURRENT
660825,"Bazardo, Eduard",2026.0,239.0,57.0,23.8,6.7,21.6,46.2,0.316,0.253,0.416,37.6,8.5,72.0,25.3,8.0,33.2,SI,Sinker,63.2,576,20.8,0.28,0.413,0.331,0.3,BASEBALL_SAVANT_CURRENT_SEASON,2026-08-20T23:43:02.137578+00:00,SAVANT_ARSENAL_SCHEMA_V1,CURRENT
669302,"Gilbert, Logan",2026.0,594.0,157.0,26.4,6.2,29.8,50.2,0.298,0.233,0.395,41.8,10.1,71.9,26.7,24.0,33.6,SL,Slider,24.9,586,23.5,0.207,0.386,0.276,1.4,BASEBALL_SAVANT_CURRENT_SEASON,2026-08-20T23:43:02.137578+00:00,SAVANT_ARSENAL_SCHEMA_V1,CURRENT
800048,"Messick, Parker",2026.0,591.0,152.0,25.7,6.8,26.1,48.5,0.267,0.218,0.327,32.5,5.0,72.0,27.9,15.0,29.5,CH,Changeup,23.4,539,20.8,0.232,0.344,0.27,0.0,BASEBALL_SAVANT_CURRENT_SEASON,2026-08-20T23:43:02.137578+00:00,SAVANT_ARSENAL_SCHEMA_V1,CURRENT
663687,"Harris, Hogan",2026.0,253.0,72.0,28.5,13.8,25.9,42.9,0.301,0.211,0.323,32.1,5.7,71.1,20.8,4.0,27.3,FF,4-Seam Fastball,59.5,641,21.8,0.246,0.354,0.344,0.4,BASEBALL_SAVANT_CURRENT_SEASON,2026-08-20T23:43:02.137578+00:00,SAVANT_ARSENAL_SCHEMA_V1,CURRENT
663542,"Hudson, Bryan",2026.0,224.0,51.0,22.8,7.6,23.5,47.0,0.278,0.229,0.324,35.8,4.0,71.1,19.9,9.0,32.8,FF,4-Seam Fastball,67.3,578,22.0,0.239,0.341,0.3,0.6,BASEBALL_SAVANT_CURRENT_SEASON,2026-08-20T23:43:02.137578+00:00,SAVANT_ARSENAL_SCHEMA_V1,CURRENT
641816,"Mahle, Tyler",2026.0,473.0,108.0,22.8,8.5,22.7,45.3,0.315,0.247,0.405,37.8,7.5,72.3,27.5,10.0,33.9,FS,Split-Finger,26.9,495,19.5,0.243,0.365,0.286,-0.2,BASEBALL_SAVANT_CURRENT_SEASON,2026-08-20T23:43:02.137578+00:00,SAVANT_ARSENAL_SCHEMA_V1,CURRENT
666200,"Luzardo, Jesús",2026.0,621.0,185.0,29.8,7.4,31.9,46.5,0.264,0.207,0.304,31.8,5.8,71.6,22.1,32.0,29.6,FF,4-Seam Fastball,25.1,613,17.1,0.295,0.439,0.355,-0.3,BASEBALL_SAVANT_CURRENT_SEASON,2026-08-20T23:43:02.137578+00:00,SAVANT_ARSENAL_SCHEMA_V1,CURRENT
608379,"Wacha, Michael",2026.0,632.0,120.0,19.0,6.5,21.1,48.5,0.314,0.25,0.417,37.1,7.1,71.5,24.2,13.0,36.5,FF,4-Seam Fastball,26.9,630,15.3,0.236,0.385,0.305,0.4,BASEBALL_SAVANT_CURRENT_SEASON,2026-08-20T23:43:02.137578+00:00,SAVANT_ARSENAL_SCHEMA_V1,CURRENT
668678,"Gallen, Zac",2026.0,440.0,61.0,13.9,7.0,19.0,46.0,0.383,0.312,0.531,44.7,11.0,72.5,30.5,12.0,40.2,FF,4-Seam Fastball,37.0,605,13.1,0.331,0.545,0.405,-1.1,BASEBALL_SAVANT_CURRENT_SEASON,2026-08-20T23:43:02.137578+00:00,SAVANT_ARSENAL_SCHEMA_V1,CURRENT
607200,"Fedde, Erick",2026.0,498.0,82.0,16.5,8.4,18.2,42.3,0.329,0.257,0.434,39.6,7.6,72.5,29.9,15.0,36.1,SI,Sinker,30.4,593,16.3,0.29,0.449,0.366,-0.6,BASEBALL_SAVANT_CURRENT_SEASON,2026-08-20T23:43:02.137578+00:00,SAVANT_ARSENAL_SCHEMA_V1,CURRENT
641927,"Ober, Bailey",2026.0,435.0,71.0,16.3,6.0,19.6,48.8,0.333,0.257,0.467,35.5,10.1,72.9,32.2,8.0,34.5,CH,Changeup,34.2,558,13.4,0.276,0.455,0.348,-1.4,BASEBALL_SAVANT_CURRENT_SEASON,2026-08-20T23:43:02.137578+00:00,SAVANT_ARSENAL_SCHEMA_V1,CURRENT
676440,"Bibee, Tanner",2026.0,613.0,117.0,19.1,7.0,23.8,46.9,0.32,0.252,0.423,39.3,8.3,71.8,23.6,14.0,37.6,SI,Sinker,22.8,534,20.7,0.279,0.421,0.353,0.6,BASEBALL_SAVANT_CURRENT_SEASON,2026-08-20T23:43:02.137578+00:00,SAVANT_ARSENAL_SCHEMA_V1,CURRENT
693821,"Elder, Bryce",2026.0,579.0,113.0,19.5,7.9,21.6,46.6,0.31,0.248,0.396,40.8,6.5,72.7,28.8,17.0,36.9,SL,Slider,23.7,488,22.7,0.243,0.472,0.344,-1.2,BASEBALL_SAVANT_CURRENT_SEASON,2026-08-20T23:43:02.137578+00:00,SAVANT_ARSENAL_SCHEMA_V1,CURRENT
672456,"Montero, Keider",2026.0,535.0,89.0,16.6,5.6,18.6,48.5,0.29,0.229,0.385,37.5,7.3,72.1,26.5,11.0,36.0,FF,4-Seam Fastball,30.4,586,14.0,0.197,0.317,0.264,1.8,BASEBALL_SAVANT_CURRENT_SEASON,2026-08-20T23:43:02.137578+00:00,SAVANT_ARSENAL_SCHEMA_V1,CURRENT
671737,"Bradley, Taj",2026.0,599.0,158.0,26.4,10.4,26.0,47.1,0.307,0.226,0.377,44.9,9.3,72.2,28.8,29.0,31.7,FC,Cutter,24.1,582,25.4,0.17,0.27,0.238,1.4,BASEBALL_SAVANT_CURRENT_SEASON,2026-08-20T23:43:02.137578+00:00,SAVANT_ARSENAL_SCHEMA_V1,CURRENT
527048,"Pérez, Martín",2026.0,455.0,83.0,18.2,9.9,21.6,42.6,0.322,0.259,0.385,37.2,5.2,73.4,36.1,7.0,34.8,CH,Changeup,30.3,521,18.8,0.155,0.296,0.236,0.8,BASEBALL_SAVANT_CURRENT_SEASON,2026-08-20T23:43:02.137578+00:00,SAVANT_ARSENAL_SCHEMA_V1,CURRENT
663556,"McClanahan, Shane",2026.0,423.0,94.0,22.2,8.3,26.9,48.4,0.315,0.241,0.405,41.5,8.7,72.7,33.0,16.0,31.6,FF,4-Seam Fastball,37.8,606,15.6,0.256,0.406,0.349,0.4,BASEBALL_SAVANT_CURRENT_SEASON,2026-08-20T23:43:02.137578+00:00,SAVANT_ARSENAL_SCHEMA_V1,CURRENT
837227,"Imai, Tatsuya",2026.0,288.0,80.0,27.8,14.6,32.3,43.7,0.338,0.228,0.402,46.3,10.5,72.2,29.0,8.0,32.5,SL,Slider,45.3,562,27.5,0.175,0.336,0.272,0.7,BASEBALL_SAVANT_CURRENT_SEASON,2026-08-20T23:43:02.137578+00:00,SAVANT_ARSENAL_SCHEMA_V1,CURRENT
663567,"Lambert, Peter",2026.0,494.0,117.0,23.7,9.3,25.6,48.4,0.284,0.202,0.341,36.3,6.5,72.4,27.4,15.0,28.4,FF,4-Seam Fastball,31.2,619,23.0,0.194,0.381,0.288,0.3,BASEBALL_SAVANT_CURRENT_SEASON,2026-08-20T23:43:02.137578+00:00,SAVANT_ARSENAL_SCHEMA_V1,CURRENT
676917,"Cavalli, Cade",2026.0,600.0,162.0,27.0,7.0,25.9,47.6,0.303,0.24,0.372,41.4,7.1,72.0,24.9,32.0,30.9,CU,Curveball,26.7,626,28.3,0.199,0.255,0.249,0.8,BASEBALL_SAVANT_CURRENT_SEASON,2026-08-20T23:43:02.137578+00:00,SAVANT_ARSENAL_SCHEMA_V1,CURRENT
554430,"Wheeler, Zack",2026.0,474.0,144.0,30.4,7.0,30.7,49.7,0.26,0.204,0.316,35.0,5.8,71.4,21.1,23.0,28.7,FF,4-Seam Fastball,34.9,679,22.6,0.197,0.431,0.314,0.7,BASEBALL_SAVANT_CURRENT_SEASON,2026-08-20T23:43:02.137578+00:00,SAVANT_ARSENAL_SCHEMA_V1,CURRENT
671922,"Smith, Cade",2026.0,229.0,79.0,34.5,7.9,34.3,48.9,0.274,0.205,0.343,45.7,9.2,70.9,16.8,13.0,33.5,FF,4-Seam Fastball,63.0,609,24.4,0.248,0.38,0.334,0.1,BASEBALL_SAVANT_CURRENT_SEASON,2026-08-20T23:43:02.137578+00:00,SAVANT_ARSENAL_SCHEMA_V1,CURRENT
680570,"Rodriguez, Grayson",2026.0,271.0,55.0,20.3,10.3,24.1,48.3,0.379,0.288,0.505,48.6,10.9,72.4,29.1,8.0,32.2,FF,4-Seam Fastball,53.1,588,13.3,0.29,0.542,0.392,-1.0,BASEBALL_SAVANT_CURRENT_SEASON,2026-08-20T23:43:02.137578+00:00,SAVANT_ARSENAL_SCHEMA_V1,CURRENT
680736,"Wrobleski, Justin",2026.0,516.0,100.0,19.4,5.4,20.0,50.1,0.331,0.27,0.448,43.9,9.4,72.6,31.6,7.0,35.1,SL,Slider,27.8,528,13.9,0.224,0.399,0.308,-0.5,BASEBALL_SAVANT_CURRENT_SEASON,2026-08-20T23:43:02.137578+00:00,SAVANT_ARSENAL_SCHEMA_V1,CURRENT
677952,"Ashcraft, Braxton",2026.0,602.0,159.0,26.4,5.5,25.8,52.2,0.285,0.227,0.367,41.4,6.7,72.4,28.5,18.0,31.9,CU,Curveball,26.2,573,27.2,0.137,0.237,0.198,1.8,BASEBALL_SAVANT_CURRENT_SEASON,2026-08-20T23:43:02.137578+00:00,SAVANT_ARSENAL_SCHEMA_V1,CURRENT
571945,"Mikolas, Miles",2026.0,498.0,58.0,11.6,4.6,14.5,48.4,0.354,0.288,0.506,43.6,9.2,72.5,29.2,13.0,38.3,SI,Sinker,23.9,436,16.5,0.308,0.559,0.384,-1.1,BASEBALL_SAVANT_CURRENT_SEASON,2026-08-20T23:43:02.137578+00:00,SAVANT_ARSENAL_SCHEMA_V1,CURRENT
800311,"Fuentes, Didier",2026.0,223.0,70.0,31.4,6.7,30.4,52.9,0.274,0.221,0.344,37.5,6.7,71.9,24.9,8.0,24.7,FF,4-Seam Fastball,69.9,643,22.1,0.243,0.36,0.307,0.7,BASEBALL_SAVANT_CURRENT_SEASON,2026-08-20T23:43:02.137578+00:00,SAVANT_ARSENAL_SCHEMA_V1,CURRENT
700712,"Ureña, Walbert",2026.0,479.0,109.0,22.8,12.3,27.7,45.6,0.283,0.201,0.301,34.3,5.3,72.9,35.5,18.0,26.4,SI,Sinker,30.9,597,21.1,0.289,0.414,0.375,-0.6,BASEBALL_SAVANT_CURRENT_SEASON,2026-08-20T23:43:02.137578+00:00,SAVANT_ARSENAL_SCHEMA_V1,CURRENT
664285,"Valdez, Framber",2026.0,613.0,111.0,18.1,8.8,20.6,46.3,0.324,0.258,0.391,43.7,6.2,72.3,29.1,23.0,38.1,CU,Curveball,28.9,640,19.3,0.194,0.326,0.301,-0.4,BASEBALL_SAVANT_CURRENT_SEASON,2026-08-20T23:43:02.137578+00:00,SAVANT_ARSENAL_SCHEMA_V1,CURRENT
677960,"Weathers, Ryan",2026.0,551.0,140.0,25.4,6.9,27.0,44.9,0.316,0.251,0.417,41.1,8.4,72.6,30.7,20.0,36.1,CH,Changeup,25.4,560,20.0,0.197,0.31,0.236,0.4,BASEBALL_SAVANT_CURRENT_SEASON,2026-08-20T23:43:02.137578+00:00,SAVANT_ARSENAL_SCHEMA_V1,CURRENT
669373,"Skubal, Tarik",2026.0,446.0,135.0,30.3,4.5,31.9,53.6,0.27,0.226,0.343,36.4,7.3,71.7,22.7,16.0,28.8,FF,4-Seam Fastball,35.1,604,21.1,0.237,0.417,0.312,0.5,BASEBALL_SAVANT_CURRENT_SEASON,2026-08-20T23:43:02.137578+00:00,SAVANT_ARSENAL_SCHEMA_V1,CURRENT
686218,"Sheehan, Emmet",2026.0,412.0,108.0,26.2,7.3,30.8,50.2,0.308,0.23,0.403,39.1,10.5,72.2,27.7,26.0,29.9,SL,Slider,30.0,510,27.0,0.231,0.448,0.309,0.6,BASEBALL_SAVANT_CURRENT_SEASON,2026-08-20T23:43:02.137578+00:00,SAVANT_ARSENAL_SCHEMA_V1,CURRENT
694738,"Roupp, Landen",2026.0,548.0,128.0,23.4,10.9,25.5,43.5,0.3,0.23,0.345,29.9,5.1,72.0,25.0,19.0,29.1,CU,Curveball,26.4,603,24.9,0.2,0.285,0.269,0.9,BASEBALL_SAVANT_CURRENT_SEASON,2026-08-20T23:43:02.137578+00:00,SAVANT_ARSENAL_SCHEMA_V1,CURRENT
676879,"Ashby, Aaron",2026.0,303.0,97.0,32.0,11.2,32.3,41.1,0.268,0.204,0.289,39.4,4.7,72.0,23.5,21.0,31.0,SI,Sinker,52.4,646,17.5,0.315,0.441,0.413,-0.3,BASEBALL_SAVANT_CURRENT_SEASON,2026-08-20T23:43:02.137578+00:00,SAVANT_ARSENAL_SCHEMA_V1,CURRENT
687911,"King, Bryan",2026.0,228.0,43.0,18.9,8.3,18.5,49.5,0.305,0.243,0.363,37.3,5.7,71.4,19.3,8.0,30.2,FF,4-Seam Fastball,57.3,501,16.9,0.236,0.378,0.316,0.5,BASEBALL_SAVANT_CURRENT_SEASON,2026-08-20T23:43:02.137578+00:00,SAVANT_ARSENAL_SCHEMA_V1,CURRENT
693645,"Schlittler, Cam",2026.0,602.0,189.0,31.4,5.6,28.8,52.7,0.266,0.21,0.34,40.1,8.1,71.8,26.1,27.0,27.0,SI,Sinker,20.0,476,24.2,0.17,0.244,0.236,1.8,BASEBALL_SAVANT_CURRENT_SEASON,2026-08-20T23:43:02.137578+00:00,SAVANT_ARSENAL_SCHEMA_V1,CURRENT
694477,"Patrick, Chad",2026.0,359.0,78.0,21.7,9.5,26.1,49.2,0.309,0.242,0.383,37.1,6.1,72.3,27.7,8.0,29.3,FC,Cutter,42.6,605,24.8,0.205,0.341,0.275,1.3,BASEBALL_SAVANT_CURRENT_SEASON,2026-08-20T23:43:02.137578+00:00,SAVANT_ARSENAL_SCHEMA_V1,CURRENT
686218,"Sheehan, Emmet",2026.0,412.0,108.0,26.2,7.3,30.8,50.2,0.308,0.23,0.403,39.1,10.5,72.2,27.7,26.0,29.9,FF,4-Seam Fastball,42.8,726,19.4,0.262,0.631,0.404,-1.2,BASEBALL_SAVANT_CURRENT_SEASON,2026-08-20T23:43:02.137578+00:00,SAVANT_ARSENAL_SCHEMA_V1,CURRENT
656876,"Rasmussen, Drew",2026.0,529.0,138.0,26.1,4.7,25.0,50.5,0.275,0.229,0.35,32.9,6.1,71.9,25.5,21.0,28.6,FF,4-Seam Fastball,29.3,609,21.2,0.223,0.377,0.303,0.7,BASEBALL_SAVANT_CURRENT_SEASON,2026-08-20T23:43:02.137578+00:00,SAVANT_ARSENAL_SCHEMA_V1,CURRENT
668909,"Williams, Gavin",2026.0,597.0,190.0,31.8,7.5,31.2,49.6,0.305,0.228,0.41,47.6,11.7,71.5,20.8,37.0,31.5,FF,4-Seam Fastball,25.5,595,24.0,0.178,0.287,0.252,0.9,BASEBALL_SAVANT_CURRENT_SEASON,2026-08-20T23:43:02.137578+00:00,SAVANT_ARSENAL_SCHEMA_V1,CURRENT
682243,"Miller, Bryce",2026.0,354.0,87.0,24.6,5.1,25.9,55.6,0.271,0.215,0.364,33.1,7.3,72.7,28.7,11.0,26.3,FF,4-Seam Fastball,40.7,554,20.5,0.248,0.436,0.323,0.6,BASEBALL_SAVANT_CURRENT_SEASON,2026-08-20T23:43:02.137578+00:00,SAVANT_ARSENAL_SCHEMA_V1,CURRENT
657277,"Webb, Logan",2026.0,560.0,110.0,19.6,5.7,20.8,48.2,0.295,0.249,0.365,38.0,5.1,72.2,28.5,15.0,31.8,CH,Changeup,24.9,515,16.0,0.221,0.294,0.266,0.4,BASEBALL_SAVANT_CURRENT_SEASON,2026-08-20T23:43:02.137578+00:00,SAVANT_ARSENAL_SCHEMA_V1,CURRENT
656550,"Holmes, Grant",2026.0,507.0,97.0,19.1,10.1,26.9,48.3,0.336,0.254,0.432,43.0,9.0,72.9,31.1,25.0,38.5,FF,4-Seam Fastball,29.0,545,11.9,0.258,0.475,0.364,0.0,BASEBALL_SAVANT_CURRENT_SEASON,2026-08-20T23:43:02.137578+00:00,SAVANT_ARSENAL_SCHEMA_V1,CURRENT
805673,"Matthews, Zebby",2026.0,410.0,81.0,19.8,7.6,21.3,46.6,0.332,0.257,0.44,42.7,11.6,72.5,31.5,7.0,38.1,FF,4-Seam Fastball,37.1,583,12.3,0.285,0.472,0.385,0.0,BASEBALL_SAVANT_CURRENT_SEASON,2026-08-20T23:43:02.137578+00:00,SAVANT_ARSENAL_SCHEMA_V1,CURRENT
605280,"Holmes, Clay",2026.0,278.0,50.0,18.0,8.3,20.0,46.9,0.311,0.259,0.372,41.9,4.9,72.3,28.4,4.0,33.2,SI,Sinker,50.5,537,10.1,0.238,0.365,0.312,1.4,BASEBALL_SAVANT_CURRENT_SEASON,2026-08-20T23:43:02.137578+00:00,SAVANT_ARSENAL_SCHEMA_V1,CURRENT
669461,"Liberatore, Matthew",2026.0,541.0,125.0,23.1,8.1,23.4,46.8,0.336,0.264,0.441,41.7,9.0,72.7,31.2,18.0,34.0,SL,Slider,24.2,510,27.4,0.206,0.389,0.289,-0.1,BASEBALL_SAVANT_CURRENT_SEASON,2026-08-20T23:43:02.137578+00:00,SAVANT_ARSENAL_SCHEMA_V1,CURRENT
693855,"Seymour, Ian",2026.0,399.0,115.0,28.8,7.8,29.5,49.9,0.296,0.223,0.392,37.8,10.0,72.0,28.3,9.0,30.2,CH,Changeup,30.8,479,25.6,0.169,0.265,0.214,1.5,BASEBALL_SAVANT_CURRENT_SEASON,2026-08-20T23:43:02.137578+00:00,SAVANT_ARSENAL_SCHEMA_V1,CURRENT
695076,"Lowder, Rhett",2026.0,452.0,82.0,18.1,9.3,19.9,45.1,0.346,0.265,0.454,37.8,9.6,72.3,26.7,17.0,34.0,SI,Sinker,29.1,496,14.6,0.295,0.459,0.392,0.4,BASEBALL_SAVANT_CURRENT_SEASON,2026-08-20T23:43:02.137578+00:00,SAVANT_ARSENAL_SCHEMA_V1,CURRENT
623454,"Anderson, Drew",2026.0,328.0,87.0,26.5,9.1,28.4,48.2,0.292,0.217,0.354,37.7,8.3,71.8,25.9,16.0,32.0,FF,4-Seam Fastball,39.7,505,19.5,0.2,0.283,0.291,1.9,BASEBALL_SAVANT_CURRENT_SEASON,2026-08-20T23:43:02.137578+00:00,SAVANT_ARSENAL_SCHEMA_V1,CURRENT
676106,"Hancock, Emerson",2026.0,516.0,119.0,23.1,6.2,23.7,51.5,0.308,0.244,0.41,41.1,8.4,72.2,27.7,9.0,29.2,SI,Sinker,23.6,474,13.0,0.32,0.43,0.364,1.1,BASEBALL_SAVANT_CURRENT_SEASON,2026-08-20T23:43:02.137578+00:00,SAVANT_ARSENAL_SCHEMA_V1,CURRENT
656605,"Keller, Mitch",2026.0,503.0,89.0,17.7,8.3,20.5,47.4,0.355,0.288,0.455,42.3,7.4,72.2,27.3,12.0,37.0,FF,4-Seam Fastball,32.0,603,11.4,0.234,0.32,0.289,1.4,BASEBALL_SAVANT_CURRENT_SEASON,2026-08-20T23:43:02.137578+00:00,SAVANT_ARSENAL_SCHEMA_V1,CURRENT
676083,"Junk, Janson",2026.0,396.0,66.0,16.7,6.6,15.1,48.6,0.316,0.259,0.408,40.4,6.6,72.5,31.0,6.0,34.1,FF,4-Seam Fastball,35.6,529,18.6,0.281,0.397,0.362,0.1,BASEBALL_SAVANT_CURRENT_SEASON,2026-08-20T23:43:02.137578+00:00,SAVANT_ARSENAL_SCHEMA_V1,CURRENT
680755,"Fisher, Braydon",2026.0,260.0,58.0,22.3,13.1,26.9,44.2,0.312,0.223,0.36,37.0,10.3,71.7,25.5,14.0,31.6,SL,Slider,50.4,512,19.2,0.217,0.375,0.307,0.4,BASEBALL_SAVANT_CURRENT_SEASON,2026-08-20T23:43:02.137578+00:00,SAVANT_ARSENAL_SCHEMA_V1,CURRENT
687396,"Headrick, Brent",2026.0,261.0,79.0,30.3,7.7,31.8,53.9,0.271,0.222,0.33,37.7,4.9,72.0,27.5,13.0,28.4,FF,4-Seam Fastball,48.5,489,25.8,0.202,0.29,0.268,2.3,BASEBALL_SAVANT_CURRENT_SEASON,2026-08-20T23:43:02.137578+00:00,SAVANT_ARSENAL_SCHEMA_V1,CURRENT
607625,"Lugo, Seth",2026.0,619.0,111.0,17.9,7.4,18.4,46.0,0.347,0.28,0.457,42.9,7.9,72.1,27.3,14.0,37.7,SI,Sinker,19.9,466,18.1,0.27,0.443,0.353,0.9,BASEBALL_SAVANT_CURRENT_SEASON,2026-08-20T23:43:02.137578+00:00,SAVANT_ARSENAL_SCHEMA_V1,CURRENT
681190,"Vásquez, Randy",2026.0,474.0,71.0,15.0,6.8,19.3,49.9,0.365,0.292,0.505,44.1,10.6,72.5,28.1,9.0,34.4,FF,4-Seam Fastball,31.2,566,11.5,0.234,0.344,0.284,1.1,BASEBALL_SAVANT_CURRENT_SEASON,2026-08-20T23:43:02.137578+00:00,SAVANT_ARSENAL_SCHEMA_V1,CURRENT
676440,"Bibee, Tanner",2026.0,613.0,117.0,19.1,7.0,23.8,46.9,0.32,0.252,0.423,39.3,8.3,71.8,23.6,14.0,37.6,FC,Cutter,24.5,573,18.5,0.195,0.43,0.286,1.0,BASEBALL_SAVANT_CURRENT_SEASON,2026-08-20T23:43:02.137578+00:00,SAVANT_ARSENAL_SCHEMA_V1,CURRENT
547179,"Lorenzen, Michael",2026.0,562.0,82.0,14.6,8.7,18.1,44.3,0.374,0.302,0.495,46.4,9.4,72.3,29.0,14.0,38.6,SI,Sinker,20.1,439,9.8,0.429,0.571,0.501,-2.4,BASEBALL_SAVANT_CURRENT_SEASON,2026-08-20T23:43:02.137578+00:00,SAVANT_ARSENAL_SCHEMA_V1,CURRENT
641793,"Littell, Zack",2026.0,519.0,72.0,13.9,7.1,16.5,50.1,0.376,0.293,0.524,43.7,10.6,72.6,31.5,11.0,36.5,SL,Slider,28.2,540,16.2,0.241,0.405,0.325,0.6,BASEBALL_SAVANT_CURRENT_SEASON,2026-08-20T23:43:02.137578+00:00,SAVANT_ARSENAL_SCHEMA_V1,CURRENT
663436,"Martin, Davis",2026.0,530.0,111.0,20.9,7.4,24.0,48.6,0.333,0.271,0.422,44.4,6.8,72.4,30.5,15.0,32.8,FF,4-Seam Fastball,27.1,542,18.8,0.281,0.355,0.328,-0.2,BASEBALL_SAVANT_CURRENT_SEASON,2026-08-20T23:43:02.137578+00:00,SAVANT_ARSENAL_SCHEMA_V1,CURRENT
676617,"O'Brien, Riley",2026.0,214.0,53.0,24.8,9.3,27.0,43.7,0.319,0.234,0.363,39.7,6.9,72.0,24.6,13.0,30.5,SI,Sinker,60.4,507,19.8,0.244,0.309,0.303,1.5,BASEBALL_SAVANT_CURRENT_SEASON,2026-08-20T23:43:02.137578+00:00,SAVANT_ARSENAL_SCHEMA_V1,CURRENT
693686,"Miles, Spencer",2026.0,319.0,73.0,22.9,6.3,18.7,48.4,0.27,0.233,0.326,35.8,3.5,71.4,23.8,8.0,30.2,SI,Sinker,42.3,519,19.6,0.203,0.258,0.242,3.1,BASEBALL_SAVANT_CURRENT_SEASON,2026-08-20T23:43:02.137578+00:00,SAVANT_ARSENAL_SCHEMA_V1,CURRENT
677952,"Ashcraft, Braxton",2026.0,602.0,159.0,26.4,5.5,25.8,52.2,0.285,0.227,0.367,41.4,6.7,72.4,28.5,18.0,31.9,SL,Slider,22.5,492,24.8,0.256,0.419,0.333,-0.1,BASEBALL_SAVANT_CURRENT_SEASON,2026-08-20T23:43:02.137578+00:00,SAVANT_ARSENAL_SCHEMA_V1,CURRENT
682052,"Lopez, Jacob",2026.0,396.0,81.0,20.5,11.6,24.4,45.4,0.288,0.208,0.331,28.9,5.3,72.4,29.3,13.0,25.8,SL,Slider,33.0,527,18.4,0.212,0.339,0.302,0.0,BASEBALL_SAVANT_CURRENT_SEASON,2026-08-20T23:43:02.137578+00:00,SAVANT_ARSENAL_SCHEMA_V1,CURRENT
642547,"Peralta, Freddy",2026.0,573.0,123.0,21.5,9.2,26.4,47.1,0.312,0.242,0.383,39.4,6.1,71.8,23.9,21.0,30.5,CH,Changeup,21.6,505,17.3,0.258,0.403,0.334,-0.6,BASEBALL_SAVANT_CURRENT_SEASON,2026-08-20T23:43:02.137578+00:00,SAVANT_ARSENAL_SCHEMA_V1,CURRENT
685299,"Gordon, Tanner",2026.0,312.0,62.0,19.9,4.2,23.0,52.0,0.337,0.266,0.485,45.1,11.1,72.1,24.2,3.0,38.9,FF,4-Seam Fastball,42.6,473,21.7,0.299,0.488,0.355,-0.2,BASEBALL_SAVANT_CURRENT_SEASON,2026-08-20T23:43:02.137578+00:00,SAVANT_ARSENAL_SCHEMA_V1,CURRENT
676440,"Bibee, Tanner",2026.0,613.0,117.0,19.1,7.0,23.8,46.9,0.32,0.252,0.423,39.3,8.3,71.8,23.6,14.0,37.6,FF,4-Seam Fastball,22.6,529,13.4,0.258,0.375,0.304,0.5,BASEBALL_SAVANT_CURRENT_SEASON,2026-08-20T23:43:02.137578+00:00,SAVANT_ARSENAL_SCHEMA_V1,CURRENT
640455,"Manaea, Sean",2026.0,481.0,113.0,23.5,7.7,23.1,49.9,0.327,0.25,0.419,41.8,9.5,71.6,22.1,22.0,31.9,ST,Sweeper,30.9,585,19.8,0.25,0.448,0.361,-2.0,BASEBALL_SAVANT_CURRENT_SEASON,2026-08-20T23:43:02.137578+00:00,SAVANT_ARSENAL_SCHEMA_V1,CURRENT
650644,"Civale, Aaron",2026.0,410.0,74.0,18.0,6.8,21.2,46.8,0.336,0.268,0.452,43.8,9.2,71.8,25.4,8.0,37.8,FC,Cutter,36.1,565,19.7,0.285,0.447,0.346,0.9,BASEBALL_SAVANT_CURRENT_SEASON,2026-08-20T23:43:02.137578+00:00,SAVANT_ARSENAL_SCHEMA_V1,CURRENT
641793,"Littell, Zack",2026.0,519.0,72.0,13.9,7.1,16.5,50.1,0.376,0.293,0.524,43.7,10.6,72.6,31.5,11.0,36.5,FF,4-Seam Fastball,26.1,499,15.3,0.325,0.675,0.466,-2.9,BASEBALL_SAVANT_CURRENT_SEASON,2026-08-20T23:43:02.137578+00:00,SAVANT_ARSENAL_SCHEMA_V1,CURRENT
676282,"Cantillo, Joey",2026.0,542.0,139.0,25.6,10.9,30.7,45.0,0.304,0.228,0.368,39.2,8.2,72.2,26.5,18.0,32.0,CH,Changeup,25.6,556,24.6,0.205,0.359,0.289,0.0,BASEBALL_SAVANT_CURRENT_SEASON,2026-08-20T23:43:02.137578+00:00,SAVANT_ARSENAL_SCHEMA_V1,CURRENT
641927,"Ober, Bailey",2026.0,435.0,71.0,16.3,6.0,19.6,48.8,0.333,0.257,0.467,35.5,10.1,72.9,32.2,8.0,34.5,FF,4-Seam Fastball,32.5,530,13.7,0.28,0.536,0.373,0.0,BASEBALL_SAVANT_CURRENT_SEASON,2026-08-20T23:43:02.137578+00:00,SAVANT_ARSENAL_SCHEMA_V1,CURRENT
663556,"McClanahan, Shane",2026.0,423.0,94.0,22.2,8.3,26.9,48.4,0.315,0.241,0.405,41.5,8.7,72.7,33.0,16.0,31.6,CH,Changeup,29.1,466,25.8,0.147,0.194,0.204,1.9,BASEBALL_SAVANT_CURRENT_SEASON,2026-08-20T23:43:02.137578+00:00,SAVANT_ARSENAL_SCHEMA_V1,CURRENT
681293,"Arrighetti, Spencer",2026.0,386.0,87.0,22.5,13.0,25.4,42.1,0.345,0.238,0.395,30.6,7.7,71.9,24.7,8.0,31.8,CU,Curveball,33.7,507,26.7,0.182,0.236,0.279,-0.2,BASEBALL_SAVANT_CURRENT_SEASON,2026-08-20T23:43:02.137578+00:00,SAVANT_ARSENAL_SCHEMA_V1,CURRENT
667755,"Soriano, José",2026.0,578.0,136.0,23.5,10.7,30.8,46.6,0.326,0.249,0.395,38.7,8.0,72.4,27.5,30.0,33.4,FF,4-Seam Fastball,23.1,536,15.6,0.243,0.477,0.37,-0.1,BASEBALL_SAVANT_CURRENT_SEASON,2026-08-20T23:43:02.137578+00:00,SAVANT_ARSENAL_SCHEMA_V1,CURRENT
641835,"Mayza, Tim",2026.0,224.0,56.0,25.0,6.3,24.3,45.0,0.279,0.227,0.367,43.8,7.2,72.3,27.4,7.0,32.5,SI,Sinker,57.8,518,22.9,0.242,0.331,0.284,2.2,BASEBALL_SAVANT_CURRENT_SEASON,2026-08-20T23:43:02.137578+00:00,SAVANT_ARSENAL_SCHEMA_V1,CURRENT
691799,"Taylor, Grant",2026.0,263.0,85.0,32.3,8.0,28.4,46.7,0.242,0.185,0.276,41.7,5.8,70.6,16.8,23.0,30.6,FF,4-Seam Fastball,46.9,495,26.2,0.203,0.339,0.294,1.3,BASEBALL_SAVANT_CURRENT_SEASON,2026-08-20T23:43:02.137578+00:00,SAVANT_ARSENAL_SCHEMA_V1,CURRENT
518876,"Kelly, Merrill",2026.0,565.0,84.0,14.9,10.1,21.3,49.0,0.399,0.305,0.554,44.0,12.6,72.7,31.3,20.0,34.9,FF,4-Seam Fastball,27.5,570,9.0,0.318,0.691,0.467,-1.7,BASEBALL_SAVANT_CURRENT_SEASON,2026-08-20T23:43:02.137578+00:00,SAVANT_ARSENAL_SCHEMA_V1,CURRENT
656848,"Petersen, Michael",2026.0,213.0,62.0,29.1,10.3,29.3,50.5,0.288,0.194,0.361,41.3,11.1,72.0,24.4,9.0,27.9,FF,4-Seam Fastball,60.2,533,21.3,0.164,0.31,0.271,1.7,BASEBALL_SAVANT_CURRENT_SEASON,2026-08-20T23:43:02.137578+00:00,SAVANT_ARSENAL_SCHEMA_V1,CURRENT
700241,"McGreevy, Michael",2026.0,538.0,91.0,16.9,6.3,19.2,44.7,0.355,0.284,0.49,42.6,10.2,72.4,31.4,18.0,37.4,FF,4-Seam Fastball,25.1,535,13.9,0.273,0.477,0.334,-0.5,BASEBALL_SAVANT_CURRENT_SEASON,2026-08-20T23:43:02.137578+00:00,SAVANT_ARSENAL_SCHEMA_V1,CURRENT
680573,"Woods Richardson, Simeon",2026.0,285.0,35.0,12.3,11.9,18.4,42.3,0.365,0.28,0.461,43.0,7.9,73.0,38.5,5.0,39.2,FF,4-Seam Fastball,43.8,473,18.0,0.283,0.407,0.366,0.4,BASEBALL_SAVANT_CURRENT_SEASON,2026-08-20T23:43:02.137578+00:00,SAVANT_ARSENAL_SCHEMA_V1,CURRENT
543243,"Gray, Sonny",2026.0,536.0,117.0,21.8,6.3,22.7,47.2,0.294,0.246,0.366,37.4,6.1,72.5,28.2,23.0,36.5,SI,Sinker,21.2,408,27.0,0.21,0.29,0.256,2.1,BASEBALL_SAVANT_CURRENT_SEASON,2026-08-20T23:43:02.137578+00:00,SAVANT_ARSENAL_SCHEMA_V1,CURRENT
663372,"Feltner, Ryan",2026.0,408.0,64.0,15.7,9.6,23.8,48.3,0.358,0.267,0.498,38.8,11.2,72.6,29.4,9.0,32.7,FF,4-Seam Fastball,28.4,429,14.5,0.339,0.591,0.446,-1.9,BASEBALL_SAVANT_CURRENT_SEASON,2026-08-20T23:43:02.137578+00:00,SAVANT_ARSENAL_SCHEMA_V1,CURRENT
605488,"Springs, Jeffrey",2026.0,504.0,89.0,17.7,9.3,23.3,46.2,0.344,0.257,0.458,35.3,9.7,71.9,24.4,16.0,34.2,CH,Changeup,23.8,466,18.9,0.262,0.421,0.317,-1.3,BASEBALL_SAVANT_CURRENT_SEASON,2026-08-20T23:43:02.137578+00:00,SAVANT_ARSENAL_SCHEMA_V1,CURRENT
691725,"Painter, Andrew",2026.0,383.0,71.0,18.5,8.9,22.9,48.1,0.344,0.267,0.445,35.5,8.4,71.9,26.0,8.0,31.9,FF,4-Seam Fastball,32.9,485,10.7,0.359,0.615,0.448,-2.3,BASEBALL_SAVANT_CURRENT_SEASON,2026-08-20T23:43:02.137578+00:00,SAVANT_ARSENAL_SCHEMA_V1,CURRENT
669387,"Mlodzinski, Carmen",2026.0,451.0,81.0,18.0,8.0,20.8,45.7,0.351,0.296,0.446,47.7,7.3,72.0,27.2,13.0,36.6,FF,4-Seam Fastball,28.1,492,16.1,0.345,0.56,0.429,-1.4,BASEBALL_SAVANT_CURRENT_SEASON,2026-08-20T23:43:02.137578+00:00,SAVANT_ARSENAL_SCHEMA_V1,CURRENT
675848,"Mejia, Juan",2026.0,240.0,50.0,20.8,12.5,25.3,47.3,0.336,0.265,0.392,38.0,3.8,71.6,22.3,10.0,30.4,FF,4-Seam Fastball,52.9,522,14.1,0.324,0.396,0.381,-0.8,BASEBALL_SAVANT_CURRENT_SEASON,2026-08-20T23:43:02.137578+00:00,SAVANT_ARSENAL_SCHEMA_V1,CURRENT
605135,"Bassitt, Chris",2026.0,309.0,46.0,14.9,8.4,20.9,45.8,0.344,0.286,0.411,35.8,4.4,71.2,22.7,5.0,36.7,SI,Sinker,36.5,424,21.6,0.331,0.432,0.371,-0.4,BASEBALL_SAVANT_CURRENT_SEASON,2026-08-20T23:43:02.137578+00:00,SAVANT_ARSENAL_SCHEMA_V1,CURRENT
607259,"Martinez, Nick",2026.0,574.0,83.0,14.5,3.8,17.3,50.6,0.326,0.279,0.439,33.0,7.3,72.0,25.0,10.0,35.2,FC,Cutter,20.7,411,10.8,0.254,0.413,0.306,1.7,BASEBALL_SAVANT_CURRENT_SEASON,2026-08-20T23:43:02.137578+00:00,SAVANT_ARSENAL_SCHEMA_V1,CURRENT
624133,"Suarez, Ranger",2026.0,467.0,113.0,24.2,7.1,23.0,46.0,0.295,0.249,0.351,32.8,4.7,72.0,26.5,12.0,30.9,SI,Sinker,22.9,417,24.0,0.298,0.413,0.337,-0.1,BASEBALL_SAVANT_CURRENT_SEASON,2026-08-20T23:43:02.137578+00:00,SAVANT_ARSENAL_SCHEMA_V1,CURRENT
669373,"Skubal, Tarik",2026.0,446.0,135.0,30.3,4.5,31.9,53.6,0.27,0.226,0.343,36.4,7.3,71.7,22.7,16.0,28.8,CH,Changeup,26.3,453,27.1,0.165,0.299,0.219,1.8,BASEBALL_SAVANT_CURRENT_SEASON,2026-08-20T23:43:02.137578+00:00,SAVANT_ARSENAL_SCHEMA_V1,CURRENT
700241,"McGreevy, Michael",2026.0,538.0,91.0,16.9,6.3,19.2,44.7,0.355,0.284,0.49,42.6,10.2,72.4,31.4,18.0,37.4,CH,Changeup,19.7,420,17.9,0.186,0.297,0.258,0.8,BASEBALL_SAVANT_CURRENT_SEASON,2026-08-20T23:43:02.137578+00:00,SAVANT_ARSENAL_SCHEMA_V1,CURRENT
518585,"Cruz, Fernando",2026.0,224.0,65.0,29.0,13.8,39.4,43.5,0.284,0.188,0.326,26.2,8.7,71.7,24.8,17.0,30.9,FS,Split-Finger,51.5,465,30.6,0.164,0.293,0.247,0.7,BASEBALL_SAVANT_CURRENT_SEASON,2026-08-20T23:43:02.137578+00:00,SAVANT_ARSENAL_SCHEMA_V1,CURRENT
645261,"Alcantara, Sandy",2026.0,728.0,131.0,18.0,6.5,21.1,50.9,0.297,0.249,0.367,35.2,5.4,72.0,25.4,20.0,32.8,FF,4-Seam Fastball,19.3,516,15.3,0.297,0.534,0.401,-0.8,BASEBALL_SAVANT_CURRENT_SEASON,2026-08-20T23:43:02.137578+00:00,SAVANT_ARSENAL_SCHEMA_V1,CURRENT
677944,"Cecconi, Slade",2026.0,488.0,88.0,18.0,7.6,20.3,46.8,0.338,0.271,0.452,40.0,8.9,71.9,24.7,9.0,36.4,SI,Sinker,20.8,386,11.7,0.361,0.513,0.418,-1.0,BASEBALL_SAVANT_CURRENT_SEASON,2026-08-20T23:43:02.137578+00:00,SAVANT_ARSENAL_SCHEMA_V1,CURRENT
672456,"Montero, Keider",2026.0,535.0,89.0,16.6,5.6,18.6,48.5,0.29,0.229,0.385,37.5,7.3,72.1,26.5,11.0,36.0,SI,Sinker,22.7,437,14.5,0.237,0.356,0.296,1.1,BASEBALL_SAVANT_CURRENT_SEASON,2026-08-20T23:43:02.137578+00:00,SAVANT_ARSENAL_SCHEMA_V1,CURRENT
667755,"Soriano, José",2026.0,578.0,136.0,23.5,10.7,30.8,46.6,0.326,0.249,0.395,38.7,8.0,72.4,27.5,30.0,33.4,CU,Curveball,25.6,594,26.3,0.202,0.311,0.257,1.2,BASEBALL_SAVANT_CURRENT_SEASON,2026-08-20T23:43:02.137578+00:00,SAVANT_ARSENAL_SCHEMA_V1,CURRENT
641793,"Littell, Zack",2026.0,519.0,72.0,13.9,7.1,16.5,50.1,0.376,0.293,0.524,43.7,10.6,72.6,31.5,11.0,36.5,FS,Split-Finger,22.8,435,11.5,0.236,0.378,0.291,-0.4,BASEBALL_SAVANT_CURRENT_SEASON,2026-08-20T23:43:02.137578+00:00,SAVANT_ARSENAL_SCHEMA_V1,CURRENT
663969,"Phillips, Tyler",2026.0,434.0,79.0,18.2,9.7,25.8,46.0,0.336,0.264,0.423,44.3,8.1,72.8,32.9,28.0,37.9,SI,Sinker,25.5,412,8.6,0.324,0.528,0.425,-1.8,BASEBALL_SAVANT_CURRENT_SEASON,2026-08-20T23:43:02.137578+00:00,SAVANT_ARSENAL_SCHEMA_V1,CURRENT
571927,"Matz, Steven",2026.0,282.0,49.0,17.4,7.4,21.1,47.3,0.352,0.278,0.48,35.2,12.4,71.8,25.0,6.0,33.7,SI,Sinker,48.8,544,12.7,0.282,0.582,0.429,-1.3,BASEBALL_SAVANT_CURRENT_SEASON,2026-08-20T23:43:02.137578+00:00,SAVANT_ARSENAL_SCHEMA_V1,CURRENT
669160,"May, Dustin",2026.0,523.0,118.0,22.6,8.0,22.3,47.1,0.316,0.249,0.379,44.8,6.8,72.2,26.2,20.0,33.2,FC,Cutter,23.6,472,21.8,0.316,0.395,0.354,0.8,BASEBALL_SAVANT_CURRENT_SEASON,2026-08-20T23:43:02.137578+00:00,SAVANT_ARSENAL_SCHEMA_V1,CURRENT
621237,"Alvarado, José",2026.0,211.0,56.0,26.5,10.4,29.4,46.4,0.303,0.224,0.337,28.0,4.8,71.8,23.9,10.0,26.2,SI,Sinker,62.5,555,18.1,0.308,0.449,0.389,0.3,BASEBALL_SAVANT_CURRENT_SEASON,2026-08-20T23:43:02.137578+00:00,SAVANT_ARSENAL_SCHEMA_V1,CURRENT
641743,"Kay, Anthony",2026.0,541.0,98.0,18.1,8.1,23.1,46.7,0.342,0.262,0.411,39.9,8.6,72.2,25.5,19.0,32.2,FF,4-Seam Fastball,22.4,481,14.0,0.266,0.486,0.365,-0.4,BASEBALL_SAVANT_CURRENT_SEASON,2026-08-20T23:43:02.137578+00:00,SAVANT_ARSENAL_SCHEMA_V1,CURRENT
682052,"Lopez, Jacob",2026.0,396.0,81.0,20.5,11.6,24.4,45.4,0.288,0.208,0.331,28.9,5.3,72.4,29.3,13.0,25.8,FF,4-Seam Fastball,34.1,545,16.2,0.225,0.414,0.317,0.3,BASEBALL_SAVANT_CURRENT_SEASON,2026-08-20T23:43:02.137578+00:00,SAVANT_ARSENAL_SCHEMA_V1,CURRENT
607536,"Freeland, Kyle",2026.0,554.0,103.0,18.6,5.1,22.5,50.9,0.346,0.282,0.476,42.4,10.6,72.8,33.1,21.0,36.8,CU,Curveball,21.5,432,23.1,0.274,0.538,0.375,-2.0,BASEBALL_SAVANT_CURRENT_SEASON,2026-08-20T23:43:02.137578+00:00,SAVANT_ARSENAL_SCHEMA_V1,CURRENT
690986,"Harrison, Kyle",2026.0,402.0,122.0,30.3,6.5,29.1,48.4,0.276,0.22,0.344,35.6,6.8,71.9,23.8,17.0,28.4,SV,Slurve,31.0,526,21.5,0.149,0.207,0.202,2.0,BASEBALL_SAVANT_CURRENT_SEASON,2026-08-20T23:43:02.137578+00:00,SAVANT_ARSENAL_SCHEMA_V1,CURRENT
702070,"Cameron, Noah",2026.0,580.0,126.0,21.7,7.4,26.4,47.7,0.315,0.251,0.412,38.2,8.1,72.3,28.1,10.0,33.6,FC,Cutter,20.3,459,18.8,0.299,0.453,0.355,0.9,BASEBALL_SAVANT_CURRENT_SEASON,2026-08-20T23:43:02.137578+00:00,SAVANT_ARSENAL_SCHEMA_V1,CURRENT
677865,"Bruihl, Justin",2026.0,274.0,42.0,15.3,8.8,17.4,45.1,0.304,0.248,0.337,34.5,4.0,72.1,26.2,5.0,28.9,SI,Sinker,44.9,469,11.7,0.3,0.373,0.344,1.3,BASEBALL_SAVANT_CURRENT_SEASON,2026-08-20T23:43:02.137578+00:00,SAVANT_ARSENAL_SCHEMA_V1,CURRENT
543243,"Gray, Sonny",2026.0,536.0,117.0,21.8,6.3,22.7,47.2,0.294,0.246,0.366,37.4,6.1,72.5,28.2,23.0,36.5,ST,Sweeper,20.2,389,24.4,0.128,0.216,0.158,1.7,BASEBALL_SAVANT_CURRENT_SEASON,2026-08-20T23:43:02.137578+00:00,SAVANT_ARSENAL_SCHEMA_V1,CURRENT
668909,"Williams, Gavin",2026.0,597.0,190.0,31.8,7.5,31.2,49.6,0.305,0.228,0.41,47.6,11.7,71.5,20.8,37.0,31.5,CU,Curveball,21.8,507,19.8,0.205,0.385,0.275,0.1,BASEBALL_SAVANT_CURRENT_SEASON,2026-08-20T23:43:02.137578+00:00,SAVANT_ARSENAL_SCHEMA_V1,CURRENT
621111,"Buehler, Walker",2026.0,518.0,104.0,20.1,9.5,20.4,44.6,0.318,0.248,0.397,38.9,8.1,72.2,28.9,19.0,33.0,FC,Cutter,25.0,516,19.8,0.22,0.294,0.287,1.5,BASEBALL_SAVANT_CURRENT_SEASON,2026-08-20T23:43:02.137578+00:00,SAVANT_ARSENAL_SCHEMA_V1,CURRENT
670970,"Morejon, Adrian",2026.0,279.0,83.0,29.7,6.8,34.4,51.9,0.244,0.205,0.279,32.4,2.3,71.2,21.3,11.0,31.0,SI,Sinker,46.3,498,16.8,0.237,0.289,0.292,1.8,BASEBALL_SAVANT_CURRENT_SEASON,2026-08-20T23:43:02.137578+00:00,SAVANT_ARSENAL_SCHEMA_V1,CURRENT
663567,"Lambert, Peter",2026.0,494.0,117.0,23.7,9.3,25.6,48.4,0.284,0.202,0.341,36.3,6.5,72.4,27.4,15.0,28.4,CH,Changeup,23.0,457,20.3,0.174,0.22,0.253,0.8,BASEBALL_SAVANT_CURRENT_SEASON,2026-08-20T23:43:02.137578+00:00,SAVANT_ARSENAL_SCHEMA_V1,CURRENT
647336,"Soroka, Michael",2026.0,375.0,88.0,23.5,5.6,22.0,49.9,0.312,0.255,0.407,32.6,8.0,72.2,25.9,11.0,28.0,SV,Slurve,32.0,463,25.2,0.193,0.254,0.243,1.1,BASEBALL_SAVANT_CURRENT_SEASON,2026-08-20T23:43:02.137578+00:00,SAVANT_ARSENAL_SCHEMA_V1,CURRENT
677960,"Weathers, Ryan",2026.0,551.0,140.0,25.4,6.9,27.0,44.9,0.316,0.251,0.417,41.1,8.4,72.6,30.7,20.0,36.1,SI,Sinker,20.1,444,12.0,0.274,0.363,0.344,1.0,BASEBALL_SAVANT_CURRENT_SEASON,2026-08-20T23:43:02.137578+00:00,SAVANT_ARSENAL_SCHEMA_V1,CURRENT
640448,"Finnegan, Kyle",2026.0,226.0,40.0,17.7,13.7,25.9,46.2,0.348,0.251,0.43,43.5,9.1,72.5,25.8,6.0,35.3,FF,4-Seam Fastball,52.7,459,16.3,0.314,0.539,0.44,-1.4,BASEBALL_SAVANT_CURRENT_SEASON,2026-08-20T23:43:02.137578+00:00,SAVANT_ARSENAL_SCHEMA_V1,CURRENT
683003,"Jones, Jared",2026.0,269.0,72.0,26.8,7.8,31.0,48.3,0.297,0.219,0.392,39.1,8.6,72.5,28.3,9.0,33.1,FF,4-Seam Fastball,45.8,480,20.5,0.212,0.478,0.318,-0.2,BASEBALL_SAVANT_CURRENT_SEASON,2026-08-20T23:43:02.137578+00:00,SAVANT_ARSENAL_SCHEMA_V1,CURRENT
808967,"Yamamoto, Yoshinobu",2026.0,556.0,136.0,24.5,6.1,25.9,49.1,0.273,0.219,0.344,35.9,6.5,72.1,27.3,10.0,32.5,FF,4-Seam Fastball,26.8,579,22.1,0.145,0.336,0.249,2.4,BASEBALL_SAVANT_CURRENT_SEASON,2026-08-20T23:43:02.137578+00:00,SAVANT_ARSENAL_SCHEMA_V1,CURRENT
680694,"Bradish, Kyle",2026.0,562.0,124.0,22.1,10.3,24.4,44.7,0.312,0.239,0.376,37.4,7.5,72.0,24.9,28.0,33.0,SL,Slider,25.5,562,16.7,0.239,0.505,0.368,-0.9,BASEBALL_SAVANT_CURRENT_SEASON,2026-08-20T23:43:02.137578+00:00,SAVANT_ARSENAL_SCHEMA_V1,CURRENT
669432,"Rogers, Trevor",2026.0,529.0,108.0,20.4,6.6,23.6,52.5,0.308,0.25,0.399,39.2,7.1,72.2,27.2,22.0,31.1,CH,Changeup,22.0,451,11.0,0.303,0.429,0.365,-1.4,BASEBALL_SAVANT_CURRENT_SEASON,2026-08-20T23:43:02.137578+00:00,SAVANT_ARSENAL_SCHEMA_V1,CURRENT
666200,"Luzardo, Jesús",2026.0,621.0,185.0,29.8,7.4,31.9,46.5,0.264,0.207,0.304,31.8,5.8,71.6,22.1,32.0,29.6,CH,Changeup,18.7,455,21.2,0.284,0.474,0.354,-0.4,BASEBALL_SAVANT_CURRENT_SEASON,2026-08-20T23:43:02.137578+00:00,SAVANT_ARSENAL_SCHEMA_V1,CURRENT
663554,"Mize, Casey",2026.0,408.0,95.0,23.3,6.1,25.3,48.2,0.283,0.229,0.361,36.9,7.7,72.8,32.3,12.0,32.0,FF,4-Seam Fastball,34.3,536,17.1,0.198,0.333,0.278,1.1,BASEBALL_SAVANT_CURRENT_SEASON,2026-08-20T23:43:02.137578+00:00,SAVANT_ARSENAL_SCHEMA_V1,CURRENT
592662,"Ray, Robbie",2026.0,578.0,117.0,20.2,11.8,24.8,47.2,0.329,0.24,0.415,38.3,8.7,72.4,28.2,23.0,30.3,CH,Changeup,18.4,428,18.5,0.19,0.31,0.249,1.5,BASEBALL_SAVANT_CURRENT_SEASON,2026-08-20T23:43:02.137578+00:00,SAVANT_ARSENAL_SCHEMA_V1,CURRENT
678022,"Perkins, Jack",2026.0,387.0,98.0,25.3,8.5,27.0,48.1,0.316,0.238,0.395,37.6,8.9,71.7,26.5,18.0,32.6,FF,4-Seam Fastball,33.4,490,14.8,0.304,0.627,0.446,-2.1,BASEBALL_SAVANT_CURRENT_SEASON,2026-08-20T23:43:02.137578+00:00,SAVANT_ARSENAL_SCHEMA_V1,CURRENT
663903,"Singer, Brady",2026.0,557.0,104.0,18.7,7.5,25.1,44.4,0.343,0.271,0.447,40.5,9.2,72.3,30.6,12.0,38.6,SL,Slider,25.9,561,17.0,0.261,0.435,0.344,-0.2,BASEBALL_SAVANT_CURRENT_SEASON,2026-08-20T23:43:02.137578+00:00,SAVANT_ARSENAL_SCHEMA_V1,CURRENT
656641,"Latz, Jacob",2026.0,206.0,58.0,28.2,7.3,28.9,53.0,0.242,0.184,0.302,37.6,5.3,72.4,29.7,12.0,24.4,FF,4-Seam Fastball,54.6,481,16.6,0.143,0.25,0.216,2.8,BASEBALL_SAVANT_CURRENT_SEASON,2026-08-20T23:43:02.137578+00:00,SAVANT_ARSENAL_SCHEMA_V1,CURRENT
647336,"Soroka, Michael",2026.0,375.0,88.0,23.5,5.6,22.0,49.9,0.312,0.255,0.407,32.6,8.0,72.2,25.9,11.0,28.0,FF,4-Seam Fastball,32.6,471,15.0,0.263,0.368,0.303,1.1,BASEBALL_SAVANT_CURRENT_SEASON,2026-08-20T23:43:02.137578+00:00,SAVANT_ARSENAL_SCHEMA_V1,CURRENT
666200,"Luzardo, Jesús",2026.0,621.0,185.0,29.8,7.4,31.9,46.5,0.264,0.207,0.304,31.8,5.8,71.6,22.1,32.0,29.6,SI,Sinker,18.0,439,24.0,0.278,0.398,0.355,1.5,BASEBALL_SAVANT_CURRENT_SEASON,2026-08-20T23:43:02.137578+00:00,SAVANT_ARSENAL_SCHEMA_V1,CURRENT
677944,"Cecconi, Slade",2026.0,488.0,88.0,18.0,7.6,20.3,46.8,0.338,0.271,0.452,40.0,8.9,71.9,24.7,9.0,36.4,FF,4-Seam Fastball,26.7,495,17.0,0.289,0.465,0.357,-0.3,BASEBALL_SAVANT_CURRENT_SEASON,2026-08-20T23:43:02.137578+00:00,SAVANT_ARSENAL_SCHEMA_V1,CURRENT
656876,"Rasmussen, Drew",2026.0,529.0,138.0,26.1,4.7,25.0,50.5,0.275,0.229,0.35,32.9,6.1,71.9,25.5,21.0,28.6,SI,Sinker,22.9,477,23.1,0.172,0.276,0.234,2.8,BASEBALL_SAVANT_CURRENT_SEASON,2026-08-20T23:43:02.137578+00:00,SAVANT_ARSENAL_SCHEMA_V1,CURRENT
696149,"Chandler, Bubba",2026.0,528.0,108.0,20.5,12.1,23.1,47.9,0.311,0.23,0.365,37.1,5.7,72.0,25.1,16.0,31.0,SL,Slider,20.5,425,20.1,0.246,0.395,0.331,0.0,BASEBALL_SAVANT_CURRENT_SEASON,2026-08-20T23:43:02.137578+00:00,SAVANT_ARSENAL_SCHEMA_V1,CURRENT
571945,"Mikolas, Miles",2026.0,498.0,58.0,11.6,4.6,14.5,48.4,0.354,0.288,0.506,43.6,9.2,72.5,29.2,13.0,38.3,FF,4-Seam Fastball,24.6,450,10.6,0.265,0.416,0.331,0.5,BASEBALL_SAVANT_CURRENT_SEASON,2026-08-20T23:43:02.137578+00:00,SAVANT_ARSENAL_SCHEMA_V1,CURRENT
641743,"Kay, Anthony",2026.0,541.0,98.0,18.1,8.1,23.1,46.7,0.342,0.262,0.411,39.9,8.6,72.2,25.5,19.0,32.2,SI,Sinker,17.4,375,21.3,0.28,0.458,0.384,-0.1,BASEBALL_SAVANT_CURRENT_SEASON,2026-08-20T23:43:02.137578+00:00,SAVANT_ARSENAL_SCHEMA_V1,CURRENT
694738,"Roupp, Landen",2026.0,548.0,128.0,23.4,10.9,25.5,43.5,0.3,0.23,0.345,29.9,5.1,72.0,25.0,19.0,29.1,CH,Changeup,21.0,479,15.7,0.183,0.243,0.223,1.1,BASEBALL_SAVANT_CURRENT_SEASON,2026-08-20T23:43:02.137578+00:00,SAVANT_ARSENAL_SCHEMA_V1,CURRENT
641755,"Kinley, Tyler",2026.0,179.0,42.0,23.5,11.2,28.0,44.0,0.287,0.203,0.364,28.7,7.9,70.9,17.7,7.0,32.0,SL,Slider,66.5,464,24.1,0.215,0.449,0.325,0.1,BASEBALL_SAVANT_CURRENT_SEASON,2026-08-20T23:43:02.137578+00:00,SAVANT_ARSENAL_SCHEMA_V1,CURRENT
686799,"Kochanowicz, Jack",2026.0,296.0,47.0,15.9,12.2,23.6,45.2,0.358,0.272,0.439,42.8,7.4,72.5,27.6,6.0,34.8,SI,Sinker,38.3,424,16.2,0.28,0.383,0.353,0.4,BASEBALL_SAVANT_CURRENT_SEASON,2026-08-20T23:43:02.137578+00:00,SAVANT_ARSENAL_SCHEMA_V1,CURRENT
682842,"Uribe, Abner",2026.0,191.0,48.0,25.1,9.4,26.4,43.4,0.26,0.217,0.281,31.5,1.6,71.4,21.2,10.0,29.7,SI,Sinker,62.9,477,18.4,0.22,0.284,0.288,1.2,BASEBALL_SAVANT_CURRENT_SEASON,2026-08-20T23:43:02.137578+00:00,SAVANT_ARSENAL_SCHEMA_V1,CURRENT
669923,"Kirby, George",2026.0,567.0,114.0,20.1,5.5,21.9,51.9,0.303,0.253,0.397,41.1,7.2,72.0,26.1,18.0,32.0,SI,Sinker,21.3,449,17.1,0.333,0.447,0.367,0.0,BASEBALL_SAVANT_CURRENT_SEASON,2026-08-20T23:43:02.137578+00:00,SAVANT_ARSENAL_SCHEMA_V1,CURRENT
669467,"Pallante, Andre",2026.0,564.0,97.0,17.2,7.3,21.4,44.9,0.305,0.25,0.374,34.5,5.3,72.1,26.7,24.0,34.2,SI,Sinker,17.9,394,8.9,0.264,0.321,0.327,-0.2,BASEBALL_SAVANT_CURRENT_SEASON,2026-08-20T23:43:02.137578+00:00,SAVANT_ARSENAL_SCHEMA_V1,CURRENT
676755,"Mattson, Isaac",2026.0,166.0,34.0,20.5,10.8,21.7,49.5,0.373,0.288,0.495,50.4,12.4,71.1,22.3,2.0,36.1,FF,4-Seam Fastball,71.6,493,13.3,0.26,0.375,0.339,0.2,BASEBALL_SAVANT_CURRENT_SEASON,2026-08-20T23:43:02.137578+00:00,SAVANT_ARSENAL_SCHEMA_V1,CURRENT
656849,"Peterson, David",2026.0,507.0,95.0,18.7,9.3,21.4,47.0,0.34,0.275,0.417,41.2,6.4,71.9,27.8,8.0,39.1,SL,Slider,22.6,419,23.4,0.229,0.297,0.249,1.2,BASEBALL_SAVANT_CURRENT_SEASON,2026-08-20T23:43:02.137578+00:00,SAVANT_ARSENAL_SCHEMA_V1,CURRENT
669387,"Mlodzinski, Carmen",2026.0,451.0,81.0,18.0,8.0,20.8,45.7,0.351,0.296,0.446,47.7,7.3,72.0,27.2,13.0,36.6,FS,Split-Finger,25.7,450,15.4,0.188,0.241,0.23,1.3,BASEBALL_SAVANT_CURRENT_SEASON,2026-08-20T23:43:02.137578+00:00,SAVANT_ARSENAL_SCHEMA_V1,CURRENT
702070,"Cameron, Noah",2026.0,580.0,126.0,21.7,7.4,26.4,47.7,0.315,0.251,0.412,38.2,8.1,72.3,28.1,10.0,33.6,FF,4-Seam Fastball,25.4,574,9.2,0.271,0.411,0.36,0.0,BASEBALL_SAVANT_CURRENT_SEASON,2026-08-20T23:43:02.137578+00:00,SAVANT_ARSENAL_SCHEMA_V1,CURRENT
677944,"Cecconi, Slade",2026.0,488.0,88.0,18.0,7.6,20.3,46.8,0.338,0.271,0.452,40.0,8.9,71.9,24.7,9.0,36.4,FC,Cutter,25.1,465,18.7,0.238,0.448,0.343,0.2,BASEBALL_SAVANT_CURRENT_SEASON,2026-08-20T23:43:02.137578+00:00,SAVANT_ARSENAL_SCHEMA_V1,CURRENT
669160,"May, Dustin",2026.0,523.0,118.0,22.6,8.0,22.3,47.1,0.316,0.249,0.379,44.8,6.8,72.2,26.2,20.0,33.2,FF,4-Seam Fastball,25.6,510,17.7,0.221,0.346,0.297,0.6,BASEBALL_SAVANT_CURRENT_SEASON,2026-08-20T23:43:02.137578+00:00,SAVANT_ARSENAL_SCHEMA_V1,CURRENT
623211,"Brazobán, Huascar",2026.0,238.0,52.0,21.8,10.9,25.3,49.4,0.277,0.211,0.306,28.9,3.8,72.6,31.0,6.0,22.9,SI,Sinker,51.2,475,21.9,0.192,0.346,0.303,1.6,BASEBALL_SAVANT_CURRENT_SEASON,2026-08-20T23:43:02.137578+00:00,SAVANT_ARSENAL_SCHEMA_V1,CURRENT
695076,"Lowder, Rhett",2026.0,452.0,82.0,18.1,9.3,19.9,45.1,0.346,0.265,0.454,37.8,9.6,72.3,26.7,17.0,34.0,SL,Slider,27.6,470,22.4,0.289,0.482,0.355,-1.7,BASEBALL_SAVANT_CURRENT_SEASON,2026-08-20T23:43:02.137578+00:00,SAVANT_ARSENAL_SCHEMA_V1,CURRENT
605400,"Nola, Aaron",2026.0,593.0,146.0,24.6,7.8,28.1,46.0,0.315,0.245,0.42,42.0,9.5,72.3,27.7,14.0,35.4,FF,4-Seam Fastball,23.8,563,15.3,0.345,0.709,0.462,-2.5,BASEBALL_SAVANT_CURRENT_SEASON,2026-08-20T23:43:02.137578+00:00,SAVANT_ARSENAL_SCHEMA_V1,CURRENT
670280,"Bednar, David",2026.0,227.0,64.0,28.2,7.9,31.4,53.4,0.247,0.201,0.279,34.3,3.5,72.1,26.1,5.0,25.8,FS,Split-Finger,39.9,378,23.8,0.137,0.179,0.183,2.8,BASEBALL_SAVANT_CURRENT_SEASON,2026-08-20T23:43:02.137578+00:00,SAVANT_ARSENAL_SCHEMA_V1,CURRENT
813349,"Early, Connelly",2026.0,390.0,93.0,23.8,8.7,23.7,46.9,0.32,0.234,0.408,40.9,10.6,72.8,29.5,14.0,33.7,FF,4-Seam Fastball,35.1,536,20.1,0.219,0.448,0.327,0.2,BASEBALL_SAVANT_CURRENT_SEASON,2026-08-20T23:43:02.137578+00:00,SAVANT_ARSENAL_SCHEMA_V1,CURRENT
677960,"Weathers, Ryan",2026.0,551.0,140.0,25.4,6.9,27.0,44.9,0.316,0.251,0.417,41.1,8.4,72.6,30.7,20.0,36.1,FF,4-Seam Fastball,22.6,498,18.6,0.278,0.593,0.409,-1.7,BASEBALL_SAVANT_CURRENT_SEASON,2026-08-20T23:43:02.137578+00:00,SAVANT_ARSENAL_SCHEMA_V1,CURRENT
693433,"Woo, Bryan",2026.0,563.0,137.0,24.3,5.2,24.8,53.4,0.293,0.237,0.383,43.3,6.9,72.1,26.1,13.0,31.4,SI,Sinker,18.8,399,17.7,0.282,0.464,0.364,-0.5,BASEBALL_SAVANT_CURRENT_SEASON,2026-08-20T23:43:02.137578+00:00,SAVANT_ARSENAL_SCHEMA_V1,CURRENT
605400,"Nola, Aaron",2026.0,593.0,146.0,24.6,7.8,28.1,46.0,0.315,0.245,0.42,42.0,9.5,72.3,27.7,14.0,35.4,SI,Sinker,18.5,438,14.8,0.364,0.701,0.472,-3.0,BASEBALL_SAVANT_CURRENT_SEASON,2026-08-20T23:43:02.137578+00:00,SAVANT_ARSENAL_SCHEMA_V1,CURRENT
605488,"Springs, Jeffrey",2026.0,504.0,89.0,17.7,9.3,23.3,46.2,0.344,0.257,0.458,35.3,9.7,71.9,24.4,16.0,34.2,SL,Slider,24.6,483,20.0,0.264,0.627,0.385,-0.8,BASEBALL_SAVANT_CURRENT_SEASON,2026-08-20T23:43:02.137578+00:00,SAVANT_ARSENAL_SCHEMA_V1,CURRENT
702070,"Cameron, Noah",2026.0,580.0,126.0,21.7,7.4,26.4,47.7,0.315,0.251,0.412,38.2,8.1,72.3,28.1,10.0,33.6,CH,Changeup,21.2,479,20.1,0.187,0.318,0.272,1.0,BASEBALL_SAVANT_CURRENT_SEASON,2026-08-20T23:43:02.137578+00:00,SAVANT_ARSENAL_SCHEMA_V1,CURRENT
687330,"Kelly, Kevin",2026.0,215.0,45.0,20.9,4.2,19.8,48.7,0.292,0.262,0.368,44.3,5.8,72.3,26.2,6.0,36.6,SI,Sinker,58.8,446,17.9,0.236,0.336,0.302,2.4,BASEBALL_SAVANT_CURRENT_SEASON,2026-08-20T23:43:02.137578+00:00,SAVANT_ARSENAL_SCHEMA_V1,CURRENT
687570,"Prielipp, Connor",2026.0,382.0,94.0,24.6,9.4,23.8,47.1,0.318,0.237,0.399,41.1,8.2,71.9,26.7,14.0,34.2,SL,Slider,29.7,448,21.3,0.21,0.352,0.297,0.1,BASEBALL_SAVANT_CURRENT_SEASON,2026-08-20T23:43:02.137578+00:00,SAVANT_ARSENAL_SCHEMA_V1,CURRENT
592662,"Ray, Robbie",2026.0,578.0,117.0,20.2,11.8,24.8,47.2,0.329,0.24,0.415,38.3,8.7,72.4,28.2,23.0,30.3,SL,Slider,24.4,567,17.3,0.243,0.393,0.32,-0.1,BASEBALL_SAVANT_CURRENT_SEASON,2026-08-20T23:43:02.137578+00:00,SAVANT_ARSENAL_SCHEMA_V1,CURRENT
683004,"Leiter, Jack",2026.0,355.0,83.0,23.4,9.9,25.4,47.9,0.336,0.257,0.43,39.9,10.3,72.4,27.9,15.0,30.9,FF,4-Seam Fastball,38.5,538,16.8,0.238,0.438,0.335,0.0,BASEBALL_SAVANT_CURRENT_SEASON,2026-08-20T23:43:02.137578+00:00,SAVANT_ARSENAL_SCHEMA_V1,CURRENT
678906,"Teng, Kai-Wei",2026.0,301.0,67.0,22.3,10.0,25.2,44.1,0.334,0.245,0.398,39.4,7.8,71.9,23.8,13.0,36.5,ST,Sweeper,35.0,407,23.8,0.175,0.33,0.279,0.5,BASEBALL_SAVANT_CURRENT_SEASON,2026-08-20T23:43:02.137578+00:00,SAVANT_ARSENAL_SCHEMA_V1,CURRENT
681347,"Burrows, Mike",2026.0,423.0,75.0,17.7,8.3,21.6,49.3,0.337,0.263,0.441,38.8,8.4,72.6,29.0,11.0,33.2,CH,Changeup,27.1,424,19.0,0.248,0.305,0.305,0.1,BASEBALL_SAVANT_CURRENT_SEASON,2026-08-20T23:43:02.137578+00:00,SAVANT_ARSENAL_SCHEMA_V1,CURRENT
687075,"Sproat, Brandon",2026.0,414.0,100.0,24.2,11.6,25.1,45.9,0.337,0.245,0.406,43.1,8.7,71.7,21.9,17.0,29.3,SI,Sinker,26.0,439,19.3,0.277,0.396,0.368,-0.2,BASEBALL_SAVANT_CURRENT_SEASON,2026-08-20T23:43:02.137578+00:00,SAVANT_ARSENAL_SCHEMA_V1,CURRENT
664285,"Valdez, Framber",2026.0,613.0,111.0,18.1,8.8,20.6,46.3,0.324,0.258,0.391,43.7,6.2,72.3,29.1,23.0,38.1,CH,Changeup,18.5,411,17.6,0.274,0.434,0.329,0.0,BASEBALL_SAVANT_CURRENT_SEASON,2026-08-20T23:43:02.137578+00:00,SAVANT_ARSENAL_SCHEMA_V1,CURRENT
671096,"Abbott, Andrew",2026.0,604.0,108.0,17.9,10.9,22.4,46.6,0.331,0.256,0.415,38.2,7.7,72.6,29.4,25.0,30.9,ST,Sweeper,20.3,487,17.7,0.212,0.363,0.258,0.0,BASEBALL_SAVANT_CURRENT_SEASON,2026-08-20T23:43:02.137578+00:00,SAVANT_ARSENAL_SCHEMA_V1,CURRENT
607625,"Lugo, Seth",2026.0,619.0,111.0,17.9,7.4,18.4,46.0,0.347,0.28,0.457,42.9,7.9,72.1,27.3,14.0,37.7,CU,Curveball,18.1,423,19.5,0.218,0.364,0.289,-1.1,BASEBALL_SAVANT_CURRENT_SEASON,2026-08-20T23:43:02.137578+00:00,SAVANT_ARSENAL_SCHEMA_V1,CURRENT
677952,"Ashcraft, Braxton",2026.0,602.0,159.0,26.4,5.5,25.8,52.2,0.285,0.227,0.367,41.4,6.7,72.4,28.5,18.0,31.9,SI,Sinker,15.2,332,23.5,0.2,0.282,0.262,2.6,BASEBALL_SAVANT_CURRENT_SEASON,2026-08-20T23:43:02.137578+00:00,SAVANT_ARSENAL_SCHEMA_V1,CURRENT
687562,"Bennett, Jake",2026.0,323.0,61.0,18.9,5.3,24.0,52.6,0.278,0.229,0.363,36.4,6.2,72.2,29.1,13.0,33.7,FF,4-Seam Fastball,35.2,404,18.6,0.24,0.375,0.3,0.8,BASEBALL_SAVANT_CURRENT_SEASON,2026-08-20T23:43:02.137578+00:00,SAVANT_ARSENAL_SCHEMA_V1,CURRENT
607536,"Freeland, Kyle",2026.0,554.0,103.0,18.6,5.1,22.5,50.9,0.346,0.282,0.476,42.4,10.6,72.8,33.1,21.0,36.8,FF,4-Seam Fastball,23.6,473,9.0,0.346,0.702,0.473,-2.4,BASEBALL_SAVANT_CURRENT_SEASON,2026-08-20T23:43:02.137578+00:00,SAVANT_ARSENAL_SCHEMA_V1,CURRENT
676760,"Marinaccio, Ron",2026.0,260.0,48.0,18.5,10.4,25.3,47.1,0.347,0.261,0.427,41.0,7.9,71.8,25.2,9.0,33.5,FF,4-Seam Fastball,42.6,444,21.0,0.278,0.485,0.389,-0.5,BASEBALL_SAVANT_CURRENT_SEASON,2026-08-20T23:43:02.137578+00:00,SAVANT_ARSENAL_SCHEMA_V1,CURRENT
544150,"Suárez, Albert",2026.0,221.0,36.0,16.3,8.6,22.3,49.0,0.322,0.25,0.413,40.4,7.8,71.9,24.0,4.0,36.7,FF,4-Seam Fastball,53.6,431,19.2,0.26,0.423,0.339,-0.4,BASEBALL_SAVANT_CURRENT_SEASON,2026-08-20T23:43:02.137578+00:00,SAVANT_ARSENAL_SCHEMA_V1,CURRENT
682254,"Montgomery, Mason",2026.0,210.0,82.0,39.0,10.0,32.9,49.7,0.247,0.183,0.288,40.2,8.4,71.5,22.5,12.0,24.8,FF,4-Seam Fastball,52.9,467,32.2,0.214,0.311,0.28,1.0,BASEBALL_SAVANT_CURRENT_SEASON,2026-08-20T23:43:02.137578+00:00,SAVANT_ARSENAL_SCHEMA_V1,CURRENT
675512,"Melton, Troy",2026.0,329.0,73.0,22.2,7.6,25.9,49.5,0.272,0.218,0.327,34.9,5.2,72.9,31.5,13.0,29.6,FF,4-Seam Fastball,34.8,435,17.1,0.202,0.385,0.295,0.7,BASEBALL_SAVANT_CURRENT_SEASON,2026-08-20T23:43:02.137578+00:00,SAVANT_ARSENAL_SCHEMA_V1,CURRENT
694335,"Svanson, Matt",2026.0,207.0,41.0,19.8,10.1,18.8,48.7,0.369,0.301,0.467,44.8,7.0,72.3,29.5,8.0,34.2,SI,Sinker,44.9,354,19.8,0.357,0.531,0.418,-1.4,BASEBALL_SAVANT_CURRENT_SEASON,2026-08-20T23:43:02.137578+00:00,SAVANT_ARSENAL_SCHEMA_V1,CURRENT
656730,"Megill, Trevor",2026.0,186.0,54.0,29.0,6.5,32.3,52.0,0.248,0.198,0.316,41.2,5.0,71.3,20.8,12.0,36.1,FF,4-Seam Fastball,64.3,440,24.0,0.19,0.248,0.23,2.5,BASEBALL_SAVANT_CURRENT_SEASON,2026-08-20T23:43:02.137578+00:00,SAVANT_ARSENAL_SCHEMA_V1,CURRENT
701656,"Henderson, Logan",2026.0,240.0,75.0,31.3,5.0,28.1,53.9,0.256,0.204,0.337,37.5,8.6,72.1,26.0,6.0,27.4,FF,4-Seam Fastball,45.6,430,24.7,0.17,0.302,0.24,1.4,BASEBALL_SAVANT_CURRENT_SEASON,2026-08-20T23:43:02.137578+00:00,SAVANT_ARSENAL_SCHEMA_V1,CURRENT
571578,"Corbin, Patrick",2026.0,360.0,63.0,17.5,6.9,21.1,47.3,0.356,0.289,0.463,42.1,7.5,72.4,30.0,11.0,31.1,SI,Sinker,27.1,383,12.5,0.35,0.524,0.423,-1.4,BASEBALL_SAVANT_CURRENT_SEASON,2026-08-20T23:43:02.137578+00:00,SAVANT_ARSENAL_SCHEMA_V1,CURRENT
669160,"May, Dustin",2026.0,523.0,118.0,22.6,8.0,22.3,47.1,0.316,0.249,0.379,44.8,6.8,72.2,26.2,20.0,33.2,ST,Sweeper,19.2,384,23.2,0.225,0.314,0.293,-0.9,BASEBALL_SAVANT_CURRENT_SEASON,2026-08-20T23:43:02.137578+00:00,SAVANT_ARSENAL_SCHEMA_V1,CURRENT
669358,"Baz, Shane",2026.0,623.0,132.0,21.2,7.9,22.5,49.1,0.312,0.252,0.396,42.8,6.8,72.0,26.7,25.0,35.2,FC,Cutter,15.5,369,17.5,0.25,0.44,0.337,1.1,BASEBALL_SAVANT_CURRENT_SEASON,2026-08-20T23:43:02.137578+00:00,SAVANT_ARSENAL_SCHEMA_V1,CURRENT
607625,"Lugo, Seth",2026.0,619.0,111.0,17.9,7.4,18.4,46.0,0.347,0.28,0.457,42.9,7.9,72.1,27.3,14.0,37.7,FC,Cutter,15.9,371,18.4,0.293,0.455,0.358,0.0,BASEBALL_SAVANT_CURRENT_SEASON,2026-08-20T23:43:02.137578+00:00,SAVANT_ARSENAL_SCHEMA_V1,CURRENT
663436,"Martin, Davis",2026.0,530.0,111.0,20.9,7.4,24.0,48.6,0.333,0.271,0.422,44.4,6.8,72.4,30.5,15.0,32.8,SI,Sinker,18.4,368,9.7,0.289,0.381,0.357,1.2,BASEBALL_SAVANT_CURRENT_SEASON,2026-08-20T23:43:02.137578+00:00,SAVANT_ARSENAL_SCHEMA_V1,CURRENT
837227,"Imai, Tatsuya",2026.0,288.0,80.0,27.8,14.6,32.3,43.7,0.338,0.228,0.402,46.3,10.5,72.2,29.0,8.0,32.5,FF,4-Seam Fastball,43.5,540,13.4,0.299,0.402,0.382,-0.1,BASEBALL_SAVANT_CURRENT_SEASON,2026-08-20T23:43:02.137578+00:00,SAVANT_ARSENAL_SCHEMA_V1,CURRENT
805673,"Matthews, Zebby",2026.0,410.0,81.0,19.8,7.6,21.3,46.6,0.332,0.257,0.44,42.7,11.6,72.5,31.5,7.0,38.1,SL,Slider,21.8,342,22.2,0.196,0.364,0.262,1.3,BASEBALL_SAVANT_CURRENT_SEASON,2026-08-20T23:43:02.137578+00:00,SAVANT_ARSENAL_SCHEMA_V1,CURRENT
678022,"Perkins, Jack",2026.0,387.0,98.0,25.3,8.5,27.0,48.1,0.316,0.238,0.395,37.6,8.9,71.7,26.5,18.0,32.6,ST,Sweeper,29.0,425,28.1,0.23,0.36,0.3,0.5,BASEBALL_SAVANT_CURRENT_SEASON,2026-08-20T23:43:02.137578+00:00,SAVANT_ARSENAL_SCHEMA_V1,CURRENT
657044,"Thompson, Ryan",2026.0,186.0,29.0,15.6,7.0,19.2,48.6,0.311,0.275,0.381,34.0,4.3,72.3,29.3,4.0,34.8,SI,Sinker,62.5,409,14.5,0.34,0.46,0.391,-1.0,BASEBALL_SAVANT_CURRENT_SEASON,2026-08-20T23:43:02.137578+00:00,SAVANT_ARSENAL_SCHEMA_V1,CURRENT
693855,"Seymour, Ian",2026.0,399.0,115.0,28.8,7.8,29.5,49.9,0.296,0.223,0.392,37.8,10.0,72.0,28.3,9.0,30.2,FF,4-Seam Fastball,27.1,422,22.0,0.179,0.379,0.302,0.3,BASEBALL_SAVANT_CURRENT_SEASON,2026-08-20T23:43:02.137578+00:00,SAVANT_ARSENAL_SCHEMA_V1,CURRENT
671096,"Abbott, Andrew",2026.0,604.0,108.0,17.9,10.9,22.4,46.6,0.331,0.256,0.415,38.2,7.7,72.6,29.4,25.0,30.9,CH,Changeup,19.0,456,16.5,0.248,0.333,0.278,0.4,BASEBALL_SAVANT_CURRENT_SEASON,2026-08-20T23:43:02.137578+00:00,SAVANT_ARSENAL_SCHEMA_V1,CURRENT
669372,"Ginn, J.T.",2026.0,533.0,114.0,21.4,9.9,27.3,45.8,0.308,0.238,0.361,35.2,5.6,72.7,31.0,10.0,30.9,CH,Changeup,20.4,409,20.7,0.176,0.225,0.235,2.0,BASEBALL_SAVANT_CURRENT_SEASON,2026-08-20T23:43:02.137578+00:00,SAVANT_ARSENAL_SCHEMA_V1,CURRENT
622491,"Castillo, Luis",2026.0,508.0,102.0,20.1,7.1,24.9,52.1,0.337,0.267,0.453,41.8,9.9,72.4,30.5,16.0,30.6,SL,Slider,25.6,523,12.6,0.276,0.543,0.373,-0.9,BASEBALL_SAVANT_CURRENT_SEASON,2026-08-20T23:43:02.137578+00:00,SAVANT_ARSENAL_SCHEMA_V1,CURRENT
650911,"Sánchez, Cristopher",2026.0,673.0,187.0,27.8,5.6,32.8,50.0,0.284,0.237,0.358,41.8,7.2,72.6,29.6,19.0,35.5,SL,Slider,19.1,473,30.4,0.206,0.304,0.271,1.0,BASEBALL_SAVANT_CURRENT_SEASON,2026-08-20T23:43:02.137578+00:00,SAVANT_ARSENAL_SCHEMA_V1,CURRENT
663554,"Mize, Casey",2026.0,408.0,95.0,23.3,6.1,25.3,48.2,0.283,0.229,0.361,36.9,7.7,72.8,32.3,12.0,32.0,FS,Split-Finger,23.7,370,20.4,0.224,0.318,0.264,0.1,BASEBALL_SAVANT_CURRENT_SEASON,2026-08-20T23:43:02.137578+00:00,SAVANT_ARSENAL_SCHEMA_V1,CURRENT
445276,"Jansen, Kenley",2026.0,144.0,40.0,27.8,13.9,26.5,49.1,0.299,0.206,0.362,35.7,8.3,72.2,31.0,2.0,24.4,FC,Cutter,85.2,491,20.9,0.183,0.366,0.304,0.8,BASEBALL_SAVANT_CURRENT_SEASON,2026-08-20T23:43:02.137578+00:00,SAVANT_ARSENAL_SCHEMA_V1,CURRENT
608372,"Sugano, Tomoyuki",2026.0,498.0,69.0,13.9,5.4,18.2,46.2,0.395,0.312,0.57,43.8,13.5,73.3,33.0,13.0,37.9,FF,4-Seam Fastball,20.1,382,12.9,0.294,0.627,0.41,-1.1,BASEBALL_SAVANT_CURRENT_SEASON,2026-08-20T23:43:02.137578+00:00,SAVANT_ARSENAL_SCHEMA_V1,CURRENT
667755,"Soriano, José",2026.0,578.0,136.0,23.5,10.7,30.8,46.6,0.326,0.249,0.395,38.7,8.0,72.4,27.5,30.0,33.4,FS,Split-Finger,18.9,437,21.6,0.181,0.219,0.205,1.1,BASEBALL_SAVANT_CURRENT_SEASON,2026-08-20T23:43:02.137578+00:00,SAVANT_ARSENAL_SCHEMA_V1,CURRENT
608372,"Sugano, Tomoyuki",2026.0,498.0,69.0,13.9,5.4,18.2,46.2,0.395,0.312,0.57,43.8,13.5,73.3,33.0,13.0,37.9,FS,Split-Finger,21.6,411,18.2,0.181,0.352,0.261,0.3,BASEBALL_SAVANT_CURRENT_SEASON,2026-08-20T23:43:02.137578+00:00,SAVANT_ARSENAL_SCHEMA_V1,CURRENT
665795,"Cabrera, Edward",2026.0,329.0,67.0,20.4,9.7,26.6,47.8,0.344,0.267,0.447,42.5,11.9,73.1,34.1,17.0,35.7,CH,Changeup,30.5,390,19.8,0.279,0.404,0.333,-0.3,BASEBALL_SAVANT_CURRENT_SEASON,2026-08-20T23:43:02.137578+00:00,SAVANT_ARSENAL_SCHEMA_V1,CURRENT
594027,"Guerrero, Tyron",2026.0,137.0,35.0,25.5,3.6,24.6,57.1,0.25,0.219,0.312,33.7,4.3,71.1,21.2,1.0,26.3,SI,Sinker,84.6,422,23.3,0.226,0.274,0.241,2.3,BASEBALL_SAVANT_CURRENT_SEASON,2026-08-20T23:43:02.137578+00:00,SAVANT_ARSENAL_SCHEMA_V1,CURRENT
592773,"Stanek, Ryne",2026.0,214.0,50.0,23.4,12.6,28.2,48.3,0.321,0.232,0.395,37.0,8.1,71.8,22.8,5.0,31.6,FF,4-Seam Fastball,50.9,444,16.5,0.278,0.511,0.404,-0.3,BASEBALL_SAVANT_CURRENT_SEASON,2026-08-20T23:43:02.137578+00:00,SAVANT_ARSENAL_SCHEMA_V1,CURRENT
547179,"Lorenzen, Michael",2026.0,562.0,82.0,14.6,8.7,18.1,44.3,0.374,0.302,0.495,46.4,9.4,72.3,29.0,14.0,38.6,CH,Changeup,20.8,455,13.2,0.268,0.412,0.326,-1.9,BASEBALL_SAVANT_CURRENT_SEASON,2026-08-20T23:43:02.137578+00:00,SAVANT_ARSENAL_SCHEMA_V1,CURRENT
669160,"May, Dustin",2026.0,523.0,118.0,22.6,8.0,22.3,47.1,0.316,0.249,0.379,44.8,6.8,72.2,26.2,20.0,33.2,SI,Sinker,18.2,363,20.9,0.24,0.34,0.307,1.0,BASEBALL_SAVANT_CURRENT_SEASON,2026-08-20T23:43:02.137578+00:00,SAVANT_ARSENAL_SCHEMA_V1,CURRENT
656464,"Ginkel, Kevin",2026.0,217.0,49.0,22.6,6.9,29.4,50.2,0.306,0.236,0.414,39.9,9.8,72.0,25.1,17.0,37.4,SL,Slider,49.3,411,21.6,0.165,0.301,0.227,2.1,BASEBALL_SAVANT_CURRENT_SEASON,2026-08-20T23:43:02.137578+00:00,SAVANT_ARSENAL_SCHEMA_V1,CURRENT
593974,"Peralta, Wandy",2026.0,261.0,39.0,14.9,8.4,21.9,51.3,0.314,0.266,0.377,33.3,3.5,72.4,27.5,2.0,31.4,SI,Sinker,39.8,394,13.4,0.283,0.455,0.355,0.4,BASEBALL_SAVANT_CURRENT_SEASON,2026-08-20T23:43:02.137578+00:00,SAVANT_ARSENAL_SCHEMA_V1,CURRENT
676974,"Meyer, Max",2026.0,462.0,121.0,26.2,8.9,28.6,46.7,0.304,0.227,0.375,42.0,8.6,72.3,27.4,32.0,33.3,SL,Slider,26.0,466,26.7,0.198,0.281,0.285,1.8,BASEBALL_SAVANT_CURRENT_SEASON,2026-08-20T23:43:02.137578+00:00,SAVANT_ARSENAL_SCHEMA_V1,CURRENT
694297,"Pfaadt, Brandon",2026.0,403.0,69.0,17.1,6.0,21.6,49.4,0.293,0.236,0.375,35.0,7.2,72.4,27.1,15.0,33.4,FF,4-Seam Fastball,25.7,380,12.4,0.21,0.34,0.278,1.7,BASEBALL_SAVANT_CURRENT_SEASON,2026-08-20T23:43:02.137578+00:00,SAVANT_ARSENAL_SCHEMA_V1,CURRENT
669022,"Gore, MacKenzie",2026.0,597.0,154.0,25.8,8.5,26.3,49.6,0.304,0.236,0.378,42.0,8.8,72.6,31.4,21.0,27.8,CU,Curveball,18.7,442,18.3,0.233,0.485,0.329,-1.1,BASEBALL_SAVANT_CURRENT_SEASON,2026-08-20T23:43:02.137578+00:00,SAVANT_ARSENAL_SCHEMA_V1,CURRENT
675660,"Drohan, Shane",2026.0,421.0,99.0,23.5,7.8,27.2,47.9,0.295,0.231,0.367,38.1,8.5,72.5,29.7,13.0,31.5,FF,4-Seam Fastball,29.1,459,22.4,0.141,0.232,0.222,1.8,BASEBALL_SAVANT_CURRENT_SEASON,2026-08-20T23:43:02.137578+00:00,SAVANT_ARSENAL_SCHEMA_V1,CURRENT
571945,"Mikolas, Miles",2026.0,498.0,58.0,11.6,4.6,14.5,48.4,0.354,0.288,0.506,43.6,9.2,72.5,29.2,13.0,38.3,SL,Slider,23.2,424,11.3,0.274,0.547,0.36,-1.1,BASEBALL_SAVANT_CURRENT_SEASON,2026-08-20T23:43:02.137578+00:00,SAVANT_ARSENAL_SCHEMA_V1,CURRENT
608379,"Wacha, Michael",2026.0,632.0,120.0,19.0,6.5,21.1,48.5,0.314,0.25,0.417,37.1,7.1,71.5,24.2,13.0,36.5,SI,Sinker,14.8,345,18.0,0.204,0.43,0.341,0.4,BASEBALL_SAVANT_CURRENT_SEASON,2026-08-20T23:43:02.137578+00:00,SAVANT_ARSENAL_SCHEMA_V1,CURRENT
702056,"Yesavage, Trey",2026.0,386.0,91.0,23.6,11.9,30.0,47.3,0.285,0.2,0.33,34.0,6.1,72.2,27.0,17.0,31.9,FS,Split-Finger,28.8,446,17.6,0.137,0.232,0.218,0.4,BASEBALL_SAVANT_CURRENT_SEASON,2026-08-20T23:43:02.137578+00:00,SAVANT_ARSENAL_SCHEMA_V1,CURRENT
660853,"De Los Santos, Enyel",2026.0,240.0,53.0,22.1,5.4,28.2,55.1,0.285,0.234,0.377,36.2,5.2,71.8,22.8,8.0,30.7,FF,4-Seam Fastball,44.2,404,16.0,0.301,0.485,0.354,-0.2,BASEBALL_SAVANT_CURRENT_SEASON,2026-08-20T23:43:02.137578+00:00,SAVANT_ARSENAL_SCHEMA_V1,CURRENT
801139,"Tolle, Payton",2026.0,483.0,134.0,27.7,6.8,27.1,55.3,0.255,0.2,0.315,33.5,6.5,71.7,23.8,15.0,26.3,SI,Sinker,21.9,396,18.2,0.303,0.475,0.392,-0.5,BASEBALL_SAVANT_CURRENT_SEASON,2026-08-20T23:43:02.137578+00:00,SAVANT_ARSENAL_SCHEMA_V1,CURRENT
702193,"Morris, Andrew",2026.0,252.0,56.0,22.2,8.7,21.9,47.0,0.268,0.217,0.309,33.1,3.5,71.5,26.4,7.0,26.1,FF,4-Seam Fastball,45.6,469,17.7,0.209,0.231,0.258,2.3,BASEBALL_SAVANT_CURRENT_SEASON,2026-08-20T23:43:02.137578+00:00,SAVANT_ARSENAL_SCHEMA_V1,CURRENT
607536,"Freeland, Kyle",2026.0,554.0,103.0,18.6,5.1,22.5,50.9,0.346,0.282,0.476,42.4,10.6,72.8,33.1,21.0,36.8,FC,Cutter,21.7,436,18.3,0.317,0.49,0.369,0.5,BASEBALL_SAVANT_CURRENT_SEASON,2026-08-20T23:43:02.137578+00:00,SAVANT_ARSENAL_SCHEMA_V1,CURRENT
696147,"Bachman, Sam",2026.0,198.0,46.0,23.2,13.6,33.1,44.0,0.298,0.213,0.318,32.0,7.5,71.9,24.6,7.0,30.7,SL,Slider,50.9,387,24.6,0.181,0.277,0.265,1.7,BASEBALL_SAVANT_CURRENT_SEASON,2026-08-20T23:43:02.137578+00:00,SAVANT_ARSENAL_SCHEMA_V1,CURRENT
573124,"Rogers, Taylor",2026.0,208.0,39.0,18.8,10.1,17.3,42.2,0.313,0.248,0.365,26.9,5.5,71.4,22.3,6.0,36.8,ST,Sweeper,50.0,411,15.4,0.292,0.396,0.334,0.0,BASEBALL_SAVANT_CURRENT_SEASON,2026-08-20T23:43:02.137578+00:00,SAVANT_ARSENAL_SCHEMA_V1,CURRENT
656546,"Hoffman, Jeff",2026.0,248.0,85.0,34.3,9.7,37.2,50.1,0.297,0.214,0.334,38.3,9.8,71.9,25.3,22.0,28.4,SL,Slider,43.3,444,31.8,0.211,0.284,0.283,1.0,BASEBALL_SAVANT_CURRENT_SEASON,2026-08-20T23:43:02.137578+00:00,SAVANT_ARSENAL_SCHEMA_V1,CURRENT
674841,"Alvarez, Andrew",2026.0,317.0,69.0,21.8,10.4,26.2,44.8,0.326,0.26,0.386,42.5,5.2,72.3,31.7,18.0,36.6,CU,Curveball,30.3,374,24.4,0.178,0.238,0.223,0.7,BASEBALL_SAVANT_CURRENT_SEASON,2026-08-20T23:43:02.137578+00:00,SAVANT_ARSENAL_SCHEMA_V1,CURRENT
656945,"Scott, Tanner",2026.0,197.0,63.0,32.0,5.6,35.7,55.8,0.272,0.233,0.354,33.6,7.4,72.1,26.3,20.0,27.6,SL,Slider,52.9,404,26.5,0.157,0.206,0.179,3.1,BASEBALL_SAVANT_CURRENT_SEASON,2026-08-20T23:43:02.137578+00:00,SAVANT_ARSENAL_SCHEMA_V1,CURRENT
695243,"Miller, Mason",2026.0,199.0,95.0,47.7,9.5,47.0,46.8,0.188,0.129,0.174,27.7,3.6,70.5,18.3,15.0,24.4,SL,Slider,51.3,436,41.3,0.133,0.143,0.178,2.5,BASEBALL_SAVANT_CURRENT_SEASON,2026-08-20T23:43:02.137578+00:00,SAVANT_ARSENAL_SCHEMA_V1,CURRENT
700241,"McGreevy, Michael",2026.0,538.0,91.0,16.9,6.3,19.2,44.7,0.355,0.284,0.49,42.6,10.2,72.4,31.4,18.0,37.4,SI,Sinker,16.7,357,18.6,0.214,0.316,0.269,2.6,BASEBALL_SAVANT_CURRENT_SEASON,2026-08-20T23:43:02.137578+00:00,SAVANT_ARSENAL_SCHEMA_V1,CURRENT
668984,"Legumina, Casey",2026.0,229.0,40.0,17.5,5.7,21.4,52.4,0.323,0.267,0.41,36.6,7.1,72.2,27.5,7.0,31.4,FF,4-Seam Fastball,42.7,362,17.9,0.213,0.362,0.283,1.1,BASEBALL_SAVANT_CURRENT_SEASON,2026-08-20T23:43:02.137578+00:00,SAVANT_ARSENAL_SCHEMA_V1,CURRENT
669276,"Lee, Dylan",2026.0,213.0,70.0,32.9,6.6,37.1,52.9,0.236,0.18,0.294,31.0,6.2,72.6,28.4,10.0,26.1,SL,Slider,53.1,465,24.7,0.173,0.296,0.225,1.7,BASEBALL_SAVANT_CURRENT_SEASON,2026-08-20T23:43:02.137578+00:00,SAVANT_ARSENAL_SCHEMA_V1,CURRENT
656271,"Burke, Brock",2026.0,262.0,62.0,23.7,13.0,28.8,45.7,0.297,0.213,0.341,30.1,7.7,71.9,26.0,7.0,30.3,FF,4-Seam Fastball,40.6,404,22.1,0.189,0.333,0.3,0.4,BASEBALL_SAVANT_CURRENT_SEASON,2026-08-20T23:43:02.137578+00:00,SAVANT_ARSENAL_SCHEMA_V1,CURRENT
681517,"Leahy, Kyle",2026.0,516.0,111.0,21.5,6.8,22.5,46.6,0.34,0.274,0.452,48.4,10.2,72.6,30.7,27.0,36.5,FF,4-Seam Fastball,26.6,538,13.6,0.351,0.617,0.435,-1.1,BASEBALL_SAVANT_CURRENT_SEASON,2026-08-20T23:43:02.137578+00:00,SAVANT_ARSENAL_SCHEMA_V1,CURRENT
669302,"Gilbert, Logan",2026.0,594.0,157.0,26.4,6.2,29.8,50.2,0.298,0.233,0.395,41.8,10.1,71.9,26.7,24.0,33.6,FS,Split-Finger,14.3,336,18.9,0.152,0.232,0.209,-0.3,BASEBALL_SAVANT_CURRENT_SEASON,2026-08-20T23:43:02.137578+00:00,SAVANT_ARSENAL_SCHEMA_V1,CURRENT
680732,"Burke, Sean",2026.0,571.0,154.0,27.0,7.4,25.8,48.9,0.294,0.226,0.37,36.9,7.7,71.6,25.4,26.0,30.9,CU,Curveball,20.5,462,20.9,0.196,0.299,0.261,0.0,BASEBALL_SAVANT_CURRENT_SEASON,2026-08-20T23:43:02.137578+00:00,SAVANT_ARSENAL_SCHEMA_V1,CURRENT
518886,"Kimbrel, Craig",2026.0,154.0,33.0,21.4,11.0,25.3,48.1,0.325,0.248,0.397,38.2,6.9,71.8,25.6,9.0,33.5,FF,4-Seam Fastball,67.3,420,17.4,0.22,0.429,0.332,0.5,BASEBALL_SAVANT_CURRENT_SEASON,2026-08-20T23:43:02.137578+00:00,SAVANT_ARSENAL_SCHEMA_V1,CURRENT
668678,"Gallen, Zac",2026.0,440.0,61.0,13.9,7.0,19.0,46.0,0.383,0.312,0.531,44.7,11.0,72.5,30.5,12.0,40.2,SL,Slider,21.6,353,15.7,0.298,0.511,0.382,-2.1,BASEBALL_SAVANT_CURRENT_SEASON,2026-08-20T23:43:02.137578+00:00,SAVANT_ARSENAL_SCHEMA_V1,CURRENT
671737,"Bradley, Taj",2026.0,599.0,158.0,26.4,10.4,26.0,47.1,0.307,0.226,0.377,44.9,9.3,72.2,28.8,29.0,31.7,FS,Split-Finger,20.1,486,18.0,0.255,0.363,0.284,-0.5,BASEBALL_SAVANT_CURRENT_SEASON,2026-08-20T23:43:02.137578+00:00,SAVANT_ARSENAL_SCHEMA_V1,CURRENT
800048,"Messick, Parker",2026.0,591.0,152.0,25.7,6.8,26.1,48.5,0.267,0.218,0.327,32.5,5.0,72.0,27.9,15.0,29.5,SI,Sinker,16.4,378,10.6,0.208,0.292,0.254,3.0,BASEBALL_SAVANT_CURRENT_SEASON,2026-08-20T23:43:02.137578+00:00,SAVANT_ARSENAL_SCHEMA_V1,CURRENT
608372,"Sugano, Tomoyuki",2026.0,498.0,69.0,13.9,5.4,18.2,46.2,0.395,0.312,0.57,43.8,13.5,73.3,33.0,13.0,37.9,SI,Sinker,19.6,372,7.0,0.347,0.558,0.397,0.1,BASEBALL_SAVANT_CURRENT_SEASON,2026-08-20T23:43:02.137578+00:00,SAVANT_ARSENAL_SCHEMA_V1,CURRENT
640455,"Manaea, Sean",2026.0,481.0,113.0,23.5,7.7,23.1,49.9,0.327,0.25,0.419,41.8,9.5,71.6,22.1,22.0,31.9,SI,Sinker,20.0,379,18.9,0.33,0.436,0.393,0.4,BASEBALL_SAVANT_CURRENT_SEASON,2026-08-20T23:43:02.137578+00:00,SAVANT_ARSENAL_SCHEMA_V1,CURRENT
623454,"Anderson, Drew",2026.0,328.0,87.0,26.5,9.1,28.4,48.2,0.292,0.217,0.354,37.7,8.3,71.8,25.9,16.0,32.0,CH,Changeup,30.7,390,21.9,0.242,0.424,0.316,-1.4,BASEBALL_SAVANT_CURRENT_SEASON,2026-08-20T23:43:02.137578+00:00,SAVANT_ARSENAL_SCHEMA_V1,CURRENT
669165,"Hurt, Kyle",2026.0,176.0,51.0,29.0,12.5,35.6,52.1,0.292,0.209,0.338,42.2,6.9,72.4,28.1,1.0,30.7,FF,4-Seam Fastball,55.0,356,30.4,0.225,0.315,0.31,0.6,BASEBALL_SAVANT_CURRENT_SEASON,2026-08-20T23:43:02.137578+00:00,SAVANT_ARSENAL_SCHEMA_V1,CURRENT
547179,"Lorenzen, Michael",2026.0,562.0,82.0,14.6,8.7,18.1,44.3,0.374,0.302,0.495,46.4,9.4,72.3,29.0,14.0,38.6,FF,4-Seam Fastball,19.0,416,9.7,0.344,0.644,0.439,-2.4,BASEBALL_SAVANT_CURRENT_SEASON,2026-08-20T23:43:02.137578+00:00,SAVANT_ARSENAL_SCHEMA_V1,CURRENT
681911,"Vesia, Alex",2026.0,190.0,58.0,30.5,15.8,34.6,46.7,0.275,0.177,0.29,37.3,5.9,71.7,24.1,11.0,27.6,FF,4-Seam Fastball,53.9,434,20.6,0.17,0.25,0.283,0.2,BASEBALL_SAVANT_CURRENT_SEASON,2026-08-20T23:43:02.137578+00:00,SAVANT_ARSENAL_SCHEMA_V1,CURRENT
686973,"Varland, Louis",2026.0,249.0,79.0,31.7,6.8,29.4,52.4,0.231,0.197,0.266,37.3,4.6,71.6,22.4,14.0,25.0,FF,4-Seam Fastball,40.2,405,24.0,0.207,0.239,0.249,2.4,BASEBALL_SAVANT_CURRENT_SEASON,2026-08-20T23:43:02.137578+00:00,SAVANT_ARSENAL_SCHEMA_V1,CURRENT
657514,"Bernardino, Brennan",2026.0,215.0,37.0,17.2,6.5,21.8,46.4,0.312,0.259,0.399,32.5,5.7,71.4,20.3,7.0,37.7,SI,Sinker,41.1,333,20.0,0.295,0.432,0.365,1.2,BASEBALL_SAVANT_CURRENT_SEASON,2026-08-20T23:43:02.137578+00:00,SAVANT_ARSENAL_SCHEMA_V1,CURRENT
677865,"Bruihl, Justin",2026.0,274.0,42.0,15.3,8.8,17.4,45.1,0.304,0.248,0.337,34.5,4.0,72.1,26.2,5.0,28.9,ST,Sweeper,38.8,405,16.3,0.233,0.322,0.292,0.0,BASEBALL_SAVANT_CURRENT_SEASON,2026-08-20T23:43:02.137578+00:00,SAVANT_ARSENAL_SCHEMA_V1,CURRENT
666157,"Lodolo, Nick",2026.0,316.0,57.0,18.0,9.2,21.9,46.3,0.369,0.287,0.465,38.6,8.9,72.1,25.7,10.0,33.5,SI,Sinker,26.0,320,13.4,0.305,0.646,0.466,-0.5,BASEBALL_SAVANT_CURRENT_SEASON,2026-08-20T23:43:02.137578+00:00,SAVANT_ARSENAL_SCHEMA_V1,CURRENT
702070,"Cameron, Noah",2026.0,580.0,126.0,21.7,7.4,26.4,47.7,0.315,0.251,0.412,38.2,8.1,72.3,28.1,10.0,33.6,CU,Curveball,17.2,389,22.4,0.143,0.224,0.202,0.7,BASEBALL_SAVANT_CURRENT_SEASON,2026-08-20T23:43:02.137578+00:00,SAVANT_ARSENAL_SCHEMA_V1,CURRENT
689254,"Fluharty, Mason",2026.0,213.0,56.0,26.3,9.4,28.5,49.3,0.259,0.189,0.314,32.4,7.4,72.2,29.7,3.0,28.4,FC,Cutter,49.2,413,24.3,0.256,0.344,0.317,0.7,BASEBALL_SAVANT_CURRENT_SEASON,2026-08-20T23:43:02.137578+00:00,SAVANT_ARSENAL_SCHEMA_V1,CURRENT
681347,"Burrows, Mike",2026.0,423.0,75.0,17.7,8.3,21.6,49.3,0.337,0.263,0.441,38.8,8.4,72.6,29.0,11.0,33.2,FF,4-Seam Fastball,28.5,447,14.9,0.316,0.716,0.454,-2.0,BASEBALL_SAVANT_CURRENT_SEASON,2026-08-20T23:43:02.137578+00:00,SAVANT_ARSENAL_SCHEMA_V1,CURRENT
674444,"Cruz, Steven",2026.0,196.0,51.0,26.0,9.2,28.5,52.3,0.311,0.233,0.401,34.4,11.2,71.9,24.1,7.0,28.9,FF,4-Seam Fastball,55.9,417,23.0,0.242,0.527,0.369,-0.6,BASEBALL_SAVANT_CURRENT_SEASON,2026-08-20T23:43:02.137578+00:00,SAVANT_ARSENAL_SCHEMA_V1,CURRENT
571927,"Matz, Steven",2026.0,282.0,49.0,17.4,7.4,21.1,47.3,0.352,0.278,0.48,35.2,12.4,71.8,25.0,6.0,33.7,CH,Changeup,29.8,332,16.3,0.216,0.402,0.278,-0.3,BASEBALL_SAVANT_CURRENT_SEASON,2026-08-20T23:43:02.137578+00:00,SAVANT_ARSENAL_SCHEMA_V1,CURRENT
675660,"Drohan, Shane",2026.0,421.0,99.0,23.5,7.8,27.2,47.9,0.295,0.231,0.367,38.1,8.5,72.5,29.7,13.0,31.5,SL,Slider,20.5,324,26.2,0.173,0.296,0.224,1.6,BASEBALL_SAVANT_CURRENT_SEASON,2026-08-20T23:43:02.137578+00:00,SAVANT_ARSENAL_SCHEMA_V1,CURRENT
608718,"Suter, Brent",2026.0,300.0,59.0,19.7,7.0,22.4,45.9,0.32,0.264,0.414,32.1,6.5,71.1,20.8,12.0,33.3,SI,Sinker,32.0,395,14.3,0.275,0.352,0.342,1.4,BASEBALL_SAVANT_CURRENT_SEASON,2026-08-20T23:43:02.137578+00:00,SAVANT_ARSENAL_SCHEMA_V1,CURRENT
650644,"Civale, Aaron",2026.0,410.0,74.0,18.0,6.8,21.2,46.8,0.336,0.268,0.452,43.8,9.2,71.8,25.4,8.0,37.8,CU,Curveball,24.7,386,18.2,0.219,0.344,0.276,0.5,BASEBALL_SAVANT_CURRENT_SEASON,2026-08-20T23:43:02.137578+00:00,SAVANT_ARSENAL_SCHEMA_V1,CURRENT
657097,"Webb, Jacob",2026.0,232.0,63.0,27.2,8.6,33.8,51.2,0.3,0.24,0.369,41.6,6.2,72.0,26.7,7.0,30.0,CH,Changeup,37.6,354,24.1,0.198,0.271,0.248,1.5,BASEBALL_SAVANT_CURRENT_SEASON,2026-08-20T23:43:02.137578+00:00,SAVANT_ARSENAL_SCHEMA_V1,CURRENT
571510,"Boyd, Matthew",2026.0,354.0,68.0,19.2,7.3,22.3,49.1,0.341,0.267,0.448,37.9,10.3,71.8,24.4,7.0,30.8,CH,Changeup,26.1,347,13.2,0.265,0.449,0.325,0.1,BASEBALL_SAVANT_CURRENT_SEASON,2026-08-20T23:43:02.137578+00:00,SAVANT_ARSENAL_SCHEMA_V1,CURRENT
670036,"Festa, Matt",2026.0,233.0,57.0,24.5,6.4,28.4,47.3,0.31,0.242,0.39,42.6,8.4,71.7,22.4,8.0,33.3,FF,4-Seam Fastball,47.7,412,28.3,0.29,0.419,0.341,-0.1,BASEBALL_SAVANT_CURRENT_SEASON,2026-08-20T23:43:02.137578+00:00,SAVANT_ARSENAL_SCHEMA_V1,CURRENT
543243,"Gray, Sonny",2026.0,536.0,117.0,21.8,6.3,22.7,47.2,0.294,0.246,0.366,37.4,6.1,72.5,28.2,23.0,36.5,FF,4-Seam Fastball,17.7,341,24.1,0.278,0.411,0.364,1.7,BASEBALL_SAVANT_CURRENT_SEASON,2026-08-20T23:43:02.137578+00:00,SAVANT_ARSENAL_SCHEMA_V1,CURRENT
682608,"Gray, Peyton",2026.0,219.0,50.0,22.8,7.3,26.0,49.8,0.287,0.231,0.357,32.9,6.8,72.0,24.5,0.0,29.8,CH,Changeup,40.2,333,18.5,0.219,0.396,0.298,-0.2,BASEBALL_SAVANT_CURRENT_SEASON,2026-08-20T23:43:02.137578+00:00,SAVANT_ARSENAL_SCHEMA_V1,CURRENT
695076,"Lowder, Rhett",2026.0,452.0,82.0,18.1,9.3,19.9,45.1,0.346,0.265,0.454,37.8,9.6,72.3,26.7,17.0,34.0,FF,4-Seam Fastball,20.4,348,16.4,0.227,0.318,0.303,0.8,BASEBALL_SAVANT_CURRENT_SEASON,2026-08-20T23:43:02.137578+00:00,SAVANT_ARSENAL_SCHEMA_V1,CURRENT
672782,"Gómez, Yoendrys",2026.0,243.0,52.0,21.4,11.9,24.9,47.2,0.342,0.247,0.435,44.1,8.8,72.2,27.4,5.0,31.1,FF,4-Seam Fastball,46.2,422,18.5,0.202,0.405,0.346,0.1,BASEBALL_SAVANT_CURRENT_SEASON,2026-08-20T23:43:02.137578+00:00,SAVANT_ARSENAL_SCHEMA_V1,CURRENT
680767,"Vodnik, Victor",2026.0,197.0,31.0,15.7,12.2,23.7,47.1,0.319,0.245,0.368,40.3,5.8,72.2,27.3,6.0,34.4,FF,4-Seam Fastball,49.1,375,13.6,0.345,0.425,0.407,-1.0,BASEBALL_SAVANT_CURRENT_SEASON,2026-08-20T23:43:02.137578+00:00,SAVANT_ARSENAL_SCHEMA_V1,CURRENT
687312,"Hughes, Gabriel",2026.0,164.0,33.0,20.1,7.9,19.7,48.4,0.287,0.232,0.338,28.4,4.3,72.3,28.1,6.0,28.6,FF,4-Seam Fastball,55.2,353,16.7,0.244,0.378,0.329,1.2,BASEBALL_SAVANT_CURRENT_SEASON,2026-08-20T23:43:02.137578+00:00,SAVANT_ARSENAL_SCHEMA_V1,CURRENT
676962,"Brown, Ben",2026.0,265.0,65.0,24.5,7.2,27.3,47.1,0.279,0.223,0.335,43.0,7.3,71.8,23.6,10.0,37.2,CU,Curveball,36.5,366,29.6,0.124,0.186,0.16,3.4,BASEBALL_SAVANT_CURRENT_SEASON,2026-08-20T23:43:02.137578+00:00,SAVANT_ARSENAL_SCHEMA_V1,CURRENT
650633,"King, Michael",2026.0,610.0,128.0,21.0,9.5,24.8,46.4,0.321,0.239,0.402,32.4,8.5,72.6,31.1,15.0,29.7,FF,4-Seam Fastball,19.1,460,19.2,0.224,0.4,0.35,-0.5,BASEBALL_SAVANT_CURRENT_SEASON,2026-08-20T23:43:02.137578+00:00,SAVANT_ARSENAL_SCHEMA_V1,CURRENT
680694,"Bradish, Kyle",2026.0,562.0,124.0,22.1,10.3,24.4,44.7,0.312,0.239,0.376,37.4,7.5,72.0,24.9,28.0,33.0,CU,Curveball,21.7,477,21.0,0.208,0.365,0.276,0.2,BASEBALL_SAVANT_CURRENT_SEASON,2026-08-20T23:43:02.137578+00:00,SAVANT_ARSENAL_SCHEMA_V1,CURRENT
687075,"Sproat, Brandon",2026.0,414.0,100.0,24.2,11.6,25.1,45.9,0.337,0.245,0.406,43.1,8.7,71.7,21.9,17.0,29.3,FF,4-Seam Fastball,24.3,411,20.0,0.207,0.345,0.317,0.3,BASEBALL_SAVANT_CURRENT_SEASON,2026-08-20T23:43:02.137578+00:00,SAVANT_ARSENAL_SCHEMA_V1,CURRENT
664141,"Brubaker, JT",2026.0,236.0,38.0,16.1,10.6,21.0,44.8,0.34,0.268,0.428,36.3,5.8,72.1,24.2,9.0,33.4,SI,Sinker,45.5,430,21.0,0.233,0.411,0.323,0.7,BASEBALL_SAVANT_CURRENT_SEASON,2026-08-20T23:43:02.137578+00:00,SAVANT_ARSENAL_SCHEMA_V1,CURRENT
668909,"Williams, Gavin",2026.0,597.0,190.0,31.8,7.5,31.2,49.6,0.305,0.228,0.41,47.6,11.7,71.5,20.8,37.0,31.5,SI,Sinker,17.1,399,25.8,0.312,0.538,0.404,-0.7,BASEBALL_SAVANT_CURRENT_SEASON,2026-08-20T23:43:02.137578+00:00,SAVANT_ARSENAL_SCHEMA_V1,CURRENT
676974,"Meyer, Max",2026.0,462.0,121.0,26.2,8.9,28.6,46.7,0.304,0.227,0.375,42.0,8.6,72.3,27.4,32.0,33.3,FF,4-Seam Fastball,24.0,430,12.5,0.202,0.494,0.35,-0.8,BASEBALL_SAVANT_CURRENT_SEASON,2026-08-20T23:43:02.137578+00:00,SAVANT_ARSENAL_SCHEMA_V1,CURRENT
662253,"Muñoz, Andrés",2026.0,195.0,73.0,37.4,9.2,40.3,47.3,0.28,0.208,0.333,41.7,8.7,71.4,24.0,15.0,28.4,SL,Slider,47.9,372,32.4,0.165,0.33,0.239,1.0,BASEBALL_SAVANT_CURRENT_SEASON,2026-08-20T23:43:02.137578+00:00,SAVANT_ARSENAL_SCHEMA_V1,CURRENT
820862,"Fermin, José",2026.0,181.0,49.0,27.1,11.0,30.9,49.1,0.322,0.233,0.391,42.6,9.3,72.5,28.7,4.0,28.8,SL,Slider,58.0,432,25.8,0.188,0.344,0.262,1.2,BASEBALL_SAVANT_CURRENT_SEASON,2026-08-20T23:43:02.137578+00:00,SAVANT_ARSENAL_SCHEMA_V1,CURRENT
643377,"Jax, Griffin",2026.0,379.0,100.0,26.4,7.9,31.2,48.6,0.323,0.252,0.418,39.7,9.3,72.6,30.4,10.0,34.5,CH,Changeup,23.4,328,33.6,0.223,0.277,0.287,0.6,BASEBALL_SAVANT_CURRENT_SEASON,2026-08-20T23:43:02.137578+00:00,SAVANT_ARSENAL_SCHEMA_V1,CURRENT
657097,"Webb, Jacob",2026.0,232.0,63.0,27.2,8.6,33.8,51.2,0.3,0.24,0.369,41.6,6.2,72.0,26.7,7.0,30.0,FF,4-Seam Fastball,44.2,416,18.3,0.247,0.393,0.346,-0.6,BASEBALL_SAVANT_CURRENT_SEASON,2026-08-20T23:43:02.137578+00:00,SAVANT_ARSENAL_SCHEMA_V1,CURRENT
607067,"Rea, Colin",2026.0,535.0,91.0,17.0,8.0,19.5,46.8,0.359,0.276,0.487,41.4,10.7,72.1,27.5,13.0,36.7,CH,Changeup,18.5,375,15.1,0.18,0.213,0.245,1.5,BASEBALL_SAVANT_CURRENT_SEASON,2026-08-20T23:43:02.137578+00:00,SAVANT_ARSENAL_SCHEMA_V1,CURRENT
656427,"Flaherty, Jack",2026.0,389.0,102.0,26.2,10.8,27.1,45.1,0.323,0.236,0.394,46.2,8.4,73.0,32.9,16.0,28.9,SL,Slider,24.2,397,16.8,0.281,0.494,0.371,-0.5,BASEBALL_SAVANT_CURRENT_SEASON,2026-08-20T23:43:02.137578+00:00,SAVANT_ARSENAL_SCHEMA_V1,CURRENT
690997,"McLean, Nolan",2026.0,594.0,162.0,27.3,9.1,24.6,44.1,0.298,0.221,0.348,35.7,6.9,71.8,23.6,16.0,28.1,FF,4-Seam Fastball,20.4,482,24.5,0.216,0.466,0.331,0.3,BASEBALL_SAVANT_CURRENT_SEASON,2026-08-20T23:43:02.137578+00:00,SAVANT_ARSENAL_SCHEMA_V1,CURRENT
670059,"Holderman, Colin",2026.0,199.0,46.0,23.1,8.5,27.6,43.9,0.296,0.212,0.332,42.5,7.9,71.7,21.3,10.0,33.0,SI,Sinker,50.9,391,13.3,0.213,0.27,0.27,2.6,BASEBALL_SAVANT_CURRENT_SEASON,2026-08-20T23:43:02.137578+00:00,SAVANT_ARSENAL_SCHEMA_V1,CURRENT
683003,"Jones, Jared",2026.0,269.0,72.0,26.8,7.8,31.0,48.3,0.297,0.219,0.392,39.1,8.6,72.5,28.3,9.0,33.1,SL,Slider,34.9,366,29.8,0.222,0.378,0.313,0.4,BASEBALL_SAVANT_CURRENT_SEASON,2026-08-20T23:43:02.137578+00:00,SAVANT_ARSENAL_SCHEMA_V1,CURRENT
668964,"Myers, Tobias",2026.0,198.0,33.0,16.7,6.6,17.8,52.3,0.332,0.277,0.439,46.1,6.0,71.9,24.2,3.0,37.6,FF,4-Seam Fastball,47.9,340,16.1,0.287,0.479,0.357,0.4,BASEBALL_SAVANT_CURRENT_SEASON,2026-08-20T23:43:02.137578+00:00,SAVANT_ARSENAL_SCHEMA_V1,CURRENT
643377,"Jax, Griffin",2026.0,379.0,100.0,26.4,7.9,31.2,48.6,0.323,0.252,0.418,39.7,9.3,72.6,30.4,10.0,34.5,SI,Sinker,20.8,291,26.1,0.291,0.453,0.383,0.1,BASEBALL_SAVANT_CURRENT_SEASON,2026-08-20T23:43:02.137578+00:00,SAVANT_ARSENAL_SCHEMA_V1,CURRENT
670990,"Ramírez, Yohan",2026.0,296.0,79.0,26.7,13.9,27.2,44.4,0.289,0.21,0.293,30.1,4.8,71.6,24.0,17.0,24.0,ST,Sweeper,38.4,438,26.7,0.126,0.184,0.231,1.7,BASEBALL_SAVANT_CURRENT_SEASON,2026-08-20T23:43:02.137578+00:00,SAVANT_ARSENAL_SCHEMA_V1,CURRENT
608379,"Wacha, Michael",2026.0,632.0,120.0,19.0,6.5,21.1,48.5,0.314,0.25,0.417,37.1,7.1,71.5,24.2,13.0,36.5,FC,Cutter,14.9,348,18.3,0.304,0.598,0.405,-0.5,BASEBALL_SAVANT_CURRENT_SEASON,2026-08-20T23:43:02.137578+00:00,SAVANT_ARSENAL_SCHEMA_V1,CURRENT
621111,"Buehler, Walker",2026.0,518.0,104.0,20.1,9.5,20.4,44.6,0.318,0.248,0.397,38.9,8.1,72.2,28.9,19.0,33.0,SI,Sinker,19.0,391,18.0,0.23,0.299,0.289,1.6,BASEBALL_SAVANT_CURRENT_SEASON,2026-08-20T23:43:02.137578+00:00,SAVANT_ARSENAL_SCHEMA_V1,CURRENT
622491,"Castillo, Luis",2026.0,508.0,102.0,20.1,7.1,24.9,52.1,0.337,0.267,0.453,41.8,9.9,72.4,30.5,16.0,30.6,SI,Sinker,17.9,365,17.9,0.269,0.344,0.317,0.9,BASEBALL_SAVANT_CURRENT_SEASON,2026-08-20T23:43:02.137578+00:00,SAVANT_ARSENAL_SCHEMA_V1,CURRENT
623149,"Sewald, Paul",2026.0,170.0,46.0,27.1,5.3,28.2,51.8,0.32,0.222,0.488,40.7,15.0,71.9,25.0,2.0,35.6,FF,4-Seam Fastball,57.5,378,20.0,0.253,0.582,0.369,-1.1,BASEBALL_SAVANT_CURRENT_SEASON,2026-08-20T23:43:02.137578+00:00,SAVANT_ARSENAL_SCHEMA_V1,CURRENT
527048,"Pérez, Martín",2026.0,455.0,83.0,18.2,9.9,21.6,42.6,0.322,0.259,0.385,37.2,5.2,73.4,36.1,7.0,34.8,FC,Cutter,22.4,386,23.4,0.244,0.477,0.348,0.2,BASEBALL_SAVANT_CURRENT_SEASON,2026-08-20T23:43:02.137578+00:00,SAVANT_ARSENAL_SCHEMA_V1,CURRENT
663554,"Mize, Casey",2026.0,408.0,95.0,23.3,6.1,25.3,48.2,0.283,0.229,0.361,36.9,7.7,72.8,32.3,12.0,32.0,SL,Slider,27.0,423,23.2,0.231,0.429,0.299,0.7,BASEBALL_SAVANT_CURRENT_SEASON,2026-08-20T23:43:02.137578+00:00,SAVANT_ARSENAL_SCHEMA_V1,CURRENT
656605,"Keller, Mitch",2026.0,503.0,89.0,17.7,8.3,20.5,47.4,0.355,0.288,0.455,42.3,7.4,72.2,27.3,12.0,37.0,ST,Sweeper,16.0,302,17.2,0.209,0.484,0.325,-2.7,BASEBALL_SAVANT_CURRENT_SEASON,2026-08-20T23:43:02.137578+00:00,SAVANT_ARSENAL_SCHEMA_V1,CURRENT
656794,"Newcomb, Sean",2026.0,283.0,64.0,22.6,9.5,24.4,44.4,0.304,0.246,0.348,37.1,5.4,71.2,18.2,9.0,35.0,FF,4-Seam Fastball,37.3,410,26.3,0.149,0.23,0.237,2.1,BASEBALL_SAVANT_CURRENT_SEASON,2026-08-20T23:43:02.137578+00:00,SAVANT_ARSENAL_SCHEMA_V1,CURRENT
666171,"Zeferjahn, Ryan",2026.0,251.0,82.0,32.7,13.5,33.3,40.0,0.281,0.178,0.286,36.8,6.5,71.5,23.2,5.0,30.2,ST,Sweeper,37.4,400,27.6,0.149,0.368,0.277,1.3,BASEBALL_SAVANT_CURRENT_SEASON,2026-08-20T23:43:02.137578+00:00,SAVANT_ARSENAL_SCHEMA_V1,CURRENT
543135,"Eovaldi, Nathan",2026.0,555.0,137.0,24.7,5.8,30.5,52.2,0.316,0.25,0.421,41.5,8.7,73.1,35.9,7.0,33.1,FC,Cutter,19.3,387,18.4,0.244,0.433,0.344,-0.1,BASEBALL_SAVANT_CURRENT_SEASON,2026-08-20T23:43:02.137578+00:00,SAVANT_ARSENAL_SCHEMA_V1,CURRENT
700712,"Ureña, Walbert",2026.0,479.0,109.0,22.8,12.3,27.7,45.6,0.283,0.201,0.301,34.3,5.3,72.9,35.5,18.0,26.4,FF,4-Seam Fastball,21.3,413,15.3,0.167,0.256,0.31,-0.1,BASEBALL_SAVANT_CURRENT_SEASON,2026-08-20T23:43:02.137578+00:00,SAVANT_ARSENAL_SCHEMA_V1,CURRENT
679358,"Orze, Eric",2026.0,189.0,36.0,19.0,11.1,21.8,43.4,0.313,0.253,0.367,29.2,7.0,72.0,29.4,2.0,33.7,FS,Split-Finger,50.2,340,23.2,0.253,0.368,0.31,-0.6,BASEBALL_SAVANT_CURRENT_SEASON,2026-08-20T23:43:02.137578+00:00,SAVANT_ARSENAL_SCHEMA_V1,CURRENT
641778,"Lauer, Eric",2026.0,438.0,69.0,15.8,7.3,19.0,52.0,0.332,0.25,0.459,35.2,10.8,72.8,31.6,9.0,28.3,FC,Cutter,22.7,386,12.1,0.25,0.42,0.335,0.4,BASEBALL_SAVANT_CURRENT_SEASON,2026-08-20T23:43:02.137578+00:00,SAVANT_ARSENAL_SCHEMA_V1,CURRENT
680694,"Bradish, Kyle",2026.0,562.0,124.0,22.1,10.3,24.4,44.7,0.312,0.239,0.376,37.4,7.5,72.0,24.9,28.0,33.0,FF,4-Seam Fastball,17.4,383,17.4,0.33,0.443,0.399,0.3,BASEBALL_SAVANT_CURRENT_SEASON,2026-08-20T23:43:02.137578+00:00,SAVANT_ARSENAL_SCHEMA_V1,CURRENT
641329,"Baker, Bryan",2026.0,193.0,56.0,29.0,8.3,29.3,54.3,0.258,0.197,0.303,35.0,6.7,71.9,22.9,4.0,23.9,CH,Changeup,44.7,351,23.3,0.147,0.263,0.197,1.9,BASEBALL_SAVANT_CURRENT_SEASON,2026-08-20T23:43:02.137578+00:00,SAVANT_ARSENAL_SCHEMA_V1,CURRENT
656849,"Peterson, David",2026.0,507.0,95.0,18.7,9.3,21.4,47.0,0.34,0.275,0.417,41.2,6.4,71.9,27.8,8.0,39.1,FF,4-Seam Fastball,24.4,451,12.9,0.31,0.494,0.385,-1.8,BASEBALL_SAVANT_CURRENT_SEASON,2026-08-20T23:43:02.137578+00:00,SAVANT_ARSENAL_SCHEMA_V1,CURRENT
672456,"Montero, Keider",2026.0,535.0,89.0,16.6,5.6,18.6,48.5,0.29,0.229,0.385,37.5,7.3,72.1,26.5,11.0,36.0,SL,Slider,19.2,370,26.6,0.187,0.275,0.242,1.9,BASEBALL_SAVANT_CURRENT_SEASON,2026-08-20T23:43:02.137578+00:00,SAVANT_ARSENAL_SCHEMA_V1,CURRENT
687064,"Young, Brandon",2026.0,507.0,96.0,18.9,8.3,23.4,49.9,0.323,0.258,0.412,41.1,6.9,71.9,26.1,25.0,35.5,FS,Split-Finger,19.2,364,12.7,0.304,0.424,0.333,-1.4,BASEBALL_SAVANT_CURRENT_SEASON,2026-08-20T23:43:02.137578+00:00,SAVANT_ARSENAL_SCHEMA_V1,CURRENT
681190,"Vásquez, Randy",2026.0,474.0,71.0,15.0,6.8,19.3,49.9,0.365,0.292,0.505,44.1,10.6,72.5,28.1,9.0,34.4,FC,Cutter,24.2,439,13.0,0.341,0.648,0.432,-1.2,BASEBALL_SAVANT_CURRENT_SEASON,2026-08-20T23:43:02.137578+00:00,SAVANT_ARSENAL_SCHEMA_V1,CURRENT
593974,"Peralta, Wandy",2026.0,261.0,39.0,14.9,8.4,21.9,51.3,0.314,0.266,0.377,33.3,3.5,72.4,27.5,2.0,31.4,CH,Changeup,33.7,334,16.1,0.266,0.383,0.291,0.2,BASEBALL_SAVANT_CURRENT_SEASON,2026-08-20T23:43:02.137578+00:00,SAVANT_ARSENAL_SCHEMA_V1,CURRENT
682243,"Miller, Bryce",2026.0,354.0,87.0,24.6,5.1,25.9,55.6,0.271,0.215,0.364,33.1,7.3,72.7,28.7,11.0,26.3,FS,Split-Finger,25.7,350,23.4,0.175,0.33,0.23,1.0,BASEBALL_SAVANT_CURRENT_SEASON,2026-08-20T23:43:02.137578+00:00,SAVANT_ARSENAL_SCHEMA_V1,CURRENT
694361,"Klein, Will",2026.0,189.0,49.0,25.9,11.1,23.9,43.3,0.288,0.235,0.302,37.9,2.6,70.7,17.6,8.0,32.4,FF,4-Seam Fastball,50.9,388,21.8,0.253,0.356,0.336,0.3,BASEBALL_SAVANT_CURRENT_SEASON,2026-08-20T23:43:02.137578+00:00,SAVANT_ARSENAL_SCHEMA_V1,CURRENT
572955,"Johnson, Pierce",2026.0,154.0,33.0,21.4,8.4,23.8,47.5,0.351,0.272,0.486,38.0,11.3,70.8,16.7,7.0,37.5,CU,Curveball,63.8,390,14.7,0.272,0.446,0.327,0.0,BASEBALL_SAVANT_CURRENT_SEASON,2026-08-20T23:43:02.137578+00:00,SAVANT_ARSENAL_SCHEMA_V1,CURRENT
650633,"King, Michael",2026.0,610.0,128.0,21.0,9.5,24.8,46.4,0.321,0.239,0.402,32.4,8.5,72.6,31.1,15.0,29.7,ST,Sweeper,20.0,482,19.3,0.198,0.264,0.237,1.3,BASEBALL_SAVANT_CURRENT_SEASON,2026-08-20T23:43:02.137578+00:00,SAVANT_ARSENAL_SCHEMA_V1,CURRENT
680732,"Burke, Sean",2026.0,571.0,154.0,27.0,7.4,25.8,48.9,0.294,0.226,0.37,36.9,7.7,71.6,25.4,26.0,30.9,SL,Slider,17.2,389,22.4,0.311,0.522,0.391,-0.5,BASEBALL_SAVANT_CURRENT_SEASON,2026-08-20T23:43:02.137578+00:00,SAVANT_ARSENAL_SCHEMA_V1,CURRENT
489446,"Yates, Kirby",2026.0,148.0,44.0,29.7,8.8,30.7,52.8,0.265,0.188,0.297,46.0,6.9,72.2,29.1,3.0,31.4,FF,4-Seam Fastball,66.6,395,28.1,0.188,0.282,0.25,2.2,BASEBALL_SAVANT_CURRENT_SEASON,2026-08-20T23:43:02.137578+00:00,SAVANT_ARSENAL_SCHEMA_V1,CURRENT
666661,"Morillo, Juan",2026.0,203.0,59.0,29.1,8.9,30.8,48.9,0.238,0.181,0.254,31.5,3.3,71.6,25.7,9.0,28.6,FF,4-Seam Fastball,47.9,388,27.0,0.163,0.244,0.244,1.6,BASEBALL_SAVANT_CURRENT_SEASON,2026-08-20T23:43:02.137578+00:00,SAVANT_ARSENAL_SCHEMA_V1,CURRENT
519141,"Pomeranz, Drew",2026.0,135.0,17.0,12.6,11.9,17.6,49.8,0.351,0.267,0.463,37.0,9.1,72.1,25.6,3.0,30.2,FF,4-Seam Fastball,73.0,349,13.7,0.31,0.595,0.418,-1.5,BASEBALL_SAVANT_CURRENT_SEASON,2026-08-20T23:43:02.137578+00:00,SAVANT_ARSENAL_SCHEMA_V1,CURRENT
663969,"Phillips, Tyler",2026.0,434.0,79.0,18.2,9.7,25.8,46.0,0.336,0.264,0.423,44.3,8.1,72.8,32.9,28.0,37.9,FS,Split-Finger,23.4,379,17.5,0.133,0.2,0.203,1.7,BASEBALL_SAVANT_CURRENT_SEASON,2026-08-20T23:43:02.137578+00:00,SAVANT_ARSENAL_SCHEMA_V1,CURRENT
681293,"Arrighetti, Spencer",2026.0,386.0,87.0,22.5,13.0,25.4,42.1,0.345,0.238,0.395,30.6,7.7,71.9,24.7,8.0,31.8,FF,4-Seam Fastball,29.6,445,16.7,0.237,0.463,0.348,0.2,BASEBALL_SAVANT_CURRENT_SEASON,2026-08-20T23:43:02.137578+00:00,SAVANT_ARSENAL_SCHEMA_V1,CURRENT
681870,"Sabrowski, Erik",2026.0,153.0,59.0,38.6,16.3,32.8,45.8,0.269,0.155,0.279,38.2,9.0,71.6,24.8,9.0,26.5,FF,4-Seam Fastball,66.4,413,27.4,0.197,0.366,0.342,-0.1,BASEBALL_SAVANT_CURRENT_SEASON,2026-08-20T23:43:02.137578+00:00,SAVANT_ARSENAL_SCHEMA_V1,CURRENT
543243,"Gray, Sonny",2026.0,536.0,117.0,21.8,6.3,22.7,47.2,0.294,0.246,0.366,37.4,6.1,72.5,28.2,23.0,36.5,FC,Cutter,19.1,367,10.3,0.341,0.545,0.412,-0.6,BASEBALL_SAVANT_CURRENT_SEASON,2026-08-20T23:43:02.137578+00:00,SAVANT_ARSENAL_SCHEMA_V1,CURRENT
642207,"Williams, Devin",2026.0,178.0,51.0,28.7,11.8,34.9,50.8,0.282,0.219,0.31,29.2,4.7,71.7,23.7,3.0,29.4,CH,Changeup,46.3,337,24.4,0.289,0.411,0.338,-0.4,BASEBALL_SAVANT_CURRENT_SEASON,2026-08-20T23:43:02.137578+00:00,SAVANT_ARSENAL_SCHEMA_V1,CURRENT
675660,"Drohan, Shane",2026.0,421.0,99.0,23.5,7.8,27.2,47.9,0.295,0.231,0.367,38.1,8.5,72.5,29.7,13.0,31.5,SI,Sinker,20.0,316,20.0,0.384,0.628,0.475,-2.3,BASEBALL_SAVANT_CURRENT_SEASON,2026-08-20T23:43:02.137578+00:00,SAVANT_ARSENAL_SCHEMA_V1,CURRENT
594580,"Moll, Sam",2026.0,230.0,51.0,22.2,12.6,22.9,42.3,0.33,0.239,0.361,34.7,6.1,72.0,25.7,7.0,28.3,SI,Sinker,36.7,356,13.6,0.36,0.453,0.46,-0.7,BASEBALL_SAVANT_CURRENT_SEASON,2026-08-20T23:43:02.137578+00:00,SAVANT_ARSENAL_SCHEMA_V1,CURRENT
700669,"Graceffo, Gordon",2026.0,249.0,38.0,15.3,11.6,17.6,44.7,0.343,0.253,0.448,45.6,10.0,72.1,30.4,6.0,41.4,FF,4-Seam Fastball,39.6,368,12.0,0.205,0.349,0.292,2.2,BASEBALL_SAVANT_CURRENT_SEASON,2026-08-20T23:43:02.137578+00:00,SAVANT_ARSENAL_SCHEMA_V1,CURRENT
690997,"McLean, Nolan",2026.0,594.0,162.0,27.3,9.1,24.6,44.1,0.298,0.221,0.348,35.7,6.9,71.8,23.6,16.0,28.1,CU,Curveball,14.8,349,23.1,0.112,0.146,0.165,1.0,BASEBALL_SAVANT_CURRENT_SEASON,2026-08-20T23:43:02.137578+00:00,SAVANT_ARSENAL_SCHEMA_V1,CURRENT
689147,"Kerkering, Orion",2026.0,218.0,54.0,24.8,11.9,26.7,43.0,0.275,0.195,0.293,29.1,5.3,71.3,21.2,10.0,26.4,ST,Sweeper,43.4,394,21.7,0.159,0.261,0.223,1.4,BASEBALL_SAVANT_CURRENT_SEASON,2026-08-20T23:43:02.137578+00:00,SAVANT_ARSENAL_SCHEMA_V1,CURRENT
605288,"Houser, Adrian",2026.0,464.0,73.0,15.7,7.3,17.8,46.2,0.341,0.269,0.456,42.2,8.8,71.9,25.9,9.0,37.5,FF,4-Seam Fastball,21.3,364,17.4,0.178,0.289,0.223,1.3,BASEBALL_SAVANT_CURRENT_SEASON,2026-08-20T23:43:02.137578+00:00,SAVANT_ARSENAL_SCHEMA_V1,CURRENT
686930,"Barnett, Mason",2026.0,185.0,38.0,20.5,13.0,22.2,43.6,0.349,0.25,0.446,37.2,9.9,72.0,25.3,5.0,33.5,FF,4-Seam Fastball,48.7,362,18.4,0.276,0.526,0.408,-2.0,BASEBALL_SAVANT_CURRENT_SEASON,2026-08-20T23:43:02.137578+00:00,SAVANT_ARSENAL_SCHEMA_V1,CURRENT
676917,"Cavalli, Cade",2026.0,600.0,162.0,27.0,7.0,25.9,47.6,0.303,0.24,0.372,41.4,7.1,72.0,24.9,32.0,30.9,SI,Sinker,13.6,318,20.0,0.357,0.44,0.404,0.2,BASEBALL_SAVANT_CURRENT_SEASON,2026-08-20T23:43:02.137578+00:00,SAVANT_ARSENAL_SCHEMA_V1,CURRENT
693821,"Elder, Bryce",2026.0,579.0,113.0,19.5,7.9,21.6,46.6,0.31,0.248,0.396,40.8,6.5,72.7,28.8,17.0,36.9,FF,4-Seam Fastball,22.4,462,15.4,0.286,0.44,0.347,0.1,BASEBALL_SAVANT_CURRENT_SEASON,2026-08-20T23:43:02.137578+00:00,SAVANT_ARSENAL_SCHEMA_V1,CURRENT
681517,"Leahy, Kyle",2026.0,516.0,111.0,21.5,6.8,22.5,46.6,0.34,0.274,0.452,48.4,10.2,72.6,30.7,27.0,36.5,SI,Sinker,13.2,266,17.7,0.241,0.301,0.316,1.5,BASEBALL_SAVANT_CURRENT_SEASON,2026-08-20T23:43:02.137578+00:00,SAVANT_ARSENAL_SCHEMA_V1,CURRENT
624133,"Suarez, Ranger",2026.0,467.0,113.0,24.2,7.1,23.0,46.0,0.295,0.249,0.351,32.8,4.7,72.0,26.5,12.0,30.9,FC,Cutter,20.2,368,14.5,0.218,0.379,0.306,1.2,BASEBALL_SAVANT_CURRENT_SEASON,2026-08-20T23:43:02.137578+00:00,SAVANT_ARSENAL_SCHEMA_V1,CURRENT
666808,"Doval, Camilo",2026.0,217.0,48.0,22.1,12.0,26.4,46.4,0.297,0.214,0.332,47.9,6.5,72.1,24.1,8.0,33.9,SI,Sinker,40.7,339,24.5,0.212,0.313,0.283,1.3,BASEBALL_SAVANT_CURRENT_SEASON,2026-08-20T23:43:02.137578+00:00,SAVANT_ARSENAL_SCHEMA_V1,CURRENT
696270,"Johnson, Ryan",2026.0,271.0,47.0,17.3,10.7,23.2,46.0,0.359,0.265,0.479,37.5,11.5,73.1,34.4,8.0,30.4,FC,Cutter,33.5,364,21.6,0.205,0.386,0.307,0.4,BASEBALL_SAVANT_CURRENT_SEASON,2026-08-20T23:43:02.137578+00:00,SAVANT_ARSENAL_SCHEMA_V1,CURRENT
650556,"Abreu, Bryan",2026.0,201.0,59.0,29.4,16.4,32.9,41.1,0.311,0.194,0.324,41.9,5.8,71.7,21.7,15.0,30.4,FF,4-Seam Fastball,46.1,388,26.2,0.157,0.329,0.326,0.5,BASEBALL_SAVANT_CURRENT_SEASON,2026-08-20T23:43:02.137578+00:00,SAVANT_ARSENAL_SCHEMA_V1,CURRENT
663623,"Irvin, Jake",2026.0,313.0,72.0,23.0,9.9,24.0,46.7,0.35,0.247,0.461,43.8,12.3,72.3,26.3,7.0,30.6,FF,4-Seam Fastball,28.3,362,14.9,0.192,0.301,0.32,0.0,BASEBALL_SAVANT_CURRENT_SEASON,2026-08-20T23:43:02.137578+00:00,SAVANT_ARSENAL_SCHEMA_V1,CURRENT
661395,"Duran, Jhoan",2026.0,181.0,63.0,34.8,4.4,35.6,51.7,0.231,0.2,0.26,41.1,2.9,71.5,21.2,14.0,27.8,FS,Split-Finger,47.6,349,31.7,0.304,0.348,0.29,2.0,BASEBALL_SAVANT_CURRENT_SEASON,2026-08-20T23:43:02.137578+00:00,SAVANT_ARSENAL_SCHEMA_V1,CURRENT
699134,"Rodriguez, Bradgley",2026.0,231.0,60.0,26.0,7.4,28.9,50.7,0.226,0.181,0.263,28.6,2.6,72.6,32.4,3.0,25.5,CH,Changeup,42.3,387,24.5,0.156,0.256,0.231,1.9,BASEBALL_SAVANT_CURRENT_SEASON,2026-08-20T23:43:02.137578+00:00,SAVANT_ARSENAL_SCHEMA_V1,CURRENT
622608,"Senzatela, Antonio",2026.0,243.0,51.0,21.0,7.4,24.0,49.8,0.303,0.254,0.372,41.3,6.4,71.0,17.9,12.0,33.1,FF,4-Seam Fastball,36.4,329,20.5,0.28,0.439,0.361,-0.8,BASEBALL_SAVANT_CURRENT_SEASON,2026-08-20T23:43:02.137578+00:00,SAVANT_ARSENAL_SCHEMA_V1,CURRENT
669270,"Kuhnel, Joel",2026.0,157.0,22.0,14.0,7.6,22.6,47.2,0.355,0.297,0.441,39.5,6.0,72.3,26.2,6.0,36.2,SI,Sinker,51.4,289,11.1,0.275,0.362,0.334,0.2,BASEBALL_SAVANT_CURRENT_SEASON,2026-08-20T23:43:02.137578+00:00,SAVANT_ARSENAL_SCHEMA_V1,CURRENT
696149,"Chandler, Bubba",2026.0,528.0,108.0,20.5,12.1,23.1,47.9,0.311,0.23,0.365,37.1,5.7,72.0,25.1,16.0,31.0,CH,Changeup,15.7,326,16.7,0.2,0.271,0.262,0.5,BASEBALL_SAVANT_CURRENT_SEASON,2026-08-20T23:43:02.137578+00:00,SAVANT_ARSENAL_SCHEMA_V1,CURRENT
676962,"Brown, Ben",2026.0,265.0,65.0,24.5,7.2,27.3,47.1,0.279,0.223,0.335,43.0,7.3,71.8,23.6,10.0,37.2,FF,4-Seam Fastball,37.0,371,14.6,0.247,0.321,0.326,0.5,BASEBALL_SAVANT_CURRENT_SEASON,2026-08-20T23:43:02.137578+00:00,SAVANT_ARSENAL_SCHEMA_V1,CURRENT
607200,"Fedde, Erick",2026.0,498.0,82.0,16.5,8.4,18.2,42.3,0.329,0.257,0.434,39.6,7.6,72.5,29.9,15.0,36.1,FC,Cutter,19.3,377,11.4,0.294,0.6,0.399,-1.3,BASEBALL_SAVANT_CURRENT_SEASON,2026-08-20T23:43:02.137578+00:00,SAVANT_ARSENAL_SCHEMA_V1,CURRENT
669062,"Miller, Erik",2026.0,173.0,57.0,32.9,14.5,35.5,39.5,0.273,0.182,0.274,27.3,5.8,71.8,22.0,15.0,23.3,SI,Sinker,46.2,352,21.6,0.2,0.267,0.299,1.7,BASEBALL_SAVANT_CURRENT_SEASON,2026-08-20T23:43:02.137578+00:00,SAVANT_ARSENAL_SCHEMA_V1,CURRENT
543135,"Eovaldi, Nathan",2026.0,555.0,137.0,24.7,5.8,30.5,52.2,0.316,0.25,0.421,41.5,8.7,73.1,35.9,7.0,33.1,CU,Curveball,22.4,449,21.7,0.225,0.382,0.276,0.5,BASEBALL_SAVANT_CURRENT_SEASON,2026-08-20T23:43:02.137578+00:00,SAVANT_ARSENAL_SCHEMA_V1,CURRENT
666142,"Ragans, Cole",2026.0,151.0,45.0,29.8,15.2,31.7,45.4,0.344,0.218,0.452,39.8,15.7,72.3,28.3,4.0,29.9,FF,4-Seam Fastball,56.1,358,26.7,0.133,0.333,0.288,1.2,BASEBALL_SAVANT_CURRENT_SEASON,2026-08-20T23:43:02.137578+00:00,SAVANT_ARSENAL_SCHEMA_V1,CURRENT
686613,"Brown, Hunter",2026.0,291.0,72.0,24.7,13.7,26.2,40.8,0.303,0.206,0.34,37.1,6.3,71.7,23.7,11.0,29.2,SI,Sinker,29.0,347,25.0,0.195,0.338,0.332,1.3,BASEBALL_SAVANT_CURRENT_SEASON,2026-08-20T23:43:02.137578+00:00,SAVANT_ARSENAL_SCHEMA_V1,CURRENT
687570,"Prielipp, Connor",2026.0,382.0,94.0,24.6,9.4,23.8,47.1,0.318,0.237,0.399,41.1,8.2,71.9,26.7,14.0,34.2,FF,4-Seam Fastball,28.8,433,11.4,0.29,0.551,0.426,-1.5,BASEBALL_SAVANT_CURRENT_SEASON,2026-08-20T23:43:02.137578+00:00,SAVANT_ARSENAL_SCHEMA_V1,CURRENT
679883,"Avila, Luinder",2026.0,309.0,61.0,19.7,13.6,23.9,42.4,0.339,0.251,0.396,35.3,5.9,72.0,23.7,12.0,28.4,SI,Sinker,27.4,354,18.7,0.28,0.347,0.358,0.2,BASEBALL_SAVANT_CURRENT_SEASON,2026-08-20T23:43:02.137578+00:00,SAVANT_ARSENAL_SCHEMA_V1,CURRENT
815083,"Farris, Mitch",2026.0,204.0,49.0,24.0,11.3,27.7,44.2,0.351,0.268,0.45,48.8,8.5,71.5,25.8,9.0,38.3,FF,4-Seam Fastball,48.6,370,21.9,0.253,0.519,0.394,-1.4,BASEBALL_SAVANT_CURRENT_SEASON,2026-08-20T23:43:02.137578+00:00,SAVANT_ARSENAL_SCHEMA_V1,CURRENT
656605,"Keller, Mitch",2026.0,503.0,89.0,17.7,8.3,20.5,47.4,0.355,0.288,0.455,42.3,7.4,72.2,27.3,12.0,37.0,SI,Sinker,17.1,322,13.8,0.367,0.506,0.438,-1.3,BASEBALL_SAVANT_CURRENT_SEASON,2026-08-20T23:43:02.137578+00:00,SAVANT_ARSENAL_SCHEMA_V1,CURRENT
623211,"Brazobán, Huascar",2026.0,238.0,52.0,21.8,10.9,25.3,49.4,0.277,0.211,0.306,28.9,3.8,72.6,31.0,6.0,22.9,CH,Changeup,38.8,360,16.1,0.181,0.277,0.248,0.8,BASEBALL_SAVANT_CURRENT_SEASON,2026-08-20T23:43:02.137578+00:00,SAVANT_ARSENAL_SCHEMA_V1,CURRENT
665660,"Alvarado, Elvis",2026.0,164.0,48.0,29.3,11.6,32.0,51.3,0.336,0.208,0.447,49.5,16.8,72.3,28.1,2.0,29.1,FF,4-Seam Fastball,58.3,401,23.7,0.176,0.419,0.339,-0.1,BASEBALL_SAVANT_CURRENT_SEASON,2026-08-20T23:43:02.137578+00:00,SAVANT_ARSENAL_SCHEMA_V1,CURRENT
666974,"Cano, Yennier",2026.0,172.0,38.0,22.1,5.2,26.7,45.2,0.276,0.226,0.337,38.2,5.9,72.2,26.2,3.0,39.1,SI,Sinker,53.8,357,25.9,0.2,0.235,0.256,2.4,BASEBALL_SAVANT_CURRENT_SEASON,2026-08-20T23:43:02.137578+00:00,SAVANT_ARSENAL_SCHEMA_V1,CURRENT
673540,"Senga, Kodai",2026.0,234.0,60.0,25.6,15.0,28.5,45.5,0.34,0.233,0.401,38.2,11.8,72.1,25.3,13.0,31.0,FF,4-Seam Fastball,39.8,371,24.1,0.269,0.513,0.383,-1.1,BASEBALL_SAVANT_CURRENT_SEASON,2026-08-20T23:43:02.137578+00:00,SAVANT_ARSENAL_SCHEMA_V1,CURRENT
674841,"Alvarez, Andrew",2026.0,317.0,69.0,21.8,10.4,26.2,44.8,0.326,0.26,0.386,42.5,5.2,72.3,31.7,18.0,36.6,FF,4-Seam Fastball,28.3,350,14.3,0.282,0.385,0.349,0.3,BASEBALL_SAVANT_CURRENT_SEASON,2026-08-20T23:43:02.137578+00:00,SAVANT_ARSENAL_SCHEMA_V1,CURRENT
676263,"Dreyer, Jack",2026.0,208.0,64.0,30.8,8.2,28.9,48.5,0.275,0.211,0.348,40.5,7.2,72.0,24.7,4.0,30.2,SL,Slider,37.7,312,25.7,0.191,0.326,0.261,1.0,BASEBALL_SAVANT_CURRENT_SEASON,2026-08-20T23:43:02.137578+00:00,SAVANT_ARSENAL_SCHEMA_V1,CURRENT
676263,"Dreyer, Jack",2026.0,208.0,64.0,30.8,8.2,28.9,48.5,0.275,0.211,0.348,40.5,7.2,72.0,24.7,4.0,30.2,FF,4-Seam Fastball,46.8,387,26.3,0.215,0.392,0.316,1.0,BASEBALL_SAVANT_CURRENT_SEASON,2026-08-20T23:43:02.137578+00:00,SAVANT_ARSENAL_SCHEMA_V1,CURRENT
608566,"Márquez, Germán",2026.0,236.0,37.0,15.7,10.2,19.0,47.5,0.362,0.267,0.484,43.9,9.8,72.4,31.1,10.0,30.1,FF,4-Seam Fastball,38.1,350,12.2,0.278,0.5,0.403,-1.6,BASEBALL_SAVANT_CURRENT_SEASON,2026-08-20T23:43:02.137578+00:00,SAVANT_ARSENAL_SCHEMA_V1,CURRENT
663969,"Phillips, Tyler",2026.0,434.0,79.0,18.2,9.7,25.8,46.0,0.336,0.264,0.423,44.3,8.1,72.8,32.9,28.0,37.9,ST,Sweeper,24.3,393,31.7,0.224,0.353,0.291,1.5,BASEBALL_SAVANT_CURRENT_SEASON,2026-08-20T23:43:02.137578+00:00,SAVANT_ARSENAL_SCHEMA_V1,CURRENT
663574,"Santillan, Tony",2026.0,134.0,28.0,20.9,10.4,22.4,45.8,0.348,0.253,0.476,46.7,11.1,72.2,28.4,4.0,36.3,FF,4-Seam Fastball,64.5,321,20.6,0.25,0.475,0.347,-0.3,BASEBALL_SAVANT_CURRENT_SEASON,2026-08-20T23:43:02.137578+00:00,SAVANT_ARSENAL_SCHEMA_V1,CURRENT
663558,"Morán, Jovani",2026.0,216.0,58.0,26.9,11.6,32.3,45.9,0.277,0.193,0.323,29.0,6.9,71.7,22.4,5.0,35.2,FF,4-Seam Fastball,39.4,330,20.8,0.153,0.278,0.31,1.0,BASEBALL_SAVANT_CURRENT_SEASON,2026-08-20T23:43:02.137578+00:00,SAVANT_ARSENAL_SCHEMA_V1,CURRENT
669020,"Rolison, Ryan",2026.0,202.0,47.0,23.3,11.4,21.3,44.3,0.316,0.241,0.377,41.5,6.8,72.5,28.8,9.0,31.4,FF,4-Seam Fastball,42.5,332,20.2,0.2,0.387,0.329,0.5,BASEBALL_SAVANT_CURRENT_SEASON,2026-08-20T23:43:02.137578+00:00,SAVANT_ARSENAL_SCHEMA_V1,CURRENT
663978,"Paddack, Chris",2026.0,267.0,40.0,15.0,7.1,21.4,50.1,0.342,0.28,0.45,36.9,8.4,72.3,27.7,6.0,33.7,CH,Changeup,27.2,276,15.7,0.27,0.371,0.315,-0.3,BASEBALL_SAVANT_CURRENT_SEASON,2026-08-20T23:43:02.137578+00:00,SAVANT_ARSENAL_SCHEMA_V1,CURRENT
571578,"Corbin, Patrick",2026.0,360.0,63.0,17.5,6.9,21.1,47.3,0.356,0.289,0.463,42.1,7.5,72.4,30.0,11.0,31.1,SL,Slider,27.4,387,20.1,0.169,0.301,0.241,0.7,BASEBALL_SAVANT_CURRENT_SEASON,2026-08-20T23:43:02.137578+00:00,SAVANT_ARSENAL_SCHEMA_V1,CURRENT
621112,"Blackburn, Paul",2026.0,274.0,57.0,20.8,9.9,22.9,46.3,0.291,0.23,0.345,33.3,5.8,72.0,26.5,9.0,29.4,SI,Sinker,32.8,328,18.5,0.244,0.269,0.31,1.7,BASEBALL_SAVANT_CURRENT_SEASON,2026-08-20T23:43:02.137578+00:00,SAVANT_ARSENAL_SCHEMA_V1,CURRENT
554430,"Wheeler, Zack",2026.0,474.0,144.0,30.4,7.0,30.7,49.7,0.26,0.204,0.316,35.0,5.8,71.4,21.1,23.0,28.7,SI,Sinker,15.7,306,18.8,0.233,0.36,0.283,1.8,BASEBALL_SAVANT_CURRENT_SEASON,2026-08-20T23:43:02.137578+00:00,SAVANT_ARSENAL_SCHEMA_V1,CURRENT
615698,"Quantrill, Cal",2026.0,323.0,54.0,16.7,6.8,18.5,47.5,0.312,0.247,0.407,34.4,7.5,72.2,29.1,7.0,32.7,SI,Sinker,25.3,308,20.7,0.2,0.259,0.253,2.9,BASEBALL_SAVANT_CURRENT_SEASON,2026-08-20T23:43:02.137578+00:00,SAVANT_ARSENAL_SCHEMA_V1,CURRENT
660271,"Ohtani, Shohei",2026.0,340.0,95.0,27.9,7.6,30.4,47.5,0.257,0.201,0.288,33.8,3.8,71.2,21.5,10.0,27.8,ST,Sweeper,29.4,393,28.1,0.129,0.176,0.17,3.1,BASEBALL_SAVANT_CURRENT_SEASON,2026-08-20T23:43:02.137578+00:00,SAVANT_ARSENAL_SCHEMA_V1,CURRENT
641941,"Pagán, Emilio",2026.0,123.0,31.0,25.2,7.3,28.7,51.9,0.299,0.205,0.404,48.1,10.1,72.5,30.1,5.0,32.1,FF,4-Seam Fastball,63.0,305,22.4,0.179,0.385,0.287,1.2,BASEBALL_SAVANT_CURRENT_SEASON,2026-08-20T23:43:02.137578+00:00,SAVANT_ARSENAL_SCHEMA_V1,CURRENT
808963,"Sasaki, Roki",2026.0,493.0,114.0,23.1,9.3,29.7,50.2,0.317,0.242,0.4,43.9,9.8,72.0,27.3,25.0,31.6,SL,Slider,21.7,431,24.3,0.207,0.451,0.312,0.1,BASEBALL_SAVANT_CURRENT_SEASON,2026-08-20T23:43:02.137578+00:00,SAVANT_ARSENAL_SCHEMA_V1,CURRENT
676440,"Bibee, Tanner",2026.0,613.0,117.0,19.1,7.0,23.8,46.9,0.32,0.252,0.423,39.3,8.3,71.8,23.6,14.0,37.6,CH,Changeup,14.6,341,22.2,0.185,0.333,0.271,-0.9,BASEBALL_SAVANT_CURRENT_SEASON,2026-08-20T23:43:02.137578+00:00,SAVANT_ARSENAL_SCHEMA_V1,CURRENT
668873,"Kilian, Caleb",2026.0,209.0,56.0,26.8,10.5,27.9,48.7,0.292,0.216,0.36,34.9,8.6,71.7,22.3,10.0,31.8,FF,4-Seam Fastball,49.9,392,19.0,0.227,0.293,0.306,1.0,BASEBALL_SAVANT_CURRENT_SEASON,2026-08-20T23:43:02.137578+00:00,SAVANT_ARSENAL_SCHEMA_V1,CURRENT
676917,"Cavalli, Cade",2026.0,600.0,162.0,27.0,7.0,25.9,47.6,0.303,0.24,0.372,41.4,7.1,72.0,24.9,32.0,30.9,ST,Sweeper,13.3,312,26.7,0.099,0.111,0.176,2.4,BASEBALL_SAVANT_CURRENT_SEASON,2026-08-20T23:43:02.137578+00:00,SAVANT_ARSENAL_SCHEMA_V1,CURRENT
693821,"Elder, Bryce",2026.0,579.0,113.0,19.5,7.9,21.6,46.6,0.31,0.248,0.396,40.8,6.5,72.7,28.8,17.0,36.9,FC,Cutter,15.1,312,16.1,0.25,0.463,0.348,0.3,BASEBALL_SAVANT_CURRENT_SEASON,2026-08-20T23:43:02.137578+00:00,SAVANT_ARSENAL_SCHEMA_V1,CURRENT
642547,"Peralta, Freddy",2026.0,573.0,123.0,21.5,9.2,26.4,47.1,0.312,0.242,0.383,39.4,6.1,71.8,23.9,21.0,30.5,CU,Curveball,14.2,331,20.1,0.247,0.482,0.325,-0.8,BASEBALL_SAVANT_CURRENT_SEASON,2026-08-20T23:43:02.137578+00:00,SAVANT_ARSENAL_SCHEMA_V1,CURRENT
670036,"Festa, Matt",2026.0,233.0,57.0,24.5,6.4,28.4,47.3,0.31,0.242,0.39,42.6,8.4,71.7,22.4,8.0,33.3,ST,Sweeper,39.7,343,16.7,0.291,0.519,0.414,-2.3,BASEBALL_SAVANT_CURRENT_SEASON,2026-08-20T23:43:02.137578+00:00,SAVANT_ARSENAL_SCHEMA_V1,CURRENT
690925,"Beeter, Clayton",2026.0,160.0,39.0,24.4,15.0,28.0,44.8,0.323,0.216,0.365,43.2,6.4,71.4,21.8,11.0,34.1,SL,Slider,51.0,313,25.6,0.111,0.198,0.185,1.8,BASEBALL_SAVANT_CURRENT_SEASON,2026-08-20T23:43:02.137578+00:00,SAVANT_ARSENAL_SCHEMA_V1,CURRENT
656492,"Griffin, Foster",2026.0,589.0,131.0,22.2,5.9,23.7,48.3,0.315,0.252,0.418,38.1,9.2,72.5,31.6,23.0,29.4,FF,4-Seam Fastball,16.6,387,16.9,0.205,0.397,0.327,-0.6,BASEBALL_SAVANT_CURRENT_SEASON,2026-08-20T23:43:02.137578+00:00,SAVANT_ARSENAL_SCHEMA_V1,CURRENT
656288,"Canning, Griffin",2026.0,319.0,72.0,22.6,10.3,25.3,45.1,0.332,0.249,0.421,47.1,9.5,72.5,30.4,13.0,33.2,CH,Changeup,22.6,286,18.8,0.309,0.481,0.375,-2.4,BASEBALL_SAVANT_CURRENT_SEASON,2026-08-20T23:43:02.137578+00:00,SAVANT_ARSENAL_SCHEMA_V1,CURRENT
650556,"Abreu, Bryan",2026.0,201.0,59.0,29.4,16.4,32.9,41.1,0.311,0.194,0.324,41.9,5.8,71.7,21.7,15.0,30.4,SL,Slider,45.0,379,24.8,0.244,0.449,0.348,-0.7,BASEBALL_SAVANT_CURRENT_SEASON,2026-08-20T23:43:02.137578+00:00,SAVANT_ARSENAL_SCHEMA_V1,CURRENT
665622,"Medina, Luis",2026.0,248.0,67.0,27.0,12.1,30.1,43.3,0.322,0.233,0.391,38.5,8.3,71.6,22.6,11.0,31.3,FF,4-Seam Fastball,31.0,307,20.0,0.338,0.507,0.425,-2.3,BASEBALL_SAVANT_CURRENT_SEASON,2026-08-20T23:43:02.137578+00:00,SAVANT_ARSENAL_SCHEMA_V1,CURRENT
695243,"Miller, Mason",2026.0,199.0,95.0,47.7,9.5,47.0,46.8,0.188,0.129,0.174,27.7,3.6,70.5,18.3,15.0,24.4,FF,4-Seam Fastball,46.4,394,28.1,0.143,0.156,0.202,2.6,BASEBALL_SAVANT_CURRENT_SEASON,2026-08-20T23:43:02.137578+00:00,SAVANT_ARSENAL_SCHEMA_V1,CURRENT
656464,"Ginkel, Kevin",2026.0,217.0,49.0,22.6,6.9,29.4,50.2,0.306,0.236,0.414,39.9,9.8,72.0,25.1,17.0,37.4,FF,4-Seam Fastball,46.4,387,15.0,0.282,0.5,0.361,-0.7,BASEBALL_SAVANT_CURRENT_SEASON,2026-08-20T23:43:02.137578+00:00,SAVANT_ARSENAL_SCHEMA_V1,CURRENT
676083,"Junk, Janson",2026.0,396.0,66.0,16.7,6.6,15.1,48.6,0.316,0.259,0.408,40.4,6.6,72.5,31.0,6.0,34.1,SL,Slider,20.8,309,14.7,0.25,0.452,0.351,-0.1,BASEBALL_SAVANT_CURRENT_SEASON,2026-08-20T23:43:02.137578+00:00,SAVANT_ARSENAL_SCHEMA_V1,CURRENT
622554,"Domínguez, Seranthony",2026.0,194.0,51.0,26.3,14.4,28.4,45.2,0.329,0.226,0.393,36.3,9.0,71.7,23.9,6.0,26.5,FF,4-Seam Fastball,42.0,353,17.4,0.268,0.451,0.386,-0.9,BASEBALL_SAVANT_CURRENT_SEASON,2026-08-20T23:43:02.137578+00:00,SAVANT_ARSENAL_SCHEMA_V1,CURRENT
687562,"Bennett, Jake",2026.0,323.0,61.0,18.9,5.3,24.0,52.6,0.278,0.229,0.363,36.4,6.2,72.2,29.1,13.0,33.7,SI,Sinker,24.0,276,27.7,0.247,0.353,0.276,1.9,BASEBALL_SAVANT_CURRENT_SEASON,2026-08-20T23:43:02.137578+00:00,SAVANT_ARSENAL_SCHEMA_V1,CURRENT
605400,"Nola, Aaron",2026.0,593.0,146.0,24.6,7.8,28.1,46.0,0.315,0.245,0.42,42.0,9.5,72.3,27.7,14.0,35.4,CH,Changeup,16.3,385,14.0,0.221,0.286,0.276,0.5,BASEBALL_SAVANT_CURRENT_SEASON,2026-08-20T23:43:02.137578+00:00,SAVANT_ARSENAL_SCHEMA_V1,CURRENT
596133,"Weaver, Luke",2026.0,187.0,49.0,26.2,6.4,30.1,53.3,0.269,0.207,0.35,35.5,8.1,72.0,23.0,5.0,29.7,FF,4-Seam Fastball,50.6,356,22.3,0.188,0.25,0.253,1.7,BASEBALL_SAVANT_CURRENT_SEASON,2026-08-20T23:43:02.137578+00:00,SAVANT_ARSENAL_SCHEMA_V1,CURRENT
694477,"Patrick, Chad",2026.0,359.0,78.0,21.7,9.5,26.1,49.2,0.309,0.242,0.383,37.1,6.1,72.3,27.7,8.0,29.3,FF,4-Seam Fastball,25.2,357,17.8,0.177,0.278,0.242,1.6,BASEBALL_SAVANT_CURRENT_SEASON,2026-08-20T23:43:02.137578+00:00,SAVANT_ARSENAL_SCHEMA_V1,CURRENT
669373,"Skubal, Tarik",2026.0,446.0,135.0,30.3,4.5,31.9,53.6,0.27,0.226,0.343,36.4,7.3,71.7,22.7,16.0,28.8,SI,Sinker,20.5,353,20.0,0.286,0.338,0.339,0.5,BASEBALL_SAVANT_CURRENT_SEASON,2026-08-20T23:43:02.137578+00:00,SAVANT_ARSENAL_SCHEMA_V1,CURRENT
694477,"Patrick, Chad",2026.0,359.0,78.0,21.7,9.5,26.1,49.2,0.309,0.242,0.383,37.1,6.1,72.3,27.7,8.0,29.3,SI,Sinker,22.9,325,14.5,0.32,0.493,0.393,-0.3,BASEBALL_SAVANT_CURRENT_SEASON,2026-08-20T23:43:02.137578+00:00,SAVANT_ARSENAL_SCHEMA_V1,CURRENT
663460,"Bubic, Kris",2026.0,207.0,51.0,24.6,12.6,26.1,46.9,0.327,0.24,0.395,39.5,7.8,71.9,25.5,6.0,28.2,FF,4-Seam Fastball,41.2,334,21.6,0.225,0.394,0.348,-0.8,BASEBALL_SAVANT_CURRENT_SEASON,2026-08-20T23:43:02.137578+00:00,SAVANT_ARSENAL_SCHEMA_V1,CURRENT
681402,"Varland, Gus",2026.0,151.0,30.0,19.9,9.9,21.6,49.9,0.4,0.303,0.579,50.0,16.2,72.1,29.7,3.0,39.1,FF,4-Seam Fastball,58.1,328,14.3,0.342,0.553,0.423,-1.5,BASEBALL_SAVANT_CURRENT_SEASON,2026-08-20T23:43:02.137578+00:00,SAVANT_ARSENAL_SCHEMA_V1,CURRENT
687064,"Young, Brandon",2026.0,507.0,96.0,18.9,8.3,23.4,49.9,0.323,0.258,0.412,41.1,6.9,71.9,26.1,25.0,35.5,SI,Sinker,13.4,255,24.4,0.316,0.474,0.412,-0.3,BASEBALL_SAVANT_CURRENT_SEASON,2026-08-20T23:43:02.137578+00:00,SAVANT_ARSENAL_SCHEMA_V1,CURRENT
663855,"Hicks, Jordan",2026.0,168.0,45.0,26.8,14.9,25.2,44.1,0.268,0.207,0.261,33.0,1.0,70.7,19.4,4.0,28.3,SI,Sinker,49.4,325,16.7,0.307,0.4,0.388,-0.2,BASEBALL_SAVANT_CURRENT_SEASON,2026-08-20T23:43:02.137578+00:00,SAVANT_ARSENAL_SCHEMA_V1,CURRENT
663903,"Singer, Brady",2026.0,557.0,104.0,18.7,7.5,25.1,44.4,0.343,0.271,0.447,40.5,9.2,72.3,30.6,12.0,38.6,ST,Sweeper,15.7,341,16.8,0.247,0.482,0.336,-1.6,BASEBALL_SAVANT_CURRENT_SEASON,2026-08-20T23:43:02.137578+00:00,SAVANT_ARSENAL_SCHEMA_V1,CURRENT
625643,"López, Reynaldo",2026.0,306.0,66.0,21.6,9.5,21.8,45.6,0.33,0.256,0.426,36.4,7.7,71.7,23.4,12.0,32.7,SL,Slider,30.8,377,18.8,0.211,0.355,0.305,-1.5,BASEBALL_SAVANT_CURRENT_SEASON,2026-08-20T23:43:02.137578+00:00,SAVANT_ARSENAL_SCHEMA_V1,CURRENT
660761,"Suarez, José",2026.0,258.0,60.0,23.3,9.7,26.7,48.6,0.302,0.25,0.342,32.4,2.4,71.9,25.3,6.0,29.9,FF,4-Seam Fastball,37.7,383,16.7,0.306,0.514,0.403,-0.8,BASEBALL_SAVANT_CURRENT_SEASON,2026-08-20T23:43:02.137578+00:00,SAVANT_ARSENAL_SCHEMA_V1,CURRENT
801139,"Tolle, Payton",2026.0,483.0,134.0,27.7,6.8,27.1,55.3,0.255,0.2,0.315,33.5,6.5,71.7,23.8,15.0,26.3,FC,Cutter,19.9,360,21.0,0.229,0.313,0.257,1.9,BASEBALL_SAVANT_CURRENT_SEASON,2026-08-20T23:43:02.137578+00:00,SAVANT_ARSENAL_SCHEMA_V1,CURRENT
645261,"Alcantara, Sandy",2026.0,728.0,131.0,18.0,6.5,21.1,50.9,0.297,0.249,0.367,35.2,5.4,72.0,25.4,20.0,32.8,FC,Cutter,14.7,391,19.2,0.19,0.278,0.252,2.5,BASEBALL_SAVANT_CURRENT_SEASON,2026-08-20T23:43:02.137578+00:00,SAVANT_ARSENAL_SCHEMA_V1,CURRENT
656945,"Scott, Tanner",2026.0,197.0,63.0,32.0,5.6,35.7,55.8,0.272,0.233,0.354,33.6,7.4,72.1,26.3,20.0,27.6,FF,4-Seam Fastball,47.1,359,19.3,0.247,0.444,0.317,-0.2,BASEBALL_SAVANT_CURRENT_SEASON,2026-08-20T23:43:02.137578+00:00,SAVANT_ARSENAL_SCHEMA_V1,CURRENT
664875,"Lawrence, Justin",2026.0,177.0,43.0,24.3,15.8,26.3,40.6,0.38,0.267,0.455,43.0,10.0,70.8,15.6,8.0,34.1,SI,Sinker,42.7,292,14.3,0.369,0.677,0.541,-4.4,BASEBALL_SAVANT_CURRENT_SEASON,2026-08-20T23:43:02.137578+00:00,SAVANT_ARSENAL_SCHEMA_V1,CURRENT
681190,"Vásquez, Randy",2026.0,474.0,71.0,15.0,6.8,19.3,49.9,0.365,0.292,0.505,44.1,10.6,72.5,28.1,9.0,34.4,SI,Sinker,14.5,264,21.0,0.24,0.373,0.316,0.8,BASEBALL_SAVANT_CURRENT_SEASON,2026-08-20T23:43:02.137578+00:00,SAVANT_ARSENAL_SCHEMA_V1,CURRENT
808967,"Yamamoto, Yoshinobu",2026.0,556.0,136.0,24.5,6.1,25.9,49.1,0.273,0.219,0.344,35.9,6.5,72.1,27.3,10.0,32.5,FC,Cutter,15.0,325,25.7,0.231,0.346,0.288,1.2,BASEBALL_SAVANT_CURRENT_SEASON,2026-08-20T23:43:02.137578+00:00,SAVANT_ARSENAL_SCHEMA_V1,CURRENT
665795,"Cabrera, Edward",2026.0,329.0,67.0,20.4,9.7,26.6,47.8,0.344,0.267,0.447,42.5,11.9,73.1,34.1,17.0,35.7,SI,Sinker,21.2,271,15.4,0.301,0.479,0.383,0.2,BASEBALL_SAVANT_CURRENT_SEASON,2026-08-20T23:43:02.137578+00:00,SAVANT_ARSENAL_SCHEMA_V1,CURRENT
669467,"Pallante, Andre",2026.0,564.0,97.0,17.2,7.3,21.4,44.9,0.305,0.25,0.374,34.5,5.3,72.1,26.7,24.0,34.2,CU,Curveball,17.7,391,16.3,0.256,0.427,0.311,-1.7,BASEBALL_SAVANT_CURRENT_SEASON,2026-08-20T23:43:02.137578+00:00,SAVANT_ARSENAL_SCHEMA_V1,CURRENT
689266,"Dodd, Dylan",2026.0,154.0,42.0,27.3,7.8,28.1,53.0,0.267,0.197,0.335,35.7,7.1,72.4,29.7,3.0,23.5,SI,Sinker,61.3,391,16.3,0.158,0.329,0.256,0.9,BASEBALL_SAVANT_CURRENT_SEASON,2026-08-20T23:43:02.137578+00:00,SAVANT_ARSENAL_SCHEMA_V1,CURRENT
680732,"Burke, Sean",2026.0,571.0,154.0,27.0,7.4,25.8,48.9,0.294,0.226,0.37,36.9,7.7,71.6,25.4,26.0,30.9,SI,Sinker,14.4,324,13.1,0.263,0.447,0.354,-0.3,BASEBALL_SAVANT_CURRENT_SEASON,2026-08-20T23:43:02.137578+00:00,SAVANT_ARSENAL_SCHEMA_V1,CURRENT
688107,"Gasser, Robert",2026.0,314.0,68.0,21.7,6.1,22.2,50.7,0.316,0.251,0.408,34.1,6.8,72.4,29.2,5.0,27.6,ST,Sweeper,26.2,319,19.1,0.234,0.506,0.352,-1.6,BASEBALL_SAVANT_CURRENT_SEASON,2026-08-20T23:43:02.137578+00:00,SAVANT_ARSENAL_SCHEMA_V1,CURRENT
641816,"Mahle, Tyler",2026.0,473.0,108.0,22.8,8.5,22.7,45.3,0.315,0.247,0.405,37.8,7.5,72.3,27.5,10.0,33.9,FC,Cutter,17.0,312,25.0,0.299,0.429,0.339,0.3,BASEBALL_SAVANT_CURRENT_SEASON,2026-08-20T23:43:02.137578+00:00,SAVANT_ARSENAL_SCHEMA_V1,CURRENT
683769,"Gaddis, Hunter",2026.0,183.0,42.0,23.0,9.3,31.2,50.9,0.322,0.255,0.399,30.6,9.1,71.9,22.1,10.0,27.2,SL,Slider,48.7,349,19.8,0.23,0.338,0.315,0.1,BASEBALL_SAVANT_CURRENT_SEASON,2026-08-20T23:43:02.137578+00:00,SAVANT_ARSENAL_SCHEMA_V1,CURRENT
628452,"Iglesias, Raisel",2026.0,188.0,49.0,26.1,7.4,30.2,52.9,0.286,0.223,0.361,37.1,9.8,71.9,27.6,0.0,26.8,CH,Changeup,35.8,255,26.1,0.2,0.338,0.286,0.9,BASEBALL_SAVANT_CURRENT_SEASON,2026-08-20T23:43:02.137578+00:00,SAVANT_ARSENAL_SCHEMA_V1,CURRENT
642121,"Sulser, Cole",2026.0,197.0,48.0,24.4,7.1,26.9,51.3,0.325,0.253,0.461,39.3,11.9,72.3,29.9,8.0,28.3,FF,4-Seam Fastball,45.2,350,21.1,0.241,0.443,0.314,1.1,BASEBALL_SAVANT_CURRENT_SEASON,2026-08-20T23:43:02.137578+00:00,SAVANT_ARSENAL_SCHEMA_V1,CURRENT
608718,"Suter, Brent",2026.0,300.0,59.0,19.7,7.0,22.4,45.9,0.32,0.264,0.414,32.1,6.5,71.1,20.8,12.0,33.3,FF,4-Seam Fastball,25.3,312,16.1,0.299,0.545,0.405,-1.8,BASEBALL_SAVANT_CURRENT_SEASON,2026-08-20T23:43:02.137578+00:00,SAVANT_ARSENAL_SCHEMA_V1,CURRENT
663947,"Holton, Tyler",2026.0,246.0,47.0,19.1,5.7,22.8,47.0,0.294,0.246,0.36,38.1,6.1,72.0,23.4,9.0,31.6,FC,Cutter,31.6,293,19.4,0.25,0.362,0.286,1.5,BASEBALL_SAVANT_CURRENT_SEASON,2026-08-20T23:43:02.137578+00:00,SAVANT_ARSENAL_SCHEMA_V1,CURRENT
681517,"Leahy, Kyle",2026.0,516.0,111.0,21.5,6.8,22.5,46.6,0.34,0.274,0.452,48.4,10.2,72.6,30.7,27.0,36.5,SL,Slider,16.4,332,29.2,0.266,0.392,0.31,2.1,BASEBALL_SAVANT_CURRENT_SEASON,2026-08-20T23:43:02.137578+00:00,SAVANT_ARSENAL_SCHEMA_V1,CURRENT
693686,"Miles, Spencer",2026.0,319.0,73.0,22.9,6.3,18.7,48.4,0.27,0.233,0.326,35.8,3.5,71.4,23.8,8.0,30.2,CU,Curveball,25.7,315,24.1,0.215,0.342,0.269,0.7,BASEBALL_SAVANT_CURRENT_SEASON,2026-08-20T23:43:02.137578+00:00,SAVANT_ARSENAL_SCHEMA_V1,CURRENT
701542,"Warren, Will",2026.0,535.0,122.0,22.8,8.0,22.4,43.8,0.332,0.266,0.427,43.7,8.0,72.6,30.5,15.0,37.6,ST,Sweeper,19.2,403,14.7,0.368,0.645,0.445,-1.9,BASEBALL_SAVANT_CURRENT_SEASON,2026-08-20T23:43:02.137578+00:00,SAVANT_ARSENAL_SCHEMA_V1,CURRENT
681035,"Scott, Christian",2026.0,367.0,105.0,28.6,9.5,26.6,49.8,0.304,0.229,0.356,34.7,6.8,72.2,27.5,14.0,25.7,ST,Sweeper,23.2,355,24.4,0.205,0.282,0.253,0.7,BASEBALL_SAVANT_CURRENT_SEASON,2026-08-20T23:43:02.137578+00:00,SAVANT_ARSENAL_SCHEMA_V1,CURRENT
663556,"McClanahan, Shane",2026.0,423.0,94.0,22.2,8.3,26.9,48.4,0.315,0.241,0.405,41.5,8.7,72.7,33.0,16.0,31.6,SL,Slider,18.9,303,21.6,0.235,0.37,0.274,0.9,BASEBALL_SAVANT_CURRENT_SEASON,2026-08-20T23:43:02.137578+00:00,SAVANT_ARSENAL_SCHEMA_V1,CURRENT
702056,"Yesavage, Trey",2026.0,386.0,91.0,23.6,11.9,30.0,47.3,0.285,0.2,0.33,34.0,6.1,72.2,27.0,17.0,31.9,SL,Slider,24.6,381,21.5,0.219,0.438,0.327,-0.1,BASEBALL_SAVANT_CURRENT_SEASON,2026-08-20T23:43:02.137578+00:00,SAVANT_ARSENAL_SCHEMA_V1,CURRENT
641329,"Baker, Bryan",2026.0,193.0,56.0,29.0,8.3,29.3,54.3,0.258,0.197,0.303,35.0,6.7,71.9,22.9,4.0,23.9,FF,4-Seam Fastball,52.0,408,15.4,0.141,0.155,0.22,2.5,BASEBALL_SAVANT_CURRENT_SEASON,2026-08-20T23:43:02.137578+00:00,SAVANT_ARSENAL_SCHEMA_V1,CURRENT
624133,"Suarez, Ranger",2026.0,467.0,113.0,24.2,7.1,23.0,46.0,0.295,0.249,0.351,32.8,4.7,72.0,26.5,12.0,30.9,FF,4-Seam Fastball,23.0,419,22.2,0.224,0.25,0.273,1.9,BASEBALL_SAVANT_CURRENT_SEASON,2026-08-20T23:43:02.137578+00:00,SAVANT_ARSENAL_SCHEMA_V1,CURRENT
686218,"Sheehan, Emmet",2026.0,412.0,108.0,26.2,7.3,30.8,50.2,0.308,0.23,0.403,39.1,10.5,72.2,27.7,26.0,29.9,CH,Changeup,16.3,276,14.9,0.295,0.385,0.341,-1.7,BASEBALL_SAVANT_CURRENT_SEASON,2026-08-20T23:43:02.137578+00:00,SAVANT_ARSENAL_SCHEMA_V1,CURRENT
675911,"Strider, Spencer",2026.0,165.0,46.0,27.9,12.1,30.7,46.6,0.29,0.188,0.359,36.7,11.2,72.3,25.1,7.0,28.6,FF,4-Seam Fastball,47.6,329,17.1,0.286,0.6,0.417,-1.2,BASEBALL_SAVANT_CURRENT_SEASON,2026-08-20T23:43:02.137578+00:00,SAVANT_ARSENAL_SCHEMA_V1,CURRENT
669711,"Weissert, Greg",2026.0,204.0,47.0,23.0,7.8,23.3,48.9,0.302,0.229,0.388,33.3,6.5,71.9,22.8,3.0,30.5,SI,Sinker,36.0,288,22.7,0.247,0.416,0.318,1.7,BASEBALL_SAVANT_CURRENT_SEASON,2026-08-20T23:43:02.137578+00:00,SAVANT_ARSENAL_SCHEMA_V1,CURRENT
681217,"Silseth, Chase",2026.0,210.0,55.0,26.2,13.3,32.0,47.5,0.311,0.225,0.379,32.0,9.6,71.9,26.9,7.0,29.6,FF,4-Seam Fastball,40.7,345,23.3,0.197,0.288,0.293,1.1,BASEBALL_SAVANT_CURRENT_SEASON,2026-08-20T23:43:02.137578+00:00,SAVANT_ARSENAL_SCHEMA_V1,CURRENT
694297,"Pfaadt, Brandon",2026.0,403.0,69.0,17.1,6.0,21.6,49.4,0.293,0.236,0.375,35.0,7.2,72.4,27.1,15.0,33.4,SI,Sinker,17.5,259,15.2,0.286,0.481,0.37,-0.3,BASEBALL_SAVANT_CURRENT_SEASON,2026-08-20T23:43:02.137578+00:00,SAVANT_ARSENAL_SCHEMA_V1,CURRENT
669199,"Bachar, Lake",2026.0,281.0,72.0,25.6,8.5,30.3,45.9,0.292,0.206,0.372,35.6,9.4,72.1,24.8,14.0,32.8,FF,4-Seam Fastball,28.6,323,15.7,0.216,0.5,0.346,0.2,BASEBALL_SAVANT_CURRENT_SEASON,2026-08-20T23:43:02.137578+00:00,SAVANT_ARSENAL_SCHEMA_V1,CURRENT
679883,"Avila, Luinder",2026.0,309.0,61.0,19.7,13.6,23.9,42.4,0.339,0.251,0.396,35.3,5.9,72.0,23.7,12.0,28.4,FF,4-Seam Fastball,26.0,336,16.7,0.296,0.423,0.372,-0.6,BASEBALL_SAVANT_CURRENT_SEASON,2026-08-20T23:43:02.137578+00:00,SAVANT_ARSENAL_SCHEMA_V1,CURRENT
622088,"Antone, Tejay",2026.0,175.0,38.0,21.7,7.4,25.9,47.3,0.293,0.221,0.362,34.7,7.1,72.1,25.5,6.0,34.5,ST,Sweeper,54.1,366,18.9,0.154,0.256,0.256,1.1,BASEBALL_SAVANT_CURRENT_SEASON,2026-08-20T23:43:02.137578+00:00,SAVANT_ARSENAL_SCHEMA_V1,CURRENT
518876,"Kelly, Merrill",2026.0,565.0,84.0,14.9,10.1,21.3,49.0,0.399,0.305,0.554,44.0,12.6,72.7,31.3,20.0,34.9,FC,Cutter,13.5,281,15.4,0.36,0.707,0.476,-2.8,BASEBALL_SAVANT_CURRENT_SEASON,2026-08-20T23:43:02.137578+00:00,SAVANT_ARSENAL_SCHEMA_V1,CURRENT
801403,"Dollander, Chase",2026.0,189.0,47.0,24.9,9.5,28.0,48.0,0.307,0.217,0.387,52.1,9.9,72.2,26.4,5.0,32.8,FF,4-Seam Fastball,37.7,280,23.5,0.197,0.38,0.31,1.2,BASEBALL_SAVANT_CURRENT_SEASON,2026-08-20T23:43:02.137578+00:00,SAVANT_ARSENAL_SCHEMA_V1,CURRENT
663978,"Paddack, Chris",2026.0,267.0,40.0,15.0,7.1,21.4,50.1,0.342,0.28,0.45,36.9,8.4,72.3,27.7,6.0,33.7,FF,4-Seam Fastball,34.5,350,12.6,0.38,0.507,0.421,-1.1,BASEBALL_SAVANT_CURRENT_SEASON,2026-08-20T23:43:02.137578+00:00,SAVANT_ARSENAL_SCHEMA_V1,CURRENT
663372,"Feltner, Ryan",2026.0,408.0,64.0,15.7,9.6,23.8,48.3,0.358,0.267,0.498,38.8,11.2,72.6,29.4,9.0,32.7,SL,Slider,24.2,365,13.0,0.278,0.625,0.421,-1.5,BASEBALL_SAVANT_CURRENT_SEASON,2026-08-20T23:43:02.137578+00:00,SAVANT_ARSENAL_SCHEMA_V1,CURRENT
676775,"Winn, Keaton",2026.0,176.0,33.0,18.8,9.7,23.0,47.4,0.308,0.24,0.36,33.3,4.9,72.4,24.2,2.0,34.0,FS,Split-Finger,45.7,294,20.3,0.186,0.286,0.278,0.1,BASEBALL_SAVANT_CURRENT_SEASON,2026-08-20T23:43:02.137578+00:00,SAVANT_ARSENAL_SCHEMA_V1,CURRENT
669622,"Bender, Anthony",2026.0,140.0,41.0,29.3,8.6,24.0,40.3,0.254,0.194,0.284,33.3,7.1,70.8,15.0,7.0,38.2,ST,Sweeper,51.8,279,27.4,0.143,0.169,0.17,3.3,BASEBALL_SAVANT_CURRENT_SEASON,2026-08-20T23:43:02.137578+00:00,SAVANT_ARSENAL_SCHEMA_V1,CURRENT
592791,"Taillon, Jameson",2026.0,362.0,75.0,20.7,8.8,26.8,46.4,0.363,0.257,0.525,38.7,14.6,72.8,30.4,12.0,34.0,FF,4-Seam Fastball,27.6,390,17.6,0.316,0.697,0.447,-1.3,BASEBALL_SAVANT_CURRENT_SEASON,2026-08-20T23:43:02.137578+00:00,SAVANT_ARSENAL_SCHEMA_V1,CURRENT
813349,"Early, Connelly",2026.0,390.0,93.0,23.8,8.7,23.7,46.9,0.32,0.234,0.408,40.9,10.6,72.8,29.5,14.0,33.7,CH,Changeup,18.3,279,13.1,0.272,0.407,0.314,-0.3,BASEBALL_SAVANT_CURRENT_SEASON,2026-08-20T23:43:02.137578+00:00,SAVANT_ARSENAL_SCHEMA_V1,CURRENT
607536,"Freeland, Kyle",2026.0,554.0,103.0,18.6,5.1,22.5,50.9,0.346,0.282,0.476,42.4,10.6,72.8,33.1,21.0,36.8,CH,Changeup,13.4,269,12.7,0.296,0.469,0.37,-1.3,BASEBALL_SAVANT_CURRENT_SEASON,2026-08-20T23:43:02.137578+00:00,SAVANT_ARSENAL_SCHEMA_V1,CURRENT
621111,"Buehler, Walker",2026.0,518.0,104.0,20.1,9.5,20.4,44.6,0.318,0.248,0.397,38.9,8.1,72.2,28.9,19.0,33.0,FF,4-Seam Fastball,19.5,402,8.3,0.352,0.535,0.429,-0.6,BASEBALL_SAVANT_CURRENT_SEASON,2026-08-20T23:43:02.137578+00:00,SAVANT_ARSENAL_SCHEMA_V1,CURRENT
663436,"Martin, Davis",2026.0,530.0,111.0,20.9,7.4,24.0,48.6,0.333,0.271,0.422,44.4,6.8,72.4,30.5,15.0,32.8,CH,Changeup,14.0,281,12.6,0.205,0.359,0.274,1.3,BASEBALL_SAVANT_CURRENT_SEASON,2026-08-20T23:43:02.137578+00:00,SAVANT_ARSENAL_SCHEMA_V1,CURRENT
681517,"Leahy, Kyle",2026.0,516.0,111.0,21.5,6.8,22.5,46.6,0.34,0.274,0.452,48.4,10.2,72.6,30.7,27.0,36.5,CU,Curveball,16.5,333,17.5,0.179,0.308,0.237,0.4,BASEBALL_SAVANT_CURRENT_SEASON,2026-08-20T23:43:02.137578+00:00,SAVANT_ARSENAL_SCHEMA_V1,CURRENT
666277,"Soriano, George",2026.0,233.0,55.0,23.6,9.9,29.9,48.3,0.319,0.23,0.407,42.1,9.8,72.4,32.7,7.0,33.0,CH,Changeup,30.2,275,28.6,0.184,0.329,0.259,1.0,BASEBALL_SAVANT_CURRENT_SEASON,2026-08-20T23:43:02.137578+00:00,SAVANT_ARSENAL_SCHEMA_V1,CURRENT
689254,"Fluharty, Mason",2026.0,213.0,56.0,26.3,9.4,28.5,49.3,0.259,0.189,0.314,32.4,7.4,72.2,29.7,3.0,28.4,ST,Sweeper,41.2,346,23.5,0.211,0.395,0.286,0.0,BASEBALL_SAVANT_CURRENT_SEASON,2026-08-20T23:43:02.137578+00:00,SAVANT_ARSENAL_SCHEMA_V1,CURRENT
607074,"Rodón, Carlos",2026.0,211.0,56.0,26.5,13.3,29.0,47.8,0.301,0.212,0.341,36.5,6.3,72.3,27.6,13.0,27.0,FF,4-Seam Fastball,43.7,391,18.9,0.155,0.241,0.337,0.7,BASEBALL_SAVANT_CURRENT_SEASON,2026-08-20T23:43:02.137578+00:00,SAVANT_ARSENAL_SCHEMA_V1,CURRENT
663558,"Morán, Jovani",2026.0,216.0,58.0,26.9,11.6,32.3,45.9,0.277,0.193,0.323,29.0,6.9,71.7,22.4,5.0,35.2,CH,Changeup,36.7,307,30.6,0.187,0.387,0.272,0.2,BASEBALL_SAVANT_CURRENT_SEASON,2026-08-20T23:43:02.137578+00:00,SAVANT_ARSENAL_SCHEMA_V1,CURRENT
702273,"Schultz, Noah",2026.0,291.0,59.0,20.3,10.7,21.0,44.5,0.364,0.273,0.454,40.4,9.4,72.3,28.9,9.0,29.9,SI,Sinker,25.9,297,15.1,0.277,0.415,0.37,0.3,BASEBALL_SAVANT_CURRENT_SEASON,2026-08-20T23:43:02.137578+00:00,SAVANT_ARSENAL_SCHEMA_V1,CURRENT
680730,"Parker, Mitchell",2026.0,178.0,34.0,19.1,7.3,28.1,50.3,0.347,0.272,0.462,41.9,8.5,71.8,22.0,5.0,39.3,SL,Slider,49.9,331,16.8,0.284,0.554,0.403,-2.2,BASEBALL_SAVANT_CURRENT_SEASON,2026-08-20T23:43:02.137578+00:00,SAVANT_ARSENAL_SCHEMA_V1,CURRENT
656492,"Griffin, Foster",2026.0,589.0,131.0,22.2,5.9,23.7,48.3,0.315,0.252,0.418,38.1,9.2,72.5,31.6,23.0,29.4,ST,Sweeper,14.4,335,23.4,0.253,0.494,0.329,0.0,BASEBALL_SAVANT_CURRENT_SEASON,2026-08-20T23:43:02.137578+00:00,SAVANT_ARSENAL_SCHEMA_V1,CURRENT
657277,"Webb, Logan",2026.0,560.0,110.0,19.6,5.7,20.8,48.2,0.295,0.249,0.365,38.0,5.1,72.2,28.5,15.0,31.8,ST,Sweeper,19.2,397,25.5,0.213,0.32,0.282,1.0,BASEBALL_SAVANT_CURRENT_SEASON,2026-08-20T23:43:02.137578+00:00,SAVANT_ARSENAL_SCHEMA_V1,CURRENT
453286,"Scherzer, Max",2026.0,202.0,32.0,15.8,9.9,17.9,51.0,0.332,0.248,0.433,32.2,9.4,71.8,25.6,5.0,25.2,FF,4-Seam Fastball,46.8,390,9.3,0.258,0.424,0.364,0.1,BASEBALL_SAVANT_CURRENT_SEASON,2026-08-20T23:43:02.137578+00:00,SAVANT_ARSENAL_SCHEMA_V1,CURRENT
622608,"Senzatela, Antonio",2026.0,243.0,51.0,21.0,7.4,24.0,49.8,0.303,0.254,0.372,41.3,6.4,71.0,17.9,12.0,33.1,FC,Cutter,31.4,284,22.5,0.221,0.325,0.259,1.9,BASEBALL_SAVANT_CURRENT_SEASON,2026-08-20T23:43:02.137578+00:00,SAVANT_ARSENAL_SCHEMA_V1,CURRENT
675848,"Mejia, Juan",2026.0,240.0,50.0,20.8,12.5,25.3,47.3,0.336,0.265,0.392,38.0,3.8,71.6,22.3,10.0,30.4,ST,Sweeper,35.8,353,21.6,0.243,0.414,0.32,-0.3,BASEBALL_SAVANT_CURRENT_SEASON,2026-08-20T23:43:02.137578+00:00,SAVANT_ARSENAL_SCHEMA_V1,CURRENT
642397,"Soto, Gregory",2026.0,227.0,66.0,29.1,9.7,28.6,43.0,0.268,0.196,0.299,35.1,5.2,71.3,20.0,13.0,33.2,SI,Sinker,37.5,348,8.8,0.288,0.439,0.4,-0.1,BASEBALL_SAVANT_CURRENT_SEASON,2026-08-20T23:43:02.137578+00:00,SAVANT_ARSENAL_SCHEMA_V1,CURRENT
669461,"Liberatore, Matthew",2026.0,541.0,125.0,23.1,8.1,23.4,46.8,0.336,0.264,0.441,41.7,9.0,72.7,31.2,18.0,34.0,CH,Changeup,14.4,304,8.6,0.351,0.446,0.369,-0.2,BASEBALL_SAVANT_CURRENT_SEASON,2026-08-20T23:43:02.137578+00:00,SAVANT_ARSENAL_SCHEMA_V1,CURRENT
678906,"Teng, Kai-Wei",2026.0,301.0,67.0,22.3,10.0,25.2,44.1,0.334,0.245,0.398,39.4,7.8,71.9,23.8,13.0,36.5,FF,4-Seam Fastball,28.1,326,13.4,0.278,0.472,0.374,-0.9,BASEBALL_SAVANT_CURRENT_SEASON,2026-08-20T23:43:02.137578+00:00,SAVANT_ARSENAL_SCHEMA_V1,CURRENT
682052,"Lopez, Jacob",2026.0,396.0,81.0,20.5,11.6,24.4,45.4,0.288,0.208,0.331,28.9,5.3,72.4,29.3,13.0,25.8,FC,Cutter,20.4,326,21.5,0.299,0.448,0.379,-0.6,BASEBALL_SAVANT_CURRENT_SEASON,2026-08-20T23:43:02.137578+00:00,SAVANT_ARSENAL_SCHEMA_V1,CURRENT
677976,"Dobnak, Randy",2026.0,176.0,25.0,14.2,9.1,18.7,46.0,0.328,0.29,0.385,40.7,3.7,72.7,28.6,11.0,37.1,SI,Sinker,38.5,273,7.5,0.25,0.333,0.297,1.4,BASEBALL_SAVANT_CURRENT_SEASON,2026-08-20T23:43:02.137578+00:00,SAVANT_ARSENAL_SCHEMA_V1,CURRENT
687064,"Young, Brandon",2026.0,507.0,96.0,18.9,8.3,23.4,49.9,0.323,0.258,0.412,41.1,6.9,71.9,26.1,25.0,35.5,SL,Slider,15.2,289,26.4,0.221,0.403,0.293,-1.2,BASEBALL_SAVANT_CURRENT_SEASON,2026-08-20T23:43:02.137578+00:00,SAVANT_ARSENAL_SCHEMA_V1,CURRENT
700669,"Graceffo, Gordon",2026.0,249.0,38.0,15.3,11.6,17.6,44.7,0.343,0.253,0.448,45.6,10.0,72.1,30.4,6.0,41.4,SL,Slider,30.0,279,17.9,0.239,0.366,0.289,0.3,BASEBALL_SAVANT_CURRENT_SEASON,2026-08-20T23:43:02.137578+00:00,SAVANT_ARSENAL_SCHEMA_V1,CURRENT
691587,"Pérez, Eury",2026.0,494.0,133.0,26.9,9.9,28.6,51.5,0.296,0.208,0.36,39.8,9.2,72.7,31.9,22.0,26.1,SI,Sinker,16.6,331,11.4,0.286,0.4,0.355,-0.7,BASEBALL_SAVANT_CURRENT_SEASON,2026-08-20T23:43:02.137578+00:00,SAVANT_ARSENAL_SCHEMA_V1,CURRENT
548384,"Raley, Brooks",2026.0,195.0,48.0,24.6,8.2,23.8,47.1,0.286,0.218,0.344,30.5,5.5,72.1,23.2,5.0,30.0,ST,Sweeper,37.2,269,21.7,0.219,0.397,0.299,0.5,BASEBALL_SAVANT_CURRENT_SEASON,2026-08-20T23:43:02.137578+00:00,SAVANT_ARSENAL_SCHEMA_V1,CURRENT
677960,"Weathers, Ryan",2026.0,551.0,140.0,25.4,6.9,27.0,44.9,0.316,0.251,0.417,41.1,8.4,72.6,30.7,20.0,36.1,SL,Slider,11.9,263,27.1,0.224,0.342,0.267,0.9,BASEBALL_SAVANT_CURRENT_SEASON,2026-08-20T23:43:02.137578+00:00,SAVANT_ARSENAL_SCHEMA_V1,CURRENT
669432,"Rogers, Trevor",2026.0,529.0,108.0,20.4,6.6,23.6,52.5,0.308,0.25,0.399,39.2,7.1,72.2,27.2,22.0,31.1,ST,Sweeper,13.0,266,21.4,0.181,0.306,0.239,0.8,BASEBALL_SAVANT_CURRENT_SEASON,2026-08-20T23:43:02.137578+00:00,SAVANT_ARSENAL_SCHEMA_V1,CURRENT
681517,"Leahy, Kyle",2026.0,516.0,111.0,21.5,6.8,22.5,46.6,0.34,0.274,0.452,48.4,10.2,72.6,30.7,27.0,36.5,CH,Changeup,13.9,282,20.7,0.243,0.338,0.286,-0.1,BASEBALL_SAVANT_CURRENT_SEASON,2026-08-20T23:43:02.137578+00:00,SAVANT_ARSENAL_SCHEMA_V1,CURRENT
676254,"Walker, Ryan",2026.0,125.0,19.0,15.2,12.0,15.2,43.1,0.324,0.26,0.389,35.6,6.7,71.3,21.9,4.0,28.6,SI,Sinker,68.4,335,15.8,0.353,0.515,0.421,-1.3,BASEBALL_SAVANT_CURRENT_SEASON,2026-08-20T23:43:02.137578+00:00,SAVANT_ARSENAL_SCHEMA_V1,CURRENT
808967,"Yamamoto, Yoshinobu",2026.0,556.0,136.0,24.5,6.1,25.9,49.1,0.273,0.219,0.344,35.9,6.5,72.1,27.3,10.0,32.5,SI,Sinker,12.6,273,23.7,0.164,0.233,0.23,2.5,BASEBALL_SAVANT_CURRENT_SEASON,2026-08-20T23:43:02.137578+00:00,SAVANT_ARSENAL_SCHEMA_V1,CURRENT
695418,"Lord, Brad",2026.0,269.0,57.0,21.2,9.3,20.5,49.8,0.32,0.243,0.389,40.6,6.2,71.2,20.7,10.0,24.9,FF,4-Seam Fastball,36.4,413,15.3,0.303,0.424,0.398,-0.3,BASEBALL_SAVANT_CURRENT_SEASON,2026-08-20T23:43:02.137578+00:00,SAVANT_ARSENAL_SCHEMA_V1,CURRENT
641743,"Kay, Anthony",2026.0,541.0,98.0,18.1,8.1,23.1,46.7,0.342,0.262,0.411,39.9,8.6,72.2,25.5,19.0,32.2,CH,Changeup,14.5,311,9.8,0.273,0.403,0.321,-0.9,BASEBALL_SAVANT_CURRENT_SEASON,2026-08-20T23:43:02.137578+00:00,SAVANT_ARSENAL_SCHEMA_V1,CURRENT
702070,"Cameron, Noah",2026.0,580.0,126.0,21.7,7.4,26.4,47.7,0.315,0.251,0.412,38.2,8.1,72.3,28.1,10.0,33.6,SL,Slider,11.8,267,26.5,0.224,0.434,0.293,0.1,BASEBALL_SAVANT_CURRENT_SEASON,2026-08-20T23:43:02.137578+00:00,SAVANT_ARSENAL_SCHEMA_V1,CURRENT
805123,"Blubaugh, AJ",2026.0,324.0,79.0,24.4,10.2,28.8,49.0,0.306,0.218,0.379,36.7,9.6,71.5,22.2,13.0,28.7,CH,Changeup,21.3,284,19.1,0.214,0.314,0.268,-0.2,BASEBALL_SAVANT_CURRENT_SEASON,2026-08-20T23:43:02.137578+00:00,SAVANT_ARSENAL_SCHEMA_V1,CURRENT
668941,"Romero, JoJo",2026.0,186.0,43.0,23.1,8.6,23.6,39.9,0.337,0.262,0.433,43.1,8.2,71.7,23.6,8.0,42.8,SI,Sinker,44.1,318,27.9,0.265,0.324,0.336,1.5,BASEBALL_SAVANT_CURRENT_SEASON,2026-08-20T23:43:02.137578+00:00,SAVANT_ARSENAL_SCHEMA_V1,CURRENT
605540,"Woodruff, Brandon",2026.0,174.0,47.0,27.0,5.7,23.6,51.0,0.263,0.2,0.358,34.5,7.8,72.4,27.2,3.0,29.4,FF,4-Seam Fastball,44.0,281,25.7,0.114,0.243,0.221,2.4,BASEBALL_SAVANT_CURRENT_SEASON,2026-08-20T23:43:02.137578+00:00,SAVANT_ARSENAL_SCHEMA_V1,CURRENT
669194,"Nelson, Ryne",2026.0,355.0,62.0,17.5,6.2,21.0,54.2,0.349,0.261,0.5,43.4,10.2,71.7,22.9,17.0,34.1,SL,Slider,20.0,259,21.1,0.293,0.533,0.386,-2.3,BASEBALL_SAVANT_CURRENT_SEASON,2026-08-20T23:43:02.137578+00:00,SAVANT_ARSENAL_SCHEMA_V1,CURRENT
641743,"Kay, Anthony",2026.0,541.0,98.0,18.1,8.1,23.1,46.7,0.342,0.262,0.411,39.9,8.6,72.2,25.5,19.0,32.2,FC,Cutter,17.1,368,9.5,0.231,0.354,0.352,0.5,BASEBALL_SAVANT_CURRENT_SEASON,2026-08-20T23:43:02.137578+00:00,SAVANT_ARSENAL_SCHEMA_V1,CURRENT
676477,"Whitlock, Garrett",2026.0,168.0,49.0,29.2,4.2,29.8,57.3,0.247,0.218,0.314,33.9,3.6,70.9,19.7,8.0,29.3,SI,Sinker,55.9,347,15.6,0.224,0.289,0.249,1.8,BASEBALL_SAVANT_CURRENT_SEASON,2026-08-20T23:43:02.137578+00:00,SAVANT_ARSENAL_SCHEMA_V1,CURRENT
592791,"Taillon, Jameson",2026.0,362.0,75.0,20.7,8.8,26.8,46.4,0.363,0.257,0.525,38.7,14.6,72.8,30.4,12.0,34.0,ST,Sweeper,16.5,233,27.6,0.143,0.273,0.189,1.8,BASEBALL_SAVANT_CURRENT_SEASON,2026-08-20T23:43:02.137578+00:00,SAVANT_ARSENAL_SCHEMA_V1,CURRENT
543135,"Eovaldi, Nathan",2026.0,555.0,137.0,24.7,5.8,30.5,52.2,0.316,0.25,0.421,41.5,8.7,73.1,35.9,7.0,33.1,FF,4-Seam Fastball,13.7,275,30.9,0.375,0.736,0.489,-2.7,BASEBALL_SAVANT_CURRENT_SEASON,2026-08-20T23:43:02.137578+00:00,SAVANT_ARSENAL_SCHEMA_V1,CURRENT
592662,"Ray, Robbie",2026.0,578.0,117.0,20.2,11.8,24.8,47.2,0.329,0.24,0.415,38.3,8.7,72.4,28.2,23.0,30.3,SI,Sinker,13.5,314,11.4,0.303,0.424,0.393,-0.5,BASEBALL_SAVANT_CURRENT_SEASON,2026-08-20T23:43:02.137578+00:00,SAVANT_ARSENAL_SCHEMA_V1,CURRENT
702273,"Schultz, Noah",2026.0,291.0,59.0,20.3,10.7,21.0,44.5,0.364,0.273,0.454,40.4,9.4,72.3,28.9,9.0,29.9,FF,4-Seam Fastball,22.6,259,18.4,0.191,0.353,0.318,-0.5,BASEBALL_SAVANT_CURRENT_SEASON,2026-08-20T23:43:02.137578+00:00,SAVANT_ARSENAL_SCHEMA_V1,CURRENT
596133,"Weaver, Luke",2026.0,187.0,49.0,26.2,6.4,30.1,53.3,0.269,0.207,0.35,35.5,8.1,72.0,23.0,5.0,29.7,CH,Changeup,34.8,245,25.3,0.176,0.27,0.235,2.4,BASEBALL_SAVANT_CURRENT_SEASON,2026-08-20T23:43:02.137578+00:00,SAVANT_ARSENAL_SCHEMA_V1,CURRENT
670280,"Bednar, David",2026.0,227.0,64.0,28.2,7.9,31.4,53.4,0.247,0.201,0.279,34.3,3.5,72.1,26.1,5.0,25.8,FF,4-Seam Fastball,41.2,390,14.2,0.231,0.323,0.313,0.9,BASEBALL_SAVANT_CURRENT_SEASON,2026-08-20T23:43:02.137578+00:00,SAVANT_ARSENAL_SCHEMA_V1,CURRENT
552640,"Kittredge, Andrew",2026.0,167.0,31.0,18.6,6.6,23.2,53.6,0.302,0.261,0.393,36.8,5.6,72.4,29.0,7.0,32.0,SL,Slider,49.7,272,22.6,0.197,0.303,0.28,0.8,BASEBALL_SAVANT_CURRENT_SEASON,2026-08-20T23:43:02.137578+00:00,SAVANT_ARSENAL_SCHEMA_V1,CURRENT
642207,"Williams, Devin",2026.0,178.0,51.0,28.7,11.8,34.9,50.8,0.282,0.219,0.31,29.2,4.7,71.7,23.7,3.0,29.4,FF,4-Seam Fastball,52.5,382,18.1,0.25,0.359,0.365,-0.2,BASEBALL_SAVANT_CURRENT_SEASON,2026-08-20T23:43:02.137578+00:00,SAVANT_ARSENAL_SCHEMA_V1,CURRENT
681982,"Anderson, Grant",2026.0,201.0,45.0,22.4,10.0,25.7,49.3,0.274,0.205,0.333,37.8,7.4,71.6,21.7,10.0,35.7,FF,4-Seam Fastball,38.1,295,17.6,0.214,0.486,0.337,-0.9,BASEBALL_SAVANT_CURRENT_SEASON,2026-08-20T23:43:02.137578+00:00,SAVANT_ARSENAL_SCHEMA_V1,CURRENT
683004,"Leiter, Jack",2026.0,355.0,83.0,23.4,9.9,25.4,47.9,0.336,0.257,0.43,39.9,10.3,72.4,27.9,15.0,30.9,CH,Changeup,17.4,243,19.2,0.254,0.423,0.322,-1.9,BASEBALL_SAVANT_CURRENT_SEASON,2026-08-20T23:43:02.137578+00:00,SAVANT_ARSENAL_SCHEMA_V1,CURRENT
695418,"Lord, Brad",2026.0,269.0,57.0,21.2,9.3,20.5,49.8,0.32,0.243,0.389,40.6,6.2,71.2,20.7,10.0,24.9,SI,Sinker,23.1,262,17.9,0.155,0.169,0.211,3.9,BASEBALL_SAVANT_CURRENT_SEASON,2026-08-20T23:43:02.137578+00:00,SAVANT_ARSENAL_SCHEMA_V1,CURRENT
573124,"Rogers, Taylor",2026.0,208.0,39.0,18.8,10.1,17.3,42.2,0.313,0.248,0.365,26.9,5.5,71.4,22.3,6.0,36.8,SI,Sinker,36.9,303,17.5,0.258,0.424,0.346,-0.5,BASEBALL_SAVANT_CURRENT_SEASON,2026-08-20T23:43:02.137578+00:00,SAVANT_ARSENAL_SCHEMA_V1,CURRENT
694973,"Skenes, Paul",2026.0,573.0,171.0,29.8,7.2,28.5,51.0,0.277,0.212,0.341,39.0,7.4,71.1,19.5,16.0,27.5,CH,Changeup,13.4,315,17.6,0.243,0.392,0.29,-1.5,BASEBALL_SAVANT_CURRENT_SEASON,2026-08-20T23:43:02.137578+00:00,SAVANT_ARSENAL_SCHEMA_V1,CURRENT
689147,"Kerkering, Orion",2026.0,218.0,54.0,24.8,11.9,26.7,43.0,0.275,0.195,0.293,29.1,5.3,71.3,21.2,10.0,26.4,FF,4-Seam Fastball,33.4,303,25.0,0.217,0.4,0.353,0.4,BASEBALL_SAVANT_CURRENT_SEASON,2026-08-20T23:43:02.137578+00:00,SAVANT_ARSENAL_SCHEMA_V1,CURRENT
641927,"Ober, Bailey",2026.0,435.0,71.0,16.3,6.0,19.6,48.8,0.333,0.257,0.467,35.5,10.1,72.9,32.2,8.0,34.5,SL,Slider,16.8,274,18.8,0.24,0.373,0.275,1.1,BASEBALL_SAVANT_CURRENT_SEASON,2026-08-20T23:43:02.137578+00:00,SAVANT_ARSENAL_SCHEMA_V1,CURRENT
687562,"Bennett, Jake",2026.0,323.0,61.0,18.9,5.3,24.0,52.6,0.278,0.229,0.363,36.4,6.2,72.2,29.1,13.0,33.7,CH,Changeup,26.3,302,19.2,0.211,0.289,0.212,1.4,BASEBALL_SAVANT_CURRENT_SEASON,2026-08-20T23:43:02.137578+00:00,SAVANT_ARSENAL_SCHEMA_V1,CURRENT
615698,"Quantrill, Cal",2026.0,323.0,54.0,16.7,6.8,18.5,47.5,0.312,0.247,0.407,34.4,7.5,72.2,29.1,7.0,32.7,FS,Split-Finger,22.3,271,14.7,0.247,0.411,0.308,-1.2,BASEBALL_SAVANT_CURRENT_SEASON,2026-08-20T23:43:02.137578+00:00,SAVANT_ARSENAL_SCHEMA_V1,CURRENT
689546,"Davila, Nick",2026.0,111.0,13.0,11.7,9.9,15.9,46.7,0.331,0.27,0.384,28.6,4.8,72.4,30.1,3.0,33.8,SL,Slider,65.3,273,11.8,0.191,0.25,0.252,1.6,BASEBALL_SAVANT_CURRENT_SEASON,2026-08-20T23:43:02.137578+00:00,SAVANT_ARSENAL_SCHEMA_V1,CURRENT
669387,"Mlodzinski, Carmen",2026.0,451.0,81.0,18.0,8.0,20.8,45.7,0.351,0.296,0.446,47.7,7.3,72.0,27.2,13.0,36.6,SI,Sinker,17.3,304,10.6,0.338,0.437,0.386,-0.8,BASEBALL_SAVANT_CURRENT_SEASON,2026-08-20T23:43:02.137578+00:00,SAVANT_ARSENAL_SCHEMA_V1,CURRENT
663436,"Martin, Davis",2026.0,530.0,111.0,20.9,7.4,24.0,48.6,0.333,0.271,0.422,44.4,6.8,72.4,30.5,15.0,32.8,SL,Slider,13.5,270,20.9,0.263,0.5,0.344,-1.6,BASEBALL_SAVANT_CURRENT_SEASON,2026-08-20T23:43:02.137578+00:00,SAVANT_ARSENAL_SCHEMA_V1,CURRENT
685299,"Gordon, Tanner",2026.0,312.0,62.0,19.9,4.2,23.0,52.0,0.337,0.266,0.485,45.1,11.1,72.1,24.2,3.0,38.9,SL,Slider,23.9,266,19.4,0.312,0.571,0.384,-1.8,BASEBALL_SAVANT_CURRENT_SEASON,2026-08-20T23:43:02.137578+00:00,SAVANT_ARSENAL_SCHEMA_V1,CURRENT
608331,"Fried, Max",2026.0,332.0,79.0,23.8,8.1,24.6,45.4,0.248,0.2,0.264,31.3,1.8,71.7,22.4,10.0,30.3,SI,Sinker,22.1,286,12.7,0.264,0.319,0.294,1.4,BASEBALL_SAVANT_CURRENT_SEASON,2026-08-20T23:43:02.137578+00:00,SAVANT_ARSENAL_SCHEMA_V1,CURRENT
695076,"Lowder, Rhett",2026.0,452.0,82.0,18.1,9.3,19.9,45.1,0.346,0.265,0.454,37.8,9.6,72.3,26.7,17.0,34.0,CH,Changeup,20.5,349,14.9,0.23,0.378,0.294,-0.7,BASEBALL_SAVANT_CURRENT_SEASON,2026-08-20T23:43:02.137578+00:00,SAVANT_ARSENAL_SCHEMA_V1,CURRENT
641778,"Lauer, Eric",2026.0,438.0,69.0,15.8,7.3,19.0,52.0,0.332,0.25,0.459,35.2,10.8,72.8,31.6,9.0,28.3,CH,Changeup,15.1,257,7.2,0.28,0.387,0.317,-1.1,BASEBALL_SAVANT_CURRENT_SEASON,2026-08-20T23:43:02.137578+00:00,SAVANT_ARSENAL_SCHEMA_V1,CURRENT
667297,"Nance, Tommy",2026.0,194.0,50.0,25.8,9.3,25.5,48.0,0.307,0.25,0.383,34.1,5.6,71.8,23.7,12.0,31.3,SL,Slider,40.7,303,30.4,0.197,0.31,0.273,1.8,BASEBALL_SAVANT_CURRENT_SEASON,2026-08-20T23:43:02.137578+00:00,SAVANT_ARSENAL_SCHEMA_V1,CURRENT
688107,"Gasser, Robert",2026.0,314.0,68.0,21.7,6.1,22.2,50.7,0.316,0.251,0.408,34.1,6.8,72.4,29.2,5.0,27.6,FF,4-Seam Fastball,23.6,287,17.0,0.24,0.4,0.29,-0.5,BASEBALL_SAVANT_CURRENT_SEASON,2026-08-20T23:43:02.137578+00:00,SAVANT_ARSENAL_SCHEMA_V1,CURRENT
608331,"Fried, Max",2026.0,332.0,79.0,23.8,8.1,24.6,45.4,0.248,0.2,0.264,31.3,1.8,71.7,22.4,10.0,30.3,FC,Cutter,22.6,293,31.8,0.194,0.254,0.258,2.0,BASEBALL_SAVANT_CURRENT_SEASON,2026-08-20T23:43:02.137578+00:00,SAVANT_ARSENAL_SCHEMA_V1,CURRENT
693433,"Woo, Bryan",2026.0,563.0,137.0,24.3,5.2,24.8,53.4,0.293,0.237,0.383,43.3,6.9,72.1,26.1,13.0,31.4,SL,Slider,15.3,323,22.0,0.229,0.357,0.28,0.2,BASEBALL_SAVANT_CURRENT_SEASON,2026-08-20T23:43:02.137578+00:00,SAVANT_ARSENAL_SCHEMA_V1,CURRENT
656794,"Newcomb, Sean",2026.0,283.0,64.0,22.6,9.5,24.4,44.4,0.304,0.246,0.348,37.1,5.4,71.2,18.2,9.0,35.0,SV,Slurve,33.5,368,21.4,0.171,0.271,0.233,1.4,BASEBALL_SAVANT_CURRENT_SEASON,2026-08-20T23:43:02.137578+00:00,SAVANT_ARSENAL_SCHEMA_V1,CURRENT
665152,"Kremer, Dean",2026.0,217.0,53.0,24.4,7.4,28.4,46.1,0.315,0.236,0.44,33.8,7.4,71.7,22.6,6.0,33.2,FS,Split-Finger,28.4,245,26.7,0.203,0.378,0.269,0.4,BASEBALL_SAVANT_CURRENT_SEASON,2026-08-20T23:43:02.137578+00:00,SAVANT_ARSENAL_SCHEMA_V1,CURRENT
656794,"Newcomb, Sean",2026.0,283.0,64.0,22.6,9.5,24.4,44.4,0.304,0.246,0.348,37.1,5.4,71.2,18.2,9.0,35.0,SI,Sinker,22.7,249,11.6,0.304,0.406,0.354,0.1,BASEBALL_SAVANT_CURRENT_SEASON,2026-08-20T23:43:02.137578+00:00,SAVANT_ARSENAL_SCHEMA_V1,CURRENT
669372,"Ginn, J.T.",2026.0,533.0,114.0,21.4,9.9,27.3,45.8,0.308,0.238,0.361,35.2,5.6,72.7,31.0,10.0,30.9,SL,Slider,15.5,312,19.3,0.263,0.434,0.304,-0.6,BASEBALL_SAVANT_CURRENT_SEASON,2026-08-20T23:43:02.137578+00:00,SAVANT_ARSENAL_SCHEMA_V1,CURRENT
675512,"Melton, Troy",2026.0,329.0,73.0,22.2,7.6,25.9,49.5,0.272,0.218,0.327,34.9,5.2,72.9,31.5,13.0,29.6,FC,Cutter,22.4,280,16.9,0.157,0.229,0.215,3.6,BASEBALL_SAVANT_CURRENT_SEASON,2026-08-20T23:43:02.137578+00:00,SAVANT_ARSENAL_SCHEMA_V1,CURRENT
670990,"Ramírez, Yohan",2026.0,296.0,79.0,26.7,13.9,27.2,44.4,0.289,0.21,0.293,30.1,4.8,71.6,24.0,17.0,24.0,SI,Sinker,24.8,283,18.9,0.225,0.296,0.276,2.2,BASEBALL_SAVANT_CURRENT_SEASON,2026-08-20T23:43:02.137578+00:00,SAVANT_ARSENAL_SCHEMA_V1,CURRENT
670990,"Ramírez, Yohan",2026.0,296.0,79.0,26.7,13.9,27.2,44.4,0.289,0.21,0.293,30.1,4.8,71.6,24.0,17.0,24.0,FF,4-Seam Fastball,23.5,268,23.5,0.246,0.443,0.388,-1.1,BASEBALL_SAVANT_CURRENT_SEASON,2026-08-20T23:43:02.137578+00:00,SAVANT_ARSENAL_SCHEMA_V1,CURRENT
688642,"Agnos, Zach",2026.0,315.0,46.0,14.6,7.9,21.2,50.7,0.354,0.286,0.46,41.4,7.9,72.2,26.7,13.0,34.0,FC,Cutter,23.5,274,11.5,0.324,0.456,0.384,-0.7,BASEBALL_SAVANT_CURRENT_SEASON,2026-08-20T23:43:02.137578+00:00,SAVANT_ARSENAL_SCHEMA_V1,CURRENT
696519,"Natera Jr., Samy",2026.0,104.0,42.0,40.4,9.6,37.3,47.6,0.219,0.147,0.231,31.4,5.9,72.5,27.6,4.0,20.6,FF,4-Seam Fastball,81.0,374,25.2,0.145,0.217,0.212,2.5,BASEBALL_SAVANT_CURRENT_SEASON,2026-08-20T23:43:02.137578+00:00,SAVANT_ARSENAL_SCHEMA_V1,CURRENT
682608,"Gray, Peyton",2026.0,219.0,50.0,22.8,7.3,26.0,49.8,0.287,0.231,0.357,32.9,6.8,72.0,24.5,0.0,29.8,FF,4-Seam Fastball,39.6,328,23.4,0.239,0.373,0.339,0.8,BASEBALL_SAVANT_CURRENT_SEASON,2026-08-20T23:43:02.137578+00:00,SAVANT_ARSENAL_SCHEMA_V1,CURRENT
681347,"Burrows, Mike",2026.0,423.0,75.0,17.7,8.3,21.6,49.3,0.337,0.263,0.441,38.8,8.4,72.6,29.0,11.0,33.2,SL,Slider,16.5,258,19.0,0.301,0.521,0.369,-1.1,BASEBALL_SAVANT_CURRENT_SEASON,2026-08-20T23:43:02.137578+00:00,SAVANT_ARSENAL_SCHEMA_V1,CURRENT
691951,"Aldegheri, Sam",2026.0,151.0,22.0,14.6,11.3,20.4,45.7,0.355,0.271,0.45,35.1,9.0,73.2,37.4,2.0,29.7,FF,4-Seam Fastball,47.2,288,9.6,0.215,0.308,0.315,1.0,BASEBALL_SAVANT_CURRENT_SEASON,2026-08-20T23:43:02.137578+00:00,SAVANT_ARSENAL_SCHEMA_V1,CURRENT
691725,"Painter, Andrew",2026.0,383.0,71.0,18.5,8.9,22.9,48.1,0.344,0.267,0.445,35.5,8.4,71.9,26.0,8.0,31.9,SL,Slider,19.8,291,25.0,0.302,0.476,0.383,-1.5,BASEBALL_SAVANT_CURRENT_SEASON,2026-08-20T23:43:02.137578+00:00,SAVANT_ARSENAL_SCHEMA_V1,CURRENT
615698,"Quantrill, Cal",2026.0,323.0,54.0,16.7,6.8,18.5,47.5,0.312,0.247,0.407,34.4,7.5,72.2,29.1,7.0,32.7,FC,Cutter,26.3,320,12.1,0.286,0.457,0.362,-0.3,BASEBALL_SAVANT_CURRENT_SEASON,2026-08-20T23:43:02.137578+00:00,SAVANT_ARSENAL_SCHEMA_V1,CURRENT
622663,"Severino, Luis",2026.0,271.0,65.0,24.0,11.4,23.0,47.6,0.318,0.231,0.388,38.7,8.7,71.7,23.3,10.0,29.2,SI,Sinker,23.8,259,18.6,0.323,0.508,0.411,-0.9,BASEBALL_SAVANT_CURRENT_SEASON,2026-08-20T23:43:02.137578+00:00,SAVANT_ARSENAL_SCHEMA_V1,CURRENT
664299,"Javier, Cristian",2026.0,167.0,30.0,18.0,10.2,25.7,51.8,0.357,0.278,0.452,38.1,8.5,72.4,30.6,3.0,30.2,FF,4-Seam Fastball,49.9,326,11.2,0.355,0.548,0.447,-1.7,BASEBALL_SAVANT_CURRENT_SEASON,2026-08-20T23:43:02.137578+00:00,SAVANT_ARSENAL_SCHEMA_V1,CURRENT
666171,"Zeferjahn, Ryan",2026.0,251.0,82.0,32.7,13.5,33.3,40.0,0.281,0.178,0.286,36.8,6.5,71.5,23.2,5.0,30.2,FF,4-Seam Fastball,35.3,378,24.3,0.148,0.213,0.255,0.3,BASEBALL_SAVANT_CURRENT_SEASON,2026-08-20T23:43:02.137578+00:00,SAVANT_ARSENAL_SCHEMA_V1,CURRENT
702275,"Ritchie, JR",2026.0,256.0,53.0,20.7,14.1,23.3,41.1,0.344,0.24,0.408,39.5,9.3,72.4,28.6,9.0,34.9,CU,Curveball,27.4,280,24.6,0.185,0.292,0.268,0.7,BASEBALL_SAVANT_CURRENT_SEASON,2026-08-20T23:43:02.137578+00:00,SAVANT_ARSENAL_SCHEMA_V1,CURRENT
624133,"Suarez, Ranger",2026.0,467.0,113.0,24.2,7.1,23.0,46.0,0.295,0.249,0.351,32.8,4.7,72.0,26.5,12.0,30.9,CU,Curveball,16.6,302,28.2,0.217,0.29,0.265,1.0,BASEBALL_SAVANT_CURRENT_SEASON,2026-08-20T23:43:02.137578+00:00,SAVANT_ARSENAL_SCHEMA_V1,CURRENT
677960,"Weathers, Ryan",2026.0,551.0,140.0,25.4,6.9,27.0,44.9,0.316,0.251,0.417,41.1,8.4,72.6,30.7,20.0,36.1,ST,Sweeper,20.1,443,28.6,0.239,0.328,0.291,0.3,BASEBALL_SAVANT_CURRENT_SEASON,2026-08-20T23:43:02.137578+00:00,SAVANT_ARSENAL_SCHEMA_V1,CURRENT
693855,"Seymour, Ian",2026.0,399.0,115.0,28.8,7.8,29.5,49.9,0.296,0.223,0.392,37.8,10.0,72.0,28.3,9.0,30.2,ST,Sweeper,22.7,353,26.7,0.211,0.493,0.319,0.3,BASEBALL_SAVANT_CURRENT_SEASON,2026-08-20T23:43:02.137578+00:00,SAVANT_ARSENAL_SCHEMA_V1,CURRENT
663969,"Phillips, Tyler",2026.0,434.0,79.0,18.2,9.7,25.8,46.0,0.336,0.264,0.423,44.3,8.1,72.8,32.9,28.0,37.9,CU,Curveball,17.0,275,21.9,0.227,0.258,0.279,0.5,BASEBALL_SAVANT_CURRENT_SEASON,2026-08-20T23:43:02.137578+00:00,SAVANT_ARSENAL_SCHEMA_V1,CURRENT
608718,"Suter, Brent",2026.0,300.0,59.0,19.7,7.0,22.4,45.9,0.32,0.264,0.414,32.1,6.5,71.1,20.8,12.0,33.3,CH,Changeup,28.6,353,9.0,0.213,0.333,0.256,-0.4,BASEBALL_SAVANT_CURRENT_SEASON,2026-08-20T23:43:02.137578+00:00,SAVANT_ARSENAL_SCHEMA_V1,CURRENT
672456,"Montero, Keider",2026.0,535.0,89.0,16.6,5.6,18.6,48.5,0.29,0.229,0.385,37.5,7.3,72.1,26.5,11.0,36.0,CH,Changeup,14.0,269,15.1,0.139,0.25,0.205,1.8,BASEBALL_SAVANT_CURRENT_SEASON,2026-08-20T23:43:02.137578+00:00,SAVANT_ARSENAL_SCHEMA_V1,CURRENT
681347,"Burrows, Mike",2026.0,423.0,75.0,17.7,8.3,21.6,49.3,0.337,0.263,0.441,38.8,8.4,72.6,29.0,11.0,33.2,SI,Sinker,13.5,212,16.0,0.371,0.571,0.441,-1.8,BASEBALL_SAVANT_CURRENT_SEASON,2026-08-20T23:43:02.137578+00:00,SAVANT_ARSENAL_SCHEMA_V1,CURRENT
554430,"Wheeler, Zack",2026.0,474.0,144.0,30.4,7.0,30.7,49.7,0.26,0.204,0.316,35.0,5.8,71.4,21.1,23.0,28.7,FS,Split-Finger,15.7,306,24.0,0.162,0.216,0.18,2.1,BASEBALL_SAVANT_CURRENT_SEASON,2026-08-20T23:43:02.137578+00:00,SAVANT_ARSENAL_SCHEMA_V1,CURRENT
668678,"Gallen, Zac",2026.0,440.0,61.0,13.9,7.0,19.0,46.0,0.383,0.312,0.531,44.7,11.0,72.5,30.5,12.0,40.2,CU,Curveball,18.6,304,10.1,0.357,0.571,0.421,-2.3,BASEBALL_SAVANT_CURRENT_SEASON,2026-08-20T23:43:02.137578+00:00,SAVANT_ARSENAL_SCHEMA_V1,CURRENT
663372,"Feltner, Ryan",2026.0,408.0,64.0,15.7,9.6,23.8,48.3,0.358,0.267,0.498,38.8,11.2,72.6,29.4,9.0,32.7,CH,Changeup,16.8,254,27.6,0.179,0.284,0.221,1.1,BASEBALL_SAVANT_CURRENT_SEASON,2026-08-20T23:43:02.137578+00:00,SAVANT_ARSENAL_SCHEMA_V1,CURRENT
664126,"Fairbanks, Pete",2026.0,166.0,54.0,32.5,9.6,32.1,46.2,0.317,0.21,0.43,44.1,13.0,71.1,19.6,7.0,31.7,FF,4-Seam Fastball,50.1,345,22.4,0.294,0.603,0.407,-2.1,BASEBALL_SAVANT_CURRENT_SEASON,2026-08-20T23:43:02.137578+00:00,SAVANT_ARSENAL_SCHEMA_V1,CURRENT
688642,"Agnos, Zach",2026.0,315.0,46.0,14.6,7.9,21.2,50.7,0.354,0.286,0.46,41.4,7.9,72.2,26.7,13.0,34.0,FF,4-Seam Fastball,25.1,293,7.9,0.318,0.712,0.47,-3.2,BASEBALL_SAVANT_CURRENT_SEASON,2026-08-20T23:43:02.137578+00:00,SAVANT_ARSENAL_SCHEMA_V1,CURRENT
696270,"Johnson, Ryan",2026.0,271.0,47.0,17.3,10.7,23.2,46.0,0.359,0.265,0.479,37.5,11.5,73.1,34.4,8.0,30.4,SI,Sinker,23.5,255,1.9,0.383,0.75,0.517,-4.5,BASEBALL_SAVANT_CURRENT_SEASON,2026-08-20T23:43:02.137578+00:00,SAVANT_ARSENAL_SCHEMA_V1,CURRENT
607067,"Rea, Colin",2026.0,535.0,91.0,17.0,8.0,19.5,46.8,0.359,0.276,0.487,41.4,10.7,72.1,27.5,13.0,36.7,SL,Slider,10.9,220,21.4,0.171,0.386,0.255,0.7,BASEBALL_SAVANT_CURRENT_SEASON,2026-08-20T23:43:02.137578+00:00,SAVANT_ARSENAL_SCHEMA_V1,CURRENT
607536,"Freeland, Kyle",2026.0,554.0,103.0,18.6,5.1,22.5,50.9,0.346,0.282,0.476,42.4,10.6,72.8,33.1,21.0,36.8,ST,Sweeper,10.6,213,26.1,0.157,0.286,0.222,1.9,BASEBALL_SAVANT_CURRENT_SEASON,2026-08-20T23:43:02.137578+00:00,SAVANT_ARSENAL_SCHEMA_V1,CURRENT
663992,"Lovelady, Richard",2026.0,146.0,27.0,18.5,14.4,22.9,44.5,0.361,0.282,0.423,32.6,6.5,72.1,25.5,5.0,32.9,ST,Sweeper,42.9,231,19.3,0.2,0.369,0.308,0.0,BASEBALL_SAVANT_CURRENT_SEASON,2026-08-20T23:43:02.137578+00:00,SAVANT_ARSENAL_SCHEMA_V1,CURRENT
605288,"Houser, Adrian",2026.0,464.0,73.0,15.7,7.3,17.8,46.2,0.341,0.269,0.456,42.2,8.8,71.9,25.9,9.0,37.5,CH,Changeup,16.1,274,22.8,0.2,0.343,0.287,-0.2,BASEBALL_SAVANT_CURRENT_SEASON,2026-08-20T23:43:02.137578+00:00,SAVANT_ARSENAL_SCHEMA_V1,CURRENT
813349,"Early, Connelly",2026.0,390.0,93.0,23.8,8.7,23.7,46.9,0.32,0.234,0.408,40.9,10.6,72.8,29.5,14.0,33.7,SI,Sinker,19.9,304,24.4,0.286,0.349,0.345,0.6,BASEBALL_SAVANT_CURRENT_SEASON,2026-08-20T23:43:02.137578+00:00,SAVANT_ARSENAL_SCHEMA_V1,CURRENT
642121,"Sulser, Cole",2026.0,197.0,48.0,24.4,7.1,26.9,51.3,0.325,0.253,0.461,39.3,11.9,72.3,29.9,8.0,28.3,CH,Changeup,39.2,304,22.2,0.246,0.362,0.301,-0.9,BASEBALL_SAVANT_CURRENT_SEASON,2026-08-20T23:43:02.137578+00:00,SAVANT_ARSENAL_SCHEMA_V1,CURRENT
641793,"Littell, Zack",2026.0,519.0,72.0,13.9,7.1,16.5,50.1,0.376,0.293,0.524,43.7,10.6,72.6,31.5,11.0,36.5,SI,Sinker,14.2,271,10.2,0.315,0.63,0.409,-2.5,BASEBALL_SAVANT_CURRENT_SEASON,2026-08-20T23:43:02.137578+00:00,SAVANT_ARSENAL_SCHEMA_V1,CURRENT
657277,"Webb, Logan",2026.0,560.0,110.0,19.6,5.7,20.8,48.2,0.295,0.249,0.365,38.0,5.1,72.2,28.5,15.0,31.8,FF,4-Seam Fastball,13.4,276,16.2,0.183,0.254,0.217,1.9,BASEBALL_SAVANT_CURRENT_SEASON,2026-08-20T23:43:02.137578+00:00,SAVANT_ARSENAL_SCHEMA_V1,CURRENT
669093,"Estrada, Jeremiah",2026.0,122.0,37.0,30.3,13.1,31.9,47.4,0.287,0.207,0.315,34.8,7.2,70.9,22.4,1.0,26.5,FF,4-Seam Fastball,58.1,288,22.5,0.194,0.226,0.281,1.3,BASEBALL_SAVANT_CURRENT_SEASON,2026-08-20T23:43:02.137578+00:00,SAVANT_ARSENAL_SCHEMA_V1,CURRENT
694819,"Misiorowski, Jacob",2026.0,527.0,210.0,39.8,5.9,38.1,51.8,0.216,0.165,0.245,33.6,3.2,71.4,23.2,29.0,25.1,SL,Slider,11.0,229,27.0,0.153,0.264,0.199,2.8,BASEBALL_SAVANT_CURRENT_SEASON,2026-08-20T23:43:02.137578+00:00,SAVANT_ARSENAL_SCHEMA_V1,CURRENT
678022,"Perkins, Jack",2026.0,387.0,98.0,25.3,8.5,27.0,48.1,0.316,0.238,0.395,37.6,8.9,71.7,26.5,18.0,32.6,CH,Changeup,19.0,279,25.5,0.211,0.254,0.267,-0.1,BASEBALL_SAVANT_CURRENT_SEASON,2026-08-20T23:43:02.137578+00:00,SAVANT_ARSENAL_SCHEMA_V1,CURRENT
701656,"Henderson, Logan",2026.0,240.0,75.0,31.3,5.0,28.1,53.9,0.256,0.204,0.337,37.5,8.6,72.1,26.0,6.0,27.4,CH,Changeup,32.6,307,23.0,0.183,0.437,0.275,0.3,BASEBALL_SAVANT_CURRENT_SEASON,2026-08-20T23:43:02.137578+00:00,SAVANT_ARSENAL_SCHEMA_V1,CURRENT
686613,"Brown, Hunter",2026.0,291.0,72.0,24.7,13.7,26.2,40.8,0.303,0.206,0.34,37.1,6.3,71.7,23.7,11.0,29.2,FF,4-Seam Fastball,33.3,399,19.5,0.127,0.302,0.264,0.4,BASEBALL_SAVANT_CURRENT_SEASON,2026-08-20T23:43:02.137578+00:00,SAVANT_ARSENAL_SCHEMA_V1,CURRENT
686973,"Varland, Louis",2026.0,249.0,79.0,31.7,6.8,29.4,52.4,0.231,0.197,0.266,37.3,4.6,71.6,22.4,14.0,25.0,CU,Curveball,31.1,313,18.9,0.239,0.352,0.295,-0.2,BASEBALL_SAVANT_CURRENT_SEASON,2026-08-20T23:43:02.137578+00:00,SAVANT_ARSENAL_SCHEMA_V1,CURRENT
669276,"Lee, Dylan",2026.0,213.0,70.0,32.9,6.6,37.1,52.9,0.236,0.18,0.294,31.0,6.2,72.6,28.4,10.0,26.1,FF,4-Seam Fastball,30.3,265,20.7,0.118,0.162,0.175,3.9,BASEBALL_SAVANT_CURRENT_SEASON,2026-08-20T23:43:02.137578+00:00,SAVANT_ARSENAL_SCHEMA_V1,CURRENT
657746,"Ryan, Joe",2026.0,523.0,138.0,26.4,5.2,25.5,50.2,0.29,0.224,0.39,42.2,10.5,72.4,29.0,17.0,30.9,ST,Sweeper,14.5,302,28.6,0.211,0.366,0.285,0.4,BASEBALL_SAVANT_CURRENT_SEASON,2026-08-20T23:43:02.137578+00:00,SAVANT_ARSENAL_SCHEMA_V1,CURRENT
621345,"Minter, A.J.",2026.0,125.0,25.0,20.0,3.2,23.2,52.9,0.285,0.233,0.401,30.5,9.5,73.2,35.7,0.0,26.4,FC,Cutter,56.3,252,28.3,0.183,0.352,0.251,2.2,BASEBALL_SAVANT_CURRENT_SEASON,2026-08-20T23:43:02.137578+00:00,SAVANT_ARSENAL_SCHEMA_V1,CURRENT
680730,"Parker, Mitchell",2026.0,178.0,34.0,19.1,7.3,28.1,50.3,0.347,0.272,0.462,41.9,8.5,71.8,22.0,5.0,39.3,FF,4-Seam Fastball,33.9,225,21.1,0.302,0.413,0.372,-0.6,BASEBALL_SAVANT_CURRENT_SEASON,2026-08-20T23:43:02.137578+00:00,SAVANT_ARSENAL_SCHEMA_V1,CURRENT
676534,"Faucher, Calvin",2026.0,231.0,61.0,26.4,13.4,27.0,42.6,0.305,0.231,0.325,39.7,5.1,71.9,25.1,12.0,26.9,FC,Cutter,35.5,330,13.6,0.333,0.386,0.402,-0.1,BASEBALL_SAVANT_CURRENT_SEASON,2026-08-20T23:43:02.137578+00:00,SAVANT_ARSENAL_SCHEMA_V1,CURRENT
643377,"Jax, Griffin",2026.0,379.0,100.0,26.4,7.9,31.2,48.6,0.323,0.252,0.418,39.7,9.3,72.6,30.4,10.0,34.5,ST,Sweeper,25.2,354,23.9,0.203,0.422,0.278,0.7,BASEBALL_SAVANT_CURRENT_SEASON,2026-08-20T23:43:02.137578+00:00,SAVANT_ARSENAL_SCHEMA_V1,CURRENT
666157,"Lodolo, Nick",2026.0,316.0,57.0,18.0,9.2,21.9,46.3,0.369,0.287,0.465,38.6,8.9,72.1,25.7,10.0,33.5,FF,4-Seam Fastball,26.0,320,18.4,0.297,0.516,0.388,-1.6,BASEBALL_SAVANT_CURRENT_SEASON,2026-08-20T23:43:02.137578+00:00,SAVANT_ARSENAL_SCHEMA_V1,CURRENT
672456,"Montero, Keider",2026.0,535.0,89.0,16.6,5.6,18.6,48.5,0.29,0.229,0.385,37.5,7.3,72.1,26.5,11.0,36.0,CU,Curveball,13.8,266,14.4,0.282,0.563,0.368,-2.2,BASEBALL_SAVANT_CURRENT_SEASON,2026-08-20T23:43:02.137578+00:00,SAVANT_ARSENAL_SCHEMA_V1,CURRENT
650644,"Civale, Aaron",2026.0,410.0,74.0,18.0,6.8,21.2,46.8,0.336,0.268,0.452,43.8,9.2,71.8,25.4,8.0,37.8,SI,Sinker,17.5,273,18.9,0.358,0.642,0.454,-2.9,BASEBALL_SAVANT_CURRENT_SEASON,2026-08-20T23:43:02.137578+00:00,SAVANT_ARSENAL_SCHEMA_V1,CURRENT
607625,"Lugo, Seth",2026.0,619.0,111.0,17.9,7.4,18.4,46.0,0.347,0.28,0.457,42.9,7.9,72.1,27.3,14.0,37.7,FF,4-Seam Fastball,15.8,369,19.0,0.4,0.646,0.478,-2.0,BASEBALL_SAVANT_CURRENT_SEASON,2026-08-20T23:43:02.137578+00:00,SAVANT_ARSENAL_SCHEMA_V1,CURRENT
660825,"Bazardo, Eduard",2026.0,239.0,57.0,23.8,6.7,21.6,46.2,0.316,0.253,0.416,37.6,8.5,72.0,25.3,8.0,33.2,ST,Sweeper,34.3,313,21.0,0.235,0.471,0.32,-0.3,BASEBALL_SAVANT_CURRENT_SEASON,2026-08-20T23:43:02.137578+00:00,SAVANT_ARSENAL_SCHEMA_V1,CURRENT
695611,"Jump, Gage",2026.0,338.0,85.0,25.1,10.9,25.3,48.0,0.318,0.251,0.381,39.4,5.6,71.8,22.3,12.0,31.1,SL,Slider,23.1,314,17.1,0.206,0.27,0.266,1.4,BASEBALL_SAVANT_CURRENT_SEASON,2026-08-20T23:43:02.137578+00:00,SAVANT_ARSENAL_SCHEMA_V1,CURRENT
641302,"Alexander, Tyler",2026.0,234.0,47.0,20.1,7.3,21.3,46.4,0.28,0.233,0.326,32.9,3.6,72.2,26.2,3.0,32.0,CH,Changeup,23.9,213,16.0,0.243,0.329,0.31,-0.7,BASEBALL_SAVANT_CURRENT_SEASON,2026-08-20T23:43:02.137578+00:00,SAVANT_ARSENAL_SCHEMA_V1,CURRENT
668678,"Gallen, Zac",2026.0,440.0,61.0,13.9,7.0,19.0,46.0,0.383,0.312,0.531,44.7,11.0,72.5,30.5,12.0,40.2,CH,Changeup,17.6,288,15.5,0.147,0.191,0.201,1.6,BASEBALL_SAVANT_CURRENT_SEASON,2026-08-20T23:43:02.137578+00:00,SAVANT_ARSENAL_SCHEMA_V1,CURRENT
640448,"Finnegan, Kyle",2026.0,226.0,40.0,17.7,13.7,25.9,46.2,0.348,0.251,0.43,43.5,9.1,72.5,25.8,6.0,35.3,FS,Split-Finger,32.4,282,16.4,0.179,0.313,0.25,0.6,BASEBALL_SAVANT_CURRENT_SEASON,2026-08-20T23:43:02.137578+00:00,SAVANT_ARSENAL_SCHEMA_V1,CURRENT
547179,"Lorenzen, Michael",2026.0,562.0,82.0,14.6,8.7,18.1,44.3,0.374,0.302,0.495,46.4,9.4,72.3,29.0,14.0,38.6,FC,Cutter,14.2,311,15.2,0.381,0.635,0.458,-1.1,BASEBALL_SAVANT_CURRENT_SEASON,2026-08-20T23:43:02.137578+00:00,SAVANT_ARSENAL_SCHEMA_V1,CURRENT
641743,"Kay, Anthony",2026.0,541.0,98.0,18.1,8.1,23.1,46.7,0.342,0.262,0.411,39.9,8.6,72.2,25.5,19.0,32.2,ST,Sweeper,22.4,482,14.3,0.25,0.464,0.383,-0.8,BASEBALL_SAVANT_CURRENT_SEASON,2026-08-20T23:43:02.137578+00:00,SAVANT_ARSENAL_SCHEMA_V1,CURRENT
642528,"Loáisiga, Jonathan",2026.0,202.0,36.0,17.8,5.4,22.5,52.8,0.275,0.23,0.348,33.1,4.5,71.5,22.7,5.0,28.8,CH,Changeup,28.8,218,21.3,0.227,0.348,0.273,0.6,BASEBALL_SAVANT_CURRENT_SEASON,2026-08-20T23:43:02.137578+00:00,SAVANT_ARSENAL_SCHEMA_V1,CURRENT
622491,"Castillo, Luis",2026.0,508.0,102.0,20.1,7.1,24.9,52.1,0.337,0.267,0.453,41.8,9.9,72.4,30.5,16.0,30.6,CH,Changeup,13.8,281,11.8,0.282,0.366,0.311,-1.0,BASEBALL_SAVANT_CURRENT_SEASON,2026-08-20T23:43:02.137578+00:00,SAVANT_ARSENAL_SCHEMA_V1,CURRENT
673513,"Matsui, Yuki",2026.0,198.0,50.0,25.3,14.1,35.2,47.3,0.284,0.174,0.325,29.7,8.5,71.9,24.1,11.0,25.3,FF,4-Seam Fastball,37.2,297,15.6,0.268,0.5,0.381,-0.3,BASEBALL_SAVANT_CURRENT_SEASON,2026-08-20T23:43:02.137578+00:00,SAVANT_ARSENAL_SCHEMA_V1,CURRENT
662253,"Muñoz, Andrés",2026.0,195.0,73.0,37.4,9.2,40.3,47.3,0.28,0.208,0.333,41.7,8.7,71.4,24.0,15.0,28.4,FF,4-Seam Fastball,39.3,305,30.9,0.279,0.377,0.367,0.7,BASEBALL_SAVANT_CURRENT_SEASON,2026-08-20T23:43:02.137578+00:00,SAVANT_ARSENAL_SCHEMA_V1,CURRENT
683769,"Gaddis, Hunter",2026.0,183.0,42.0,23.0,9.3,31.2,50.9,0.322,0.255,0.399,30.6,9.1,71.9,22.1,10.0,27.2,FF,4-Seam Fastball,29.8,214,20.0,0.27,0.444,0.346,0.4,BASEBALL_SAVANT_CURRENT_SEASON,2026-08-20T23:43:02.137578+00:00,SAVANT_ARSENAL_SCHEMA_V1,CURRENT
666157,"Lodolo, Nick",2026.0,316.0,57.0,18.0,9.2,21.9,46.3,0.369,0.287,0.465,38.6,8.9,72.1,25.7,10.0,33.5,CH,Changeup,23.6,290,4.8,0.262,0.385,0.296,0.2,BASEBALL_SAVANT_CURRENT_SEASON,2026-08-20T23:43:02.137578+00:00,SAVANT_ARSENAL_SCHEMA_V1,CURRENT
686790,"McDonald, Trevor",2026.0,310.0,57.0,18.4,7.4,21.3,44.5,0.312,0.246,0.359,37.8,4.2,72.4,26.7,20.0,38.0,SL,Slider,25.9,295,21.4,0.15,0.3,0.274,0.2,BASEBALL_SAVANT_CURRENT_SEASON,2026-08-20T23:43:02.137578+00:00,SAVANT_ARSENAL_SCHEMA_V1,CURRENT
656288,"Canning, Griffin",2026.0,319.0,72.0,22.6,10.3,25.3,45.1,0.332,0.249,0.421,47.1,9.5,72.5,30.4,13.0,33.2,FF,4-Seam Fastball,25.8,326,17.2,0.254,0.525,0.395,-0.5,BASEBALL_SAVANT_CURRENT_SEASON,2026-08-20T23:43:02.137578+00:00,SAVANT_ARSENAL_SCHEMA_V1,CURRENT
660761,"Suarez, José",2026.0,258.0,60.0,23.3,9.7,26.7,48.6,0.302,0.25,0.342,32.4,2.4,71.9,25.3,6.0,29.9,CH,Changeup,24.3,247,19.5,0.246,0.369,0.308,-0.2,BASEBALL_SAVANT_CURRENT_SEASON,2026-08-20T23:43:02.137578+00:00,SAVANT_ARSENAL_SCHEMA_V1,CURRENT
686799,"Kochanowicz, Jack",2026.0,296.0,47.0,15.9,12.2,23.6,45.2,0.358,0.272,0.439,42.8,7.4,72.5,27.6,6.0,34.8,CH,Changeup,23.2,257,21.1,0.317,0.429,0.397,-1.8,BASEBALL_SAVANT_CURRENT_SEASON,2026-08-20T23:43:02.137578+00:00,SAVANT_ARSENAL_SCHEMA_V1,CURRENT
664991,"Wolfram, Grant",2026.0,169.0,43.0,25.4,7.7,25.2,48.1,0.301,0.237,0.368,35.8,6.5,71.3,22.8,9.0,28.9,SI,Sinker,39.1,255,27.1,0.308,0.431,0.395,0.1,BASEBALL_SAVANT_CURRENT_SEASON,2026-08-20T23:43:02.137578+00:00,SAVANT_ARSENAL_SCHEMA_V1,CURRENT
805299,"Garcia, Brandyn",2026.0,138.0,42.0,30.4,6.5,26.8,44.7,0.235,0.173,0.268,33.7,4.8,72.1,23.9,4.0,33.6,SI,Sinker,48.9,245,25.0,0.238,0.317,0.294,2.0,BASEBALL_SAVANT_CURRENT_SEASON,2026-08-20T23:43:02.137578+00:00,SAVANT_ARSENAL_SCHEMA_V1,CURRENT
683004,"Leiter, Jack",2026.0,355.0,83.0,23.4,9.9,25.4,47.9,0.336,0.257,0.43,39.9,10.3,72.4,27.9,15.0,30.9,SL,Slider,18.3,255,25.3,0.222,0.444,0.346,-0.3,BASEBALL_SAVANT_CURRENT_SEASON,2026-08-20T23:43:02.137578+00:00,SAVANT_ARSENAL_SCHEMA_V1,CURRENT
657746,"Ryan, Joe",2026.0,523.0,138.0,26.4,5.2,25.5,50.2,0.29,0.224,0.39,42.2,10.5,72.4,29.0,17.0,30.9,CU,Curveball,11.6,242,20.5,0.174,0.246,0.226,0.7,BASEBALL_SAVANT_CURRENT_SEASON,2026-08-20T23:43:02.137578+00:00,SAVANT_ARSENAL_SCHEMA_V1,CURRENT
693433,"Woo, Bryan",2026.0,563.0,137.0,24.3,5.2,24.8,53.4,0.293,0.237,0.383,43.3,6.9,72.1,26.1,13.0,31.4,ST,Sweeper,10.9,231,23.1,0.208,0.361,0.255,-0.4,BASEBALL_SAVANT_CURRENT_SEASON,2026-08-20T23:43:02.137578+00:00,SAVANT_ARSENAL_SCHEMA_V1,CURRENT
686993,"Sterner, Justin",2026.0,184.0,40.0,21.7,7.1,29.9,52.1,0.292,0.225,0.399,45.0,9.2,71.7,25.9,9.0,33.8,FF,4-Seam Fastball,39.5,287,13.2,0.286,0.54,0.377,-0.4,BASEBALL_SAVANT_CURRENT_SEASON,2026-08-20T23:43:02.137578+00:00,SAVANT_ARSENAL_SCHEMA_V1,CURRENT
622663,"Severino, Luis",2026.0,271.0,65.0,24.0,11.4,23.0,47.6,0.318,0.231,0.388,38.7,8.7,71.7,23.3,10.0,29.2,ST,Sweeper,24.6,267,20.5,0.21,0.419,0.32,-1.0,BASEBALL_SAVANT_CURRENT_SEASON,2026-08-20T23:43:02.137578+00:00,SAVANT_ARSENAL_SCHEMA_V1,CURRENT
680573,"Woods Richardson, Simeon",2026.0,285.0,35.0,12.3,11.9,18.4,42.3,0.365,0.28,0.461,43.0,7.9,73.0,38.5,5.0,39.2,FS,Split-Finger,24.6,266,10.3,0.328,0.59,0.449,-5.0,BASEBALL_SAVANT_CURRENT_SEASON,2026-08-20T23:43:02.137578+00:00,SAVANT_ARSENAL_SCHEMA_V1,CURRENT
663623,"Irvin, Jake",2026.0,313.0,72.0,23.0,9.9,24.0,46.7,0.35,0.247,0.461,43.8,12.3,72.3,26.3,7.0,30.6,CU,Curveball,23.8,304,21.1,0.125,0.188,0.191,1.9,BASEBALL_SAVANT_CURRENT_SEASON,2026-08-20T23:43:02.137578+00:00,SAVANT_ARSENAL_SCHEMA_V1,CURRENT
688107,"Gasser, Robert",2026.0,314.0,68.0,21.7,6.1,22.2,50.7,0.316,0.251,0.408,34.1,6.8,72.4,29.2,5.0,27.6,SI,Sinker,22.9,278,17.4,0.281,0.375,0.322,1.0,BASEBALL_SAVANT_CURRENT_SEASON,2026-08-20T23:43:02.137578+00:00,SAVANT_ARSENAL_SCHEMA_V1,CURRENT
656288,"Canning, Griffin",2026.0,319.0,72.0,22.6,10.3,25.3,45.1,0.332,0.249,0.421,47.1,9.5,72.5,30.4,13.0,33.2,SL,Slider,24.0,304,29.7,0.277,0.385,0.313,-0.3,BASEBALL_SAVANT_CURRENT_SEASON,2026-08-20T23:43:02.137578+00:00,SAVANT_ARSENAL_SCHEMA_V1,CURRENT
596001,"Junis, Jakob",2026.0,173.0,32.0,18.5,4.0,19.9,47.5,0.302,0.263,0.389,34.4,3.8,72.0,27.1,2.0,35.0,ST,Sweeper,43.7,268,17.3,0.203,0.29,0.228,1.9,BASEBALL_SAVANT_CURRENT_SEASON,2026-08-20T23:43:02.137578+00:00,SAVANT_ARSENAL_SCHEMA_V1,CURRENT
684007,"Imanaga, Shota",2026.0,578.0,140.0,24.2,5.5,29.4,51.5,0.302,0.235,0.411,35.4,10.0,72.6,31.3,16.0,31.9,ST,Sweeper,14.9,336,15.1,0.25,0.531,0.364,-1.4,BASEBALL_SAVANT_CURRENT_SEASON,2026-08-20T23:43:02.137578+00:00,SAVANT_ARSENAL_SCHEMA_V1,CURRENT
657277,"Webb, Logan",2026.0,560.0,110.0,19.6,5.7,20.8,48.2,0.295,0.249,0.365,38.0,5.1,72.2,28.5,15.0,31.8,FC,Cutter,13.7,283,18.4,0.279,0.412,0.324,0.7,BASEBALL_SAVANT_CURRENT_SEASON,2026-08-20T23:43:02.137578+00:00,SAVANT_ARSENAL_SCHEMA_V1,CURRENT
664199,"Clarke, Taylor",2026.0,215.0,31.0,14.4,4.7,20.5,48.4,0.312,0.256,0.415,32.7,8.2,72.7,26.7,5.0,31.6,CH,Changeup,28.0,223,14.5,0.231,0.323,0.257,0.9,BASEBALL_SAVANT_CURRENT_SEASON,2026-08-20T23:43:02.137578+00:00,SAVANT_ARSENAL_SCHEMA_V1,CURRENT
593958,"Rodriguez, Eduardo",2026.0,613.0,106.0,17.3,7.7,20.6,48.0,0.333,0.266,0.443,35.2,8.3,72.6,29.8,14.0,32.1,CU,Curveball,12.7,301,15.5,0.229,0.329,0.248,1.8,BASEBALL_SAVANT_CURRENT_SEASON,2026-08-20T23:43:02.137578+00:00,SAVANT_ARSENAL_SCHEMA_V1,CURRENT
678394,"Bello, Brayan",2026.0,385.0,67.0,17.4,7.3,24.9,49.2,0.351,0.294,0.466,42.3,8.0,72.6,29.9,8.0,37.5,CH,Changeup,19.0,272,14.3,0.215,0.323,0.239,0.8,BASEBALL_SAVANT_CURRENT_SEASON,2026-08-20T23:43:02.137578+00:00,SAVANT_ARSENAL_SCHEMA_V1,CURRENT
669022,"Gore, MacKenzie",2026.0,597.0,154.0,25.8,8.5,26.3,49.6,0.304,0.236,0.378,42.0,8.8,72.6,31.4,21.0,27.8,CH,Changeup,12.0,284,28.4,0.147,0.206,0.175,1.4,BASEBALL_SAVANT_CURRENT_SEASON,2026-08-20T23:43:02.137578+00:00,SAVANT_ARSENAL_SCHEMA_V1,CURRENT
605135,"Bassitt, Chris",2026.0,309.0,46.0,14.9,8.4,20.9,45.8,0.344,0.286,0.411,35.8,4.4,71.2,22.7,5.0,36.7,CU,Curveball,22.9,266,15.7,0.237,0.322,0.319,-0.1,BASEBALL_SAVANT_CURRENT_SEASON,2026-08-20T23:43:02.137578+00:00,SAVANT_ARSENAL_SCHEMA_V1,CURRENT
663687,"Harris, Hogan",2026.0,253.0,72.0,28.5,13.8,25.9,42.9,0.301,0.211,0.323,32.1,5.7,71.1,20.8,4.0,27.3,CU,Curveball,26.6,287,25.0,0.197,0.262,0.265,0.4,BASEBALL_SAVANT_CURRENT_SEASON,2026-08-20T23:43:02.137578+00:00,SAVANT_ARSENAL_SCHEMA_V1,CURRENT
621237,"Alvarado, José",2026.0,211.0,56.0,26.5,10.4,29.4,46.4,0.303,0.224,0.337,28.0,4.8,71.8,23.9,10.0,26.2,FC,Cutter,32.4,288,19.1,0.222,0.381,0.301,-0.6,BASEBALL_SAVANT_CURRENT_SEASON,2026-08-20T23:43:02.137578+00:00,SAVANT_ARSENAL_SCHEMA_V1,CURRENT
687396,"Headrick, Brent",2026.0,261.0,79.0,30.3,7.7,31.8,53.9,0.271,0.222,0.33,37.7,4.9,72.0,27.5,13.0,28.4,SL,Slider,32.5,328,24.5,0.212,0.333,0.261,0.6,BASEBALL_SAVANT_CURRENT_SEASON,2026-08-20T23:43:02.137578+00:00,SAVANT_ARSENAL_SCHEMA_V1,CURRENT
642528,"Loáisiga, Jonathan",2026.0,202.0,36.0,17.8,5.4,22.5,52.8,0.275,0.23,0.348,33.1,4.5,71.5,22.7,5.0,28.8,SI,Sinker,32.4,245,18.2,0.242,0.318,0.278,2.4,BASEBALL_SAVANT_CURRENT_SEASON,2026-08-20T23:43:02.137578+00:00,SAVANT_ARSENAL_SCHEMA_V1,CURRENT
667463,"King, John",2026.0,197.0,33.0,16.8,8.6,21.7,47.2,0.31,0.229,0.404,37.8,8.5,72.4,32.0,4.0,37.1,SI,Sinker,32.1,229,14.8,0.193,0.316,0.308,1.5,BASEBALL_SAVANT_CURRENT_SEASON,2026-08-20T23:43:02.137578+00:00,SAVANT_ARSENAL_SCHEMA_V1,CURRENT
687606,"Schultz, Paxton",2026.0,153.0,32.0,20.9,7.8,18.7,44.8,0.342,0.276,0.453,39.3,8.4,71.8,27.2,4.0,33.8,FF,4-Seam Fastball,33.9,207,22.9,0.222,0.238,0.245,1.6,BASEBALL_SAVANT_CURRENT_SEASON,2026-08-20T23:43:02.137578+00:00,SAVANT_ARSENAL_SCHEMA_V1,CURRENT
674841,"Alvarez, Andrew",2026.0,317.0,69.0,21.8,10.4,26.2,44.8,0.326,0.26,0.386,42.5,5.2,72.3,31.7,18.0,36.6,SL,Slider,23.2,287,19.2,0.259,0.483,0.379,-1.0,BASEBALL_SAVANT_CURRENT_SEASON,2026-08-20T23:43:02.137578+00:00,SAVANT_ARSENAL_SCHEMA_V1,CURRENT
669372,"Ginn, J.T.",2026.0,533.0,114.0,21.4,9.9,27.3,45.8,0.308,0.238,0.361,35.2,5.6,72.7,31.0,10.0,30.9,FC,Cutter,16.6,333,13.3,0.254,0.525,0.376,-0.3,BASEBALL_SAVANT_CURRENT_SEASON,2026-08-20T23:43:02.137578+00:00,SAVANT_ARSENAL_SCHEMA_V1,CURRENT
694819,"Misiorowski, Jacob",2026.0,527.0,210.0,39.8,5.9,38.1,51.8,0.216,0.165,0.245,33.6,3.2,71.4,23.2,29.0,25.1,FC,Cutter,13.2,275,27.9,0.109,0.266,0.198,2.9,BASEBALL_SAVANT_CURRENT_SEASON,2026-08-20T23:43:02.137578+00:00,SAVANT_ARSENAL_SCHEMA_V1,CURRENT
656638,"Lange, Alex",2026.0,222.0,53.0,23.9,11.7,27.8,47.1,0.336,0.243,0.411,42.0,12.3,72.3,29.8,11.0,31.3,SL,Slider,31.8,292,20.0,0.222,0.317,0.275,0.7,BASEBALL_SAVANT_CURRENT_SEASON,2026-08-20T23:43:02.137578+00:00,SAVANT_ARSENAL_SCHEMA_V1,CURRENT
669372,"Ginn, J.T.",2026.0,533.0,114.0,21.4,9.9,27.3,45.8,0.308,0.238,0.361,35.2,5.6,72.7,31.0,10.0,30.9,FF,4-Seam Fastball,11.8,237,17.8,0.2,0.382,0.338,-1.0,BASEBALL_SAVANT_CURRENT_SEASON,2026-08-20T23:43:02.137578+00:00,SAVANT_ARSENAL_SCHEMA_V1,CURRENT
608566,"Márquez, Germán",2026.0,236.0,37.0,15.7,10.2,19.0,47.5,0.362,0.267,0.484,43.9,9.8,72.4,31.1,10.0,30.1,CU,Curveball,31.8,292,15.2,0.284,0.582,0.386,-2.6,BASEBALL_SAVANT_CURRENT_SEASON,2026-08-20T23:43:02.137578+00:00,SAVANT_ARSENAL_SCHEMA_V1,CURRENT
593958,"Rodriguez, Eduardo",2026.0,613.0,106.0,17.3,7.7,20.6,48.0,0.333,0.266,0.443,35.2,8.3,72.6,29.8,14.0,32.1,FC,Cutter,12.9,306,16.7,0.333,0.53,0.399,-1.1,BASEBALL_SAVANT_CURRENT_SEASON,2026-08-20T23:43:02.137578+00:00,SAVANT_ARSENAL_SCHEMA_V1,CURRENT
656730,"Megill, Trevor",2026.0,186.0,54.0,29.0,6.5,32.3,52.0,0.248,0.198,0.316,41.2,5.0,71.3,20.8,12.0,36.1,CU,Curveball,35.7,244,28.1,0.123,0.138,0.136,3.3,BASEBALL_SAVANT_CURRENT_SEASON,2026-08-20T23:43:02.137578+00:00,SAVANT_ARSENAL_SCHEMA_V1,CURRENT
679883,"Avila, Luinder",2026.0,309.0,61.0,19.7,13.6,23.9,42.4,0.339,0.251,0.396,35.3,5.9,72.0,23.7,12.0,28.4,SL,Slider,21.7,280,17.5,0.207,0.466,0.347,-1.3,BASEBALL_SAVANT_CURRENT_SEASON,2026-08-20T23:43:02.137578+00:00,SAVANT_ARSENAL_SCHEMA_V1,CURRENT
623149,"Sewald, Paul",2026.0,170.0,46.0,27.1,5.3,28.2,51.8,0.32,0.222,0.488,40.7,15.0,71.9,25.0,2.0,35.6,ST,Sweeper,41.4,272,29.8,0.19,0.429,0.293,0.4,BASEBALL_SAVANT_CURRENT_SEASON,2026-08-20T23:43:02.137578+00:00,SAVANT_ARSENAL_SCHEMA_V1,CURRENT
676760,"Marinaccio, Ron",2026.0,260.0,48.0,18.5,10.4,25.3,47.1,0.347,0.261,0.427,41.0,7.9,71.8,25.2,9.0,33.5,CH,Changeup,27.3,284,7.7,0.246,0.443,0.347,-1.7,BASEBALL_SAVANT_CURRENT_SEASON,2026-08-20T23:43:02.137578+00:00,SAVANT_ARSENAL_SCHEMA_V1,CURRENT
683352,"Bratt, Mitch",2026.0,159.0,25.0,15.7,13.8,15.6,47.8,0.311,0.218,0.365,35.1,8.1,72.6,29.2,2.0,25.9,FF,4-Seam Fastball,42.6,258,13.4,0.25,0.446,0.368,-0.9,BASEBALL_SAVANT_CURRENT_SEASON,2026-08-20T23:43:02.137578+00:00,SAVANT_ARSENAL_SCHEMA_V1,CURRENT
676534,"Faucher, Calvin",2026.0,231.0,61.0,26.4,13.4,27.0,42.6,0.305,0.231,0.325,39.7,5.1,71.9,25.1,12.0,26.9,ST,Sweeper,24.3,226,26.0,0.15,0.2,0.207,2.4,BASEBALL_SAVANT_CURRENT_SEASON,2026-08-20T23:43:02.137578+00:00,SAVANT_ARSENAL_SCHEMA_V1,CURRENT
518585,"Cruz, Fernando",2026.0,224.0,65.0,29.0,13.8,39.4,43.5,0.284,0.188,0.326,26.2,8.7,71.7,24.8,17.0,30.9,FF,4-Seam Fastball,31.8,287,14.3,0.304,0.482,0.39,-0.1,BASEBALL_SAVANT_CURRENT_SEASON,2026-08-20T23:43:02.137578+00:00,SAVANT_ARSENAL_SCHEMA_V1,CURRENT
690925,"Beeter, Clayton",2026.0,160.0,39.0,24.4,15.0,28.0,44.8,0.323,0.216,0.365,43.2,6.4,71.4,21.8,11.0,34.1,FF,4-Seam Fastball,49.0,301,19.1,0.306,0.592,0.438,-0.8,BASEBALL_SAVANT_CURRENT_SEASON,2026-08-20T23:43:02.137578+00:00,SAVANT_ARSENAL_SCHEMA_V1,CURRENT
623352,"Hader, Josh",2026.0,117.0,41.0,35.0,9.4,36.5,53.1,0.225,0.158,0.254,33.8,7.7,71.6,22.2,7.0,25.9,SI,Sinker,62.1,295,24.1,0.111,0.175,0.165,3.5,BASEBALL_SAVANT_CURRENT_SEASON,2026-08-20T23:43:02.137578+00:00,SAVANT_ARSENAL_SCHEMA_V1,CURRENT
660853,"De Los Santos, Enyel",2026.0,240.0,53.0,22.1,5.4,28.2,55.1,0.285,0.234,0.377,36.2,5.2,71.8,22.8,8.0,30.7,CH,Changeup,25.2,230,28.1,0.167,0.242,0.196,3.4,BASEBALL_SAVANT_CURRENT_SEASON,2026-08-20T23:43:02.137578+00:00,SAVANT_ARSENAL_SCHEMA_V1,CURRENT
680742,"Bowlan, Jonathan",2026.0,187.0,58.0,31.0,7.0,32.4,49.7,0.254,0.195,0.3,36.0,5.3,71.4,20.4,8.0,27.3,FF,4-Seam Fastball,45.2,348,29.3,0.127,0.222,0.179,2.7,BASEBALL_SAVANT_CURRENT_SEASON,2026-08-20T23:43:02.137578+00:00,SAVANT_ARSENAL_SCHEMA_V1,CURRENT
687473,"Gusto, Ryan",2026.0,237.0,49.0,20.7,5.9,21.2,49.4,0.317,0.263,0.417,44.2,8.7,72.4,27.3,12.0,37.4,FF,4-Seam Fastball,28.2,242,28.0,0.27,0.46,0.34,-0.5,BASEBALL_SAVANT_CURRENT_SEASON,2026-08-20T23:43:02.137578+00:00,SAVANT_ARSENAL_SCHEMA_V1,CURRENT
686799,"Kochanowicz, Jack",2026.0,296.0,47.0,15.9,12.2,23.6,45.2,0.358,0.272,0.439,42.8,7.4,72.5,27.6,6.0,34.8,FF,4-Seam Fastball,22.2,245,16.7,0.232,0.464,0.344,-0.3,BASEBALL_SAVANT_CURRENT_SEASON,2026-08-20T23:43:02.137578+00:00,SAVANT_ARSENAL_SCHEMA_V1,CURRENT
669330,"Wells, Tyler",2026.0,241.0,61.0,25.3,6.6,30.4,52.1,0.277,0.21,0.365,32.7,7.4,72.0,27.1,8.0,28.6,CH,Changeup,23.1,216,20.8,0.177,0.306,0.25,2.0,BASEBALL_SAVANT_CURRENT_SEASON,2026-08-20T23:43:02.137578+00:00,SAVANT_ARSENAL_SCHEMA_V1,CURRENT
573204,"Thielbar, Caleb",2026.0,164.0,47.0,28.7,7.9,28.1,51.3,0.327,0.238,0.465,39.8,11.8,72.1,27.2,12.0,27.5,FF,4-Seam Fastball,39.9,268,18.8,0.238,0.492,0.331,-0.2,BASEBALL_SAVANT_CURRENT_SEASON,2026-08-20T23:43:02.137578+00:00,SAVANT_ARSENAL_SCHEMA_V1,CURRENT
656427,"Flaherty, Jack",2026.0,389.0,102.0,26.2,10.8,27.1,45.1,0.323,0.236,0.394,46.2,8.4,73.0,32.9,16.0,28.9,CU,Curveball,19.6,321,18.9,0.25,0.433,0.374,-1.6,BASEBALL_SAVANT_CURRENT_SEASON,2026-08-20T23:43:02.137578+00:00,SAVANT_ARSENAL_SCHEMA_V1,CURRENT
699823,"Davis, Tyler",2026.0,106.0,22.0,20.8,14.2,23.4,50.0,0.288,0.219,0.324,43.5,4.3,71.0,20.1,3.0,32.1,FF,4-Seam Fastball,61.7,243,23.3,0.148,0.278,0.267,1.9,BASEBALL_SAVANT_CURRENT_SEASON,2026-08-20T23:43:02.137578+00:00,SAVANT_ARSENAL_SCHEMA_V1,CURRENT
656546,"Hoffman, Jeff",2026.0,248.0,85.0,34.3,9.7,37.2,50.1,0.297,0.214,0.334,38.3,9.8,71.9,25.3,22.0,28.4,FF,4-Seam Fastball,30.8,316,20.0,0.263,0.544,0.406,-1.1,BASEBALL_SAVANT_CURRENT_SEASON,2026-08-20T23:43:02.137578+00:00,SAVANT_ARSENAL_SCHEMA_V1,CURRENT
701542,"Warren, Will",2026.0,535.0,122.0,22.8,8.0,22.4,43.8,0.332,0.266,0.427,43.7,8.0,72.6,30.5,15.0,37.6,CH,Changeup,12.4,260,16.5,0.138,0.231,0.208,0.5,BASEBALL_SAVANT_CURRENT_SEASON,2026-08-20T23:43:02.137578+00:00,SAVANT_ARSENAL_SCHEMA_V1,CURRENT
683175,"Phillips, Connor",2026.0,133.0,28.0,21.1,21.1,26.8,40.3,0.377,0.24,0.407,40.5,9.5,71.2,16.7,1.0,34.0,ST,Sweeper,48.2,263,20.9,0.127,0.218,0.243,1.2,BASEBALL_SAVANT_CURRENT_SEASON,2026-08-20T23:43:02.137578+00:00,SAVANT_ARSENAL_SCHEMA_V1,CURRENT
669330,"Wells, Tyler",2026.0,241.0,61.0,25.3,6.6,30.4,52.1,0.277,0.21,0.365,32.7,7.4,72.0,27.1,8.0,28.6,FF,4-Seam Fastball,29.0,271,11.8,0.268,0.536,0.375,-1.2,BASEBALL_SAVANT_CURRENT_SEASON,2026-08-20T23:43:02.137578+00:00,SAVANT_ARSENAL_SCHEMA_V1,CURRENT
683618,"Henriquez, Edgardo",2026.0,202.0,54.0,26.7,11.4,29.6,48.5,0.253,0.177,0.241,25.8,2.5,71.9,23.5,9.0,21.9,FF,4-Seam Fastball,32.0,256,23.2,0.135,0.173,0.255,0.9,BASEBALL_SAVANT_CURRENT_SEASON,2026-08-20T23:43:02.137578+00:00,SAVANT_ARSENAL_SCHEMA_V1,CURRENT
676106,"Hancock, Emerson",2026.0,516.0,119.0,23.1,6.2,23.7,51.5,0.308,0.244,0.41,41.1,8.4,72.2,27.7,9.0,29.2,ST,Sweeper,16.5,331,19.9,0.125,0.203,0.168,0.4,BASEBALL_SAVANT_CURRENT_SEASON,2026-08-20T23:43:02.137578+00:00,SAVANT_ARSENAL_SCHEMA_V1,CURRENT
669199,"Bachar, Lake",2026.0,281.0,72.0,25.6,8.5,30.3,45.9,0.292,0.206,0.372,35.6,9.4,72.1,24.8,14.0,32.8,SL,Slider,23.7,268,32.8,0.158,0.386,0.286,1.3,BASEBALL_SAVANT_CURRENT_SEASON,2026-08-20T23:43:02.137578+00:00,SAVANT_ARSENAL_SCHEMA_V1,CURRENT
687330,"Kelly, Kevin",2026.0,215.0,45.0,20.9,4.2,19.8,48.7,0.292,0.262,0.368,44.3,5.8,72.3,26.2,6.0,36.6,CH,Changeup,26.3,199,23.9,0.167,0.227,0.185,1.3,BASEBALL_SAVANT_CURRENT_SEASON,2026-08-20T23:43:02.137578+00:00,SAVANT_ARSENAL_SCHEMA_V1,CURRENT
607259,"Martinez, Nick",2026.0,574.0,83.0,14.5,3.8,17.3,50.6,0.326,0.279,0.439,33.0,7.3,72.0,25.0,10.0,35.2,FF,4-Seam Fastball,12.2,242,11.8,0.295,0.574,0.396,-0.9,BASEBALL_SAVANT_CURRENT_SEASON,2026-08-20T23:43:02.137578+00:00,SAVANT_ARSENAL_SCHEMA_V1,CURRENT
608331,"Fried, Max",2026.0,332.0,79.0,23.8,8.1,24.6,45.4,0.248,0.2,0.264,31.3,1.8,71.7,22.4,10.0,30.3,FF,4-Seam Fastball,18.4,239,25.3,0.228,0.368,0.311,0.0,BASEBALL_SAVANT_CURRENT_SEASON,2026-08-20T23:43:02.137578+00:00,SAVANT_ARSENAL_SCHEMA_V1,CURRENT
607455,"Banda, Anthony",2026.0,156.0,33.0,21.2,9.6,26.7,44.9,0.325,0.234,0.375,39.0,7.1,71.8,24.8,6.0,33.9,SL,Slider,41.0,249,27.5,0.197,0.344,0.309,-1.2,BASEBALL_SAVANT_CURRENT_SEASON,2026-08-20T23:43:02.137578+00:00,SAVANT_ARSENAL_SCHEMA_V1,CURRENT
681517,"Leahy, Kyle",2026.0,516.0,111.0,21.5,6.8,22.5,46.6,0.34,0.274,0.452,48.4,10.2,72.6,30.7,27.0,36.5,ST,Sweeper,13.4,271,17.8,0.297,0.453,0.34,-0.6,BASEBALL_SAVANT_CURRENT_SEASON,2026-08-20T23:43:02.137578+00:00,SAVANT_ARSENAL_SCHEMA_V1,CURRENT
657746,"Ryan, Joe",2026.0,523.0,138.0,26.4,5.2,25.5,50.2,0.29,0.224,0.39,42.2,10.5,72.4,29.0,17.0,30.9,FS,Split-Finger,12.5,262,13.5,0.2,0.338,0.244,1.1,BASEBALL_SAVANT_CURRENT_SEASON,2026-08-20T23:43:02.137578+00:00,SAVANT_ARSENAL_SCHEMA_V1,CURRENT
663738,"Lynch IV, Daniel",2026.0,218.0,41.0,18.8,7.3,27.3,47.1,0.295,0.236,0.37,35.8,5.7,72.1,25.8,7.0,36.0,SI,Sinker,30.4,241,26.7,0.18,0.262,0.255,2.9,BASEBALL_SAVANT_CURRENT_SEASON,2026-08-20T23:43:02.137578+00:00,SAVANT_ARSENAL_SCHEMA_V1,CURRENT
688297,"Roycroft, Chris",2026.0,116.0,17.0,14.7,9.5,17.9,47.9,0.398,0.31,0.539,45.9,12.9,71.6,20.7,2.0,39.3,SI,Sinker,51.6,211,20.0,0.368,0.649,0.495,-3.8,BASEBALL_SAVANT_CURRENT_SEASON,2026-08-20T23:43:02.137578+00:00,SAVANT_ARSENAL_SCHEMA_V1,CURRENT
664875,"Lawrence, Justin",2026.0,177.0,43.0,24.3,15.8,26.3,40.6,0.38,0.267,0.455,43.0,10.0,70.8,15.6,8.0,34.1,ST,Sweeper,43.7,299,26.3,0.161,0.357,0.296,-1.3,BASEBALL_SAVANT_CURRENT_SEASON,2026-08-20T23:43:02.137578+00:00,SAVANT_ARSENAL_SCHEMA_V1,CURRENT
623474,"Herget, Jimmy",2026.0,169.0,36.0,21.3,11.8,27.0,46.8,0.328,0.244,0.41,36.9,9.9,72.4,27.0,7.0,31.3,ST,Sweeper,30.1,205,19.0,0.293,0.586,0.383,-3.2,BASEBALL_SAVANT_CURRENT_SEASON,2026-08-20T23:43:02.137578+00:00,SAVANT_ARSENAL_SCHEMA_V1,CURRENT
694973,"Skenes, Paul",2026.0,573.0,171.0,29.8,7.2,28.5,51.0,0.277,0.212,0.341,39.0,7.4,71.1,19.5,16.0,27.5,FS,Split-Finger,11.1,262,21.1,0.328,0.379,0.349,0.6,BASEBALL_SAVANT_CURRENT_SEASON,2026-08-20T23:43:02.137578+00:00,SAVANT_ARSENAL_SCHEMA_V1,CURRENT
621112,"Blackburn, Paul",2026.0,274.0,57.0,20.8,9.9,22.9,46.3,0.291,0.23,0.345,33.3,5.8,72.0,26.5,9.0,29.4,CH,Changeup,21.5,215,25.0,0.078,0.141,0.111,5.1,BASEBALL_SAVANT_CURRENT_SEASON,2026-08-20T23:43:02.137578+00:00,SAVANT_ARSENAL_SCHEMA_V1,CURRENT
678020,"Halvorsen, Seth",2026.0,100.0,17.0,17.0,16.0,22.8,46.6,0.39,0.309,0.483,37.3,6.0,71.5,27.3,3.0,32.1,FF,4-Seam Fastball,63.2,244,11.3,0.309,0.509,0.422,-2.5,BASEBALL_SAVANT_CURRENT_SEASON,2026-08-20T23:43:02.137578+00:00,SAVANT_ARSENAL_SCHEMA_V1,CURRENT
670062,"Garcia, Julian",2026.0,104.0,28.0,26.9,10.6,31.5,46.0,0.261,0.179,0.306,32.8,6.3,72.9,30.6,16.0,30.6,ST,Sweeper,55.9,243,22.7,0.197,0.459,0.288,-0.2,BASEBALL_SAVANT_CURRENT_SEASON,2026-08-20T23:43:02.137578+00:00,SAVANT_ARSENAL_SCHEMA_V1,CURRENT
681982,"Anderson, Grant",2026.0,201.0,45.0,22.4,10.0,25.7,49.3,0.274,0.205,0.333,37.8,7.4,71.6,21.7,10.0,35.7,ST,Sweeper,36.5,283,24.2,0.175,0.317,0.23,0.8,BASEBALL_SAVANT_CURRENT_SEASON,2026-08-20T23:43:02.137578+00:00,SAVANT_ARSENAL_SCHEMA_V1,CURRENT
694819,"Misiorowski, Jacob",2026.0,527.0,210.0,39.8,5.9,38.1,51.8,0.216,0.165,0.245,33.6,3.2,71.4,23.2,29.0,25.1,CU,Curveball,10.6,220,29.1,0.098,0.098,0.148,1.7,BASEBALL_SAVANT_CURRENT_SEASON,2026-08-20T23:43:02.137578+00:00,SAVANT_ARSENAL_SCHEMA_V1,CURRENT
685299,"Gordon, Tanner",2026.0,312.0,62.0,19.9,4.2,23.0,52.0,0.337,0.266,0.485,45.1,11.1,72.1,24.2,3.0,38.9,CH,Changeup,21.1,234,13.4,0.267,0.467,0.33,-0.4,BASEBALL_SAVANT_CURRENT_SEASON,2026-08-20T23:43:02.137578+00:00,SAVANT_ARSENAL_SCHEMA_V1,CURRENT
656234,"Bird, Jake",2026.0,162.0,38.0,23.5,8.0,26.3,40.8,0.327,0.24,0.421,35.8,9.4,71.5,24.4,4.0,37.1,SI,Sinker,34.6,220,21.1,0.316,0.474,0.404,-0.5,BASEBALL_SAVANT_CURRENT_SEASON,2026-08-20T23:43:02.137578+00:00,SAVANT_ARSENAL_SCHEMA_V1,CURRENT
666277,"Soriano, George",2026.0,233.0,55.0,23.6,9.9,29.9,48.3,0.319,0.23,0.407,42.1,9.8,72.4,32.7,7.0,33.0,FF,4-Seam Fastball,28.6,261,9.2,0.217,0.35,0.284,1.0,BASEBALL_SAVANT_CURRENT_SEASON,2026-08-20T23:43:02.137578+00:00,SAVANT_ARSENAL_SCHEMA_V1,CURRENT
543037,"Cole, Gerrit",2026.0,353.0,92.0,26.1,5.4,21.7,48.1,0.285,0.237,0.369,42.7,8.1,72.1,25.7,10.0,33.6,SL,Slider,19.4,253,22.1,0.242,0.419,0.307,0.4,BASEBALL_SAVANT_CURRENT_SEASON,2026-08-20T23:43:02.137578+00:00,SAVANT_ARSENAL_SCHEMA_V1,CURRENT
615698,"Quantrill, Cal",2026.0,323.0,54.0,16.7,6.8,18.5,47.5,0.312,0.247,0.407,34.4,7.5,72.2,29.1,7.0,32.7,FF,4-Seam Fastball,21.6,262,14.1,0.185,0.315,0.281,0.8,BASEBALL_SAVANT_CURRENT_SEASON,2026-08-20T23:43:02.137578+00:00,SAVANT_ARSENAL_SCHEMA_V1,CURRENT
690928,"Dobbins, Hunter",2026.0,212.0,49.0,23.1,9.9,22.9,45.1,0.3,0.23,0.357,38.6,6.4,72.3,25.1,3.0,32.6,FF,4-Seam Fastball,32.2,275,19.3,0.382,0.509,0.441,-0.7,BASEBALL_SAVANT_CURRENT_SEASON,2026-08-20T23:43:02.137578+00:00,SAVANT_ARSENAL_SCHEMA_V1,CURRENT
552640,"Kittredge, Andrew",2026.0,167.0,31.0,18.6,6.6,23.2,53.6,0.302,0.261,0.393,36.8,5.6,72.4,29.0,7.0,32.0,SI,Sinker,38.8,212,13.0,0.345,0.517,0.42,-0.1,BASEBALL_SAVANT_CURRENT_SEASON,2026-08-20T23:43:02.137578+00:00,SAVANT_ARSENAL_SCHEMA_V1,CURRENT
663423,"Thornton, Trent",2026.0,153.0,22.0,14.4,9.8,21.7,49.5,0.328,0.253,0.428,45.6,8.7,72.4,29.1,6.0,37.0,FF,4-Seam Fastball,36.1,203,12.3,0.211,0.386,0.302,1.7,BASEBALL_SAVANT_CURRENT_SEASON,2026-08-20T23:43:02.137578+00:00,SAVANT_ARSENAL_SCHEMA_V1,CURRENT
641835,"Mayza, Tim",2026.0,224.0,56.0,25.0,6.3,24.3,45.0,0.279,0.227,0.367,43.8,7.2,72.3,27.4,7.0,32.5,SL,Slider,31.8,285,14.5,0.213,0.508,0.346,-2.1,BASEBALL_SAVANT_CURRENT_SEASON,2026-08-20T23:43:02.137578+00:00,SAVANT_ARSENAL_SCHEMA_V1,CURRENT
682842,"Uribe, Abner",2026.0,191.0,48.0,25.1,9.4,26.4,43.4,0.26,0.217,0.281,31.5,1.6,71.4,21.2,10.0,29.7,SL,Slider,36.8,279,24.3,0.136,0.203,0.215,1.6,BASEBALL_SAVANT_CURRENT_SEASON,2026-08-20T23:43:02.137578+00:00,SAVANT_ARSENAL_SCHEMA_V1,CURRENT
687075,"Sproat, Brandon",2026.0,414.0,100.0,24.2,11.6,25.1,45.9,0.337,0.245,0.406,43.1,8.7,71.7,21.9,17.0,29.3,FC,Cutter,21.5,364,17.0,0.357,0.714,0.479,-1.6,BASEBALL_SAVANT_CURRENT_SEASON,2026-08-20T23:43:02.137578+00:00,SAVANT_ARSENAL_SCHEMA_V1,CURRENT
681035,"Scott, Christian",2026.0,367.0,105.0,28.6,9.5,26.6,49.8,0.304,0.229,0.356,34.7,6.8,72.2,27.5,14.0,25.7,FC,Cutter,17.7,272,26.4,0.14,0.175,0.222,2.7,BASEBALL_SAVANT_CURRENT_SEASON,2026-08-20T23:43:02.137578+00:00,SAVANT_ARSENAL_SCHEMA_V1,CURRENT
686993,"Sterner, Justin",2026.0,184.0,40.0,21.7,7.1,29.9,52.1,0.292,0.225,0.399,45.0,9.2,71.7,25.9,9.0,33.8,FC,Cutter,30.9,224,17.9,0.333,0.55,0.42,-1.2,BASEBALL_SAVANT_CURRENT_SEASON,2026-08-20T23:43:02.137578+00:00,SAVANT_ARSENAL_SCHEMA_V1,CURRENT
686613,"Brown, Hunter",2026.0,291.0,72.0,24.7,13.7,26.2,40.8,0.303,0.206,0.34,37.1,6.3,71.7,23.7,11.0,29.2,CU,Curveball,19.7,236,21.2,0.233,0.3,0.27,-0.6,BASEBALL_SAVANT_CURRENT_SEASON,2026-08-20T23:43:02.137578+00:00,SAVANT_ARSENAL_SCHEMA_V1,CURRENT
663623,"Irvin, Jake",2026.0,313.0,72.0,23.0,9.9,24.0,46.7,0.35,0.247,0.461,43.8,12.3,72.3,26.3,7.0,30.6,SI,Sinker,21.0,268,13.7,0.364,0.764,0.525,-2.0,BASEBALL_SAVANT_CURRENT_SEASON,2026-08-20T23:43:02.137578+00:00,SAVANT_ARSENAL_SCHEMA_V1,CURRENT
547973,"Chapman, Aroldis",2026.0,175.0,53.0,30.3,10.9,28.5,52.4,0.263,0.186,0.297,37.3,7.8,71.9,25.8,5.0,27.7,SI,Sinker,34.9,236,25.2,0.136,0.254,0.241,1.6,BASEBALL_SAVANT_CURRENT_SEASON,2026-08-20T23:43:02.137578+00:00,SAVANT_ARSENAL_SCHEMA_V1,CURRENT
646241,"De Jesus, Enmanuel",2026.0,177.0,39.0,22.0,8.5,24.3,47.5,0.324,0.254,0.409,43.8,7.4,71.6,22.1,4.0,38.9,FF,4-Seam Fastball,42.3,282,20.2,0.218,0.327,0.315,0.7,BASEBALL_SAVANT_CURRENT_SEASON,2026-08-20T23:43:02.137578+00:00,SAVANT_ARSENAL_SCHEMA_V1,CURRENT
666157,"Lodolo, Nick",2026.0,316.0,57.0,18.0,9.2,21.9,46.3,0.369,0.287,0.465,38.6,8.9,72.1,25.7,10.0,33.5,CU,Curveball,24.4,300,22.9,0.207,0.224,0.247,-0.1,BASEBALL_SAVANT_CURRENT_SEASON,2026-08-20T23:43:02.137578+00:00,SAVANT_ARSENAL_SCHEMA_V1,CURRENT
673540,"Senga, Kodai",2026.0,234.0,60.0,25.6,15.0,28.5,45.5,0.34,0.233,0.401,38.2,11.8,72.1,25.3,13.0,31.0,FS,Split-Finger,24.6,229,25.4,0.096,0.135,0.213,0.2,BASEBALL_SAVANT_CURRENT_SEASON,2026-08-20T23:43:02.137578+00:00,SAVANT_ARSENAL_SCHEMA_V1,CURRENT
663568,"Kolek, Stephen",2026.0,224.0,34.0,15.2,5.4,19.8,48.3,0.303,0.262,0.38,36.9,6.9,71.9,23.3,9.0,32.8,SI,Sinker,21.7,182,10.5,0.322,0.525,0.409,-1.3,BASEBALL_SAVANT_CURRENT_SEASON,2026-08-20T23:43:02.137578+00:00,SAVANT_ARSENAL_SCHEMA_V1,CURRENT
670970,"Morejon, Adrian",2026.0,279.0,83.0,29.7,6.8,34.4,51.9,0.244,0.205,0.279,32.4,2.3,71.2,21.3,11.0,31.0,CH,Changeup,22.4,241,28.6,0.177,0.21,0.202,2.2,BASEBALL_SAVANT_CURRENT_SEASON,2026-08-20T23:43:02.137578+00:00,SAVANT_ARSENAL_SCHEMA_V1,CURRENT
669711,"Weissert, Greg",2026.0,204.0,47.0,23.0,7.8,23.3,48.9,0.302,0.229,0.388,33.3,6.5,71.9,22.8,3.0,30.5,FF,4-Seam Fastball,27.5,220,15.4,0.224,0.397,0.305,-0.3,BASEBALL_SAVANT_CURRENT_SEASON,2026-08-20T23:43:02.137578+00:00,SAVANT_ARSENAL_SCHEMA_V1,CURRENT
668941,"Romero, JoJo",2026.0,186.0,43.0,23.1,8.6,23.6,39.9,0.337,0.262,0.433,43.1,8.2,71.7,23.6,8.0,42.8,ST,Sweeper,36.1,260,23.0,0.237,0.441,0.313,-0.3,BASEBALL_SAVANT_CURRENT_SEASON,2026-08-20T23:43:02.137578+00:00,SAVANT_ARSENAL_SCHEMA_V1,CURRENT
676428,"Hurter, Brant",2026.0,101.0,18.0,17.8,11.9,20.5,43.3,0.304,0.235,0.332,32.9,4.3,71.6,20.9,2.0,33.6,SI,Sinker,57.8,208,13.2,0.127,0.218,0.232,2.8,BASEBALL_SAVANT_CURRENT_SEASON,2026-08-20T23:43:02.137578+00:00,SAVANT_ARSENAL_SCHEMA_V1,CURRENT
691799,"Taylor, Grant",2026.0,263.0,85.0,32.3,8.0,28.4,46.7,0.242,0.185,0.276,41.7,5.8,70.6,16.8,23.0,30.6,CU,Curveball,27.5,290,28.9,0.136,0.153,0.173,2.7,BASEBALL_SAVANT_CURRENT_SEASON,2026-08-20T23:43:02.137578+00:00,SAVANT_ARSENAL_SCHEMA_V1,CURRENT
592791,"Taillon, Jameson",2026.0,362.0,75.0,20.7,8.8,26.8,46.4,0.363,0.257,0.525,38.7,14.6,72.8,30.4,12.0,34.0,CH,Changeup,15.9,225,18.3,0.258,0.484,0.341,-1.4,BASEBALL_SAVANT_CURRENT_SEASON,2026-08-20T23:43:02.137578+00:00,SAVANT_ARSENAL_SCHEMA_V1,CURRENT
665622,"Medina, Luis",2026.0,248.0,67.0,27.0,12.1,30.1,43.3,0.322,0.233,0.391,38.5,8.3,71.6,22.6,11.0,31.3,SI,Sinker,25.9,256,6.7,0.333,0.51,0.414,-0.3,BASEBALL_SAVANT_CURRENT_SEASON,2026-08-20T23:43:02.137578+00:00,SAVANT_ARSENAL_SCHEMA_V1,CURRENT
680573,"Woods Richardson, Simeon",2026.0,285.0,35.0,12.3,11.9,18.4,42.3,0.365,0.28,0.461,43.0,7.9,73.0,38.5,5.0,39.2,SL,Slider,23.0,249,9.5,0.328,0.517,0.409,-2.0,BASEBALL_SAVANT_CURRENT_SEASON,2026-08-20T23:43:02.137578+00:00,SAVANT_ARSENAL_SCHEMA_V1,CURRENT
670950,"Richards, Trevor",2026.0,239.0,54.0,22.6,7.9,23.9,48.3,0.304,0.238,0.4,39.8,7.2,71.5,23.8,8.0,36.6,CH,Changeup,28.9,260,21.6,0.121,0.19,0.176,0.4,BASEBALL_SAVANT_CURRENT_SEASON,2026-08-20T23:43:02.137578+00:00,SAVANT_ARSENAL_SCHEMA_V1,CURRENT
669432,"Rogers, Trevor",2026.0,529.0,108.0,20.4,6.6,23.6,52.5,0.308,0.25,0.399,39.2,7.1,72.2,27.2,22.0,31.1,SI,Sinker,9.8,201,17.1,0.25,0.317,0.271,1.0,BASEBALL_SAVANT_CURRENT_SEASON,2026-08-20T23:43:02.137578+00:00,SAVANT_ARSENAL_SCHEMA_V1,CURRENT
675512,"Melton, Troy",2026.0,329.0,73.0,22.2,7.6,25.9,49.5,0.272,0.218,0.327,34.9,5.2,72.9,31.5,13.0,29.6,SL,Slider,16.2,202,27.1,0.2,0.4,0.28,-0.2,BASEBALL_SAVANT_CURRENT_SEASON,2026-08-20T23:43:02.137578+00:00,SAVANT_ARSENAL_SCHEMA_V1,CURRENT
681810,"Warren, Austin",2026.0,160.0,39.0,24.4,11.3,26.9,40.5,0.344,0.256,0.428,42.0,13.3,72.2,26.5,9.0,32.6,ST,Sweeper,47.7,319,17.2,0.268,0.393,0.343,0.2,BASEBALL_SAVANT_CURRENT_SEASON,2026-08-20T23:43:02.137578+00:00,SAVANT_ARSENAL_SCHEMA_V1,CURRENT
683618,"Henriquez, Edgardo",2026.0,202.0,54.0,26.7,11.4,29.6,48.5,0.253,0.177,0.241,25.8,2.5,71.9,23.5,9.0,21.9,SI,Sinker,27.0,216,18.2,0.222,0.241,0.291,2.7,BASEBALL_SAVANT_CURRENT_SEASON,2026-08-20T23:43:02.137578+00:00,SAVANT_ARSENAL_SCHEMA_V1,CURRENT
669724,"Hanifee, Brenan",2026.0,93.0,10.0,10.8,7.5,14.4,45.5,0.37,0.301,0.5,45.3,8.1,72.7,32.1,0.0,40.9,SI,Sinker,60.7,195,7.7,0.316,0.474,0.381,-0.1,BASEBALL_SAVANT_CURRENT_SEASON,2026-08-20T23:43:02.137578+00:00,SAVANT_ARSENAL_SCHEMA_V1,CURRENT
656876,"Rasmussen, Drew",2026.0,529.0,138.0,26.1,4.7,25.0,50.5,0.275,0.229,0.35,32.9,6.1,71.9,25.5,21.0,28.6,CH,Changeup,12.1,252,18.3,0.159,0.159,0.157,1.7,BASEBALL_SAVANT_CURRENT_SEASON,2026-08-20T23:43:02.137578+00:00,SAVANT_ARSENAL_SCHEMA_V1,CURRENT
606996,"Hart, Kyle",2026.0,209.0,49.0,23.4,8.1,22.7,43.8,0.273,0.205,0.329,27.1,5.8,71.9,20.8,6.0,30.7,SI,Sinker,28.8,238,27.1,0.164,0.182,0.212,2.6,BASEBALL_SAVANT_CURRENT_SEASON,2026-08-20T23:43:02.137578+00:00,SAVANT_ARSENAL_SCHEMA_V1,CURRENT
694738,"Roupp, Landen",2026.0,548.0,128.0,23.4,10.9,25.5,43.5,0.3,0.23,0.345,29.9,5.1,72.0,25.0,19.0,29.1,FC,Cutter,13.1,298,23.6,0.286,0.429,0.366,-0.3,BASEBALL_SAVANT_CURRENT_SEASON,2026-08-20T23:43:02.137578+00:00,SAVANT_ARSENAL_SCHEMA_V1,CURRENT
656492,"Griffin, Foster",2026.0,589.0,131.0,22.2,5.9,23.7,48.3,0.315,0.252,0.418,38.1,9.2,72.5,31.6,23.0,29.4,CH,Changeup,11.0,257,18.6,0.172,0.207,0.261,0.8,BASEBALL_SAVANT_CURRENT_SEASON,2026-08-20T23:43:02.137578+00:00,SAVANT_ARSENAL_SCHEMA_V1,CURRENT
670059,"Holderman, Colin",2026.0,199.0,46.0,23.1,8.5,27.6,43.9,0.296,0.212,0.332,42.5,7.9,71.7,21.3,10.0,33.0,ST,Sweeper,33.6,258,26.3,0.075,0.075,0.168,2.4,BASEBALL_SAVANT_CURRENT_SEASON,2026-08-20T23:43:02.137578+00:00,SAVANT_ARSENAL_SCHEMA_V1,CURRENT
642701,"Santana, Dennis",2026.0,187.0,37.0,19.8,11.2,25.8,49.8,0.35,0.262,0.454,40.9,9.4,72.1,28.2,6.0,34.8,SL,Slider,34.8,247,18.9,0.268,0.446,0.348,-1.1,BASEBALL_SAVANT_CURRENT_SEASON,2026-08-20T23:43:02.137578+00:00,SAVANT_ARSENAL_SCHEMA_V1,CURRENT
694297,"Pfaadt, Brandon",2026.0,403.0,69.0,17.1,6.0,21.6,49.4,0.293,0.236,0.375,35.0,7.2,72.4,27.1,15.0,33.4,CH,Changeup,16.4,243,16.0,0.3,0.533,0.36,-0.6,BASEBALL_SAVANT_CURRENT_SEASON,2026-08-20T23:43:02.137578+00:00,SAVANT_ARSENAL_SCHEMA_V1,CURRENT
668674,"Erceg, Lucas",2026.0,208.0,31.0,14.9,13.9,20.8,47.2,0.34,0.263,0.361,38.7,4.9,71.3,19.6,4.0,29.8,SL,Slider,28.4,234,15.2,0.241,0.352,0.309,-1.6,BASEBALL_SAVANT_CURRENT_SEASON,2026-08-20T23:43:02.137578+00:00,SAVANT_ARSENAL_SCHEMA_V1,CURRENT
670329,"Garcia, Rico",2026.0,210.0,55.0,26.2,8.6,32.7,49.1,0.277,0.209,0.353,35.3,6.6,71.9,26.8,8.0,32.7,FF,4-Seam Fastball,34.6,274,23.6,0.241,0.481,0.36,0.7,BASEBALL_SAVANT_CURRENT_SEASON,2026-08-20T23:43:02.137578+00:00,SAVANT_ARSENAL_SCHEMA_V1,CURRENT
518876,"Kelly, Merrill",2026.0,565.0,84.0,14.9,10.1,21.3,49.0,0.399,0.305,0.554,44.0,12.6,72.7,31.3,20.0,34.9,SL,Slider,10.1,209,14.1,0.25,0.35,0.284,0.2,BASEBALL_SAVANT_CURRENT_SEASON,2026-08-20T23:43:02.137578+00:00,SAVANT_ARSENAL_SCHEMA_V1,CURRENT
670245,"Watson, Ryan",2026.0,253.0,47.0,18.6,7.5,23.9,49.3,0.351,0.274,0.468,37.5,10.9,71.2,22.8,10.0,36.1,FC,Cutter,26.4,251,19.4,0.339,0.643,0.442,-0.8,BASEBALL_SAVANT_CURRENT_SEASON,2026-08-20T23:43:02.137578+00:00,SAVANT_ARSENAL_SCHEMA_V1,CURRENT
666808,"Doval, Camilo",2026.0,217.0,48.0,22.1,12.0,26.4,46.4,0.297,0.214,0.332,47.9,6.5,72.1,24.1,8.0,33.9,SL,Slider,29.0,241,28.3,0.193,0.439,0.319,-0.9,BASEBALL_SAVANT_CURRENT_SEASON,2026-08-20T23:43:02.137578+00:00,SAVANT_ARSENAL_SCHEMA_V1,CURRENT
694973,"Skenes, Paul",2026.0,573.0,171.0,29.8,7.2,28.5,51.0,0.277,0.212,0.341,39.0,7.4,71.1,19.5,16.0,27.5,SI,Sinker,10.5,247,18.2,0.316,0.509,0.401,-0.8,BASEBALL_SAVANT_CURRENT_SEASON,2026-08-20T23:43:02.137578+00:00,SAVANT_ARSENAL_SCHEMA_V1,CURRENT
668674,"Erceg, Lucas",2026.0,208.0,31.0,14.9,13.9,20.8,47.2,0.34,0.263,0.361,38.7,4.9,71.3,19.6,4.0,29.8,SI,Sinker,28.3,233,12.7,0.271,0.313,0.352,0.9,BASEBALL_SAVANT_CURRENT_SEASON,2026-08-20T23:43:02.137578+00:00,SAVANT_ARSENAL_SCHEMA_V1,CURRENT
687570,"Prielipp, Connor",2026.0,382.0,94.0,24.6,9.4,23.8,47.1,0.318,0.237,0.399,41.1,8.2,71.9,26.7,14.0,34.2,CU,Curveball,17.1,258,22.2,0.224,0.31,0.277,-0.6,BASEBALL_SAVANT_CURRENT_SEASON,2026-08-20T23:43:02.137578+00:00,SAVANT_ARSENAL_SCHEMA_V1,CURRENT
676083,"Junk, Janson",2026.0,396.0,66.0,16.7,6.6,15.1,48.6,0.316,0.259,0.408,40.4,6.6,72.5,31.0,6.0,34.1,ST,Sweeper,13.8,205,12.3,0.25,0.533,0.329,-2.0,BASEBALL_SAVANT_CURRENT_SEASON,2026-08-20T23:43:02.137578+00:00,SAVANT_ARSENAL_SCHEMA_V1,CURRENT
500779,"Quintana, Jose",2026.0,181.0,20.0,11.0,9.4,21.1,47.0,0.343,0.275,0.441,32.9,8.4,72.9,31.0,5.0,35.7,FF,4-Seam Fastball,29.7,204,12.1,0.288,0.481,0.361,-0.1,BASEBALL_SAVANT_CURRENT_SEASON,2026-08-20T23:43:02.137578+00:00,SAVANT_ARSENAL_SCHEMA_V1,CURRENT
571578,"Corbin, Patrick",2026.0,360.0,63.0,17.5,6.9,21.1,47.3,0.356,0.289,0.463,42.1,7.5,72.4,30.0,11.0,31.1,FC,Cutter,15.2,214,8.1,0.462,0.788,0.561,-3.6,BASEBALL_SAVANT_CURRENT_SEASON,2026-08-20T23:43:02.137578+00:00,SAVANT_ARSENAL_SCHEMA_V1,CURRENT
660853,"De Los Santos, Enyel",2026.0,240.0,53.0,22.1,5.4,28.2,55.1,0.285,0.234,0.377,36.2,5.2,71.8,22.8,8.0,30.7,SL,Slider,30.6,279,15.2,0.236,0.436,0.34,-0.7,BASEBALL_SAVANT_CURRENT_SEASON,2026-08-20T23:43:02.137578+00:00,SAVANT_ARSENAL_SCHEMA_V1,CURRENT
628452,"Iglesias, Raisel",2026.0,188.0,49.0,26.1,7.4,30.2,52.9,0.286,0.223,0.361,37.1,9.8,71.9,27.6,0.0,26.8,FF,4-Seam Fastball,38.1,271,18.2,0.283,0.417,0.316,0.6,BASEBALL_SAVANT_CURRENT_SEASON,2026-08-20T23:43:02.137578+00:00,SAVANT_ARSENAL_SCHEMA_V1,CURRENT
694973,"Skenes, Paul",2026.0,573.0,171.0,29.8,7.2,28.5,51.0,0.277,0.212,0.341,39.0,7.4,71.1,19.5,16.0,27.5,ST,Sweeper,15.8,371,19.4,0.169,0.339,0.256,0.8,BASEBALL_SAVANT_CURRENT_SEASON,2026-08-20T23:43:02.137578+00:00,SAVANT_ARSENAL_SCHEMA_V1,CURRENT
694361,"Klein, Will",2026.0,189.0,49.0,25.9,11.1,23.9,43.3,0.288,0.235,0.302,37.9,2.6,70.7,17.6,8.0,32.4,ST,Sweeper,28.3,216,24.4,0.236,0.273,0.279,1.0,BASEBALL_SAVANT_CURRENT_SEASON,2026-08-20T23:43:02.137578+00:00,SAVANT_ARSENAL_SCHEMA_V1,CURRENT
669330,"Wells, Tyler",2026.0,241.0,61.0,25.3,6.6,30.4,52.1,0.277,0.21,0.365,32.7,7.4,72.0,27.1,8.0,28.6,FC,Cutter,28.3,265,25.3,0.213,0.328,0.241,1.5,BASEBALL_SAVANT_CURRENT_SEASON,2026-08-20T23:43:02.137578+00:00,SAVANT_ARSENAL_SCHEMA_V1,CURRENT
657044,"Thompson, Ryan",2026.0,186.0,29.0,15.6,7.0,19.2,48.6,0.311,0.275,0.381,34.0,4.3,72.3,29.3,4.0,34.8,SL,Slider,33.2,217,17.3,0.233,0.333,0.249,0.4,BASEBALL_SAVANT_CURRENT_SEASON,2026-08-20T23:43:02.137578+00:00,SAVANT_ARSENAL_SCHEMA_V1,CURRENT
664199,"Clarke, Taylor",2026.0,215.0,31.0,14.4,4.7,20.5,48.4,0.312,0.256,0.415,32.7,8.2,72.7,26.7,5.0,31.6,SL,Slider,31.9,254,18.8,0.086,0.155,0.13,3.6,BASEBALL_SAVANT_CURRENT_SEASON,2026-08-20T23:43:02.137578+00:00,SAVANT_ARSENAL_SCHEMA_V1,CURRENT
593958,"Rodriguez, Eduardo",2026.0,613.0,106.0,17.3,7.7,20.6,48.0,0.333,0.266,0.443,35.2,8.3,72.6,29.8,14.0,32.1,SI,Sinker,8.6,204,9.6,0.382,0.545,0.436,-2.2,BASEBALL_SAVANT_CURRENT_SEASON,2026-08-20T23:43:02.137578+00:00,SAVANT_ARSENAL_SCHEMA_V1,CURRENT
608337,"Giolito, Lucas",2026.0,138.0,18.0,13.0,16.7,24.0,40.8,0.357,0.262,0.406,43.8,4.2,72.5,28.2,7.0,38.4,FF,4-Seam Fastball,41.6,229,10.9,0.319,0.404,0.41,-0.4,BASEBALL_SAVANT_CURRENT_SEASON,2026-08-20T23:43:02.137578+00:00,SAVANT_ARSENAL_SCHEMA_V1,CURRENT
669062,"Miller, Erik",2026.0,173.0,57.0,32.9,14.5,35.5,39.5,0.273,0.182,0.274,27.3,5.8,71.8,22.0,15.0,23.3,SL,Slider,41.6,317,26.9,0.123,0.175,0.176,2.1,BASEBALL_SAVANT_CURRENT_SEASON,2026-08-20T23:43:02.137578+00:00,SAVANT_ARSENAL_SCHEMA_V1,CURRENT
594580,"Moll, Sam",2026.0,230.0,51.0,22.2,12.6,22.9,42.3,0.33,0.239,0.361,34.7,6.1,72.0,25.7,7.0,28.3,ST,Sweeper,36.1,350,22.2,0.175,0.298,0.257,0.6,BASEBALL_SAVANT_CURRENT_SEASON,2026-08-20T23:43:02.137578+00:00,SAVANT_ARSENAL_SCHEMA_V1,CURRENT
695534,"Petty, Chase",2026.0,139.0,15.0,10.8,6.5,19.6,48.2,0.361,0.278,0.47,37.5,9.1,72.4,29.6,0.0,37.9,SI,Sinker,34.4,164,8.7,0.302,0.547,0.42,0.1,BASEBALL_SAVANT_CURRENT_SEASON,2026-08-20T23:43:02.137578+00:00,SAVANT_ARSENAL_SCHEMA_V1,CURRENT
693821,"Elder, Bryce",2026.0,579.0,113.0,19.5,7.9,21.6,46.6,0.31,0.248,0.396,40.8,6.5,72.7,28.8,17.0,36.9,CH,Changeup,11.0,227,19.2,0.169,0.203,0.182,1.2,BASEBALL_SAVANT_CURRENT_SEASON,2026-08-20T23:43:02.137578+00:00,SAVANT_ARSENAL_SCHEMA_V1,CURRENT
669461,"Liberatore, Matthew",2026.0,541.0,125.0,23.1,8.1,23.4,46.8,0.336,0.264,0.441,41.7,9.0,72.7,31.2,18.0,34.0,SI,Sinker,8.4,177,15.9,0.392,0.569,0.477,-2.6,BASEBALL_SAVANT_CURRENT_SEASON,2026-08-20T23:43:02.137578+00:00,SAVANT_ARSENAL_SCHEMA_V1,CURRENT
683175,"Phillips, Connor",2026.0,133.0,28.0,21.1,21.1,26.8,40.3,0.377,0.24,0.407,40.5,9.5,71.2,16.7,1.0,34.0,FF,4-Seam Fastball,48.9,267,14.1,0.31,0.476,0.466,-1.9,BASEBALL_SAVANT_CURRENT_SEASON,2026-08-20T23:43:02.137578+00:00,SAVANT_ARSENAL_SCHEMA_V1,CURRENT
665871,"Assad, Javier",2026.0,332.0,55.0,16.6,6.3,14.9,44.3,0.326,0.264,0.431,45.5,7.1,71.8,24.8,10.0,38.0,FF,4-Seam Fastball,18.9,246,13.0,0.246,0.509,0.337,0.4,BASEBALL_SAVANT_CURRENT_SEASON,2026-08-20T23:43:02.137578+00:00,SAVANT_ARSENAL_SCHEMA_V1,CURRENT
805123,"Blubaugh, AJ",2026.0,324.0,79.0,24.4,10.2,28.8,49.0,0.306,0.218,0.379,36.7,9.6,71.5,22.2,13.0,28.7,ST,Sweeper,21.7,289,18.6,0.218,0.255,0.234,2.1,BASEBALL_SAVANT_CURRENT_SEASON,2026-08-20T23:43:02.137578+00:00,SAVANT_ARSENAL_SCHEMA_V1,CURRENT
656222,"Beeks, Jalen",2026.0,113.0,21.0,18.6,7.1,23.4,47.2,0.363,0.282,0.522,42.9,10.7,72.4,30.9,3.0,42.1,FF,4-Seam Fastball,50.9,207,19.3,0.286,0.464,0.341,0.0,BASEBALL_SAVANT_CURRENT_SEASON,2026-08-20T23:43:02.137578+00:00,SAVANT_ARSENAL_SCHEMA_V1,CURRENT
592791,"Taillon, Jameson",2026.0,362.0,75.0,20.7,8.8,26.8,46.4,0.363,0.257,0.525,38.7,14.6,72.8,30.4,12.0,34.0,FC,Cutter,18.6,263,21.4,0.288,0.692,0.451,-2.4,BASEBALL_SAVANT_CURRENT_SEASON,2026-08-20T23:43:02.137578+00:00,SAVANT_ARSENAL_SCHEMA_V1,CURRENT
680755,"Fisher, Braydon",2026.0,260.0,58.0,22.3,13.1,26.9,44.2,0.312,0.223,0.36,37.0,10.3,71.7,25.5,14.0,31.6,CU,Curveball,28.6,290,24.3,0.218,0.382,0.288,-0.6,BASEBALL_SAVANT_CURRENT_SEASON,2026-08-20T23:43:02.137578+00:00,SAVANT_ARSENAL_SCHEMA_V1,CURRENT
676440,"Bibee, Tanner",2026.0,613.0,117.0,19.1,7.0,23.8,46.9,0.32,0.252,0.423,39.3,8.3,71.8,23.6,14.0,37.6,CU,Curveball,10.7,250,11.7,0.218,0.491,0.344,-0.9,BASEBALL_SAVANT_CURRENT_SEASON,2026-08-20T23:43:02.137578+00:00,SAVANT_ARSENAL_SCHEMA_V1,CURRENT
643377,"Jax, Griffin",2026.0,379.0,100.0,26.4,7.9,31.2,48.6,0.323,0.252,0.418,39.7,9.3,72.6,30.4,10.0,34.5,FF,4-Seam Fastball,17.8,250,18.4,0.259,0.519,0.359,-1.0,BASEBALL_SAVANT_CURRENT_SEASON,2026-08-20T23:43:02.137578+00:00,SAVANT_ARSENAL_SCHEMA_V1,CURRENT
621381,"Strahm, Matt",2026.0,161.0,30.0,18.6,8.7,23.2,49.8,0.316,0.225,0.428,39.1,11.3,72.0,24.9,3.0,31.9,FF,4-Seam Fastball,38.9,246,17.8,0.207,0.5,0.313,-0.1,BASEBALL_SAVANT_CURRENT_SEASON,2026-08-20T23:43:02.137578+00:00,SAVANT_ARSENAL_SCHEMA_V1,CURRENT
691587,"Pérez, Eury",2026.0,494.0,133.0,26.9,9.9,28.6,51.5,0.296,0.208,0.36,39.8,9.2,72.7,31.9,22.0,26.1,SL,Slider,16.0,318,18.4,0.164,0.345,0.261,0.9,BASEBALL_SAVANT_CURRENT_SEASON,2026-08-20T23:43:02.137578+00:00,SAVANT_ARSENAL_SCHEMA_V1,CURRENT
657746,"Ryan, Joe",2026.0,523.0,138.0,26.4,5.2,25.5,50.2,0.29,0.224,0.39,42.2,10.5,72.4,29.0,17.0,30.9,SI,Sinker,9.6,201,15.8,0.345,0.527,0.385,-0.6,BASEBALL_SAVANT_CURRENT_SEASON,2026-08-20T23:43:02.137578+00:00,SAVANT_ARSENAL_SCHEMA_V1,CURRENT
664141,"Brubaker, JT",2026.0,236.0,38.0,16.1,10.6,21.0,44.8,0.34,0.268,0.428,36.3,5.8,72.1,24.2,9.0,33.4,SL,Slider,25.7,243,12.8,0.196,0.353,0.287,0.3,BASEBALL_SAVANT_CURRENT_SEASON,2026-08-20T23:43:02.137578+00:00,SAVANT_ARSENAL_SCHEMA_V1,CURRENT
677958,"Rocker, Kumar",2026.0,528.0,109.0,20.6,9.1,25.8,47.9,0.333,0.259,0.43,40.6,7.9,72.2,30.0,29.0,33.4,FF,4-Seam Fastball,12.8,259,16.0,0.222,0.444,0.329,0.0,BASEBALL_SAVANT_CURRENT_SEASON,2026-08-20T23:43:02.137578+00:00,SAVANT_ARSENAL_SCHEMA_V1,CURRENT
680744,"Madden, Ty",2026.0,146.0,37.0,25.3,8.2,24.4,49.2,0.259,0.2,0.302,30.2,5.2,72.0,30.8,10.0,25.1,FF,4-Seam Fastball,33.9,203,19.4,0.216,0.275,0.303,1.3,BASEBALL_SAVANT_CURRENT_SEASON,2026-08-20T23:43:02.137578+00:00,SAVANT_ARSENAL_SCHEMA_V1,CURRENT
518876,"Kelly, Merrill",2026.0,565.0,84.0,14.9,10.1,21.3,49.0,0.399,0.305,0.554,44.0,12.6,72.7,31.3,20.0,34.9,SI,Sinker,10.0,207,14.3,0.321,0.509,0.374,-1.7,BASEBALL_SAVANT_CURRENT_SEASON,2026-08-20T23:43:02.137578+00:00,SAVANT_ARSENAL_SCHEMA_V1,CURRENT
699134,"Rodriguez, Bradgley",2026.0,231.0,60.0,26.0,7.4,28.9,50.7,0.226,0.181,0.263,28.6,2.6,72.6,32.4,3.0,25.5,SI,Sinker,24.7,226,15.2,0.304,0.464,0.357,-0.1,BASEBALL_SAVANT_CURRENT_SEASON,2026-08-20T23:43:02.137578+00:00,SAVANT_ARSENAL_SCHEMA_V1,CURRENT
595345,"Okert, Steven",2026.0,240.0,64.0,26.7,5.4,30.7,49.6,0.262,0.203,0.334,33.3,4.5,71.5,23.8,5.0,29.7,FF,4-Seam Fastball,27.5,266,16.5,0.245,0.34,0.295,0.2,BASEBALL_SAVANT_CURRENT_SEASON,2026-08-20T23:43:02.137578+00:00,SAVANT_ARSENAL_SCHEMA_V1,CURRENT
677958,"Rocker, Kumar",2026.0,528.0,109.0,20.6,9.1,25.8,47.9,0.333,0.259,0.43,40.6,7.9,72.2,30.0,29.0,33.4,FC,Cutter,14.3,290,20.5,0.327,0.577,0.415,-0.7,BASEBALL_SAVANT_CURRENT_SEASON,2026-08-20T23:43:02.137578+00:00,SAVANT_ARSENAL_SCHEMA_V1,CURRENT
668390,"Winn, Cole",2026.0,197.0,42.0,21.3,7.6,27.1,53.9,0.336,0.271,0.44,42.4,6.5,72.3,29.7,6.0,32.7,FF,4-Seam Fastball,31.0,221,22.5,0.28,0.4,0.357,-0.1,BASEBALL_SAVANT_CURRENT_SEASON,2026-08-20T23:43:02.137578+00:00,SAVANT_ARSENAL_SCHEMA_V1,CURRENT
668881,"Greene, Hunter",2026.0,121.0,33.0,27.3,7.4,27.2,53.3,0.325,0.268,0.429,46.8,5.1,72.3,23.6,8.0,29.4,FF,4-Seam Fastball,52.0,237,17.6,0.189,0.34,0.315,0.8,BASEBALL_SAVANT_CURRENT_SEASON,2026-08-20T23:43:02.137578+00:00,SAVANT_ARSENAL_SCHEMA_V1,CURRENT
687931,"Whisenhunt, Carson",2026.0,153.0,23.0,15.0,13.1,28.0,46.3,0.378,0.279,0.485,47.7,8.3,72.9,31.9,4.0,42.7,CH,Changeup,35.4,202,18.5,0.2,0.4,0.29,1.0,BASEBALL_SAVANT_CURRENT_SEASON,2026-08-20T23:43:02.137578+00:00,SAVANT_ARSENAL_SCHEMA_V1,CURRENT
667297,"Nance, Tommy",2026.0,194.0,50.0,25.8,9.3,25.5,48.0,0.307,0.25,0.383,34.1,5.6,71.8,23.7,12.0,31.3,CU,Curveball,30.4,226,22.9,0.127,0.145,0.173,1.5,BASEBALL_SAVANT_CURRENT_SEASON,2026-08-20T23:43:02.137578+00:00,SAVANT_ARSENAL_SCHEMA_V1,CURRENT
694973,"Skenes, Paul",2026.0,573.0,171.0,29.8,7.2,28.5,51.0,0.277,0.212,0.341,39.0,7.4,71.1,19.5,16.0,27.5,SL,Slider,7.3,171,28.6,0.176,0.314,0.297,0.9,BASEBALL_SAVANT_CURRENT_SEASON,2026-08-20T23:43:02.137578+00:00,SAVANT_ARSENAL_SCHEMA_V1,CURRENT
547973,"Chapman, Aroldis",2026.0,175.0,53.0,30.3,10.9,28.5,52.4,0.263,0.186,0.297,37.3,7.8,71.9,25.8,5.0,27.7,FF,4-Seam Fastball,36.3,246,14.6,0.319,0.447,0.408,-1.0,BASEBALL_SAVANT_CURRENT_SEASON,2026-08-20T23:43:02.137578+00:00,SAVANT_ARSENAL_SCHEMA_V1,CURRENT
669165,"Hurt, Kyle",2026.0,176.0,51.0,29.0,12.5,35.6,52.1,0.292,0.209,0.338,42.2,6.9,72.4,28.1,1.0,30.7,CH,Changeup,35.9,232,24.6,0.185,0.352,0.29,0.6,BASEBALL_SAVANT_CURRENT_SEASON,2026-08-20T23:43:02.137578+00:00,SAVANT_ARSENAL_SCHEMA_V1,CURRENT
805673,"Matthews, Zebby",2026.0,410.0,81.0,19.8,7.6,21.3,46.6,0.332,0.257,0.44,42.7,11.6,72.5,31.5,7.0,38.1,CH,Changeup,12.8,201,16.7,0.315,0.537,0.371,-2.7,BASEBALL_SAVANT_CURRENT_SEASON,2026-08-20T23:43:02.137578+00:00,SAVANT_ARSENAL_SCHEMA_V1,CURRENT
657514,"Bernardino, Brennan",2026.0,215.0,37.0,17.2,6.5,21.8,46.4,0.312,0.259,0.399,32.5,5.7,71.4,20.3,7.0,37.7,CU,Curveball,33.0,268,18.9,0.151,0.208,0.222,0.2,BASEBALL_SAVANT_CURRENT_SEASON,2026-08-20T23:43:02.137578+00:00,SAVANT_ARSENAL_SCHEMA_V1,CURRENT
663738,"Lynch IV, Daniel",2026.0,218.0,41.0,18.8,7.3,27.3,47.1,0.295,0.236,0.37,35.8,5.7,72.1,25.8,7.0,36.0,SL,Slider,22.9,182,26.3,0.125,0.214,0.173,3.1,BASEBALL_SAVANT_CURRENT_SEASON,2026-08-20T23:43:02.137578+00:00,SAVANT_ARSENAL_SCHEMA_V1,CURRENT
543243,"Gray, Sonny",2026.0,536.0,117.0,21.8,6.3,22.7,47.2,0.294,0.246,0.366,37.4,6.1,72.5,28.2,23.0,36.5,CU,Curveball,16.7,322,20.7,0.333,0.627,0.438,-1.7,BASEBALL_SAVANT_CURRENT_SEASON,2026-08-20T23:43:02.137578+00:00,SAVANT_ARSENAL_SCHEMA_V1,CURRENT
673513,"Matsui, Yuki",2026.0,198.0,50.0,25.3,14.1,35.2,47.3,0.284,0.174,0.325,29.7,8.5,71.9,24.1,11.0,25.3,FS,Split-Finger,25.5,204,21.4,0.14,0.3,0.239,0.3,BASEBALL_SAVANT_CURRENT_SEASON,2026-08-20T23:43:02.137578+00:00,SAVANT_ARSENAL_SCHEMA_V1,CURRENT
681402,"Varland, Gus",2026.0,151.0,30.0,19.9,9.9,21.6,49.9,0.4,0.303,0.579,50.0,16.2,72.1,29.7,3.0,39.1,SL,Slider,39.6,224,20.9,0.283,0.585,0.384,-3.0,BASEBALL_SAVANT_CURRENT_SEASON,2026-08-20T23:43:02.137578+00:00,SAVANT_ARSENAL_SCHEMA_V1,CURRENT
605447,"Romano, Jordan",2026.0,102.0,27.0,26.5,12.7,28.5,43.7,0.303,0.243,0.326,32.8,3.3,72.0,29.1,7.0,25.2,SL,Slider,52.9,234,21.9,0.245,0.358,0.294,0.5,BASEBALL_SAVANT_CURRENT_SEASON,2026-08-20T23:43:02.137578+00:00,SAVANT_ARSENAL_SCHEMA_V1,CURRENT
700241,"McGreevy, Michael",2026.0,538.0,91.0,16.9,6.3,19.2,44.7,0.355,0.284,0.49,42.6,10.2,72.4,31.4,18.0,37.4,FC,Cutter,11.8,251,14.3,0.345,0.564,0.434,-0.4,BASEBALL_SAVANT_CURRENT_SEASON,2026-08-20T23:43:02.137578+00:00,SAVANT_ARSENAL_SCHEMA_V1,CURRENT
663567,"Lambert, Peter",2026.0,494.0,117.0,23.7,9.3,25.6,48.4,0.284,0.202,0.341,36.3,6.5,72.4,27.4,15.0,28.4,FC,Cutter,10.1,200,19.0,0.277,0.34,0.347,0.4,BASEBALL_SAVANT_CURRENT_SEASON,2026-08-20T23:43:02.137578+00:00,SAVANT_ARSENAL_SCHEMA_V1,CURRENT
664076,"Cleavinger, Garrett",2026.0,157.0,48.0,30.6,10.8,29.3,47.5,0.309,0.235,0.378,41.1,7.8,72.5,30.4,9.0,27.6,SL,Slider,44.7,282,31.4,0.196,0.321,0.247,1.2,BASEBALL_SAVANT_CURRENT_SEASON,2026-08-20T23:43:02.137578+00:00,SAVANT_ARSENAL_SCHEMA_V1,CURRENT
679775,"Backhus, Kyle",2026.0,94.0,20.0,21.3,6.4,19.6,43.2,0.308,0.247,0.385,30.3,4.6,71.1,22.4,2.0,34.3,SI,Sinker,55.4,196,19.2,0.365,0.442,0.404,-1.1,BASEBALL_SAVANT_CURRENT_SEASON,2026-08-20T23:43:02.137578+00:00,SAVANT_ARSENAL_SCHEMA_V1,CURRENT
691587,"Pérez, Eury",2026.0,494.0,133.0,26.9,9.9,28.6,51.5,0.296,0.208,0.36,39.8,9.2,72.7,31.9,22.0,26.1,ST,Sweeper,13.8,275,21.0,0.207,0.362,0.25,0.8,BASEBALL_SAVANT_CURRENT_SEASON,2026-08-20T23:43:02.137578+00:00,SAVANT_ARSENAL_SCHEMA_V1,CURRENT
656492,"Griffin, Foster",2026.0,589.0,131.0,22.2,5.9,23.7,48.3,0.315,0.252,0.418,38.1,9.2,72.5,31.6,23.0,29.4,CU,Curveball,9.7,225,19.7,0.345,0.603,0.413,-3.5,BASEBALL_SAVANT_CURRENT_SEASON,2026-08-20T23:43:02.137578+00:00,SAVANT_ARSENAL_SCHEMA_V1,CURRENT
689266,"Dodd, Dylan",2026.0,154.0,42.0,27.3,7.8,28.1,53.0,0.267,0.197,0.335,35.7,7.1,72.4,29.7,3.0,23.5,FC,Cutter,33.2,212,20.9,0.164,0.255,0.215,2.3,BASEBALL_SAVANT_CURRENT_SEASON,2026-08-20T23:43:02.137578+00:00,SAVANT_ARSENAL_SCHEMA_V1,CURRENT
608372,"Sugano, Tomoyuki",2026.0,498.0,69.0,13.9,5.4,18.2,46.2,0.395,0.312,0.57,43.8,13.5,73.3,33.0,13.0,37.9,FC,Cutter,11.4,216,10.3,0.304,0.75,0.46,-2.7,BASEBALL_SAVANT_CURRENT_SEASON,2026-08-20T23:43:02.137578+00:00,SAVANT_ARSENAL_SCHEMA_V1,CURRENT
689296,"Nunez, Anthony",2026.0,196.0,46.0,23.5,11.2,32.1,47.5,0.317,0.233,0.398,39.7,7.1,71.7,22.3,13.0,31.9,ST,Sweeper,29.3,225,27.1,0.154,0.192,0.228,1.6,BASEBALL_SAVANT_CURRENT_SEASON,2026-08-20T23:43:02.137578+00:00,SAVANT_ARSENAL_SCHEMA_V1,CURRENT
695380,"Hoppe, Alex",2026.0,144.0,39.0,27.1,9.0,28.1,46.3,0.292,0.243,0.335,40.7,3.3,72.2,25.9,14.0,35.6,FF,4-Seam Fastball,38.0,210,24.6,0.224,0.388,0.328,-0.5,BASEBALL_SAVANT_CURRENT_SEASON,2026-08-20T23:43:02.137578+00:00,SAVANT_ARSENAL_SCHEMA_V1,CURRENT
669456,"Bieber, Shane",2026.0,217.0,37.0,17.1,11.1,22.9,42.7,0.39,0.296,0.534,47.4,11.5,73.5,41.1,6.0,40.0,FF,4-Seam Fastball,35.6,295,14.5,0.245,0.571,0.383,-0.3,BASEBALL_SAVANT_CURRENT_SEASON,2026-08-20T23:43:02.137578+00:00,SAVANT_ARSENAL_SCHEMA_V1,CURRENT
670329,"Garcia, Rico",2026.0,210.0,55.0,26.2,8.6,32.7,49.1,0.277,0.209,0.353,35.3,6.6,71.9,26.8,8.0,32.7,CH,Changeup,27.7,219,25.0,0.109,0.345,0.227,2.1,BASEBALL_SAVANT_CURRENT_SEASON,2026-08-20T23:43:02.137578+00:00,SAVANT_ARSENAL_SCHEMA_V1,CURRENT
695380,"Hoppe, Alex",2026.0,144.0,39.0,27.1,9.0,28.1,46.3,0.292,0.243,0.335,40.7,3.3,72.2,25.9,14.0,35.6,SL,Slider,43.0,238,24.7,0.241,0.352,0.306,-0.7,BASEBALL_SAVANT_CURRENT_SEASON,2026-08-20T23:43:02.137578+00:00,SAVANT_ARSENAL_SCHEMA_V1,CURRENT
607625,"Lugo, Seth",2026.0,619.0,111.0,17.9,7.4,18.4,46.0,0.347,0.28,0.457,42.9,7.9,72.1,27.3,14.0,37.7,ST,Sweeper,10.7,249,10.3,0.269,0.558,0.378,-2.8,BASEBALL_SAVANT_CURRENT_SEASON,2026-08-20T23:43:02.137578+00:00,SAVANT_ARSENAL_SCHEMA_V1,CURRENT
687606,"Schultz, Paxton",2026.0,153.0,32.0,20.9,7.8,18.7,44.8,0.342,0.276,0.453,39.3,8.4,71.8,27.2,4.0,33.8,FC,Cutter,44.6,272,18.9,0.34,0.62,0.459,-0.6,BASEBALL_SAVANT_CURRENT_SEASON,2026-08-20T23:43:02.137578+00:00,SAVANT_ARSENAL_SCHEMA_V1,CURRENT
696147,"Bachman, Sam",2026.0,198.0,46.0,23.2,13.6,33.1,44.0,0.298,0.213,0.318,32.0,7.5,71.9,24.6,7.0,30.7,SI,Sinker,31.0,236,15.7,0.191,0.298,0.334,0.1,BASEBALL_SAVANT_CURRENT_SEASON,2026-08-20T23:43:02.137578+00:00,SAVANT_ARSENAL_SCHEMA_V1,CURRENT
690997,"McLean, Nolan",2026.0,594.0,162.0,27.3,9.1,24.6,44.1,0.298,0.221,0.348,35.7,6.9,71.8,23.6,16.0,28.1,FC,Cutter,10.4,246,17.6,0.367,0.633,0.515,-2.5,BASEBALL_SAVANT_CURRENT_SEASON,2026-08-20T23:43:02.137578+00:00,SAVANT_ARSENAL_SCHEMA_V1,CURRENT
663738,"Lynch IV, Daniel",2026.0,218.0,41.0,18.8,7.3,27.3,47.1,0.295,0.236,0.37,35.8,5.7,72.1,25.8,7.0,36.0,CH,Changeup,24.2,192,19.1,0.236,0.327,0.256,2.2,BASEBALL_SAVANT_CURRENT_SEASON,2026-08-20T23:43:02.137578+00:00,SAVANT_ARSENAL_SCHEMA_V1,CURRENT
687570,"Prielipp, Connor",2026.0,382.0,94.0,24.6,9.4,23.8,47.1,0.318,0.237,0.399,41.1,8.2,71.9,26.7,14.0,34.2,SI,Sinker,13.5,204,17.1,0.345,0.455,0.384,-0.3,BASEBALL_SAVANT_CURRENT_SEASON,2026-08-20T23:43:02.137578+00:00,SAVANT_ARSENAL_SCHEMA_V1,CURRENT
656849,"Peterson, David",2026.0,507.0,95.0,18.7,9.3,21.4,47.0,0.34,0.275,0.417,41.2,6.4,71.9,27.8,8.0,39.1,CH,Changeup,12.7,235,19.4,0.273,0.382,0.352,-1.5,BASEBALL_SAVANT_CURRENT_SEASON,2026-08-20T23:43:02.137578+00:00,SAVANT_ARSENAL_SCHEMA_V1,CURRENT
669022,"Gore, MacKenzie",2026.0,597.0,154.0,25.8,8.5,26.3,49.6,0.304,0.236,0.378,42.0,8.8,72.6,31.4,21.0,27.8,SL,Slider,10.0,238,19.4,0.245,0.34,0.293,0.4,BASEBALL_SAVANT_CURRENT_SEASON,2026-08-20T23:43:02.137578+00:00,SAVANT_ARSENAL_SCHEMA_V1,CURRENT
607074,"Rodón, Carlos",2026.0,211.0,56.0,26.5,13.3,29.0,47.8,0.301,0.212,0.341,36.5,6.3,72.3,27.6,13.0,27.0,SL,Slider,25.2,225,23.5,0.2,0.436,0.291,-1.3,BASEBALL_SAVANT_CURRENT_SEASON,2026-08-20T23:43:02.137578+00:00,SAVANT_ARSENAL_SCHEMA_V1,CURRENT
663567,"Lambert, Peter",2026.0,494.0,117.0,23.7,9.3,25.6,48.4,0.284,0.202,0.341,36.3,6.5,72.4,27.4,15.0,28.4,SL,Slider,12.9,255,13.3,0.173,0.346,0.268,0.4,BASEBALL_SAVANT_CURRENT_SEASON,2026-08-20T23:43:02.137578+00:00,SAVANT_ARSENAL_SCHEMA_V1,CURRENT
681293,"Arrighetti, Spencer",2026.0,386.0,87.0,22.5,13.0,25.4,42.1,0.345,0.238,0.395,30.6,7.7,71.9,24.7,8.0,31.8,ST,Sweeper,12.4,186,30.0,0.188,0.333,0.329,-0.9,BASEBALL_SAVANT_CURRENT_SEASON,2026-08-20T23:43:02.137578+00:00,SAVANT_ARSENAL_SCHEMA_V1,CURRENT
642701,"Santana, Dennis",2026.0,187.0,37.0,19.8,11.2,25.8,49.8,0.35,0.262,0.454,40.9,9.4,72.1,28.2,6.0,34.8,FF,4-Seam Fastball,30.2,214,15.5,0.213,0.489,0.384,-0.9,BASEBALL_SAVANT_CURRENT_SEASON,2026-08-20T23:43:02.137578+00:00,SAVANT_ARSENAL_SCHEMA_V1,CURRENT
607625,"Lugo, Seth",2026.0,619.0,111.0,17.9,7.4,18.4,46.0,0.347,0.28,0.457,42.9,7.9,72.1,27.3,14.0,37.7,CH,Changeup,9.0,211,11.3,0.214,0.25,0.222,1.1,BASEBALL_SAVANT_CURRENT_SEASON,2026-08-20T23:43:02.137578+00:00,SAVANT_ARSENAL_SCHEMA_V1,CURRENT
684974,"Yoho, Craig",2026.0,109.0,24.0,22.0,11.9,28.4,45.3,0.309,0.206,0.358,29.0,7.4,70.7,20.7,2.0,31.9,CH,Changeup,47.9,205,26.2,0.148,0.296,0.218,2.4,BASEBALL_SAVANT_CURRENT_SEASON,2026-08-20T23:43:02.137578+00:00,SAVANT_ARSENAL_SCHEMA_V1,CURRENT
671096,"Abbott, Andrew",2026.0,604.0,108.0,17.9,10.9,22.4,46.6,0.331,0.256,0.415,38.2,7.7,72.6,29.4,25.0,30.9,CU,Curveball,13.2,317,18.4,0.259,0.389,0.281,-0.4,BASEBALL_SAVANT_CURRENT_SEASON,2026-08-20T23:43:02.137578+00:00,SAVANT_ARSENAL_SCHEMA_V1,CURRENT
680570,"Rodriguez, Grayson",2026.0,271.0,55.0,20.3,10.3,24.1,48.3,0.379,0.288,0.505,48.6,10.9,72.4,29.1,8.0,32.2,CH,Changeup,23.9,265,17.3,0.226,0.34,0.303,-0.1,BASEBALL_SAVANT_CURRENT_SEASON,2026-08-20T23:43:02.137578+00:00,SAVANT_ARSENAL_SCHEMA_V1,CURRENT
624133,"Suarez, Ranger",2026.0,467.0,113.0,24.2,7.1,23.0,46.0,0.295,0.249,0.351,32.8,4.7,72.0,26.5,12.0,30.9,CH,Changeup,13.3,242,10.3,0.214,0.375,0.266,-0.5,BASEBALL_SAVANT_CURRENT_SEASON,2026-08-20T23:43:02.137578+00:00,SAVANT_ARSENAL_SCHEMA_V1,CURRENT
681911,"Vesia, Alex",2026.0,190.0,58.0,30.5,15.8,34.6,46.7,0.275,0.177,0.29,37.3,5.9,71.7,24.1,11.0,27.6,SL,Slider,31.8,256,25.6,0.122,0.224,0.236,2.1,BASEBALL_SAVANT_CURRENT_SEASON,2026-08-20T23:43:02.137578+00:00,SAVANT_ARSENAL_SCHEMA_V1,CURRENT
641743,"Kay, Anthony",2026.0,541.0,98.0,18.1,8.1,23.1,46.7,0.342,0.262,0.411,39.9,8.6,72.2,25.5,19.0,32.2,SL,Slider,6.3,135,20.4,0.196,0.216,0.254,-0.6,BASEBALL_SAVANT_CURRENT_SEASON,2026-08-20T23:43:02.137578+00:00,SAVANT_ARSENAL_SCHEMA_V1,CURRENT
643410,"Leiter Jr., Mark",2026.0,144.0,38.0,26.4,7.6,30.3,46.1,0.316,0.269,0.365,31.9,3.3,72.5,28.4,2.0,29.9,FS,Split-Finger,32.8,181,27.0,0.185,0.241,0.201,1.0,BASEBALL_SAVANT_CURRENT_SEASON,2026-08-20T23:43:02.137578+00:00,SAVANT_ARSENAL_SCHEMA_V1,CURRENT
672782,"Gómez, Yoendrys",2026.0,243.0,52.0,21.4,11.9,24.9,47.2,0.342,0.247,0.435,44.1,8.8,72.2,27.4,5.0,31.1,ST,Sweeper,24.1,220,18.9,0.196,0.286,0.205,0.3,BASEBALL_SAVANT_CURRENT_SEASON,2026-08-20T23:43:02.137578+00:00,SAVANT_ARSENAL_SCHEMA_V1,CURRENT
672335,"Pérez, Cionel",2026.0,181.0,41.0,22.7,8.8,25.2,45.9,0.346,0.265,0.47,50.0,13.0,71.9,24.8,12.0,36.3,SV,Slurve,31.8,223,24.1,0.226,0.358,0.315,0.0,BASEBALL_SAVANT_CURRENT_SEASON,2026-08-20T23:43:02.137578+00:00,SAVANT_ARSENAL_SCHEMA_V1,CURRENT
670167,"Schreiber, John",2026.0,188.0,33.0,17.6,11.2,21.8,42.9,0.336,0.265,0.434,41.4,6.8,71.3,20.4,5.0,35.7,FF,4-Seam Fastball,27.9,211,21.4,0.192,0.385,0.299,-1.7,BASEBALL_SAVANT_CURRENT_SEASON,2026-08-20T23:43:02.137578+00:00,SAVANT_ARSENAL_SCHEMA_V1,CURRENT
642397,"Soto, Gregory",2026.0,227.0,66.0,29.1,9.7,28.6,43.0,0.268,0.196,0.299,35.1,5.2,71.3,20.0,13.0,33.2,SL,Slider,28.3,262,28.0,0.13,0.167,0.16,2.7,BASEBALL_SAVANT_CURRENT_SEASON,2026-08-20T23:43:02.137578+00:00,SAVANT_ARSENAL_SCHEMA_V1,CURRENT
801139,"Tolle, Payton",2026.0,483.0,134.0,27.7,6.8,27.1,55.3,0.255,0.2,0.315,33.5,6.5,71.7,23.8,15.0,26.3,CU,Curveball,9.2,167,33.3,0.161,0.286,0.198,1.4,BASEBALL_SAVANT_CURRENT_SEASON,2026-08-20T23:43:02.137578+00:00,SAVANT_ARSENAL_SCHEMA_V1,CURRENT
656302,"Cease, Dylan",2026.0,553.0,201.0,36.3,10.7,34.8,46.1,0.254,0.183,0.276,32.4,4.9,71.7,26.5,19.0,24.6,SI,Sinker,8.4,197,24.5,0.22,0.34,0.297,0.7,BASEBALL_SAVANT_CURRENT_SEASON,2026-08-20T23:43:02.137578+00:00,SAVANT_ARSENAL_SCHEMA_V1,CURRENT
677944,"Cecconi, Slade",2026.0,488.0,88.0,18.0,7.6,20.3,46.8,0.338,0.271,0.452,40.0,8.9,71.9,24.7,9.0,36.4,CU,Curveball,14.8,275,13.9,0.255,0.431,0.324,-1.1,BASEBALL_SAVANT_CURRENT_SEASON,2026-08-20T23:43:02.137578+00:00,SAVANT_ARSENAL_SCHEMA_V1,CURRENT
669461,"Liberatore, Matthew",2026.0,541.0,125.0,23.1,8.1,23.4,46.8,0.336,0.264,0.441,41.7,9.0,72.7,31.2,18.0,34.0,CU,Curveball,17.2,362,21.4,0.189,0.453,0.284,-1.1,BASEBALL_SAVANT_CURRENT_SEASON,2026-08-20T23:43:02.137578+00:00,SAVANT_ARSENAL_SCHEMA_V1,CURRENT
554430,"Wheeler, Zack",2026.0,474.0,144.0,30.4,7.0,30.7,49.7,0.26,0.204,0.316,35.0,5.8,71.4,21.1,23.0,28.7,ST,Sweeper,14.1,274,20.2,0.212,0.365,0.273,0.2,BASEBALL_SAVANT_CURRENT_SEASON,2026-08-20T23:43:02.137578+00:00,SAVANT_ARSENAL_SCHEMA_V1,CURRENT
699134,"Rodriguez, Bradgley",2026.0,231.0,60.0,26.0,7.4,28.9,50.7,0.226,0.181,0.263,28.6,2.6,72.6,32.4,3.0,25.5,FF,4-Seam Fastball,25.4,232,22.2,0.17,0.191,0.243,1.8,BASEBALL_SAVANT_CURRENT_SEASON,2026-08-20T23:43:02.137578+00:00,SAVANT_ARSENAL_SCHEMA_V1,CURRENT
670167,"Schreiber, John",2026.0,188.0,33.0,17.6,11.2,21.8,42.9,0.336,0.265,0.434,41.4,6.8,71.3,20.4,5.0,35.7,SI,Sinker,23.5,178,9.5,0.306,0.367,0.341,1.3,BASEBALL_SAVANT_CURRENT_SEASON,2026-08-20T23:43:02.137578+00:00,SAVANT_ARSENAL_SCHEMA_V1,CURRENT
676664,"Sears, JP",2026.0,143.0,25.0,17.5,7.7,20.7,47.4,0.345,0.263,0.441,45.2,8.7,72.2,30.6,3.0,38.4,FF,4-Seam Fastball,34.4,182,17.6,0.231,0.346,0.289,1.6,BASEBALL_SAVANT_CURRENT_SEASON,2026-08-20T23:43:02.137578+00:00,SAVANT_ARSENAL_SCHEMA_V1,CURRENT
657424,"Gage, Matt",2026.0,126.0,22.0,17.5,13.5,24.4,47.5,0.352,0.257,0.43,31.4,10.5,71.0,19.5,3.0,26.4,SL,Slider,44.9,236,12.7,0.313,0.667,0.46,-2.5,BASEBALL_SAVANT_CURRENT_SEASON,2026-08-20T23:43:02.137578+00:00,SAVANT_ARSENAL_SCHEMA_V1,CURRENT
669947,"Scholtens, Jesse",2026.0,196.0,34.0,17.3,7.1,20.6,49.8,0.348,0.276,0.466,35.2,10.3,72.7,30.6,10.0,30.0,SL,Slider,30.7,222,10.2,0.278,0.611,0.436,-2.1,BASEBALL_SAVANT_CURRENT_SEASON,2026-08-20T23:43:02.137578+00:00,SAVANT_ARSENAL_SCHEMA_V1,CURRENT
542888,"Armstrong, Shawn",2026.0,146.0,33.0,22.6,13.0,24.1,48.6,0.309,0.209,0.363,34.8,6.5,71.3,16.9,1.0,25.5,FF,4-Seam Fastball,31.7,189,21.1,0.24,0.46,0.333,0.3,BASEBALL_SAVANT_CURRENT_SEASON,2026-08-20T23:43:02.137578+00:00,SAVANT_ARSENAL_SCHEMA_V1,CURRENT
571948,"Milner, Hoby",2026.0,149.0,18.0,12.1,6.0,17.1,45.4,0.351,0.296,0.45,37.8,5.9,71.7,25.6,4.0,37.2,SI,Sinker,42.1,239,10.5,0.321,0.509,0.369,0.7,BASEBALL_SAVANT_CURRENT_SEASON,2026-08-20T23:43:02.137578+00:00,SAVANT_ARSENAL_SCHEMA_V1,CURRENT
656848,"Petersen, Michael",2026.0,213.0,62.0,29.1,10.3,29.3,50.5,0.288,0.194,0.361,41.3,11.1,72.0,24.4,9.0,27.9,SL,Slider,27.0,239,23.9,0.222,0.352,0.263,0.9,BASEBALL_SAVANT_CURRENT_SEASON,2026-08-20T23:43:02.137578+00:00,SAVANT_ARSENAL_SCHEMA_V1,CURRENT
679358,"Orze, Eric",2026.0,189.0,36.0,19.0,11.1,21.8,43.4,0.313,0.253,0.367,29.2,7.0,72.0,29.4,2.0,33.7,FF,4-Seam Fastball,26.1,177,28.6,0.279,0.442,0.397,-0.8,BASEBALL_SAVANT_CURRENT_SEASON,2026-08-20T23:43:02.137578+00:00,SAVANT_ARSENAL_SCHEMA_V1,CURRENT
641302,"Alexander, Tyler",2026.0,234.0,47.0,20.1,7.3,21.3,46.4,0.28,0.233,0.326,32.9,3.6,72.2,26.2,3.0,32.0,SI,Sinker,19.3,172,12.8,0.354,0.375,0.374,-0.5,BASEBALL_SAVANT_CURRENT_SEASON,2026-08-20T23:43:02.137578+00:00,SAVANT_ARSENAL_SCHEMA_V1,CURRENT
663436,"Martin, Davis",2026.0,530.0,111.0,20.9,7.4,24.0,48.6,0.333,0.271,0.422,44.4,6.8,72.4,30.5,15.0,32.8,FC,Cutter,12.8,257,16.4,0.38,0.52,0.425,0.0,BASEBALL_SAVANT_CURRENT_SEASON,2026-08-20T23:43:02.137578+00:00,SAVANT_ARSENAL_SCHEMA_V1,CURRENT
621111,"Buehler, Walker",2026.0,518.0,104.0,20.1,9.5,20.4,44.6,0.318,0.248,0.397,38.9,8.1,72.2,28.9,19.0,33.0,SL,Slider,10.6,219,23.1,0.13,0.185,0.157,3.4,BASEBALL_SAVANT_CURRENT_SEASON,2026-08-20T23:43:02.137578+00:00,SAVANT_ARSENAL_SCHEMA_V1,CURRENT
621111,"Buehler, Walker",2026.0,518.0,104.0,20.1,9.5,20.4,44.6,0.318,0.248,0.397,38.9,8.1,72.2,28.9,19.0,33.0,CU,Curveball,8.8,181,17.9,0.294,0.51,0.374,-2.8,BASEBALL_SAVANT_CURRENT_SEASON,2026-08-20T23:43:02.137578+00:00,SAVANT_ARSENAL_SCHEMA_V1,CURRENT
665795,"Cabrera, Edward",2026.0,329.0,67.0,20.4,9.7,26.6,47.8,0.344,0.267,0.447,42.5,11.9,73.1,34.1,17.0,35.7,CU,Curveball,19.7,252,24.4,0.18,0.44,0.292,0.4,BASEBALL_SAVANT_CURRENT_SEASON,2026-08-20T23:43:02.137578+00:00,SAVANT_ARSENAL_SCHEMA_V1,CURRENT
663372,"Feltner, Ryan",2026.0,408.0,64.0,15.7,9.6,23.8,48.3,0.358,0.267,0.498,38.8,11.2,72.6,29.4,9.0,32.7,SI,Sinker,13.8,208,11.1,0.308,0.442,0.338,0.8,BASEBALL_SAVANT_CURRENT_SEASON,2026-08-20T23:43:02.137578+00:00,SAVANT_ARSENAL_SCHEMA_V1,CURRENT
572955,"Johnson, Pierce",2026.0,154.0,33.0,21.4,8.4,23.8,47.5,0.351,0.272,0.486,38.0,11.3,70.8,16.7,7.0,37.5,FF,4-Seam Fastball,35.8,219,18.8,0.174,0.391,0.306,0.5,BASEBALL_SAVANT_CURRENT_SEASON,2026-08-20T23:43:02.137578+00:00,SAVANT_ARSENAL_SCHEMA_V1,CURRENT
696270,"Johnson, Ryan",2026.0,271.0,47.0,17.3,10.7,23.2,46.0,0.359,0.265,0.479,37.5,11.5,73.1,34.4,8.0,30.4,FS,Split-Finger,23.7,258,15.0,0.189,0.245,0.237,0.4,BASEBALL_SAVANT_CURRENT_SEASON,2026-08-20T23:43:02.137578+00:00,SAVANT_ARSENAL_SCHEMA_V1,CURRENT
804267,"Thornton, Zac",2026.0,200.0,36.0,18.0,7.0,19.6,51.1,0.337,0.269,0.455,40.9,9.4,72.9,30.4,6.0,33.7,FC,Cutter,30.1,222,11.6,0.286,0.408,0.382,0.2,BASEBALL_SAVANT_CURRENT_SEASON,2026-08-20T23:43:02.137578+00:00,SAVANT_ARSENAL_SCHEMA_V1,CURRENT
681892,"Funderburk, Kody",2026.0,172.0,34.0,19.8,12.8,22.5,43.9,0.301,0.226,0.322,27.2,5.3,70.6,18.6,4.0,29.8,SI,Sinker,34.9,233,21.2,0.233,0.372,0.343,0.9,BASEBALL_SAVANT_CURRENT_SEASON,2026-08-20T23:43:02.137578+00:00,SAVANT_ARSENAL_SCHEMA_V1,CURRENT
686751,"Johnson, Seth",2026.0,106.0,26.0,24.5,16.0,27.9,44.5,0.361,0.259,0.425,48.4,14.5,72.3,25.3,5.0,32.0,FF,4-Seam Fastball,47.8,204,23.3,0.326,0.512,0.438,-2.1,BASEBALL_SAVANT_CURRENT_SEASON,2026-08-20T23:43:02.137578+00:00,SAVANT_ARSENAL_SCHEMA_V1,CURRENT
676083,"Junk, Janson",2026.0,396.0,66.0,16.7,6.6,15.1,48.6,0.316,0.259,0.408,40.4,6.6,72.5,31.0,6.0,34.1,CH,Changeup,17.9,266,8.5,0.302,0.358,0.304,-0.4,BASEBALL_SAVANT_CURRENT_SEASON,2026-08-20T23:43:02.137578+00:00,SAVANT_ARSENAL_SCHEMA_V1,CURRENT
623454,"Anderson, Drew",2026.0,328.0,87.0,26.5,9.1,28.4,48.2,0.292,0.217,0.354,37.7,8.3,71.8,25.9,16.0,32.0,CU,Curveball,22.6,287,25.7,0.26,0.44,0.342,-0.4,BASEBALL_SAVANT_CURRENT_SEASON,2026-08-20T23:43:02.137578+00:00,SAVANT_ARSENAL_SCHEMA_V1,CURRENT
605130,"Barlow, Scott",2026.0,153.0,29.0,19.0,13.1,33.1,42.7,0.358,0.236,0.448,36.1,9.3,71.8,26.0,5.0,37.7,CU,Curveball,34.3,199,26.9,0.077,0.173,0.121,4.0,BASEBALL_SAVANT_CURRENT_SEASON,2026-08-20T23:43:02.137578+00:00,SAVANT_ARSENAL_SCHEMA_V1,CURRENT
453286,"Scherzer, Max",2026.0,202.0,32.0,15.8,9.9,17.9,51.0,0.332,0.248,0.433,32.2,9.4,71.8,25.6,5.0,25.2,SL,Slider,19.2,160,12.5,0.294,0.745,0.47,-5.7,BASEBALL_SAVANT_CURRENT_SEASON,2026-08-20T23:43:02.137578+00:00,SAVANT_ARSENAL_SCHEMA_V1,CURRENT
656638,"Lange, Alex",2026.0,222.0,53.0,23.9,11.7,27.8,47.1,0.336,0.243,0.411,42.0,12.3,72.3,29.8,11.0,31.3,SI,Sinker,23.9,219,27.8,0.311,0.578,0.44,-1.5,BASEBALL_SAVANT_CURRENT_SEASON,2026-08-20T23:43:02.137578+00:00,SAVANT_ARSENAL_SCHEMA_V1,CURRENT
663158,"Suarez, Robert",2026.0,121.0,26.0,21.5,5.0,24.0,53.6,0.282,0.252,0.351,33.0,3.4,71.4,22.7,1.0,26.2,FF,4-Seam Fastball,47.4,221,17.7,0.137,0.216,0.217,2.9,BASEBALL_SAVANT_CURRENT_SEASON,2026-08-20T23:43:02.137578+00:00,SAVANT_ARSENAL_SCHEMA_V1,CURRENT
676684,"Vest, Will",2026.0,116.0,27.0,23.3,8.6,27.5,48.1,0.307,0.244,0.365,35.1,5.3,71.5,25.2,1.0,32.9,FF,4-Seam Fastball,44.2,214,18.1,0.362,0.532,0.433,-1.4,BASEBALL_SAVANT_CURRENT_SEASON,2026-08-20T23:43:02.137578+00:00,SAVANT_ARSENAL_SCHEMA_V1,CURRENT
702193,"Morris, Andrew",2026.0,252.0,56.0,22.2,8.7,21.9,47.0,0.268,0.217,0.309,33.1,3.5,71.5,26.4,7.0,26.1,FC,Cutter,19.8,204,20.9,0.222,0.333,0.289,0.7,BASEBALL_SAVANT_CURRENT_SEASON,2026-08-20T23:43:02.137578+00:00,SAVANT_ARSENAL_SCHEMA_V1,CURRENT
808967,"Yamamoto, Yoshinobu",2026.0,556.0,136.0,24.5,6.1,25.9,49.1,0.273,0.219,0.344,35.9,6.5,72.1,27.3,10.0,32.5,CU,Curveball,12.5,270,16.9,0.264,0.377,0.317,0.5,BASEBALL_SAVANT_CURRENT_SEASON,2026-08-20T23:43:02.137578+00:00,SAVANT_ARSENAL_SCHEMA_V1,CURRENT
657756,"Seabold, Connor",2026.0,113.0,20.0,17.7,8.0,20.0,47.3,0.308,0.253,0.364,37.0,6.3,71.1,17.9,1.0,30.5,FF,4-Seam Fastball,52.9,252,14.6,0.327,0.469,0.364,-0.2,BASEBALL_SAVANT_CURRENT_SEASON,2026-08-20T23:43:02.137578+00:00,SAVANT_ARSENAL_SCHEMA_V1,CURRENT
681217,"Silseth, Chase",2026.0,210.0,55.0,26.2,13.3,32.0,47.5,0.311,0.225,0.379,32.0,9.6,71.9,26.9,7.0,29.6,FS,Split-Finger,26.8,227,17.0,0.2,0.36,0.288,-0.7,BASEBALL_SAVANT_CURRENT_SEASON,2026-08-20T23:43:02.137578+00:00,SAVANT_ARSENAL_SCHEMA_V1,CURRENT
656271,"Burke, Brock",2026.0,262.0,62.0,23.7,13.0,28.8,45.7,0.297,0.213,0.341,30.1,7.7,71.9,26.0,7.0,30.3,SL,Slider,28.3,282,24.2,0.176,0.333,0.271,0.3,BASEBALL_SAVANT_CURRENT_SEASON,2026-08-20T23:43:02.137578+00:00,SAVANT_ARSENAL_SCHEMA_V1,CURRENT
667297,"Nance, Tommy",2026.0,194.0,50.0,25.8,9.3,25.5,48.0,0.307,0.25,0.383,34.1,5.6,71.8,23.7,12.0,31.3,SI,Sinker,28.5,212,7.4,0.426,0.617,0.472,-2.2,BASEBALL_SAVANT_CURRENT_SEASON,2026-08-20T23:43:02.137578+00:00,SAVANT_ARSENAL_SCHEMA_V1,CURRENT
643511,"Rogers, Tyler",2026.0,240.0,29.0,12.1,8.3,14.1,50.7,0.254,0.225,0.289,27.5,1.1,70.7,18.7,1.0,32.5,SL,Slider,22.7,188,12.6,0.216,0.255,0.264,-0.1,BASEBALL_SAVANT_CURRENT_SEASON,2026-08-20T23:43:02.137578+00:00,SAVANT_ARSENAL_SCHEMA_V1,CURRENT
702021,"Dion, Will",2026.0,114.0,34.0,29.8,4.4,27.2,52.9,0.279,0.234,0.362,32.4,5.4,71.8,21.9,1.0,32.9,FF,4-Seam Fastball,45.5,196,31.9,0.176,0.333,0.267,2.0,BASEBALL_SAVANT_CURRENT_SEASON,2026-08-20T23:43:02.137578+00:00,SAVANT_ARSENAL_SCHEMA_V1,CURRENT
702474,"Paredes, Mike",2026.0,154.0,19.0,12.3,8.4,19.3,49.7,0.349,0.279,0.446,50.8,6.8,72.5,30.4,2.0,39.3,FF,4-Seam Fastball,37.0,204,7.1,0.333,0.644,0.465,-2.3,BASEBALL_SAVANT_CURRENT_SEASON,2026-08-20T23:43:02.137578+00:00,SAVANT_ARSENAL_SCHEMA_V1,CURRENT
668933,"Ashcraft, Graham",2026.0,109.0,32.0,29.4,14.7,32.4,45.3,0.286,0.197,0.307,36.1,7.3,71.5,28.3,13.0,26.0,SL,Slider,48.7,219,37.8,0.093,0.204,0.157,2.0,BASEBALL_SAVANT_CURRENT_SEASON,2026-08-20T23:43:02.137578+00:00,SAVANT_ARSENAL_SCHEMA_V1,CURRENT
669084,"Hall, DL",2026.0,162.0,41.0,25.3,17.3,27.8,39.9,0.292,0.195,0.28,31.5,5.5,70.9,20.8,5.0,31.8,SI,Sinker,35.6,244,9.5,0.163,0.163,0.259,2.2,BASEBALL_SAVANT_CURRENT_SEASON,2026-08-20T23:43:02.137578+00:00,SAVANT_ARSENAL_SCHEMA_V1,CURRENT
800311,"Fuentes, Didier",2026.0,223.0,70.0,31.4,6.7,30.4,52.9,0.274,0.221,0.344,37.5,6.7,71.9,24.9,8.0,24.7,SL,Slider,23.7,218,29.2,0.173,0.212,0.189,1.6,BASEBALL_SAVANT_CURRENT_SEASON,2026-08-20T23:43:02.137578+00:00,SAVANT_ARSENAL_SCHEMA_V1,CURRENT
676879,"Ashby, Aaron",2026.0,303.0,97.0,32.0,11.2,32.3,41.1,0.268,0.204,0.289,39.4,4.7,72.0,23.5,21.0,31.0,CU,Curveball,20.3,251,34.3,0.146,0.167,0.21,0.8,BASEBALL_SAVANT_CURRENT_SEASON,2026-08-20T23:43:02.137578+00:00,SAVANT_ARSENAL_SCHEMA_V1,CURRENT
684007,"Imanaga, Shota",2026.0,578.0,140.0,24.2,5.5,29.4,51.5,0.302,0.235,0.411,35.4,10.0,72.6,31.3,16.0,31.9,SI,Sinker,6.3,143,31.6,0.277,0.511,0.375,-0.9,BASEBALL_SAVANT_CURRENT_SEASON,2026-08-20T23:43:02.137578+00:00,SAVANT_ARSENAL_SCHEMA_V1,CURRENT
695418,"Lord, Brad",2026.0,269.0,57.0,21.2,9.3,20.5,49.8,0.32,0.243,0.389,40.6,6.2,71.2,20.7,10.0,24.9,SL,Slider,21.6,245,11.8,0.245,0.327,0.332,-0.6,BASEBALL_SAVANT_CURRENT_SEASON,2026-08-20T23:43:02.137578+00:00,SAVANT_ARSENAL_SCHEMA_V1,CURRENT
688883,"Pallette, Peyton",2026.0,97.0,22.0,22.7,16.5,28.4,39.8,0.356,0.25,0.384,42.9,7.1,71.8,19.7,7.0,27.5,FF,4-Seam Fastball,52.3,231,16.1,0.275,0.425,0.41,-0.5,BASEBALL_SAVANT_CURRENT_SEASON,2026-08-20T23:43:02.137578+00:00,SAVANT_ARSENAL_SCHEMA_V1,CURRENT
543037,"Cole, Gerrit",2026.0,353.0,92.0,26.1,5.4,21.7,48.1,0.285,0.237,0.369,42.7,8.1,72.1,25.7,10.0,33.6,CH,Changeup,14.6,190,17.9,0.222,0.37,0.262,-0.1,BASEBALL_SAVANT_CURRENT_SEASON,2026-08-20T23:43:02.137578+00:00,SAVANT_ARSENAL_SCHEMA_V1,CURRENT
696062,"Dotel, Wilber",2026.0,123.0,31.0,25.2,10.6,25.0,46.8,0.304,0.241,0.36,48.1,3.8,71.7,22.7,5.0,31.2,FF,4-Seam Fastball,46.2,225,22.1,0.17,0.234,0.231,1.7,BASEBALL_SAVANT_CURRENT_SEASON,2026-08-20T23:43:02.137578+00:00,SAVANT_ARSENAL_SCHEMA_V1,CURRENT
547179,"Lorenzen, Michael",2026.0,562.0,82.0,14.6,8.7,18.1,44.3,0.374,0.302,0.495,46.4,9.4,72.3,29.0,14.0,38.6,SL,Slider,7.7,169,21.4,0.25,0.404,0.323,-1.0,BASEBALL_SAVANT_CURRENT_SEASON,2026-08-20T23:43:02.137578+00:00,SAVANT_ARSENAL_SCHEMA_V1,CURRENT
548384,"Raley, Brooks",2026.0,195.0,48.0,24.6,8.2,23.8,47.1,0.286,0.218,0.344,30.5,5.5,72.1,23.2,5.0,30.0,FC,Cutter,29.1,211,32.6,0.205,0.386,0.296,0.8,BASEBALL_SAVANT_CURRENT_SEASON,2026-08-20T23:43:02.137578+00:00,SAVANT_ARSENAL_SCHEMA_V1,CURRENT
660761,"Suarez, José",2026.0,258.0,60.0,23.3,9.7,26.7,48.6,0.302,0.25,0.342,32.4,2.4,71.9,25.3,6.0,29.9,SL,Slider,26.0,264,24.1,0.231,0.327,0.264,1.5,BASEBALL_SAVANT_CURRENT_SEASON,2026-08-20T23:43:02.137578+00:00,SAVANT_ARSENAL_SCHEMA_V1,CURRENT
670245,"Watson, Ryan",2026.0,253.0,47.0,18.6,7.5,23.9,49.3,0.351,0.274,0.468,37.5,10.9,71.2,22.8,10.0,36.1,FF,4-Seam Fastball,19.6,186,14.1,0.277,0.383,0.34,-0.4,BASEBALL_SAVANT_CURRENT_SEASON,2026-08-20T23:43:02.137578+00:00,SAVANT_ARSENAL_SCHEMA_V1,CURRENT
642100,"Speier, Gabe",2026.0,140.0,29.0,20.7,9.3,22.9,50.8,0.313,0.226,0.395,36.6,9.8,71.2,19.8,6.0,29.5,SI,Sinker,32.3,164,21.7,0.289,0.444,0.374,-0.8,BASEBALL_SAVANT_CURRENT_SEASON,2026-08-20T23:43:02.137578+00:00,SAVANT_ARSENAL_SCHEMA_V1,CURRENT
689520,"Laweryson, Cody",2026.0,78.0,18.0,23.1,10.3,20.3,46.6,0.329,0.245,0.389,50.0,8.2,71.6,19.8,3.0,37.6,FF,4-Seam Fastball,68.6,203,30.8,0.178,0.267,0.297,0.8,BASEBALL_SAVANT_CURRENT_SEASON,2026-08-20T23:43:02.137578+00:00,SAVANT_ARSENAL_SCHEMA_V1,CURRENT
608337,"Giolito, Lucas",2026.0,138.0,18.0,13.0,16.7,24.0,40.8,0.357,0.262,0.406,43.8,4.2,72.5,28.2,7.0,38.4,CH,Changeup,34.7,191,15.4,0.283,0.457,0.391,-1.6,BASEBALL_SAVANT_CURRENT_SEASON,2026-08-20T23:43:02.137578+00:00,SAVANT_ARSENAL_SCHEMA_V1,CURRENT
694335,"Svanson, Matt",2026.0,207.0,41.0,19.8,10.1,18.8,48.7,0.369,0.301,0.467,44.8,7.0,72.3,29.5,8.0,34.2,ST,Sweeper,32.2,254,19.5,0.196,0.294,0.256,0.3,BASEBALL_SAVANT_CURRENT_SEASON,2026-08-20T23:43:02.137578+00:00,SAVANT_ARSENAL_SCHEMA_V1,CURRENT
685126,"Eisert, Brandon",2026.0,150.0,40.0,26.7,8.0,30.2,45.5,0.291,0.229,0.37,38.8,7.1,72.0,28.3,4.0,32.6,FF,4-Seam Fastball,37.7,241,22.9,0.224,0.571,0.349,-0.3,BASEBALL_SAVANT_CURRENT_SEASON,2026-08-20T23:43:02.137578+00:00,SAVANT_ARSENAL_SCHEMA_V1,CURRENT
820862,"Fermin, José",2026.0,181.0,49.0,27.1,11.0,30.9,49.1,0.322,0.233,0.391,42.6,9.3,72.5,28.7,4.0,28.8,SI,Sinker,29.9,223,10.5,0.295,0.432,0.386,-0.1,BASEBALL_SAVANT_CURRENT_SEASON,2026-08-20T23:43:02.137578+00:00,SAVANT_ARSENAL_SCHEMA_V1,CURRENT
674444,"Cruz, Steven",2026.0,196.0,51.0,26.0,9.2,28.5,52.3,0.311,0.233,0.401,34.4,11.2,71.9,24.1,7.0,28.9,FC,Cutter,28.2,210,30.6,0.18,0.22,0.24,2.5,BASEBALL_SAVANT_CURRENT_SEASON,2026-08-20T23:43:02.137578+00:00,SAVANT_ARSENAL_SCHEMA_V1,CURRENT
543135,"Eovaldi, Nathan",2026.0,555.0,137.0,24.7,5.8,30.5,52.2,0.316,0.25,0.421,41.5,8.7,73.1,35.9,7.0,33.1,SI,Sinker,7.1,142,14.3,0.34,0.48,0.399,-1.4,BASEBALL_SAVANT_CURRENT_SEASON,2026-08-20T23:43:02.137578+00:00,SAVANT_ARSENAL_SCHEMA_V1,CURRENT
676477,"Whitlock, Garrett",2026.0,168.0,49.0,29.2,4.2,29.8,57.3,0.247,0.218,0.314,33.9,3.6,70.9,19.7,8.0,29.3,SL,Slider,27.1,168,32.9,0.157,0.275,0.203,1.5,BASEBALL_SAVANT_CURRENT_SEASON,2026-08-20T23:43:02.137578+00:00,SAVANT_ARSENAL_SCHEMA_V1,CURRENT
694297,"Pfaadt, Brandon",2026.0,403.0,69.0,17.1,6.0,21.6,49.4,0.293,0.236,0.375,35.0,7.2,72.4,27.1,15.0,33.4,ST,Sweeper,13.5,200,19.1,0.176,0.216,0.202,1.0,BASEBALL_SAVANT_CURRENT_SEASON,2026-08-20T23:43:02.137578+00:00,SAVANT_ARSENAL_SCHEMA_V1,CURRENT
663436,"Martin, Davis",2026.0,530.0,111.0,20.9,7.4,24.0,48.6,0.333,0.271,0.422,44.4,6.8,72.4,30.5,15.0,32.8,CU,Curveball,14.2,285,27.3,0.184,0.327,0.249,-0.4,BASEBALL_SAVANT_CURRENT_SEASON,2026-08-20T23:43:02.137578+00:00,SAVANT_ARSENAL_SCHEMA_V1,CURRENT
668933,"Ashcraft, Graham",2026.0,109.0,32.0,29.4,14.7,32.4,45.3,0.286,0.197,0.307,36.1,7.3,71.5,28.3,13.0,26.0,FC,Cutter,51.3,231,7.3,0.308,0.462,0.463,-0.7,BASEBALL_SAVANT_CURRENT_SEASON,2026-08-20T23:43:02.137578+00:00,SAVANT_ARSENAL_SCHEMA_V1,CURRENT
676962,"Brown, Ben",2026.0,265.0,65.0,24.5,7.2,27.3,47.1,0.279,0.223,0.335,43.0,7.3,71.8,23.6,10.0,37.2,SI,Sinker,20.6,207,18.2,0.224,0.245,0.268,2.2,BASEBALL_SAVANT_CURRENT_SEASON,2026-08-20T23:43:02.137578+00:00,SAVANT_ARSENAL_SCHEMA_V1,CURRENT
656546,"Hoffman, Jeff",2026.0,248.0,85.0,34.3,9.7,37.2,50.1,0.297,0.214,0.334,38.3,9.8,71.9,25.3,22.0,28.4,FS,Split-Finger,21.1,216,17.7,0.314,0.412,0.331,-0.7,BASEBALL_SAVANT_CURRENT_SEASON,2026-08-20T23:43:02.137578+00:00,SAVANT_ARSENAL_SCHEMA_V1,CURRENT
685126,"Eisert, Brandon",2026.0,150.0,40.0,26.7,8.0,30.2,45.5,0.291,0.229,0.37,38.8,7.1,72.0,28.3,4.0,32.6,SL,Slider,35.5,227,15.3,0.286,0.469,0.386,-0.6,BASEBALL_SAVANT_CURRENT_SEASON,2026-08-20T23:43:02.137578+00:00,SAVANT_ARSENAL_SCHEMA_V1,CURRENT
666808,"Doval, Camilo",2026.0,217.0,48.0,22.1,12.0,26.4,46.4,0.297,0.214,0.332,47.9,6.5,72.1,24.1,8.0,33.9,FC,Cutter,27.4,228,10.0,0.375,0.5,0.455,-1.9,BASEBALL_SAVANT_CURRENT_SEASON,2026-08-20T23:43:02.137578+00:00,SAVANT_ARSENAL_SCHEMA_V1,CURRENT
690997,"McLean, Nolan",2026.0,594.0,162.0,27.3,9.1,24.6,44.1,0.298,0.221,0.348,35.7,6.9,71.8,23.6,16.0,28.1,ST,Sweeper,13.1,310,13.2,0.385,0.564,0.488,-2.8,BASEBALL_SAVANT_CURRENT_SEASON,2026-08-20T23:43:02.137578+00:00,SAVANT_ARSENAL_SCHEMA_V1,CURRENT
681892,"Funderburk, Kody",2026.0,172.0,34.0,19.8,12.8,22.5,43.9,0.301,0.226,0.322,27.2,5.3,70.6,18.6,4.0,29.8,FC,Cutter,34.1,228,26.4,0.191,0.213,0.239,2.0,BASEBALL_SAVANT_CURRENT_SEASON,2026-08-20T23:43:02.137578+00:00,SAVANT_ARSENAL_SCHEMA_V1,CURRENT
676617,"O'Brien, Riley",2026.0,214.0,53.0,24.8,9.3,27.0,43.7,0.319,0.234,0.363,39.7,6.9,72.0,24.6,13.0,30.5,ST,Sweeper,31.0,260,18.7,0.047,0.047,0.169,1.1,BASEBALL_SAVANT_CURRENT_SEASON,2026-08-20T23:43:02.137578+00:00,SAVANT_ARSENAL_SCHEMA_V1,CURRENT
681916,"Smith, Dylan",2026.0,112.0,33.0,29.5,10.7,28.1,49.4,0.287,0.206,0.353,44.6,7.7,72.5,27.1,5.0,26.8,FF,4-Seam Fastball,52.1,233,24.1,0.229,0.417,0.317,-0.6,BASEBALL_SAVANT_CURRENT_SEASON,2026-08-20T23:43:02.137578+00:00,SAVANT_ARSENAL_SCHEMA_V1,CURRENT
696070,"Rojas, Kendry",2026.0,130.0,34.0,26.2,16.9,28.1,43.8,0.288,0.179,0.282,31.5,6.8,71.2,22.7,2.0,25.9,FF,4-Seam Fastball,43.4,226,27.7,0.19,0.286,0.301,1.0,BASEBALL_SAVANT_CURRENT_SEASON,2026-08-20T23:43:02.137578+00:00,SAVANT_ARSENAL_SCHEMA_V1,CURRENT
676571,"Poulin, PJ",2026.0,153.0,25.0,16.3,13.7,16.9,40.0,0.353,0.256,0.441,44.3,9.6,72.6,32.3,3.0,39.6,ST,Sweeper,35.3,224,21.2,0.178,0.378,0.303,0.5,BASEBALL_SAVANT_CURRENT_SEASON,2026-08-20T23:43:02.137578+00:00,SAVANT_ARSENAL_SCHEMA_V1,CURRENT
571510,"Boyd, Matthew",2026.0,354.0,68.0,19.2,7.3,22.3,49.1,0.341,0.267,0.448,37.9,10.3,71.8,24.4,7.0,30.8,SL,Slider,14.9,198,24.4,0.188,0.271,0.246,0.2,BASEBALL_SAVANT_CURRENT_SEASON,2026-08-20T23:43:02.137578+00:00,SAVANT_ARSENAL_SCHEMA_V1,CURRENT
680736,"Wrobleski, Justin",2026.0,516.0,100.0,19.4,5.4,20.0,50.1,0.331,0.27,0.448,43.9,9.4,72.6,31.6,7.0,35.1,SI,Sinker,7.8,148,25.0,0.347,0.531,0.403,0.6,BASEBALL_SAVANT_CURRENT_SEASON,2026-08-20T23:43:02.137578+00:00,SAVANT_ARSENAL_SCHEMA_V1,CURRENT
676879,"Ashby, Aaron",2026.0,303.0,97.0,32.0,11.2,32.3,41.1,0.268,0.204,0.289,39.4,4.7,72.0,23.5,21.0,31.0,SL,Slider,13.8,170,37.3,0.118,0.118,0.128,3.3,BASEBALL_SAVANT_CURRENT_SEASON,2026-08-20T23:43:02.137578+00:00,SAVANT_ARSENAL_SCHEMA_V1,CURRENT
660604,"Rangel, Alan",2026.0,123.0,29.0,23.6,10.6,24.4,50.1,0.317,0.249,0.37,30.4,5.1,72.2,25.6,5.0,27.4,CH,Changeup,37.3,183,21.4,0.313,0.542,0.382,-1.2,BASEBALL_SAVANT_CURRENT_SEASON,2026-08-20T23:43:02.137578+00:00,SAVANT_ARSENAL_SCHEMA_V1,CURRENT
680916,"Aleman, Franco",2026.0,82.0,22.0,26.8,9.8,27.3,44.9,0.277,0.203,0.305,40.0,4.0,72.1,28.5,2.0,26.8,FF,4-Seam Fastball,67.4,225,23.8,0.239,0.326,0.307,0.9,BASEBALL_SAVANT_CURRENT_SEASON,2026-08-20T23:43:02.137578+00:00,SAVANT_ARSENAL_SCHEMA_V1,CURRENT
554430,"Wheeler, Zack",2026.0,474.0,144.0,30.4,7.0,30.7,49.7,0.26,0.204,0.316,35.0,5.8,71.4,21.1,23.0,28.7,FC,Cutter,11.0,213,28.9,0.255,0.426,0.338,0.7,BASEBALL_SAVANT_CURRENT_SEASON,2026-08-20T23:43:02.137578+00:00,SAVANT_ARSENAL_SCHEMA_V1,CURRENT
675660,"Drohan, Shane",2026.0,421.0,99.0,23.5,7.8,27.2,47.9,0.295,0.231,0.367,38.1,8.5,72.5,29.7,13.0,31.5,FC,Cutter,12.2,192,11.1,0.277,0.362,0.348,1.5,BASEBALL_SAVANT_CURRENT_SEASON,2026-08-20T23:43:02.137578+00:00,SAVANT_ARSENAL_SCHEMA_V1,CURRENT
669947,"Scholtens, Jesse",2026.0,196.0,34.0,17.3,7.1,20.6,49.8,0.348,0.276,0.466,35.2,10.3,72.7,30.6,10.0,30.0,SI,Sinker,23.4,169,20.0,0.213,0.34,0.293,1.6,BASEBALL_SAVANT_CURRENT_SEASON,2026-08-20T23:43:02.137578+00:00,SAVANT_ARSENAL_SCHEMA_V1,CURRENT
693686,"Miles, Spencer",2026.0,319.0,73.0,22.9,6.3,18.7,48.4,0.27,0.233,0.326,35.8,3.5,71.4,23.8,8.0,30.2,SL,Slider,16.5,202,17.1,0.288,0.346,0.305,-0.4,BASEBALL_SAVANT_CURRENT_SEASON,2026-08-20T23:43:02.137578+00:00,SAVANT_ARSENAL_SCHEMA_V1,CURRENT
665152,"Kremer, Dean",2026.0,217.0,53.0,24.4,7.4,28.4,46.1,0.315,0.236,0.44,33.8,7.4,71.7,22.6,6.0,33.2,FF,4-Seam Fastball,25.2,217,12.7,0.267,0.667,0.393,-0.5,BASEBALL_SAVANT_CURRENT_SEASON,2026-08-20T23:43:02.137578+00:00,SAVANT_ARSENAL_SCHEMA_V1,CURRENT
676760,"Marinaccio, Ron",2026.0,260.0,48.0,18.5,10.4,25.3,47.1,0.347,0.261,0.427,41.0,7.9,71.8,25.2,9.0,33.5,FC,Cutter,20.8,217,18.4,0.261,0.435,0.368,-0.4,BASEBALL_SAVANT_CURRENT_SEASON,2026-08-20T23:43:02.137578+00:00,SAVANT_ARSENAL_SCHEMA_V1,CURRENT
663878,"Pearson, Nate",2026.0,122.0,25.0,20.5,13.1,23.0,45.6,0.322,0.227,0.356,37.2,7.8,71.5,21.5,4.0,27.2,FF,4-Seam Fastball,41.1,200,8.9,0.233,0.279,0.315,0.3,BASEBALL_SAVANT_CURRENT_SEASON,2026-08-20T23:43:02.137578+00:00,SAVANT_ARSENAL_SCHEMA_V1,CURRENT
669373,"Skubal, Tarik",2026.0,446.0,135.0,30.3,4.5,31.9,53.6,0.27,0.226,0.343,36.4,7.3,71.7,22.7,16.0,28.8,SL,Slider,13.7,235,22.0,0.212,0.365,0.281,1.6,BASEBALL_SAVANT_CURRENT_SEASON,2026-08-20T23:43:02.137578+00:00,SAVANT_ARSENAL_SCHEMA_V1,CURRENT
687931,"Whisenhunt, Carson",2026.0,153.0,23.0,15.0,13.1,28.0,46.3,0.378,0.279,0.485,47.7,8.3,72.9,31.9,4.0,42.7,FF,4-Seam Fastball,34.9,199,11.3,0.447,0.658,0.514,-3.9,BASEBALL_SAVANT_CURRENT_SEASON,2026-08-20T23:43:02.137578+00:00,SAVANT_ARSENAL_SCHEMA_V1,CURRENT
519242,"Sale, Chris",2026.0,517.0,160.0,30.9,5.4,30.0,50.5,0.272,0.223,0.33,34.5,5.6,71.1,20.7,14.0,29.4,CH,Changeup,11.2,233,2.8,0.269,0.346,0.265,1.5,BASEBALL_SAVANT_CURRENT_SEASON,2026-08-20T23:43:02.137578+00:00,SAVANT_ARSENAL_SCHEMA_V1,CURRENT
663542,"Hudson, Bryan",2026.0,224.0,51.0,22.8,7.6,23.5,47.0,0.278,0.229,0.324,35.8,4.0,71.1,19.9,9.0,32.8,ST,Sweeper,26.3,226,13.9,0.326,0.413,0.358,-1.8,BASEBALL_SAVANT_CURRENT_SEASON,2026-08-20T23:43:02.137578+00:00,SAVANT_ARSENAL_SCHEMA_V1,CURRENT
592662,"Ray, Robbie",2026.0,578.0,117.0,20.2,11.8,24.8,47.2,0.329,0.24,0.415,38.3,8.7,72.4,28.2,23.0,30.3,CU,Curveball,10.9,254,24.2,0.143,0.184,0.185,2.0,BASEBALL_SAVANT_CURRENT_SEASON,2026-08-20T23:43:02.137578+00:00,SAVANT_ARSENAL_SCHEMA_V1,CURRENT
701519,"Adams, Travis",2026.0,174.0,46.0,26.4,9.8,27.5,47.7,0.309,0.229,0.399,30.6,8.2,71.8,26.7,6.0,30.6,CH,Changeup,27.5,187,28.1,0.26,0.44,0.338,-1.0,BASEBALL_SAVANT_CURRENT_SEASON,2026-08-20T23:43:02.137578+00:00,SAVANT_ARSENAL_SCHEMA_V1,CURRENT
807743,"Sullivan, Sean",2026.0,114.0,16.0,14.0,9.6,16.2,47.8,0.335,0.241,0.431,34.5,9.5,72.2,28.2,1.0,34.6,FF,4-Seam Fastball,45.9,189,14.3,0.419,0.814,0.549,-3.1,BASEBALL_SAVANT_CURRENT_SEASON,2026-08-20T23:43:02.137578+00:00,SAVANT_ARSENAL_SCHEMA_V1,CURRENT
702275,"Ritchie, JR",2026.0,256.0,53.0,20.7,14.1,23.3,41.1,0.344,0.24,0.408,39.5,9.3,72.4,28.6,9.0,34.9,CH,Changeup,17.3,177,16.7,0.283,0.5,0.38,-2.6,BASEBALL_SAVANT_CURRENT_SEASON,2026-08-20T23:43:02.137578+00:00,SAVANT_ARSENAL_SCHEMA_V1,CURRENT
700249,"Povich, Cade",2026.0,120.0,21.0,17.5,8.3,23.6,45.9,0.342,0.264,0.453,43.2,8.0,72.1,24.4,5.0,43.4,FF,4-Seam Fastball,45.0,204,15.1,0.191,0.34,0.272,1.8,BASEBALL_SAVANT_CURRENT_SEASON,2026-08-20T23:43:02.137578+00:00,SAVANT_ARSENAL_SCHEMA_V1,CURRENT
622663,"Severino, Luis",2026.0,271.0,65.0,24.0,11.4,23.0,47.6,0.318,0.231,0.388,38.7,8.7,71.7,23.3,10.0,29.2,FF,4-Seam Fastball,21.2,230,17.8,0.298,0.447,0.357,-0.4,BASEBALL_SAVANT_CURRENT_SEASON,2026-08-20T23:43:02.137578+00:00,SAVANT_ARSENAL_SCHEMA_V1,CURRENT
656605,"Keller, Mitch",2026.0,503.0,89.0,17.7,8.3,20.5,47.4,0.355,0.288,0.455,42.3,7.4,72.2,27.3,12.0,37.0,SL,Slider,9.5,180,15.3,0.234,0.362,0.286,0.5,BASEBALL_SAVANT_CURRENT_SEASON,2026-08-20T23:43:02.137578+00:00,SAVANT_ARSENAL_SCHEMA_V1,CURRENT
673513,"Matsui, Yuki",2026.0,198.0,50.0,25.3,14.1,35.2,47.3,0.284,0.174,0.325,29.7,8.5,71.9,24.1,11.0,25.3,SL,Slider,30.5,244,28.3,0.106,0.128,0.147,2.6,BASEBALL_SAVANT_CURRENT_SEASON,2026-08-20T23:43:02.137578+00:00,SAVANT_ARSENAL_SCHEMA_V1,CURRENT
681799,"Roberts, Ethan",2026.0,110.0,17.0,15.5,12.7,22.6,43.6,0.342,0.255,0.391,44.7,3.9,72.4,29.8,3.0,37.0,FC,Cutter,45.0,196,11.8,0.286,0.524,0.412,-1.7,BASEBALL_SAVANT_CURRENT_SEASON,2026-08-20T23:43:02.137578+00:00,SAVANT_ARSENAL_SCHEMA_V1,CURRENT
688642,"Agnos, Zach",2026.0,315.0,46.0,14.6,7.9,21.2,50.7,0.354,0.286,0.46,41.4,7.9,72.2,26.7,13.0,34.0,SI,Sinker,12.9,150,4.5,0.356,0.422,0.364,-0.2,BASEBALL_SAVANT_CURRENT_SEASON,2026-08-20T23:43:02.137578+00:00,SAVANT_ARSENAL_SCHEMA_V1,CURRENT
607192,"Glasnow, Tyler",2026.0,148.0,49.0,33.1,8.8,29.8,43.1,0.252,0.18,0.324,38.4,8.1,71.7,25.9,9.0,38.2,CU,Curveball,29.5,177,33.0,0.082,0.184,0.144,0.7,BASEBALL_SAVANT_CURRENT_SEASON,2026-08-20T23:43:02.137578+00:00,SAVANT_ARSENAL_SCHEMA_V1,CURRENT
680802,"Weiss, Ryan",2026.0,131.0,30.0,22.9,15.3,23.7,44.5,0.379,0.269,0.488,49.4,11.1,71.4,21.0,5.0,31.3,FF,4-Seam Fastball,37.0,196,16.1,0.409,0.886,0.566,-4.9,BASEBALL_SAVANT_CURRENT_SEASON,2026-08-20T23:43:02.137578+00:00,SAVANT_ARSENAL_SCHEMA_V1,CURRENT
592094,"Adam, Jason",2026.0,134.0,22.0,16.4,6.0,28.6,53.4,0.288,0.224,0.371,36.3,6.9,72.7,30.3,3.0,30.8,SL,Slider,38.1,210,20.0,0.2,0.28,0.244,3.0,BASEBALL_SAVANT_CURRENT_SEASON,2026-08-20T23:43:02.137578+00:00,SAVANT_ARSENAL_SCHEMA_V1,CURRENT
608379,"Wacha, Michael",2026.0,632.0,120.0,19.0,6.5,21.1,48.5,0.314,0.25,0.417,37.1,7.1,71.5,24.2,13.0,36.5,SL,Slider,8.6,202,14.0,0.32,0.52,0.366,-1.4,BASEBALL_SAVANT_CURRENT_SEASON,2026-08-20T23:43:02.137578+00:00,SAVANT_ARSENAL_SCHEMA_V1,CURRENT
656271,"Burke, Brock",2026.0,262.0,62.0,23.7,13.0,28.8,45.7,0.297,0.213,0.341,30.1,7.7,71.9,26.0,7.0,30.3,CH,Changeup,17.7,176,15.6,0.239,0.413,0.339,-0.7,BASEBALL_SAVANT_CURRENT_SEASON,2026-08-20T23:43:02.137578+00:00,SAVANT_ARSENAL_SCHEMA_V1,CURRENT
683000,"Cornelio, Riley",2026.0,96.0,20.0,20.8,20.8,31.7,48.5,0.318,0.192,0.291,42.9,10.7,71.6,25.1,3.0,25.7,FF,4-Seam Fastball,44.6,183,10.0,0.286,0.343,0.386,-0.3,BASEBALL_SAVANT_CURRENT_SEASON,2026-08-20T23:43:02.137578+00:00,SAVANT_ARSENAL_SCHEMA_V1,CURRENT
671922,"Smith, Cade",2026.0,229.0,79.0,34.5,7.9,34.3,48.9,0.274,0.205,0.343,45.7,9.2,70.9,16.8,13.0,33.5,FS,Split-Finger,24.3,235,23.0,0.106,0.106,0.127,1.8,BASEBALL_SAVANT_CURRENT_SEASON,2026-08-20T23:43:02.137578+00:00,SAVANT_ARSENAL_SCHEMA_V1,CURRENT
700712,"Ureña, Walbert",2026.0,479.0,109.0,22.8,12.3,27.7,45.6,0.283,0.201,0.301,34.3,5.3,72.9,35.5,18.0,26.4,ST,Sweeper,15.1,292,16.7,0.146,0.188,0.169,0.7,BASEBALL_SAVANT_CURRENT_SEASON,2026-08-20T23:43:02.137578+00:00,SAVANT_ARSENAL_SCHEMA_V1,CURRENT
668873,"Kilian, Caleb",2026.0,209.0,56.0,26.8,10.5,27.9,48.7,0.292,0.216,0.36,34.9,8.6,71.7,22.3,10.0,31.8,CU,Curveball,23.8,187,25.3,0.271,0.438,0.327,-2.2,BASEBALL_SAVANT_CURRENT_SEASON,2026-08-20T23:43:02.137578+00:00,SAVANT_ARSENAL_SCHEMA_V1,CURRENT
668390,"Winn, Cole",2026.0,197.0,42.0,21.3,7.6,27.1,53.9,0.336,0.271,0.44,42.4,6.5,72.3,29.7,6.0,32.7,FC,Cutter,30.2,215,5.0,0.289,0.4,0.333,0.2,BASEBALL_SAVANT_CURRENT_SEASON,2026-08-20T23:43:02.137578+00:00,SAVANT_ARSENAL_SCHEMA_V1,CURRENT
663767,"Shugart, Chase",2026.0,176.0,49.0,27.8,9.7,25.0,39.6,0.317,0.222,0.409,34.0,11.3,71.8,22.2,3.0,34.4,SI,Sinker,28.8,201,38.3,0.178,0.267,0.238,2.9,BASEBALL_SAVANT_CURRENT_SEASON,2026-08-20T23:43:02.137578+00:00,SAVANT_ARSENAL_SCHEMA_V1,CURRENT
666661,"Morillo, Juan",2026.0,203.0,59.0,29.1,8.9,30.8,48.9,0.238,0.181,0.254,31.5,3.3,71.6,25.7,9.0,28.6,CH,Changeup,21.1,171,21.0,0.191,0.255,0.225,1.6,BASEBALL_SAVANT_CURRENT_SEASON,2026-08-20T23:43:02.137578+00:00,SAVANT_ARSENAL_SCHEMA_V1,CURRENT
621097,"Waguespack, Jacob",2026.0,107.0,16.0,15.0,8.4,24.6,49.5,0.269,0.206,0.318,30.9,4.9,71.3,23.1,0.0,36.8,FF,4-Seam Fastball,45.1,174,14.8,0.133,0.267,0.218,2.7,BASEBALL_SAVANT_CURRENT_SEASON,2026-08-20T23:43:02.137578+00:00,SAVANT_ARSENAL_SCHEMA_V1,CURRENT
571578,"Corbin, Patrick",2026.0,360.0,63.0,17.5,6.9,21.1,47.3,0.356,0.289,0.463,42.1,7.5,72.4,30.0,11.0,31.1,CH,Changeup,17.5,247,10.7,0.208,0.271,0.242,0.4,BASEBALL_SAVANT_CURRENT_SEASON,2026-08-20T23:43:02.137578+00:00,SAVANT_ARSENAL_SCHEMA_V1,CURRENT
663554,"Mize, Casey",2026.0,408.0,95.0,23.3,6.1,25.3,48.2,0.283,0.229,0.361,36.9,7.7,72.8,32.3,12.0,32.0,SI,Sinker,10.5,164,24.0,0.261,0.37,0.305,1.8,BASEBALL_SAVANT_CURRENT_SEASON,2026-08-20T23:43:02.137578+00:00,SAVANT_ARSENAL_SCHEMA_V1,CURRENT
605280,"Holmes, Clay",2026.0,278.0,50.0,18.0,8.3,20.0,46.9,0.311,0.259,0.372,41.9,4.9,72.3,28.4,4.0,33.2,CH,Changeup,15.0,160,17.1,0.216,0.235,0.201,0.7,BASEBALL_SAVANT_CURRENT_SEASON,2026-08-20T23:43:02.137578+00:00,SAVANT_ARSENAL_SCHEMA_V1,CURRENT
656234,"Bird, Jake",2026.0,162.0,38.0,23.5,8.0,26.3,40.8,0.327,0.24,0.421,35.8,9.4,71.5,24.4,4.0,37.1,ST,Sweeper,38.1,242,24.6,0.191,0.383,0.264,1.0,BASEBALL_SAVANT_CURRENT_SEASON,2026-08-20T23:43:02.137578+00:00,SAVANT_ARSENAL_SCHEMA_V1,CURRENT
607067,"Rea, Colin",2026.0,535.0,91.0,17.0,8.0,19.5,46.8,0.359,0.276,0.487,41.4,10.7,72.1,27.5,13.0,36.7,ST,Sweeper,9.1,184,19.5,0.125,0.25,0.189,2.0,BASEBALL_SAVANT_CURRENT_SEASON,2026-08-20T23:43:02.137578+00:00,SAVANT_ARSENAL_SCHEMA_V1,CURRENT
594798,"deGrom, Jacob",2026.0,498.0,147.0,29.5,6.2,33.4,51.7,0.297,0.238,0.402,45.6,8.8,72.4,27.8,28.0,31.6,CH,Changeup,12.7,257,21.1,0.235,0.275,0.243,0.4,BASEBALL_SAVANT_CURRENT_SEASON,2026-08-20T23:43:02.137578+00:00,SAVANT_ARSENAL_SCHEMA_V1,CURRENT
664208,"Maton, Phil",2026.0,136.0,31.0,22.8,11.8,25.7,47.1,0.389,0.294,0.487,42.9,11.9,71.9,30.0,3.0,30.7,FC,Cutter,36.8,201,16.9,0.325,0.375,0.346,-0.3,BASEBALL_SAVANT_CURRENT_SEASON,2026-08-20T23:43:02.137578+00:00,SAVANT_ARSENAL_SCHEMA_V1,CURRENT
668390,"Winn, Cole",2026.0,197.0,42.0,21.3,7.6,27.1,53.9,0.336,0.271,0.44,42.4,6.5,72.3,29.7,6.0,32.7,SL,Slider,22.9,163,21.4,0.188,0.375,0.27,-0.3,BASEBALL_SAVANT_CURRENT_SEASON,2026-08-20T23:43:02.137578+00:00,SAVANT_ARSENAL_SCHEMA_V1,CURRENT
670245,"Watson, Ryan",2026.0,253.0,47.0,18.6,7.5,23.9,49.3,0.351,0.274,0.468,37.5,10.9,71.2,22.8,10.0,36.1,ST,Sweeper,21.9,208,17.2,0.14,0.2,0.166,1.9,BASEBALL_SAVANT_CURRENT_SEASON,2026-08-20T23:43:02.137578+00:00,SAVANT_ARSENAL_SCHEMA_V1,CURRENT
694297,"Pfaadt, Brandon",2026.0,403.0,69.0,17.1,6.0,21.6,49.4,0.293,0.236,0.375,35.0,7.2,72.4,27.1,15.0,33.4,CU,Curveball,15.5,229,23.1,0.174,0.261,0.215,0.9,BASEBALL_SAVANT_CURRENT_SEASON,2026-08-20T23:43:02.137578+00:00,SAVANT_ARSENAL_SCHEMA_V1,CURRENT
606996,"Hart, Kyle",2026.0,209.0,49.0,23.4,8.1,22.7,43.8,0.273,0.205,0.329,27.1,5.8,71.9,20.8,6.0,30.7,ST,Sweeper,27.1,224,13.9,0.239,0.435,0.326,-0.1,BASEBALL_SAVANT_CURRENT_SEASON,2026-08-20T23:43:02.137578+00:00,SAVANT_ARSENAL_SCHEMA_V1,CURRENT
666974,"Cano, Yennier",2026.0,172.0,38.0,22.1,5.2,26.7,45.2,0.276,0.226,0.337,38.2,5.9,72.2,26.2,3.0,39.1,FS,Split-Finger,27.3,181,18.2,0.313,0.354,0.318,-1.0,BASEBALL_SAVANT_CURRENT_SEASON,2026-08-20T23:43:02.137578+00:00,SAVANT_ARSENAL_SCHEMA_V1,CURRENT
647336,"Soroka, Michael",2026.0,375.0,88.0,23.5,5.6,22.0,49.9,0.312,0.255,0.407,32.6,8.0,72.2,25.9,11.0,28.0,CH,Changeup,12.7,183,12.1,0.265,0.449,0.313,-0.5,BASEBALL_SAVANT_CURRENT_SEASON,2026-08-20T23:43:02.137578+00:00,SAVANT_ARSENAL_SCHEMA_V1,CURRENT
642100,"Speier, Gabe",2026.0,140.0,29.0,20.7,9.3,22.9,50.8,0.313,0.226,0.395,36.6,9.8,71.2,19.8,6.0,29.5,FF,4-Seam Fastball,38.4,195,21.0,0.111,0.267,0.191,2.6,BASEBALL_SAVANT_CURRENT_SEASON,2026-08-20T23:43:02.137578+00:00,SAVANT_ARSENAL_SCHEMA_V1,CURRENT
663947,"Holton, Tyler",2026.0,246.0,47.0,19.1,5.7,22.8,47.0,0.294,0.246,0.36,38.1,6.1,72.0,23.4,9.0,31.6,SI,Sinker,19.3,179,20.0,0.34,0.468,0.373,0.6,BASEBALL_SAVANT_CURRENT_SEASON,2026-08-20T23:43:02.137578+00:00,SAVANT_ARSENAL_SCHEMA_V1,CURRENT
605135,"Bassitt, Chris",2026.0,309.0,46.0,14.9,8.4,20.9,45.8,0.344,0.286,0.411,35.8,4.4,71.2,22.7,5.0,36.7,FC,Cutter,21.0,244,11.4,0.341,0.523,0.397,-1.5,BASEBALL_SAVANT_CURRENT_SEASON,2026-08-20T23:43:02.137578+00:00,SAVANT_ARSENAL_SCHEMA_V1,CURRENT
592155,"Booser, Cam",2026.0,114.0,38.0,33.3,5.3,28.6,55.0,0.246,0.182,0.342,41.4,7.1,72.2,27.7,2.0,31.3,FF,4-Seam Fastball,46.8,205,23.0,0.128,0.149,0.143,3.9,BASEBALL_SAVANT_CURRENT_SEASON,2026-08-20T23:43:02.137578+00:00,SAVANT_ARSENAL_SCHEMA_V1,CURRENT
669022,"Gore, MacKenzie",2026.0,597.0,154.0,25.8,8.5,26.3,49.6,0.304,0.236,0.378,42.0,8.8,72.6,31.4,21.0,27.8,FC,Cutter,7.3,174,27.7,0.256,0.651,0.419,-1.5,BASEBALL_SAVANT_CURRENT_SEASON,2026-08-20T23:43:02.137578+00:00,SAVANT_ARSENAL_SCHEMA_V1,CURRENT
547179,"Lorenzen, Michael",2026.0,562.0,82.0,14.6,8.7,18.1,44.3,0.374,0.302,0.495,46.4,9.4,72.3,29.0,14.0,38.6,CU,Curveball,11.1,243,15.8,0.333,0.563,0.381,-1.4,BASEBALL_SAVANT_CURRENT_SEASON,2026-08-20T23:43:02.137578+00:00,SAVANT_ARSENAL_SCHEMA_V1,CURRENT
669199,"Bachar, Lake",2026.0,281.0,72.0,25.6,8.5,30.3,45.9,0.292,0.206,0.372,35.6,9.4,72.1,24.8,14.0,32.8,ST,Sweeper,17.0,192,17.9,0.25,0.364,0.318,-0.7,BASEBALL_SAVANT_CURRENT_SEASON,2026-08-20T23:43:02.137578+00:00,SAVANT_ARSENAL_SCHEMA_V1,CURRENT
682825,"Mey, Luis",2026.0,81.0,30.0,37.0,14.8,36.6,40.2,0.318,0.179,0.355,44.4,12.1,71.9,26.6,4.0,28.6,SI,Sinker,59.5,210,27.8,0.211,0.316,0.355,1.1,BASEBALL_SAVANT_CURRENT_SEASON,2026-08-20T23:43:02.137578+00:00,SAVANT_ARSENAL_SCHEMA_V1,CURRENT
656638,"Lange, Alex",2026.0,222.0,53.0,23.9,11.7,27.8,47.1,0.336,0.243,0.411,42.0,12.3,72.3,29.8,11.0,31.3,CH,Changeup,21.7,199,18.5,0.267,0.422,0.323,-1.3,BASEBALL_SAVANT_CURRENT_SEASON,2026-08-20T23:43:02.137578+00:00,SAVANT_ARSENAL_SCHEMA_V1,CURRENT
650644,"Civale, Aaron",2026.0,410.0,74.0,18.0,6.8,21.2,46.8,0.336,0.268,0.452,43.8,9.2,71.8,25.4,8.0,37.8,FF,4-Seam Fastball,12.0,188,7.1,0.348,0.783,0.476,-3.5,BASEBALL_SAVANT_CURRENT_SEASON,2026-08-20T23:43:02.137578+00:00,SAVANT_ARSENAL_SCHEMA_V1,CURRENT
681810,"Warren, Austin",2026.0,160.0,39.0,24.4,11.3,26.9,40.5,0.344,0.256,0.428,42.0,13.3,72.2,26.5,9.0,32.6,SI,Sinker,25.3,169,29.8,0.179,0.41,0.312,-0.1,BASEBALL_SAVANT_CURRENT_SEASON,2026-08-20T23:43:02.137578+00:00,SAVANT_ARSENAL_SCHEMA_V1,CURRENT
642232,"Yarbrough, Ryan",2026.0,195.0,32.0,16.4,9.7,23.4,47.5,0.286,0.224,0.317,22.9,3.6,71.2,20.4,4.0,29.1,CH,Changeup,21.0,157,19.3,0.245,0.286,0.262,0.7,BASEBALL_SAVANT_CURRENT_SEASON,2026-08-20T23:43:02.137578+00:00,SAVANT_ARSENAL_SCHEMA_V1,CURRENT
672335,"Pérez, Cionel",2026.0,181.0,41.0,22.7,8.8,25.2,45.9,0.346,0.265,0.47,50.0,13.0,71.9,24.8,12.0,36.3,SI,Sinker,29.1,204,13.8,0.311,0.511,0.396,-0.7,BASEBALL_SAVANT_CURRENT_SEASON,2026-08-20T23:43:02.137578+00:00,SAVANT_ARSENAL_SCHEMA_V1,CURRENT
804267,"Thornton, Zac",2026.0,200.0,36.0,18.0,7.0,19.6,51.1,0.337,0.269,0.455,40.9,9.4,72.9,30.4,6.0,33.7,FF,4-Seam Fastball,25.1,185,25.5,0.2,0.44,0.267,1.1,BASEBALL_SAVANT_CURRENT_SEASON,2026-08-20T23:43:02.137578+00:00,SAVANT_ARSENAL_SCHEMA_V1,CURRENT
663362,"Waldron, Matt",2026.0,169.0,31.0,18.3,5.9,16.8,48.2,0.3,0.237,0.39,38.1,6.3,71.3,23.0,3.0,37.2,KN,Knuckleball,29.5,182,23.6,0.319,0.553,0.377,-3.2,BASEBALL_SAVANT_CURRENT_SEASON,2026-08-20T23:43:02.137578+00:00,SAVANT_ARSENAL_SCHEMA_V1,CURRENT
687911,"King, Bryan",2026.0,228.0,43.0,18.9,8.3,18.5,49.5,0.305,0.243,0.363,37.3,5.7,71.4,19.3,8.0,30.2,ST,Sweeper,28.0,245,11.6,0.4,0.622,0.462,-2.3,BASEBALL_SAVANT_CURRENT_SEASON,2026-08-20T23:43:02.137578+00:00,SAVANT_ARSENAL_SCHEMA_V1,CURRENT
664208,"Maton, Phil",2026.0,136.0,31.0,22.8,11.8,25.7,47.1,0.389,0.294,0.487,42.9,11.9,71.9,30.0,3.0,30.7,CU,Curveball,28.9,158,24.4,0.25,0.523,0.355,-3.3,BASEBALL_SAVANT_CURRENT_SEASON,2026-08-20T23:43:02.137578+00:00,SAVANT_ARSENAL_SCHEMA_V1,CURRENT
642397,"Soto, Gregory",2026.0,227.0,66.0,29.1,9.7,28.6,43.0,0.268,0.196,0.299,35.1,5.2,71.3,20.0,13.0,33.2,ST,Sweeper,17.2,159,37.3,0.13,0.239,0.19,0.6,BASEBALL_SAVANT_CURRENT_SEASON,2026-08-20T23:43:02.137578+00:00,SAVANT_ARSENAL_SCHEMA_V1,CURRENT
608331,"Fried, Max",2026.0,332.0,79.0,23.8,8.1,24.6,45.4,0.248,0.2,0.264,31.3,1.8,71.7,22.4,10.0,30.3,CH,Changeup,12.2,158,20.6,0.17,0.213,0.19,2.2,BASEBALL_SAVANT_CURRENT_SEASON,2026-08-20T23:43:02.137578+00:00,SAVANT_ARSENAL_SCHEMA_V1,CURRENT
671737,"Bradley, Taj",2026.0,599.0,158.0,26.4,10.4,26.0,47.1,0.307,0.226,0.377,44.9,9.3,72.2,28.8,29.0,31.7,CU,Curveball,9.2,223,21.4,0.217,0.478,0.316,-3.1,BASEBALL_SAVANT_CURRENT_SEASON,2026-08-20T23:43:02.137578+00:00,SAVANT_ARSENAL_SCHEMA_V1,CURRENT
622663,"Severino, Luis",2026.0,271.0,65.0,24.0,11.4,23.0,47.6,0.318,0.231,0.388,38.7,8.7,71.7,23.3,10.0,29.2,FC,Cutter,20.7,225,12.1,0.3,0.475,0.438,-1.3,BASEBALL_SAVANT_CURRENT_SEASON,2026-08-20T23:43:02.137578+00:00,SAVANT_ARSENAL_SCHEMA_V1,CURRENT
678394,"Bello, Brayan",2026.0,385.0,67.0,17.4,7.3,24.9,49.2,0.351,0.294,0.466,42.3,8.0,72.6,29.9,8.0,37.5,FC,Cutter,16.0,228,31.4,0.295,0.705,0.462,-1.4,BASEBALL_SAVANT_CURRENT_SEASON,2026-08-20T23:43:02.137578+00:00,SAVANT_ARSENAL_SCHEMA_V1,CURRENT
623352,"Hader, Josh",2026.0,117.0,41.0,35.0,9.4,36.5,53.1,0.225,0.158,0.254,33.8,7.7,71.6,22.2,7.0,25.9,SL,Slider,37.9,180,21.7,0.14,0.163,0.203,2.2,BASEBALL_SAVANT_CURRENT_SEASON,2026-08-20T23:43:02.137578+00:00,SAVANT_ARSENAL_SCHEMA_V1,CURRENT
806188,"Gibson, Cade",2026.0,163.0,30.0,18.4,10.4,21.5,44.4,0.307,0.25,0.321,39.1,2.7,71.1,24.8,4.0,33.7,ST,Sweeper,26.7,173,19.5,0.318,0.364,0.333,-0.9,BASEBALL_SAVANT_CURRENT_SEASON,2026-08-20T23:43:02.137578+00:00,SAVANT_ARSENAL_SCHEMA_V1,CURRENT
805299,"Garcia, Brandyn",2026.0,138.0,42.0,30.4,6.5,26.8,44.7,0.235,0.173,0.268,33.7,4.8,72.1,23.9,4.0,33.6,ST,Sweeper,31.1,156,35.8,0.064,0.064,0.102,3.0,BASEBALL_SAVANT_CURRENT_SEASON,2026-08-20T23:43:02.137578+00:00,SAVANT_ARSENAL_SCHEMA_V1,CURRENT
687570,"Prielipp, Connor",2026.0,382.0,94.0,24.6,9.4,23.8,47.1,0.318,0.237,0.399,41.1,8.2,71.9,26.7,14.0,34.2,CH,Changeup,10.8,163,23.1,0.244,0.511,0.333,0.2,BASEBALL_SAVANT_CURRENT_SEASON,2026-08-20T23:43:02.137578+00:00,SAVANT_ARSENAL_SCHEMA_V1,CURRENT
605288,"Houser, Adrian",2026.0,464.0,73.0,15.7,7.3,17.8,46.2,0.341,0.269,0.456,42.2,8.8,71.9,25.9,9.0,37.5,SL,Slider,9.8,167,13.0,0.283,0.565,0.402,-1.9,BASEBALL_SAVANT_CURRENT_SEASON,2026-08-20T23:43:02.137578+00:00,SAVANT_ARSENAL_SCHEMA_V1,CURRENT
681982,"Anderson, Grant",2026.0,201.0,45.0,22.4,10.0,25.7,49.3,0.274,0.205,0.333,37.8,7.4,71.6,21.7,10.0,35.7,SI,Sinker,23.0,178,13.6,0.195,0.341,0.291,1.9,BASEBALL_SAVANT_CURRENT_SEASON,2026-08-20T23:43:02.137578+00:00,SAVANT_ARSENAL_SCHEMA_V1,CURRENT
675660,"Drohan, Shane",2026.0,421.0,99.0,23.5,7.8,27.2,47.9,0.295,0.231,0.367,38.1,8.5,72.5,29.7,13.0,31.5,CU,Curveball,13.4,212,19.4,0.302,0.442,0.369,-0.9,BASEBALL_SAVANT_CURRENT_SEASON,2026-08-20T23:43:02.137578+00:00,SAVANT_ARSENAL_SCHEMA_V1,CURRENT
688107,"Gasser, Robert",2026.0,314.0,68.0,21.7,6.1,22.2,50.7,0.316,0.251,0.408,34.1,6.8,72.4,29.2,5.0,27.6,FC,Cutter,18.2,221,4.3,0.244,0.537,0.38,0.5,BASEBALL_SAVANT_CURRENT_SEASON,2026-08-20T23:43:02.137578+00:00,SAVANT_ARSENAL_SCHEMA_V1,CURRENT
682989,"Mederos, Victor",2026.0,92.0,20.0,21.7,7.6,32.0,50.4,0.291,0.233,0.341,42.9,4.8,72.9,33.5,3.0,32.4,FC,Cutter,49.9,179,20.0,0.163,0.372,0.298,0.6,BASEBALL_SAVANT_CURRENT_SEASON,2026-08-20T23:43:02.137578+00:00,SAVANT_ARSENAL_SCHEMA_V1,CURRENT
656302,"Cease, Dylan",2026.0,553.0,201.0,36.3,10.7,34.8,46.1,0.254,0.183,0.276,32.4,4.9,71.7,26.5,19.0,24.6,CH,Changeup,11.5,270,27.9,0.13,0.174,0.153,0.7,BASEBALL_SAVANT_CURRENT_SEASON,2026-08-20T23:43:02.137578+00:00,SAVANT_ARSENAL_SCHEMA_V1,CURRENT
702273,"Schultz, Noah",2026.0,291.0,59.0,20.3,10.7,21.0,44.5,0.364,0.273,0.454,40.4,9.4,72.3,28.9,9.0,29.9,FC,Cutter,21.0,241,14.3,0.25,0.4,0.334,-0.2,BASEBALL_SAVANT_CURRENT_SEASON,2026-08-20T23:43:02.137578+00:00,SAVANT_ARSENAL_SCHEMA_V1,CURRENT
687075,"Sproat, Brandon",2026.0,414.0,100.0,24.2,11.6,25.1,45.9,0.337,0.245,0.406,43.1,8.7,71.7,21.9,17.0,29.3,CU,Curveball,9.8,166,20.7,0.214,0.595,0.386,-3.8,BASEBALL_SAVANT_CURRENT_SEASON,2026-08-20T23:43:02.137578+00:00,SAVANT_ARSENAL_SCHEMA_V1,CURRENT
668984,"Legumina, Casey",2026.0,229.0,40.0,17.5,5.7,21.4,52.4,0.323,0.267,0.41,36.6,7.1,72.2,27.5,7.0,31.4,SI,Sinker,21.7,184,12.9,0.286,0.333,0.319,2.1,BASEBALL_SAVANT_CURRENT_SEASON,2026-08-20T23:43:02.137578+00:00,SAVANT_ARSENAL_SCHEMA_V1,CURRENT
668674,"Erceg, Lucas",2026.0,208.0,31.0,14.9,13.9,20.8,47.2,0.34,0.263,0.361,38.7,4.9,71.3,19.6,4.0,29.8,FF,4-Seam Fastball,28.9,238,7.7,0.333,0.5,0.402,-1.3,BASEBALL_SAVANT_CURRENT_SEASON,2026-08-20T23:43:02.137578+00:00,SAVANT_ARSENAL_SCHEMA_V1,CURRENT
669456,"Bieber, Shane",2026.0,217.0,37.0,17.1,11.1,22.9,42.7,0.39,0.296,0.534,47.4,11.5,73.5,41.1,6.0,40.0,CU,Curveball,18.8,156,22.7,0.386,0.545,0.429,-2.0,BASEBALL_SAVANT_CURRENT_SEASON,2026-08-20T23:43:02.137578+00:00,SAVANT_ARSENAL_SCHEMA_V1,CURRENT
676571,"Poulin, PJ",2026.0,153.0,25.0,16.3,13.7,16.9,40.0,0.353,0.256,0.441,44.3,9.6,72.6,32.3,3.0,39.6,FF,4-Seam Fastball,29.8,189,9.4,0.22,0.39,0.324,-0.6,BASEBALL_SAVANT_CURRENT_SEASON,2026-08-20T23:43:02.137578+00:00,SAVANT_ARSENAL_SCHEMA_V1,CURRENT
677053,"Nardi, Andrew",2026.0,99.0,27.0,27.3,11.1,30.4,47.9,0.348,0.241,0.466,45.0,13.3,71.0,22.2,4.0,35.1,FF,4-Seam Fastball,47.9,181,25.0,0.25,0.3,0.311,1.1,BASEBALL_SAVANT_CURRENT_SEASON,2026-08-20T23:43:02.137578+00:00,SAVANT_ARSENAL_SCHEMA_V1,CURRENT
621111,"Buehler, Walker",2026.0,518.0,104.0,20.1,9.5,20.4,44.6,0.318,0.248,0.397,38.9,8.1,72.2,28.9,19.0,33.0,CH,Changeup,9.8,203,16.9,0.362,0.66,0.458,-4.5,BASEBALL_SAVANT_CURRENT_SEASON,2026-08-20T23:43:02.137578+00:00,SAVANT_ARSENAL_SCHEMA_V1,CURRENT
571945,"Mikolas, Miles",2026.0,498.0,58.0,11.6,4.6,14.5,48.4,0.354,0.288,0.506,43.6,9.2,72.5,29.2,13.0,38.3,CU,Curveball,15.0,273,12.0,0.349,0.442,0.35,-1.1,BASEBALL_SAVANT_CURRENT_SEASON,2026-08-20T23:43:02.137578+00:00,SAVANT_ARSENAL_SCHEMA_V1,CURRENT
681190,"Vásquez, Randy",2026.0,474.0,71.0,15.0,6.8,19.3,49.9,0.365,0.292,0.505,44.1,10.6,72.5,28.1,9.0,34.4,CU,Curveball,9.6,175,10.8,0.295,0.477,0.414,-2.6,BASEBALL_SAVANT_CURRENT_SEASON,2026-08-20T23:43:02.137578+00:00,SAVANT_ARSENAL_SCHEMA_V1,CURRENT
691951,"Aldegheri, Sam",2026.0,151.0,22.0,14.6,11.3,20.4,45.7,0.355,0.271,0.45,35.1,9.0,73.2,37.4,2.0,29.7,CH,Changeup,31.0,189,16.4,0.227,0.455,0.311,0.7,BASEBALL_SAVANT_CURRENT_SEASON,2026-08-20T23:43:02.137578+00:00,SAVANT_ARSENAL_SCHEMA_V1,CURRENT
656550,"Holmes, Grant",2026.0,507.0,97.0,19.1,10.1,26.9,48.3,0.336,0.254,0.432,43.0,9.0,72.9,31.1,25.0,38.5,SI,Sinker,12.0,225,0.0,0.286,0.476,0.376,-0.2,BASEBALL_SAVANT_CURRENT_SEASON,2026-08-20T23:43:02.137578+00:00,SAVANT_ARSENAL_SCHEMA_V1,CURRENT
686580,"Slaten, Justin",2026.0,137.0,39.0,28.5,5.8,25.2,50.8,0.266,0.223,0.332,36.7,4.4,71.8,26.9,7.0,26.7,FC,Cutter,41.5,211,22.6,0.395,0.605,0.439,-1.7,BASEBALL_SAVANT_CURRENT_SEASON,2026-08-20T23:43:02.137578+00:00,SAVANT_ARSENAL_SCHEMA_V1,CURRENT
670245,"Watson, Ryan",2026.0,253.0,47.0,18.6,7.5,23.9,49.3,0.351,0.274,0.468,37.5,10.9,71.2,22.8,10.0,36.1,SI,Sinker,16.5,157,7.7,0.275,0.6,0.416,-1.4,BASEBALL_SAVANT_CURRENT_SEASON,2026-08-20T23:43:02.137578+00:00,SAVANT_ARSENAL_SCHEMA_V1,CURRENT
681895,"Sisk, Evan",2026.0,174.0,47.0,27.0,10.3,26.5,41.7,0.277,0.195,0.277,30.7,3.0,70.7,17.4,7.0,27.8,SI,Sinker,31.2,232,23.1,0.314,0.514,0.462,-1.0,BASEBALL_SAVANT_CURRENT_SEASON,2026-08-20T23:43:02.137578+00:00,SAVANT_ARSENAL_SCHEMA_V1,CURRENT
694037,"Palencia, Daniel",2026.0,71.0,19.0,26.8,8.5,29.6,52.6,0.3,0.244,0.386,30.4,6.5,71.7,25.6,3.0,30.2,FF,4-Seam Fastball,66.1,191,22.4,0.227,0.273,0.246,1.8,BASEBALL_SAVANT_CURRENT_SEASON,2026-08-20T23:43:02.137578+00:00,SAVANT_ARSENAL_SCHEMA_V1,CURRENT
682120,"Herrin, Tim",2026.0,183.0,38.0,20.8,13.1,31.2,46.2,0.31,0.207,0.352,37.1,7.8,71.9,23.3,12.0,34.3,CU,Curveball,28.1,205,20.5,0.179,0.256,0.255,-0.1,BASEBALL_SAVANT_CURRENT_SEASON,2026-08-20T23:43:02.137578+00:00,SAVANT_ARSENAL_SCHEMA_V1,CURRENT
670329,"Garcia, Rico",2026.0,210.0,55.0,26.2,8.6,32.7,49.1,0.277,0.209,0.353,35.3,6.6,71.9,26.8,8.0,32.7,SL,Slider,18.5,146,24.0,0.209,0.349,0.279,1.3,BASEBALL_SAVANT_CURRENT_SEASON,2026-08-20T23:43:02.137578+00:00,SAVANT_ARSENAL_SCHEMA_V1,CURRENT
489446,"Yates, Kirby",2026.0,148.0,44.0,29.7,8.8,30.7,52.8,0.265,0.188,0.297,46.0,6.9,72.2,29.1,3.0,31.4,FS,Split-Finger,31.7,188,18.6,0.22,0.341,0.327,-0.8,BASEBALL_SAVANT_CURRENT_SEASON,2026-08-20T23:43:02.137578+00:00,SAVANT_ARSENAL_SCHEMA_V1,CURRENT
687377,"Ribalta, Orlando",2026.0,151.0,33.0,21.9,9.3,25.8,50.5,0.298,0.214,0.391,34.6,7.7,72.0,26.9,5.0,26.1,FF,4-Seam Fastball,28.6,182,20.0,0.143,0.333,0.236,1.1,BASEBALL_SAVANT_CURRENT_SEASON,2026-08-20T23:43:02.137578+00:00,SAVANT_ARSENAL_SCHEMA_V1,CURRENT
657571,"Ferguson, Caleb",2026.0,130.0,26.0,20.0,13.1,19.2,45.4,0.317,0.243,0.38,34.9,5.9,73.1,33.2,1.0,28.0,SI,Sinker,33.2,171,22.8,0.244,0.317,0.299,1.1,BASEBALL_SAVANT_CURRENT_SEASON,2026-08-20T23:43:02.137578+00:00,SAVANT_ARSENAL_SCHEMA_V1,CURRENT
656849,"Peterson, David",2026.0,507.0,95.0,18.7,9.3,21.4,47.0,0.34,0.275,0.417,41.2,6.4,71.9,27.8,8.0,39.1,CU,Curveball,10.3,190,22.7,0.326,0.558,0.443,-3.3,BASEBALL_SAVANT_CURRENT_SEASON,2026-08-20T23:43:02.137578+00:00,SAVANT_ARSENAL_SCHEMA_V1,CURRENT
702275,"Ritchie, JR",2026.0,256.0,53.0,20.7,14.1,23.3,41.1,0.344,0.24,0.408,39.5,9.3,72.4,28.6,9.0,34.9,FF,4-Seam Fastball,18.0,184,17.6,0.243,0.541,0.413,-3.8,BASEBALL_SAVANT_CURRENT_SEASON,2026-08-20T23:43:02.137578+00:00,SAVANT_ARSENAL_SCHEMA_V1,CURRENT
805427,"Sommers, Drew",2026.0,103.0,38.0,36.9,10.7,34.1,50.2,0.229,0.172,0.234,22.6,1.9,70.4,14.0,9.0,20.3,SI,Sinker,44.7,185,26.8,0.3,0.325,0.341,0.4,BASEBALL_SAVANT_CURRENT_SEASON,2026-08-20T23:43:02.137578+00:00,SAVANT_ARSENAL_SCHEMA_V1,CURRENT
683742,"Franco, Jose",2026.0,92.0,15.0,16.3,16.3,20.6,44.5,0.347,0.236,0.391,33.9,10.0,71.6,13.4,5.0,33.6,FF,4-Seam Fastball,46.0,160,17.6,0.243,0.514,0.405,-0.6,BASEBALL_SAVANT_CURRENT_SEASON,2026-08-20T23:43:02.137578+00:00,SAVANT_ARSENAL_SCHEMA_V1,CURRENT
687377,"Ribalta, Orlando",2026.0,151.0,33.0,21.9,9.3,25.8,50.5,0.298,0.214,0.391,34.6,7.7,72.0,26.9,5.0,26.1,SL,Slider,39.4,251,10.5,0.209,0.326,0.279,1.4,BASEBALL_SAVANT_CURRENT_SEASON,2026-08-20T23:43:02.137578+00:00,SAVANT_ARSENAL_SCHEMA_V1,CURRENT
664126,"Fairbanks, Pete",2026.0,166.0,54.0,32.5,9.6,32.1,46.2,0.317,0.21,0.43,44.1,13.0,71.1,19.6,7.0,31.7,FC,Cutter,23.3,160,21.5,0.25,0.5,0.379,-1.0,BASEBALL_SAVANT_CURRENT_SEASON,2026-08-20T23:43:02.137578+00:00,SAVANT_ARSENAL_SCHEMA_V1,CURRENT
680767,"Vodnik, Victor",2026.0,197.0,31.0,15.7,12.2,23.7,47.1,0.319,0.245,0.368,40.3,5.8,72.2,27.3,6.0,34.4,SL,Slider,31.1,237,14.9,0.184,0.316,0.299,-0.2,BASEBALL_SAVANT_CURRENT_SEASON,2026-08-20T23:43:02.137578+00:00,SAVANT_ARSENAL_SCHEMA_V1,CURRENT
686993,"Sterner, Justin",2026.0,184.0,40.0,21.7,7.1,29.9,52.1,0.292,0.225,0.399,45.0,9.2,71.7,25.9,9.0,33.8,ST,Sweeper,29.6,215,22.0,0.178,0.467,0.269,-1.2,BASEBALL_SAVANT_CURRENT_SEASON,2026-08-20T23:43:02.137578+00:00,SAVANT_ARSENAL_SCHEMA_V1,CURRENT
656550,"Holmes, Grant",2026.0,507.0,97.0,19.1,10.1,26.9,48.3,0.336,0.254,0.432,43.0,9.0,72.9,31.1,25.0,38.5,FC,Cutter,9.1,170,0.0,0.333,0.615,0.472,-1.2,BASEBALL_SAVANT_CURRENT_SEASON,2026-08-20T23:43:02.137578+00:00,SAVANT_ARSENAL_SCHEMA_V1,CURRENT
672282,"Detmers, Reid",2026.0,579.0,167.0,28.8,7.4,29.6,49.2,0.283,0.214,0.363,38.2,8.3,72.0,26.2,33.0,33.5,CH,Changeup,9.7,225,16.0,0.256,0.512,0.326,-0.6,BASEBALL_SAVANT_CURRENT_SEASON,2026-08-20T23:43:02.137578+00:00,SAVANT_ARSENAL_SCHEMA_V1,CURRENT
663767,"Shugart, Chase",2026.0,176.0,49.0,27.8,9.7,25.0,39.6,0.317,0.222,0.409,34.0,11.3,71.8,22.2,3.0,34.4,ST,Sweeper,21.5,150,23.1,0.233,0.535,0.352,-3.0,BASEBALL_SAVANT_CURRENT_SEASON,2026-08-20T23:43:02.137578+00:00,SAVANT_ARSENAL_SCHEMA_V1,CURRENT
687075,"Sproat, Brandon",2026.0,414.0,100.0,24.2,11.6,25.1,45.9,0.337,0.245,0.406,43.1,8.7,71.7,21.9,17.0,29.3,ST,Sweeper,10.3,174,19.4,0.171,0.341,0.297,-1.5,BASEBALL_SAVANT_CURRENT_SEASON,2026-08-20T23:43:02.137578+00:00,SAVANT_ARSENAL_SCHEMA_V1,CURRENT
663567,"Lambert, Peter",2026.0,494.0,117.0,23.7,9.3,25.6,48.4,0.284,0.202,0.341,36.3,6.5,72.4,27.4,15.0,28.4,SI,Sinker,9.9,196,11.8,0.295,0.386,0.324,0.4,BASEBALL_SAVANT_CURRENT_SEASON,2026-08-20T23:43:02.137578+00:00,SAVANT_ARSENAL_SCHEMA_V1,CURRENT
689296,"Nunez, Anthony",2026.0,196.0,46.0,23.5,11.2,32.1,47.5,0.317,0.233,0.398,39.7,7.1,71.7,22.3,13.0,31.9,FF,4-Seam Fastball,28.6,219,12.5,0.293,0.61,0.407,-0.6,BASEBALL_SAVANT_CURRENT_SEASON,2026-08-20T23:43:02.137578+00:00,SAVANT_ARSENAL_SCHEMA_V1,CURRENT
669358,"Baz, Shane",2026.0,623.0,132.0,21.2,7.9,22.5,49.1,0.312,0.252,0.396,42.8,6.8,72.0,26.7,25.0,35.2,SI,Sinker,8.5,203,8.3,0.22,0.268,0.266,2.3,BASEBALL_SAVANT_CURRENT_SEASON,2026-08-20T23:43:02.137578+00:00,SAVANT_ARSENAL_SCHEMA_V1,CURRENT
669211,"Akin, Keegan",2026.0,114.0,17.0,14.9,7.9,19.3,49.2,0.298,0.246,0.371,28.4,5.8,71.6,19.9,1.0,30.4,FF,4-Seam Fastball,49.4,219,17.5,0.231,0.41,0.313,1.3,BASEBALL_SAVANT_CURRENT_SEASON,2026-08-20T23:43:02.137578+00:00,SAVANT_ARSENAL_SCHEMA_V1,CURRENT
621112,"Blackburn, Paul",2026.0,274.0,57.0,20.8,9.9,22.9,46.3,0.291,0.23,0.345,33.3,5.8,72.0,26.5,9.0,29.4,FC,Cutter,21.6,216,18.4,0.295,0.477,0.355,-0.5,BASEBALL_SAVANT_CURRENT_SEASON,2026-08-20T23:43:02.137578+00:00,SAVANT_ARSENAL_SCHEMA_V1,CURRENT
656492,"Griffin, Foster",2026.0,589.0,131.0,22.2,5.9,23.7,48.3,0.315,0.252,0.418,38.1,9.2,72.5,31.6,23.0,29.4,SI,Sinker,10.1,236,12.5,0.231,0.308,0.353,1.0,BASEBALL_SAVANT_CURRENT_SEASON,2026-08-20T23:43:02.137578+00:00,SAVANT_ARSENAL_SCHEMA_V1,CURRENT
663556,"McClanahan, Shane",2026.0,423.0,94.0,22.2,8.3,26.9,48.4,0.315,0.241,0.405,41.5,8.7,72.7,33.0,16.0,31.6,CU,Curveball,14.3,229,19.5,0.205,0.333,0.302,0.5,BASEBALL_SAVANT_CURRENT_SEASON,2026-08-20T23:43:02.137578+00:00,SAVANT_ARSENAL_SCHEMA_V1,CURRENT
682120,"Herrin, Tim",2026.0,183.0,38.0,20.8,13.1,31.2,46.2,0.31,0.207,0.352,37.1,7.8,71.9,23.3,12.0,34.3,FF,4-Seam Fastball,21.9,160,20.9,0.294,0.412,0.371,-1.4,BASEBALL_SAVANT_CURRENT_SEASON,2026-08-20T23:43:02.137578+00:00,SAVANT_ARSENAL_SCHEMA_V1,CURRENT
686973,"Varland, Louis",2026.0,249.0,79.0,31.7,6.8,29.4,52.4,0.231,0.197,0.266,37.3,4.6,71.6,22.4,14.0,25.0,CH,Changeup,18.1,182,30.4,0.089,0.089,0.111,4.3,BASEBALL_SAVANT_CURRENT_SEASON,2026-08-20T23:43:02.137578+00:00,SAVANT_ARSENAL_SCHEMA_V1,CURRENT
801403,"Dollander, Chase",2026.0,189.0,47.0,24.9,9.5,28.0,48.0,0.307,0.217,0.387,52.1,9.9,72.2,26.4,5.0,32.8,SI,Sinker,24.0,178,15.0,0.225,0.325,0.331,0.8,BASEBALL_SAVANT_CURRENT_SEASON,2026-08-20T23:43:02.137578+00:00,SAVANT_ARSENAL_SCHEMA_V1,CURRENT
702275,"Ritchie, JR",2026.0,256.0,53.0,20.7,14.1,23.3,41.1,0.344,0.24,0.408,39.5,9.3,72.4,28.6,9.0,34.9,SI,Sinker,20.7,212,21.1,0.154,0.179,0.227,2.5,BASEBALL_SAVANT_CURRENT_SEASON,2026-08-20T23:43:02.137578+00:00,SAVANT_ARSENAL_SCHEMA_V1,CURRENT
622554,"Domínguez, Seranthony",2026.0,194.0,51.0,26.3,14.4,28.4,45.2,0.329,0.226,0.393,36.3,9.0,71.7,23.9,6.0,26.5,ST,Sweeper,28.7,241,20.3,0.209,0.372,0.31,-1.0,BASEBALL_SAVANT_CURRENT_SEASON,2026-08-20T23:43:02.137578+00:00,SAVANT_ARSENAL_SCHEMA_V1,CURRENT
669387,"Mlodzinski, Carmen",2026.0,451.0,81.0,18.0,8.0,20.8,45.7,0.351,0.296,0.446,47.7,7.3,72.0,27.2,13.0,36.6,CU,Curveball,11.3,199,13.2,0.256,0.349,0.3,0.2,BASEBALL_SAVANT_CURRENT_SEASON,2026-08-20T23:43:02.137578+00:00,SAVANT_ARSENAL_SCHEMA_V1,CURRENT
607067,"Rea, Colin",2026.0,535.0,91.0,17.0,8.0,19.5,46.8,0.359,0.276,0.487,41.4,10.7,72.1,27.5,13.0,36.7,SI,Sinker,8.4,171,2.6,0.333,0.643,0.438,-2.1,BASEBALL_SAVANT_CURRENT_SEASON,2026-08-20T23:43:02.137578+00:00,SAVANT_ARSENAL_SCHEMA_V1,CURRENT
656492,"Griffin, Foster",2026.0,589.0,131.0,22.2,5.9,23.7,48.3,0.315,0.252,0.418,38.1,9.2,72.5,31.6,23.0,29.4,FS,Split-Finger,5.9,137,15.4,0.217,0.283,0.218,-0.6,BASEBALL_SAVANT_CURRENT_SEASON,2026-08-20T23:43:02.137578+00:00,SAVANT_ARSENAL_SCHEMA_V1,CURRENT
681892,"Funderburk, Kody",2026.0,172.0,34.0,19.8,12.8,22.5,43.9,0.301,0.226,0.322,27.2,5.3,70.6,18.6,4.0,29.8,ST,Sweeper,20.5,137,16.3,0.154,0.154,0.209,-0.1,BASEBALL_SAVANT_CURRENT_SEASON,2026-08-20T23:43:02.137578+00:00,SAVANT_ARSENAL_SCHEMA_V1,CURRENT
641927,"Ober, Bailey",2026.0,435.0,71.0,16.3,6.0,19.6,48.8,0.333,0.257,0.467,35.5,10.1,72.9,32.2,8.0,34.5,ST,Sweeper,12.0,196,21.0,0.091,0.114,0.116,3.4,BASEBALL_SAVANT_CURRENT_SEASON,2026-08-20T23:43:02.137578+00:00,SAVANT_ARSENAL_SCHEMA_V1,CURRENT
607625,"Lugo, Seth",2026.0,619.0,111.0,17.9,7.4,18.4,46.0,0.347,0.28,0.457,42.9,7.9,72.1,27.3,14.0,37.7,SL,Slider,9.1,213,17.9,0.273,0.432,0.32,-0.4,BASEBALL_SAVANT_CURRENT_SEASON,2026-08-20T23:43:02.137578+00:00,SAVANT_ARSENAL_SCHEMA_V1,CURRENT
689296,"Nunez, Anthony",2026.0,196.0,46.0,23.5,11.2,32.1,47.5,0.317,0.233,0.398,39.7,7.1,71.7,22.3,13.0,31.9,CH,Changeup,22.9,176,16.7,0.132,0.211,0.232,0.8,BASEBALL_SAVANT_CURRENT_SEASON,2026-08-20T23:43:02.137578+00:00,SAVANT_ARSENAL_SCHEMA_V1,CURRENT
608372,"Sugano, Tomoyuki",2026.0,498.0,69.0,13.9,5.4,18.2,46.2,0.395,0.312,0.57,43.8,13.5,73.3,33.0,13.0,37.9,SL,Slider,9.7,184,14.7,0.209,0.465,0.293,-1.2,BASEBALL_SAVANT_CURRENT_SEASON,2026-08-20T23:43:02.137578+00:00,SAVANT_ARSENAL_SCHEMA_V1,CURRENT
656222,"Beeks, Jalen",2026.0,113.0,21.0,18.6,7.1,23.4,47.2,0.363,0.282,0.522,42.9,10.7,72.4,30.9,3.0,42.1,CH,Changeup,40.0,163,17.0,0.238,0.405,0.312,-1.2,BASEBALL_SAVANT_CURRENT_SEASON,2026-08-20T23:43:02.137578+00:00,SAVANT_ARSENAL_SCHEMA_V1,CURRENT
544150,"Suárez, Albert",2026.0,221.0,36.0,16.3,8.6,22.3,49.0,0.322,0.25,0.413,40.4,7.8,71.9,24.0,4.0,36.7,FC,Cutter,21.1,170,21.9,0.186,0.419,0.271,0.6,BASEBALL_SAVANT_CURRENT_SEASON,2026-08-20T23:43:02.137578+00:00,SAVANT_ARSENAL_SCHEMA_V1,CURRENT
680755,"Fisher, Braydon",2026.0,260.0,58.0,22.3,13.1,26.9,44.2,0.312,0.223,0.36,37.0,10.3,71.7,25.5,14.0,31.6,FF,4-Seam Fastball,17.8,181,16.7,0.111,0.139,0.228,1.2,BASEBALL_SAVANT_CURRENT_SEASON,2026-08-20T23:43:02.137578+00:00,SAVANT_ARSENAL_SCHEMA_V1,CURRENT
642232,"Yarbrough, Ryan",2026.0,195.0,32.0,16.4,9.7,23.4,47.5,0.286,0.224,0.317,22.9,3.6,71.2,20.4,4.0,29.1,FC,Cutter,26.8,200,11.6,0.225,0.3,0.302,1.4,BASEBALL_SAVANT_CURRENT_SEASON,2026-08-20T23:43:02.137578+00:00,SAVANT_ARSENAL_SCHEMA_V1,CURRENT
641778,"Lauer, Eric",2026.0,438.0,69.0,15.8,7.3,19.0,52.0,0.332,0.25,0.459,35.2,10.8,72.8,31.6,9.0,28.3,CU,Curveball,12.2,208,14.3,0.214,0.524,0.34,-1.7,BASEBALL_SAVANT_CURRENT_SEASON,2026-08-20T23:43:02.137578+00:00,SAVANT_ARSENAL_SCHEMA_V1,CURRENT
579328,"Kikuchi, Yusei",2026.0,142.0,33.0,23.2,9.9,25.9,48.3,0.34,0.258,0.446,42.6,8.5,72.7,30.0,5.0,31.2,FF,4-Seam Fastball,33.9,192,14.7,0.341,0.477,0.354,-1.9,BASEBALL_SAVANT_CURRENT_SEASON,2026-08-20T23:43:02.137578+00:00,SAVANT_ARSENAL_SCHEMA_V1,CURRENT
592094,"Adam, Jason",2026.0,134.0,22.0,16.4,6.0,28.6,53.4,0.288,0.224,0.371,36.3,6.9,72.7,30.3,3.0,30.8,CH,Changeup,32.1,177,11.1,0.279,0.349,0.304,-1.1,BASEBALL_SAVANT_CURRENT_SEASON,2026-08-20T23:43:02.137578+00:00,SAVANT_ARSENAL_SCHEMA_V1,CURRENT
621121,"McCullers Jr., Lance",2026.0,195.0,48.0,24.6,13.8,27.9,41.6,0.328,0.236,0.378,47.5,7.6,73.2,33.3,8.0,34.4,FC,Cutter,27.6,219,23.5,0.282,0.462,0.376,0.2,BASEBALL_SAVANT_CURRENT_SEASON,2026-08-20T23:43:02.137578+00:00,SAVANT_ARSENAL_SCHEMA_V1,CURRENT
672282,"Detmers, Reid",2026.0,579.0,167.0,28.8,7.4,29.6,49.2,0.283,0.214,0.363,38.2,8.3,72.0,26.2,33.0,33.5,CU,Curveball,11.1,256,25.4,0.189,0.378,0.317,0.5,BASEBALL_SAVANT_CURRENT_SEASON,2026-08-20T23:43:02.137578+00:00,SAVANT_ARSENAL_SCHEMA_V1,CURRENT
621111,"Buehler, Walker",2026.0,518.0,104.0,20.1,9.5,20.4,44.6,0.318,0.248,0.397,38.9,8.1,72.2,28.9,19.0,33.0,ST,Sweeper,7.2,149,17.5,0.233,0.535,0.345,-1.9,BASEBALL_SAVANT_CURRENT_SEASON,2026-08-20T23:43:02.137578+00:00,SAVANT_ARSENAL_SCHEMA_V1,CURRENT
685801,"Bigge, Hunter",2026.0,85.0,14.0,16.5,16.5,25.9,43.6,0.311,0.23,0.341,36.8,5.3,72.6,27.4,2.0,38.5,FF,4-Seam Fastball,51.4,164,24.0,0.179,0.256,0.267,1.4,BASEBALL_SAVANT_CURRENT_SEASON,2026-08-20T23:43:02.137578+00:00,SAVANT_ARSENAL_SCHEMA_V1,CURRENT
607455,"Banda, Anthony",2026.0,156.0,33.0,21.2,9.6,26.7,44.9,0.325,0.234,0.375,39.0,7.1,71.8,24.8,6.0,33.9,SI,Sinker,26.6,162,19.0,0.314,0.486,0.423,0.5,BASEBALL_SAVANT_CURRENT_SEASON,2026-08-20T23:43:02.137578+00:00,SAVANT_ARSENAL_SCHEMA_V1,CURRENT
681347,"Burrows, Mike",2026.0,423.0,75.0,17.7,8.3,21.6,49.3,0.337,0.263,0.441,38.8,8.4,72.6,29.0,11.0,33.2,CU,Curveball,14.4,226,15.4,0.195,0.415,0.3,-0.5,BASEBALL_SAVANT_CURRENT_SEASON,2026-08-20T23:43:02.137578+00:00,SAVANT_ARSENAL_SCHEMA_V1,CURRENT
518876,"Kelly, Merrill",2026.0,565.0,84.0,14.9,10.1,21.3,49.0,0.399,0.305,0.554,44.0,12.6,72.7,31.3,20.0,34.9,CU,Curveball,11.6,241,11.9,0.171,0.317,0.25,0.8,BASEBALL_SAVANT_CURRENT_SEASON,2026-08-20T23:43:02.137578+00:00,SAVANT_ARSENAL_SCHEMA_V1,CURRENT
663776,"Sandoval, Patrick",2026.0,160.0,35.0,21.9,10.0,25.5,47.3,0.334,0.277,0.412,32.4,5.6,72.4,29.3,3.0,32.6,CH,Changeup,25.2,146,39.5,0.171,0.171,0.211,1.4,BASEBALL_SAVANT_CURRENT_SEASON,2026-08-20T23:43:02.137578+00:00,SAVANT_ARSENAL_SCHEMA_V1,CURRENT
688642,"Agnos, Zach",2026.0,315.0,46.0,14.6,7.9,21.2,50.7,0.354,0.286,0.46,41.4,7.9,72.2,26.7,13.0,34.0,SL,Slider,13.0,151,19.1,0.19,0.286,0.248,0.7,BASEBALL_SAVANT_CURRENT_SEASON,2026-08-20T23:43:02.137578+00:00,SAVANT_ARSENAL_SCHEMA_V1,CURRENT
621121,"McCullers Jr., Lance",2026.0,195.0,48.0,24.6,13.8,27.9,41.6,0.328,0.236,0.378,47.5,7.6,73.2,33.3,8.0,34.4,ST,Sweeper,17.3,137,25.4,0.229,0.4,0.363,-1.7,BASEBALL_SAVANT_CURRENT_SEASON,2026-08-20T23:43:02.137578+00:00,SAVANT_ARSENAL_SCHEMA_V1,CURRENT
681895,"Sisk, Evan",2026.0,174.0,47.0,27.0,10.3,26.5,41.7,0.277,0.195,0.277,30.7,3.0,70.7,17.4,7.0,27.8,CU,Curveball,26.9,200,21.9,0.128,0.179,0.198,1.5,BASEBALL_SAVANT_CURRENT_SEASON,2026-08-20T23:43:02.137578+00:00,SAVANT_ARSENAL_SCHEMA_V1,CURRENT
696270,"Johnson, Ryan",2026.0,271.0,47.0,17.3,10.7,23.2,46.0,0.359,0.265,0.479,37.5,11.5,73.1,34.4,8.0,30.4,ST,Sweeper,19.0,206,13.0,0.35,0.7,0.471,-2.5,BASEBALL_SAVANT_CURRENT_SEASON,2026-08-20T23:43:02.137578+00:00,SAVANT_ARSENAL_SCHEMA_V1,CURRENT
806188,"Gibson, Cade",2026.0,163.0,30.0,18.4,10.4,21.5,44.4,0.307,0.25,0.321,39.1,2.7,71.1,24.8,4.0,33.7,SI,Sinker,23.8,154,6.8,0.313,0.438,0.433,-2.9,BASEBALL_SAVANT_CURRENT_SEASON,2026-08-20T23:43:02.137578+00:00,SAVANT_ARSENAL_SCHEMA_V1,CURRENT
806960,"Morales, Luis",2026.0,90.0,13.0,14.4,15.6,18.5,43.6,0.408,0.303,0.522,40.3,11.3,71.0,21.3,4.0,33.3,FF,4-Seam Fastball,45.7,158,15.9,0.306,0.667,0.504,-3.6,BASEBALL_SAVANT_CURRENT_SEASON,2026-08-20T23:43:02.137578+00:00,SAVANT_ARSENAL_SCHEMA_V1,CURRENT
665795,"Cabrera, Edward",2026.0,329.0,67.0,20.4,9.7,26.6,47.8,0.344,0.267,0.447,42.5,11.9,73.1,34.1,17.0,35.7,FF,4-Seam Fastball,17.0,217,10.4,0.343,0.771,0.513,-2.9,BASEBALL_SAVANT_CURRENT_SEASON,2026-08-20T23:43:02.137578+00:00,SAVANT_ARSENAL_SCHEMA_V1,CURRENT
676917,"Cavalli, Cade",2026.0,600.0,162.0,27.0,7.0,25.9,47.6,0.303,0.24,0.372,41.4,7.1,72.0,24.9,32.0,30.9,CH,Changeup,7.8,183,15.3,0.231,0.462,0.359,-1.4,BASEBALL_SAVANT_CURRENT_SEASON,2026-08-20T23:43:02.137578+00:00,SAVANT_ARSENAL_SCHEMA_V1,CURRENT
663568,"Kolek, Stephen",2026.0,224.0,34.0,15.2,5.4,19.8,48.3,0.303,0.262,0.38,36.9,6.9,71.9,23.3,9.0,32.8,SL,Slider,16.4,137,25.0,0.171,0.341,0.249,0.9,BASEBALL_SAVANT_CURRENT_SEASON,2026-08-20T23:43:02.137578+00:00,SAVANT_ARSENAL_SCHEMA_V1,CURRENT
669923,"Kirby, George",2026.0,567.0,114.0,20.1,5.5,21.9,51.9,0.303,0.253,0.397,41.1,7.2,72.0,26.1,18.0,32.0,CU,Curveball,9.6,203,13.2,0.405,0.595,0.449,-1.9,BASEBALL_SAVANT_CURRENT_SEASON,2026-08-20T23:43:02.137578+00:00,SAVANT_ARSENAL_SCHEMA_V1,CURRENT
663158,"Suarez, Robert",2026.0,121.0,26.0,21.5,5.0,24.0,53.6,0.282,0.252,0.351,33.0,3.4,71.4,22.7,1.0,26.2,CH,Changeup,31.8,148,16.2,0.167,0.167,0.179,2.8,BASEBALL_SAVANT_CURRENT_SEASON,2026-08-20T23:43:02.137578+00:00,SAVANT_ARSENAL_SCHEMA_V1,CURRENT
656605,"Keller, Mitch",2026.0,503.0,89.0,17.7,8.3,20.5,47.4,0.355,0.288,0.455,42.3,7.4,72.2,27.3,12.0,37.0,CH,Changeup,9.0,169,20.8,0.295,0.477,0.351,-2.0,BASEBALL_SAVANT_CURRENT_SEASON,2026-08-20T23:43:02.137578+00:00,SAVANT_ARSENAL_SCHEMA_V1,CURRENT
605400,"Nola, Aaron",2026.0,593.0,146.0,24.6,7.8,28.1,46.0,0.315,0.245,0.42,42.0,9.5,72.3,27.7,14.0,35.4,FC,Cutter,7.4,175,18.8,0.429,0.619,0.465,-2.7,BASEBALL_SAVANT_CURRENT_SEASON,2026-08-20T23:43:02.137578+00:00,SAVANT_ARSENAL_SCHEMA_V1,CURRENT
691725,"Painter, Andrew",2026.0,383.0,71.0,18.5,8.9,22.9,48.1,0.344,0.267,0.445,35.5,8.4,71.9,26.0,8.0,31.9,SI,Sinker,9.4,138,15.8,0.368,0.553,0.424,-1.6,BASEBALL_SAVANT_CURRENT_SEASON,2026-08-20T23:43:02.137578+00:00,SAVANT_ARSENAL_SCHEMA_V1,CURRENT
573204,"Thielbar, Caleb",2026.0,164.0,47.0,28.7,7.9,28.1,51.3,0.327,0.238,0.465,39.8,11.8,72.1,27.2,12.0,27.5,CU,Curveball,26.5,178,25.4,0.19,0.333,0.244,1.2,BASEBALL_SAVANT_CURRENT_SEASON,2026-08-20T23:43:02.137578+00:00,SAVANT_ARSENAL_SCHEMA_V1,CURRENT
621383,"Banks, Tanner",2026.0,146.0,32.0,21.9,8.9,23.2,50.1,0.323,0.262,0.419,33.7,7.0,70.9,18.2,4.0,32.4,FF,4-Seam Fastball,20.7,114,28.6,0.244,0.512,0.363,-2.7,BASEBALL_SAVANT_CURRENT_SEASON,2026-08-20T23:43:02.137578+00:00,SAVANT_ARSENAL_SCHEMA_V1,CURRENT
668909,"Williams, Gavin",2026.0,597.0,190.0,31.8,7.5,31.2,49.6,0.305,0.228,0.41,47.6,11.7,71.5,20.8,37.0,31.5,FC,Cutter,6.8,159,23.1,0.27,0.676,0.433,-1.2,BASEBALL_SAVANT_CURRENT_SEASON,2026-08-20T23:43:02.137578+00:00,SAVANT_ARSENAL_SCHEMA_V1,CURRENT
656529,"Hentges, Sam",2026.0,136.0,32.0,23.5,16.2,27.8,42.3,0.3,0.204,0.287,30.4,3.8,72.0,28.4,10.0,32.9,FF,4-Seam Fastball,30.9,171,20.7,0.206,0.235,0.315,0.5,BASEBALL_SAVANT_CURRENT_SEASON,2026-08-20T23:43:02.137578+00:00,SAVANT_ARSENAL_SCHEMA_V1,CURRENT
642546,"Hernández, Jonathan",2026.0,109.0,22.0,20.2,11.9,19.9,43.8,0.32,0.255,0.389,40.5,5.5,72.9,29.8,2.0,29.5,SI,Sinker,36.6,151,19.0,0.289,0.553,0.413,-1.1,BASEBALL_SAVANT_CURRENT_SEASON,2026-08-20T23:43:02.137578+00:00,SAVANT_ARSENAL_SCHEMA_V1,CURRENT
671936,"Macko, Adam",2026.0,99.0,23.0,23.2,10.1,32.8,46.5,0.338,0.258,0.435,34.9,6.3,72.4,26.8,2.0,33.9,SL,Slider,41.3,165,18.0,0.244,0.39,0.323,0.4,BASEBALL_SAVANT_CURRENT_SEASON,2026-08-20T23:43:02.137578+00:00,SAVANT_ARSENAL_SCHEMA_V1,CURRENT
607200,"Fedde, Erick",2026.0,498.0,82.0,16.5,8.4,18.2,42.3,0.329,0.257,0.434,39.6,7.6,72.5,29.9,15.0,36.1,CH,Changeup,12.1,236,15.2,0.326,0.465,0.36,-2.9,BASEBALL_SAVANT_CURRENT_SEASON,2026-08-20T23:43:02.137578+00:00,SAVANT_ARSENAL_SCHEMA_V1,CURRENT
681151,"Murray, Jayden",2026.0,79.0,14.0,17.7,11.4,27.7,48.7,0.363,0.272,0.494,42.9,14.3,71.7,26.9,0.0,41.7,FF,4-Seam Fastball,53.3,162,22.9,0.324,0.432,0.373,-0.6,BASEBALL_SAVANT_CURRENT_SEASON,2026-08-20T23:43:02.137578+00:00,SAVANT_ARSENAL_SCHEMA_V1,CURRENT
661395,"Duran, Jhoan",2026.0,181.0,63.0,34.8,4.4,35.6,51.7,0.231,0.2,0.26,41.1,2.9,71.5,21.2,14.0,27.8,FF,4-Seam Fastball,26.5,194,26.7,0.135,0.162,0.222,2.4,BASEBALL_SAVANT_CURRENT_SEASON,2026-08-20T23:43:02.137578+00:00,SAVANT_ARSENAL_SCHEMA_V1,CURRENT
669438,"Englert, Mason",2026.0,157.0,32.0,20.4,5.1,23.9,52.7,0.365,0.28,0.549,38.1,14.9,72.3,27.5,6.0,29.5,SI,Sinker,19.8,114,11.1,0.39,0.561,0.436,-0.9,BASEBALL_SAVANT_CURRENT_SEASON,2026-08-20T23:43:02.137578+00:00,SAVANT_ARSENAL_SCHEMA_V1,CURRENT
683352,"Bratt, Mitch",2026.0,159.0,25.0,15.7,13.8,15.6,47.8,0.311,0.218,0.365,35.1,8.1,72.6,29.2,2.0,25.9,SV,Slurve,24.5,148,23.2,0.179,0.333,0.291,-0.1,BASEBALL_SAVANT_CURRENT_SEASON,2026-08-20T23:43:02.137578+00:00,SAVANT_ARSENAL_SCHEMA_V1,CURRENT
554430,"Wheeler, Zack",2026.0,474.0,144.0,30.4,7.0,30.7,49.7,0.26,0.204,0.316,35.0,5.8,71.4,21.1,23.0,28.7,CU,Curveball,8.5,166,24.5,0.15,0.225,0.216,0.1,BASEBALL_SAVANT_CURRENT_SEASON,2026-08-20T23:43:02.137578+00:00,SAVANT_ARSENAL_SCHEMA_V1,CURRENT
656986,"Sousa, Bennett",2026.0,67.0,17.0,25.4,11.9,30.9,48.0,0.253,0.172,0.28,31.0,9.5,72.0,35.8,3.0,35.1,SL,Slider,71.1,182,24.6,0.179,0.256,0.248,0.6,BASEBALL_SAVANT_CURRENT_SEASON,2026-08-20T23:43:02.137578+00:00,SAVANT_ARSENAL_SCHEMA_V1,CURRENT
684049,"Bidois, Brandan",2026.0,80.0,20.0,25.0,15.0,37.7,48.9,0.363,0.253,0.468,46.8,17.0,71.1,20.9,7.0,38.8,FF,4-Seam Fastball,54.8,178,23.3,0.314,0.743,0.477,-4.1,BASEBALL_SAVANT_CURRENT_SEASON,2026-08-20T23:43:02.137578+00:00,SAVANT_ARSENAL_SCHEMA_V1,CURRENT
668964,"Myers, Tobias",2026.0,198.0,33.0,16.7,6.6,17.8,52.3,0.332,0.277,0.439,46.1,6.0,71.9,24.2,3.0,37.6,FS,Split-Finger,23.0,163,20.9,0.175,0.45,0.272,-0.1,BASEBALL_SAVANT_CURRENT_SEASON,2026-08-20T23:43:02.137578+00:00,SAVANT_ARSENAL_SCHEMA_V1,CURRENT
670970,"Morejon, Adrian",2026.0,279.0,83.0,29.7,6.8,34.4,51.9,0.244,0.205,0.279,32.4,2.3,71.2,21.3,11.0,31.0,FF,4-Seam Fastball,14.2,153,24.5,0.175,0.25,0.252,0.8,BASEBALL_SAVANT_CURRENT_SEASON,2026-08-20T23:43:02.137578+00:00,SAVANT_ARSENAL_SCHEMA_V1,CURRENT
660604,"Rangel, Alan",2026.0,123.0,29.0,23.6,10.6,24.4,50.1,0.317,0.249,0.37,30.4,5.1,72.2,25.6,5.0,27.4,FF,4-Seam Fastball,34.2,168,12.5,0.25,0.528,0.393,-0.1,BASEBALL_SAVANT_CURRENT_SEASON,2026-08-20T23:43:02.137578+00:00,SAVANT_ARSENAL_SCHEMA_V1,CURRENT
808967,"Yamamoto, Yoshinobu",2026.0,556.0,136.0,24.5,6.1,25.9,49.1,0.273,0.219,0.344,35.9,6.5,72.1,27.3,10.0,32.5,SL,Slider,6.3,136,20.4,0.209,0.279,0.265,1.6,BASEBALL_SAVANT_CURRENT_SEASON,2026-08-20T23:43:02.137578+00:00,SAVANT_ARSENAL_SCHEMA_V1,CURRENT
669438,"Englert, Mason",2026.0,157.0,32.0,20.4,5.1,23.9,52.7,0.365,0.28,0.549,38.1,14.9,72.3,27.5,6.0,29.5,CH,Changeup,27.9,161,19.5,0.233,0.512,0.319,-1.1,BASEBALL_SAVANT_CURRENT_SEASON,2026-08-20T23:43:02.137578+00:00,SAVANT_ARSENAL_SCHEMA_V1,CURRENT
663568,"Kolek, Stephen",2026.0,224.0,34.0,15.2,5.4,19.8,48.3,0.303,0.262,0.38,36.9,6.9,71.9,23.3,9.0,32.8,FF,4-Seam Fastball,28.3,237,5.1,0.244,0.39,0.342,0.0,BASEBALL_SAVANT_CURRENT_SEASON,2026-08-20T23:43:02.137578+00:00,SAVANT_ARSENAL_SCHEMA_V1,CURRENT
684442,"Drake, Kohl",2026.0,77.0,13.0,16.9,7.8,21.5,44.3,0.43,0.317,0.625,49.1,16.4,73.0,38.4,3.0,36.6,FF,4-Seam Fastball,44.0,143,17.5,0.297,0.514,0.378,0.4,BASEBALL_SAVANT_CURRENT_SEASON,2026-08-20T23:43:02.137578+00:00,SAVANT_ARSENAL_SCHEMA_V1,CURRENT
621121,"McCullers Jr., Lance",2026.0,195.0,48.0,24.6,13.8,27.9,41.6,0.328,0.236,0.378,47.5,7.6,73.2,33.3,8.0,34.4,SI,Sinker,21.9,174,17.9,0.222,0.444,0.37,0.1,BASEBALL_SAVANT_CURRENT_SEASON,2026-08-20T23:43:02.137578+00:00,SAVANT_ARSENAL_SCHEMA_V1,CURRENT
669022,"Gore, MacKenzie",2026.0,597.0,154.0,25.8,8.5,26.3,49.6,0.304,0.236,0.378,42.0,8.8,72.6,31.4,21.0,27.8,SI,Sinker,5.6,132,18.8,0.265,0.382,0.367,0.6,BASEBALL_SAVANT_CURRENT_SEASON,2026-08-20T23:43:02.137578+00:00,SAVANT_ARSENAL_SCHEMA_V1,CURRENT
592155,"Booser, Cam",2026.0,114.0,38.0,33.3,5.3,28.6,55.0,0.246,0.182,0.342,41.4,7.1,72.2,27.7,2.0,31.3,FC,Cutter,42.0,184,20.7,0.282,0.59,0.398,-1.4,BASEBALL_SAVANT_CURRENT_SEASON,2026-08-20T23:43:02.137578+00:00,SAVANT_ARSENAL_SCHEMA_V1,CURRENT
607536,"Freeland, Kyle",2026.0,554.0,103.0,18.6,5.1,22.5,50.9,0.346,0.282,0.476,42.4,10.6,72.8,33.1,21.0,36.8,SI,Sinker,9.1,183,16.0,0.415,0.683,0.479,-1.2,BASEBALL_SAVANT_CURRENT_SEASON,2026-08-20T23:43:02.137578+00:00,SAVANT_ARSENAL_SCHEMA_V1,CURRENT
681799,"Roberts, Ethan",2026.0,110.0,17.0,15.5,12.7,22.6,43.6,0.342,0.255,0.391,44.7,3.9,72.4,29.8,3.0,37.0,ST,Sweeper,38.8,169,17.9,0.108,0.189,0.207,1.6,BASEBALL_SAVANT_CURRENT_SEASON,2026-08-20T23:43:02.137578+00:00,SAVANT_ARSENAL_SCHEMA_V1,CURRENT
592773,"Stanek, Ryne",2026.0,214.0,50.0,23.4,12.6,28.2,48.3,0.321,0.232,0.395,37.0,8.1,71.8,22.8,5.0,31.6,SL,Slider,23.5,205,13.2,0.25,0.45,0.324,-1.0,BASEBALL_SAVANT_CURRENT_SEASON,2026-08-20T23:43:02.137578+00:00,SAVANT_ARSENAL_SCHEMA_V1,CURRENT
656271,"Burke, Brock",2026.0,262.0,62.0,23.7,13.0,28.8,45.7,0.297,0.213,0.341,30.1,7.7,71.9,26.0,7.0,30.3,SI,Sinker,13.5,134,17.6,0.222,0.222,0.31,1.4,BASEBALL_SAVANT_CURRENT_SEASON,2026-08-20T23:43:02.137578+00:00,SAVANT_ARSENAL_SCHEMA_V1,CURRENT
669302,"Gilbert, Logan",2026.0,594.0,157.0,26.4,6.2,29.8,50.2,0.298,0.233,0.395,41.8,10.1,71.9,26.7,24.0,33.6,ST,Sweeper,7.4,175,20.3,0.163,0.256,0.2,1.1,BASEBALL_SAVANT_CURRENT_SEASON,2026-08-20T23:43:02.137578+00:00,SAVANT_ARSENAL_SCHEMA_V1,CURRENT
693645,"Schlittler, Cam",2026.0,602.0,189.0,31.4,5.6,28.8,52.7,0.266,0.21,0.34,40.1,8.1,71.8,26.1,27.0,27.0,CU,Curveball,8.8,210,17.3,0.275,0.375,0.312,-1.1,BASEBALL_SAVANT_CURRENT_SEASON,2026-08-20T23:43:02.137578+00:00,SAVANT_ARSENAL_SCHEMA_V1,CURRENT
656550,"Holmes, Grant",2026.0,507.0,97.0,19.1,10.1,26.9,48.3,0.336,0.254,0.432,43.0,9.0,72.9,31.1,25.0,38.5,CU,Curveball,7.7,144,26.8,0.256,0.302,0.247,-0.5,BASEBALL_SAVANT_CURRENT_SEASON,2026-08-20T23:43:02.137578+00:00,SAVANT_ARSENAL_SCHEMA_V1,CURRENT
663765,"Woodford, Jake",2026.0,126.0,23.0,18.3,5.6,19.5,46.0,0.369,0.333,0.484,49.0,8.3,71.8,23.7,0.0,41.9,FC,Cutter,37.2,170,14.8,0.395,0.737,0.483,-2.4,BASEBALL_SAVANT_CURRENT_SEASON,2026-08-20T23:43:02.137578+00:00,SAVANT_ARSENAL_SCHEMA_V1,CURRENT
676604,"Zuber, Tyler",2026.0,108.0,30.0,27.8,4.6,24.4,48.5,0.271,0.226,0.333,46.5,2.8,72.1,25.1,5.0,31.0,FF,4-Seam Fastball,39.9,172,21.7,0.158,0.211,0.244,2.3,BASEBALL_SAVANT_CURRENT_SEASON,2026-08-20T23:43:02.137578+00:00,SAVANT_ARSENAL_SCHEMA_V1,CURRENT
669199,"Bachar, Lake",2026.0,281.0,72.0,25.6,8.5,30.3,45.9,0.292,0.206,0.372,35.6,9.4,72.1,24.8,14.0,32.8,CU,Curveball,16.7,189,27.0,0.146,0.146,0.142,2.4,BASEBALL_SAVANT_CURRENT_SEASON,2026-08-20T23:43:02.137578+00:00,SAVANT_ARSENAL_SCHEMA_V1,CURRENT
687064,"Young, Brandon",2026.0,507.0,96.0,18.9,8.3,23.4,49.9,0.323,0.258,0.412,41.1,6.9,71.9,26.1,25.0,35.5,CU,Curveball,12.0,227,16.7,0.27,0.378,0.307,0.0,BASEBALL_SAVANT_CURRENT_SEASON,2026-08-20T23:43:02.137578+00:00,SAVANT_ARSENAL_SCHEMA_V1,CURRENT
669456,"Bieber, Shane",2026.0,217.0,37.0,17.1,11.1,22.9,42.7,0.39,0.296,0.534,47.4,11.5,73.5,41.1,6.0,40.0,CH,Changeup,18.9,157,15.2,0.135,0.27,0.244,2.1,BASEBALL_SAVANT_CURRENT_SEASON,2026-08-20T23:43:02.137578+00:00,SAVANT_ARSENAL_SCHEMA_V1,CURRENT
693855,"Seymour, Ian",2026.0,399.0,115.0,28.8,7.8,29.5,49.9,0.296,0.223,0.392,37.8,10.0,72.0,28.3,9.0,30.2,SI,Sinker,13.4,209,7.7,0.405,0.73,0.508,-1.2,BASEBALL_SAVANT_CURRENT_SEASON,2026-08-20T23:43:02.137578+00:00,SAVANT_ARSENAL_SCHEMA_V1,CURRENT
680742,"Bowlan, Jonathan",2026.0,187.0,58.0,31.0,7.0,32.4,49.7,0.254,0.195,0.3,36.0,5.3,71.4,20.4,8.0,27.3,SL,Slider,17.8,137,23.1,0.154,0.333,0.274,-0.3,BASEBALL_SAVANT_CURRENT_SEASON,2026-08-20T23:43:02.137578+00:00,SAVANT_ARSENAL_SCHEMA_V1,CURRENT
678906,"Teng, Kai-Wei",2026.0,301.0,67.0,22.3,10.0,25.2,44.1,0.334,0.245,0.398,39.4,7.8,71.9,23.8,13.0,36.5,SI,Sinker,15.2,177,23.1,0.286,0.457,0.41,-0.5,BASEBALL_SAVANT_CURRENT_SEASON,2026-08-20T23:43:02.137578+00:00,SAVANT_ARSENAL_SCHEMA_V1,CURRENT
621381,"Strahm, Matt",2026.0,161.0,30.0,18.6,8.7,23.2,49.8,0.316,0.225,0.428,39.1,11.3,72.0,24.9,3.0,31.9,SL,Slider,28.0,177,19.6,0.351,0.892,0.54,-4.3,BASEBALL_SAVANT_CURRENT_SEASON,2026-08-20T23:43:02.137578+00:00,SAVANT_ARSENAL_SCHEMA_V1,CURRENT
642232,"Yarbrough, Ryan",2026.0,195.0,32.0,16.4,9.7,23.4,47.5,0.286,0.224,0.317,22.9,3.6,71.2,20.4,4.0,29.1,ST,Sweeper,21.2,158,15.3,0.143,0.314,0.275,-0.2,BASEBALL_SAVANT_CURRENT_SEASON,2026-08-20T23:43:02.137578+00:00,SAVANT_ARSENAL_SCHEMA_V1,CURRENT
813349,"Early, Connelly",2026.0,390.0,93.0,23.8,8.7,23.7,46.9,0.32,0.234,0.408,40.9,10.6,72.8,29.5,14.0,33.7,ST,Sweeper,7.9,120,31.3,0.103,0.103,0.149,2.9,BASEBALL_SAVANT_CURRENT_SEASON,2026-08-20T23:43:02.137578+00:00,SAVANT_ARSENAL_SCHEMA_V1,CURRENT
669620,"Basso, Brady",2026.0,100.0,19.0,19.0,3.0,21.2,52.9,0.297,0.267,0.37,41.0,6.4,72.2,29.6,3.0,30.5,FF,4-Seam Fastball,41.5,148,14.6,0.22,0.366,0.271,2.4,BASEBALL_SAVANT_CURRENT_SEASON,2026-08-20T23:43:02.137578+00:00,SAVANT_ARSENAL_SCHEMA_V1,CURRENT
805673,"Matthews, Zebby",2026.0,410.0,81.0,19.8,7.6,21.3,46.6,0.332,0.257,0.44,42.7,11.6,72.5,31.5,7.0,38.1,FC,Cutter,11.5,180,11.1,0.359,0.641,0.435,-1.8,BASEBALL_SAVANT_CURRENT_SEASON,2026-08-20T23:43:02.137578+00:00,SAVANT_ARSENAL_SCHEMA_V1,CURRENT
700241,"McGreevy, Michael",2026.0,538.0,91.0,16.9,6.3,19.2,44.7,0.355,0.284,0.49,42.6,10.2,72.4,31.4,18.0,37.4,CU,Curveball,12.2,260,14.1,0.214,0.381,0.267,0.8,BASEBALL_SAVANT_CURRENT_SEASON,2026-08-20T23:43:02.137578+00:00,SAVANT_ARSENAL_SCHEMA_V1,CURRENT
682120,"Herrin, Tim",2026.0,183.0,38.0,20.8,13.1,31.2,46.2,0.31,0.207,0.352,37.1,7.8,71.9,23.3,12.0,34.3,SI,Sinker,23.0,168,10.0,0.222,0.361,0.314,1.3,BASEBALL_SAVANT_CURRENT_SEASON,2026-08-20T23:43:02.137578+00:00,SAVANT_ARSENAL_SCHEMA_V1,CURRENT
621383,"Banks, Tanner",2026.0,146.0,32.0,21.9,8.9,23.2,50.1,0.323,0.262,0.419,33.7,7.0,70.9,18.2,4.0,32.4,SL,Slider,35.4,195,17.1,0.4,0.743,0.516,-3.4,BASEBALL_SAVANT_CURRENT_SEASON,2026-08-20T23:43:02.137578+00:00,SAVANT_ARSENAL_SCHEMA_V1,CURRENT
815083,"Farris, Mitch",2026.0,204.0,49.0,24.0,11.3,27.7,44.2,0.351,0.268,0.45,48.8,8.5,71.5,25.8,9.0,38.3,CH,Changeup,25.2,192,24.0,0.2,0.4,0.274,0.0,BASEBALL_SAVANT_CURRENT_SEASON,2026-08-20T23:43:02.137578+00:00,SAVANT_ARSENAL_SCHEMA_V1,CURRENT
694297,"Pfaadt, Brandon",2026.0,403.0,69.0,17.1,6.0,21.6,49.4,0.293,0.236,0.375,35.0,7.2,72.4,27.1,15.0,33.4,FC,Cutter,11.5,170,16.7,0.263,0.342,0.289,2.2,BASEBALL_SAVANT_CURRENT_SEASON,2026-08-20T23:43:02.137578+00:00,SAVANT_ARSENAL_SCHEMA_V1,CURRENT
683618,"Henriquez, Edgardo",2026.0,202.0,54.0,26.7,11.4,29.6,48.5,0.253,0.177,0.241,25.8,2.5,71.9,23.5,9.0,21.9,SL,Slider,22.5,180,25.7,0.122,0.22,0.18,1.0,BASEBALL_SAVANT_CURRENT_SEASON,2026-08-20T23:43:02.137578+00:00,SAVANT_ARSENAL_SCHEMA_V1,CURRENT
702273,"Schultz, Noah",2026.0,291.0,59.0,20.3,10.7,21.0,44.5,0.364,0.273,0.454,40.4,9.4,72.3,28.9,9.0,29.9,ST,Sweeper,18.2,209,19.2,0.222,0.611,0.393,-3.2,BASEBALL_SAVANT_CURRENT_SEASON,2026-08-20T23:43:02.137578+00:00,SAVANT_ARSENAL_SCHEMA_V1,CURRENT
663767,"Shugart, Chase",2026.0,176.0,49.0,27.8,9.7,25.0,39.6,0.317,0.222,0.409,34.0,11.3,71.8,22.2,3.0,34.4,FC,Cutter,30.7,214,6.3,0.313,0.5,0.382,-0.6,BASEBALL_SAVANT_CURRENT_SEASON,2026-08-20T23:43:02.137578+00:00,SAVANT_ARSENAL_SCHEMA_V1,CURRENT
623437,"Topa, Justin",2026.0,92.0,12.0,13.0,12.0,14.1,43.5,0.376,0.291,0.491,45.6,9.1,71.8,23.3,1.0,34.8,SI,Sinker,42.6,153,16.7,0.417,0.5,0.493,-2.9,BASEBALL_SAVANT_CURRENT_SEASON,2026-08-20T23:43:02.137578+00:00,SAVANT_ARSENAL_SCHEMA_V1,CURRENT
691725,"Painter, Andrew",2026.0,383.0,71.0,18.5,8.9,22.9,48.1,0.344,0.267,0.445,35.5,8.4,71.9,26.0,8.0,31.9,FS,Split-Finger,11.1,164,22.4,0.195,0.415,0.267,-0.4,BASEBALL_SAVANT_CURRENT_SEASON,2026-08-20T23:43:02.137578+00:00,SAVANT_ARSENAL_SCHEMA_V1,CURRENT
694346,"Gibson, Trey",2026.0,161.0,30.0,18.6,15.5,22.7,41.2,0.391,0.291,0.487,47.6,9.6,72.5,28.3,8.0,34.6,SI,Sinker,25.4,157,23.1,0.212,0.303,0.31,0.0,BASEBALL_SAVANT_CURRENT_SEASON,2026-08-20T23:43:02.137578+00:00,SAVANT_ARSENAL_SCHEMA_V1,CURRENT
646241,"De Jesus, Enmanuel",2026.0,177.0,39.0,22.0,8.5,24.3,47.5,0.324,0.254,0.409,43.8,7.4,71.6,22.1,4.0,38.9,CH,Changeup,22.0,147,22.0,0.128,0.205,0.183,2.2,BASEBALL_SAVANT_CURRENT_SEASON,2026-08-20T23:43:02.137578+00:00,SAVANT_ARSENAL_SCHEMA_V1,CURRENT
605280,"Holmes, Clay",2026.0,278.0,50.0,18.0,8.3,20.0,46.9,0.311,0.259,0.372,41.9,4.9,72.3,28.4,4.0,33.2,ST,Sweeper,19.1,203,27.3,0.162,0.189,0.22,1.5,BASEBALL_SAVANT_CURRENT_SEASON,2026-08-20T23:43:02.137578+00:00,SAVANT_ARSENAL_SCHEMA_V1,CURRENT
686790,"McDonald, Trevor",2026.0,310.0,57.0,18.4,7.4,21.3,44.5,0.312,0.246,0.359,37.8,4.2,72.4,26.7,20.0,38.0,CH,Changeup,14.7,167,18.0,0.237,0.5,0.32,-2.2,BASEBALL_SAVANT_CURRENT_SEASON,2026-08-20T23:43:02.137578+00:00,SAVANT_ARSENAL_SCHEMA_V1,CURRENT
571945,"Mikolas, Miles",2026.0,498.0,58.0,11.6,4.6,14.5,48.4,0.354,0.288,0.506,43.6,9.2,72.5,29.2,13.0,38.3,CH,Changeup,8.0,146,3.4,0.293,0.634,0.426,-3.5,BASEBALL_SAVANT_CURRENT_SEASON,2026-08-20T23:43:02.137578+00:00,SAVANT_ARSENAL_SCHEMA_V1,CURRENT
676106,"Hancock, Emerson",2026.0,516.0,119.0,23.1,6.2,23.7,51.5,0.308,0.244,0.41,41.1,8.4,72.2,27.7,9.0,29.2,FC,Cutter,11.4,229,14.9,0.184,0.447,0.287,0.7,BASEBALL_SAVANT_CURRENT_SEASON,2026-08-20T23:43:02.137578+00:00,SAVANT_ARSENAL_SCHEMA_V1,CURRENT
700241,"McGreevy, Michael",2026.0,538.0,91.0,16.9,6.3,19.2,44.7,0.355,0.284,0.49,42.6,10.2,72.4,31.4,18.0,37.4,ST,Sweeper,10.1,216,9.7,0.342,0.684,0.44,-2.7,BASEBALL_SAVANT_CURRENT_SEASON,2026-08-20T23:43:02.137578+00:00,SAVANT_ARSENAL_SCHEMA_V1,CURRENT
682120,"Herrin, Tim",2026.0,183.0,38.0,20.8,13.1,31.2,46.2,0.31,0.207,0.352,37.1,7.8,71.9,23.3,12.0,34.3,SL,Slider,26.4,193,18.5,0.237,0.579,0.355,-0.6,BASEBALL_SAVANT_CURRENT_SEASON,2026-08-20T23:43:02.137578+00:00,SAVANT_ARSENAL_SCHEMA_V1,CURRENT
663878,"Pearson, Nate",2026.0,122.0,25.0,20.5,13.1,23.0,45.6,0.322,0.227,0.356,37.2,7.8,71.5,21.5,4.0,27.2,SL,Slider,32.2,157,18.5,0.25,0.361,0.335,-0.8,BASEBALL_SAVANT_CURRENT_SEASON,2026-08-20T23:43:02.137578+00:00,SAVANT_ARSENAL_SCHEMA_V1,CURRENT
645261,"Alcantara, Sandy",2026.0,728.0,131.0,18.0,6.5,21.1,50.9,0.297,0.249,0.367,35.2,5.4,72.0,25.4,20.0,32.8,ST,Sweeper,8.4,225,17.8,0.189,0.351,0.276,-0.3,BASEBALL_SAVANT_CURRENT_SEASON,2026-08-20T23:43:02.137578+00:00,SAVANT_ARSENAL_SCHEMA_V1,CURRENT
661563,"Gil, Luis",2026.0,85.0,9.0,10.6,12.9,18.5,38.6,0.385,0.262,0.498,46.8,9.7,72.3,32.5,0.0,45.9,FF,4-Seam Fastball,45.1,152,4.9,0.278,0.583,0.402,-1.2,BASEBALL_SAVANT_CURRENT_SEASON,2026-08-20T23:43:02.137578+00:00,SAVANT_ARSENAL_SCHEMA_V1,CURRENT
681867,"Criswell, Cooper",2026.0,121.0,23.0,19.0,6.6,22.0,48.3,0.286,0.24,0.358,36.0,4.5,71.1,16.9,4.0,31.8,CH,Changeup,26.8,124,14.3,0.289,0.447,0.35,-1.6,BASEBALL_SAVANT_CURRENT_SEASON,2026-08-20T23:43:02.137578+00:00,SAVANT_ARSENAL_SCHEMA_V1,CURRENT
695611,"Jump, Gage",2026.0,338.0,85.0,25.1,10.9,25.3,48.0,0.318,0.251,0.381,39.4,5.6,71.8,22.3,12.0,31.1,CU,Curveball,11.3,153,17.9,0.225,0.275,0.254,-0.3,BASEBALL_SAVANT_CURRENT_SEASON,2026-08-20T23:43:02.137578+00:00,SAVANT_ARSENAL_SCHEMA_V1,CURRENT
663765,"Woodford, Jake",2026.0,126.0,23.0,18.3,5.6,19.5,46.0,0.369,0.333,0.484,49.0,8.3,71.8,23.7,0.0,41.9,SI,Sinker,29.1,133,25.0,0.417,0.556,0.424,-1.3,BASEBALL_SAVANT_CURRENT_SEASON,2026-08-20T23:43:02.137578+00:00,SAVANT_ARSENAL_SCHEMA_V1,CURRENT
664199,"Clarke, Taylor",2026.0,215.0,31.0,14.4,4.7,20.5,48.4,0.312,0.256,0.415,32.7,8.2,72.7,26.7,5.0,31.6,SI,Sinker,19.3,154,13.0,0.167,0.167,0.244,3.6,BASEBALL_SAVANT_CURRENT_SEASON,2026-08-20T23:43:02.137578+00:00,SAVANT_ARSENAL_SCHEMA_V1,CURRENT
594580,"Moll, Sam",2026.0,230.0,51.0,22.2,12.6,22.9,42.3,0.33,0.239,0.361,34.7,6.1,72.0,25.7,7.0,28.3,FF,4-Seam Fastball,11.2,109,19.1,0.222,0.333,0.343,-0.5,BASEBALL_SAVANT_CURRENT_SEASON,2026-08-20T23:43:02.137578+00:00,SAVANT_ARSENAL_SCHEMA_V1,CURRENT
607192,"Glasnow, Tyler",2026.0,148.0,49.0,33.1,8.8,29.8,43.1,0.252,0.18,0.324,38.4,8.1,71.7,25.9,9.0,38.2,FF,4-Seam Fastball,29.0,174,13.6,0.297,0.649,0.407,-1.2,BASEBALL_SAVANT_CURRENT_SEASON,2026-08-20T23:43:02.137578+00:00,SAVANT_ARSENAL_SCHEMA_V1,CURRENT
678394,"Bello, Brayan",2026.0,385.0,67.0,17.4,7.3,24.9,49.2,0.351,0.294,0.466,42.3,8.0,72.6,29.9,8.0,37.5,ST,Sweeper,12.6,180,14.5,0.179,0.205,0.196,1.6,BASEBALL_SAVANT_CURRENT_SEASON,2026-08-20T23:43:02.137578+00:00,SAVANT_ARSENAL_SCHEMA_V1,CURRENT
702752,"Pintaro, Jonathan",2026.0,77.0,18.0,23.4,13.0,25.7,43.7,0.32,0.216,0.364,40.4,6.5,72.1,26.1,2.0,27.5,FC,Cutter,55.6,173,13.2,0.212,0.485,0.372,0.5,BASEBALL_SAVANT_CURRENT_SEASON,2026-08-20T23:43:02.137578+00:00,SAVANT_ARSENAL_SCHEMA_V1,CURRENT
608650,"Enns, Dietrich",2026.0,70.0,13.0,18.6,15.7,23.1,46.0,0.301,0.211,0.335,39.1,6.5,71.5,23.5,1.0,32.2,FF,4-Seam Fastball,55.0,160,15.2,0.171,0.286,0.268,2.8,BASEBALL_SAVANT_CURRENT_SEASON,2026-08-20T23:43:02.137578+00:00,SAVANT_ARSENAL_SCHEMA_V1,CURRENT
701519,"Adams, Travis",2026.0,174.0,46.0,26.4,9.8,27.5,47.7,0.309,0.229,0.399,30.6,8.2,71.8,26.7,6.0,30.6,SL,Slider,21.5,146,24.6,0.2,0.375,0.254,0.7,BASEBALL_SAVANT_CURRENT_SEASON,2026-08-20T23:43:02.137578+00:00,SAVANT_ARSENAL_SCHEMA_V1,CURRENT
691725,"Painter, Andrew",2026.0,383.0,71.0,18.5,8.9,22.9,48.1,0.344,0.267,0.445,35.5,8.4,71.9,26.0,8.0,31.9,ST,Sweeper,14.7,217,11.4,0.229,0.457,0.34,0.2,BASEBALL_SAVANT_CURRENT_SEASON,2026-08-20T23:43:02.137578+00:00,SAVANT_ARSENAL_SCHEMA_V1,CURRENT
605130,"Barlow, Scott",2026.0,153.0,29.0,19.0,13.1,33.1,42.7,0.358,0.236,0.448,36.1,9.3,71.8,26.0,5.0,37.7,ST,Sweeper,35.5,206,10.4,0.235,0.353,0.352,-0.5,BASEBALL_SAVANT_CURRENT_SEASON,2026-08-20T23:43:02.137578+00:00,SAVANT_ARSENAL_SCHEMA_V1,CURRENT
670167,"Schreiber, John",2026.0,188.0,33.0,17.6,11.2,21.8,42.9,0.336,0.265,0.434,41.4,6.8,71.3,20.4,5.0,35.7,ST,Sweeper,28.0,212,12.0,0.229,0.543,0.39,-1.8,BASEBALL_SAVANT_CURRENT_SEASON,2026-08-20T23:43:02.137578+00:00,SAVANT_ARSENAL_SCHEMA_V1,CURRENT
701656,"Henderson, Logan",2026.0,240.0,75.0,31.3,5.0,28.1,53.9,0.256,0.204,0.337,37.5,8.6,72.1,26.0,6.0,27.4,FC,Cutter,18.5,174,21.1,0.25,0.425,0.32,0.7,BASEBALL_SAVANT_CURRENT_SEASON,2026-08-20T23:43:02.137578+00:00,SAVANT_ARSENAL_SCHEMA_V1,CURRENT
670970,"Morejon, Adrian",2026.0,279.0,83.0,29.7,6.8,34.4,51.9,0.244,0.205,0.279,32.4,2.3,71.2,21.3,11.0,31.0,SL,Slider,17.0,183,27.5,0.256,0.462,0.378,-1.7,BASEBALL_SAVANT_CURRENT_SEASON,2026-08-20T23:43:02.137578+00:00,SAVANT_ARSENAL_SCHEMA_V1,CURRENT
621074,"Rucker, Michael",2026.0,111.0,30.0,27.0,8.1,26.3,47.7,0.289,0.238,0.336,38.0,7.0,71.8,23.1,6.0,30.0,FF,4-Seam Fastball,35.2,154,23.8,0.333,0.556,0.42,-1.7,BASEBALL_SAVANT_CURRENT_SEASON,2026-08-20T23:43:02.137578+00:00,SAVANT_ARSENAL_SCHEMA_V1,CURRENT
694918,"Tidwell, Blade",2026.0,110.0,20.0,18.2,9.1,27.1,46.0,0.306,0.256,0.354,41.8,6.3,71.1,18.4,4.0,39.0,ST,Sweeper,37.4,165,19.6,0.27,0.297,0.269,0.5,BASEBALL_SAVANT_CURRENT_SEASON,2026-08-20T23:43:02.137578+00:00,SAVANT_ARSENAL_SCHEMA_V1,CURRENT
663776,"Sandoval, Patrick",2026.0,160.0,35.0,21.9,10.0,25.5,47.3,0.334,0.277,0.412,32.4,5.6,72.4,29.3,3.0,32.6,SL,Slider,27.6,160,17.4,0.361,0.528,0.399,-2.8,BASEBALL_SAVANT_CURRENT_SEASON,2026-08-20T23:43:02.137578+00:00,SAVANT_ARSENAL_SCHEMA_V1,CURRENT
673929,"Leasure, Jordan",2026.0,78.0,18.0,23.1,10.3,26.5,51.8,0.406,0.269,0.624,44.2,25.0,71.6,23.5,4.0,36.5,FF,4-Seam Fastball,52.4,164,14.3,0.143,0.4,0.265,1.4,BASEBALL_SAVANT_CURRENT_SEASON,2026-08-20T23:43:02.137578+00:00,SAVANT_ARSENAL_SCHEMA_V1,CURRENT
669684,"Murphy, Chris",2026.0,132.0,29.0,22.0,11.4,30.7,51.2,0.294,0.211,0.321,34.5,7.1,71.2,18.9,2.0,28.6,SL,Slider,30.0,158,7.4,0.226,0.355,0.35,0.9,BASEBALL_SAVANT_CURRENT_SEASON,2026-08-20T23:43:02.137578+00:00,SAVANT_ARSENAL_SCHEMA_V1,CURRENT
669684,"Murphy, Chris",2026.0,132.0,29.0,22.0,11.4,30.7,51.2,0.294,0.211,0.321,34.5,7.1,71.2,18.9,2.0,28.6,FF,4-Seam Fastball,33.4,176,17.3,0.344,0.531,0.406,-1.0,BASEBALL_SAVANT_CURRENT_SEASON,2026-08-20T23:43:02.137578+00:00,SAVANT_ARSENAL_SCHEMA_V1,CURRENT
592791,"Taillon, Jameson",2026.0,362.0,75.0,20.7,8.8,26.8,46.4,0.363,0.257,0.525,38.7,14.6,72.8,30.4,12.0,34.0,SI,Sinker,9.5,135,14.3,0.333,0.667,0.47,-3.8,BASEBALL_SAVANT_CURRENT_SEASON,2026-08-20T23:43:02.137578+00:00,SAVANT_ARSENAL_SCHEMA_V1,CURRENT
571578,"Corbin, Patrick",2026.0,360.0,63.0,17.5,6.9,21.1,47.3,0.356,0.289,0.463,42.1,7.5,72.4,30.0,11.0,31.1,FF,4-Seam Fastball,11.3,159,16.1,0.359,0.564,0.405,-1.9,BASEBALL_SAVANT_CURRENT_SEASON,2026-08-20T23:43:02.137578+00:00,SAVANT_ARSENAL_SCHEMA_V1,CURRENT
693686,"Miles, Spencer",2026.0,319.0,73.0,22.9,6.3,18.7,48.4,0.27,0.233,0.326,35.8,3.5,71.4,23.8,8.0,30.2,FF,4-Seam Fastball,15.4,189,15.1,0.243,0.405,0.309,-0.7,BASEBALL_SAVANT_CURRENT_SEASON,2026-08-20T23:43:02.137578+00:00,SAVANT_ARSENAL_SCHEMA_V1,CURRENT
663855,"Hicks, Jordan",2026.0,168.0,45.0,26.8,14.9,25.2,44.1,0.268,0.207,0.261,33.0,1.0,70.7,19.4,4.0,28.3,ST,Sweeper,31.6,208,21.1,0.156,0.344,0.29,-0.1,BASEBALL_SAVANT_CURRENT_SEASON,2026-08-20T23:43:02.137578+00:00,SAVANT_ARSENAL_SCHEMA_V1,CURRENT
519242,"Sale, Chris",2026.0,517.0,160.0,30.9,5.4,30.0,50.5,0.272,0.223,0.33,34.5,5.6,71.1,20.7,14.0,29.4,SI,Sinker,8.2,170,17.6,0.25,0.278,0.294,1.9,BASEBALL_SAVANT_CURRENT_SEASON,2026-08-20T23:43:02.137578+00:00,SAVANT_ARSENAL_SCHEMA_V1,CURRENT
641793,"Littell, Zack",2026.0,519.0,72.0,13.9,7.1,16.5,50.1,0.376,0.293,0.524,43.7,10.6,72.6,31.5,11.0,36.5,ST,Sweeper,8.7,167,10.0,0.237,0.316,0.248,0.0,BASEBALL_SAVANT_CURRENT_SEASON,2026-08-20T23:43:02.137578+00:00,SAVANT_ARSENAL_SCHEMA_V1,CURRENT
663947,"Holton, Tyler",2026.0,246.0,47.0,19.1,5.7,22.8,47.0,0.294,0.246,0.36,38.1,6.1,72.0,23.4,9.0,31.6,CH,Changeup,16.6,154,14.5,0.225,0.45,0.314,-0.5,BASEBALL_SAVANT_CURRENT_SEASON,2026-08-20T23:43:02.137578+00:00,SAVANT_ARSENAL_SCHEMA_V1,CURRENT
595014,"Treinen, Blake",2026.0,100.0,25.0,25.0,10.0,25.7,47.9,0.348,0.261,0.475,42.2,12.7,71.9,27.0,2.0,26.7,ST,Sweeper,41.7,156,21.0,0.25,0.472,0.345,-1.5,BASEBALL_SAVANT_CURRENT_SEASON,2026-08-20T23:43:02.137578+00:00,SAVANT_ARSENAL_SCHEMA_V1,CURRENT
656529,"Hentges, Sam",2026.0,136.0,32.0,23.5,16.2,27.8,42.3,0.3,0.204,0.287,30.4,3.8,72.0,28.4,10.0,32.9,SI,Sinker,27.7,153,40.9,0.235,0.294,0.303,2.3,BASEBALL_SAVANT_CURRENT_SEASON,2026-08-20T23:43:02.137578+00:00,SAVANT_ARSENAL_SCHEMA_V1,CURRENT
676775,"Winn, Keaton",2026.0,176.0,33.0,18.8,9.7,23.0,47.4,0.308,0.24,0.36,33.3,4.9,72.4,24.2,2.0,34.0,SI,Sinker,22.4,144,0.0,0.162,0.162,0.21,4.4,BASEBALL_SAVANT_CURRENT_SEASON,2026-08-20T23:43:02.137578+00:00,SAVANT_ARSENAL_SCHEMA_V1,CURRENT
669622,"Bender, Anthony",2026.0,140.0,41.0,29.3,8.6,24.0,40.3,0.254,0.194,0.284,33.3,7.1,70.8,15.0,7.0,38.2,SI,Sinker,31.7,171,21.9,0.212,0.364,0.37,0.1,BASEBALL_SAVANT_CURRENT_SEASON,2026-08-20T23:43:02.137578+00:00,SAVANT_ARSENAL_SCHEMA_V1,CURRENT
676974,"Meyer, Max",2026.0,462.0,121.0,26.2,8.9,28.6,46.7,0.304,0.227,0.375,42.0,8.6,72.3,27.4,32.0,33.3,SI,Sinker,9.7,173,5.6,0.229,0.429,0.426,-1.2,BASEBALL_SAVANT_CURRENT_SEASON,2026-08-20T23:43:02.137578+00:00,SAVANT_ARSENAL_SCHEMA_V1,CURRENT
694360,"Way, Beck",2026.0,105.0,21.0,20.0,9.5,25.9,44.7,0.341,0.257,0.395,42.5,6.8,72.0,22.6,4.0,40.2,FC,Cutter,42.2,164,26.1,0.25,0.333,0.283,2.2,BASEBALL_SAVANT_CURRENT_SEASON,2026-08-20T23:43:02.137578+00:00,SAVANT_ARSENAL_SCHEMA_V1,CURRENT
672335,"Pérez, Cionel",2026.0,181.0,41.0,22.7,8.8,25.2,45.9,0.346,0.265,0.47,50.0,13.0,71.9,24.8,12.0,36.3,FF,4-Seam Fastball,20.9,147,17.4,0.343,0.486,0.403,-0.5,BASEBALL_SAVANT_CURRENT_SEASON,2026-08-20T23:43:02.137578+00:00,SAVANT_ARSENAL_SCHEMA_V1,CURRENT
683000,"Cornelio, Riley",2026.0,96.0,20.0,20.8,20.8,31.7,48.5,0.318,0.192,0.291,42.9,10.7,71.6,25.1,3.0,25.7,SL,Slider,51.2,210,18.3,0.176,0.324,0.268,-0.7,BASEBALL_SAVANT_CURRENT_SEASON,2026-08-20T23:43:02.137578+00:00,SAVANT_ARSENAL_SCHEMA_V1,CURRENT
669432,"Rogers, Trevor",2026.0,529.0,108.0,20.4,6.6,23.6,52.5,0.308,0.25,0.399,39.2,7.1,72.2,27.2,22.0,31.1,FC,Cutter,9.8,201,8.3,0.263,0.421,0.319,0.3,BASEBALL_SAVANT_CURRENT_SEASON,2026-08-20T23:43:02.137578+00:00,SAVANT_ARSENAL_SCHEMA_V1,CURRENT
694346,"Gibson, Trey",2026.0,161.0,30.0,18.6,15.5,22.7,41.2,0.391,0.291,0.487,47.6,9.6,72.5,28.3,8.0,34.6,SL,Slider,21.0,130,15.6,0.162,0.324,0.295,0.4,BASEBALL_SAVANT_CURRENT_SEASON,2026-08-20T23:43:02.137578+00:00,SAVANT_ARSENAL_SCHEMA_V1,CURRENT
544150,"Suárez, Albert",2026.0,221.0,36.0,16.3,8.6,22.3,49.0,0.322,0.25,0.413,40.4,7.8,71.9,24.0,4.0,36.7,CH,Changeup,16.4,132,9.5,0.229,0.457,0.34,0.8,BASEBALL_SAVANT_CURRENT_SEASON,2026-08-20T23:43:02.137578+00:00,SAVANT_ARSENAL_SCHEMA_V1,CURRENT
669358,"Baz, Shane",2026.0,623.0,132.0,21.2,7.9,22.5,49.1,0.312,0.252,0.396,42.8,6.8,72.0,26.7,25.0,35.2,CH,Changeup,8.7,207,9.3,0.308,0.487,0.356,-2.2,BASEBALL_SAVANT_CURRENT_SEASON,2026-08-20T23:43:02.137578+00:00,SAVANT_ARSENAL_SCHEMA_V1,CURRENT
606996,"Hart, Kyle",2026.0,209.0,49.0,23.4,8.1,22.7,43.8,0.273,0.205,0.329,27.1,5.8,71.9,20.8,6.0,30.7,FS,Split-Finger,20.3,168,17.9,0.176,0.294,0.24,0.6,BASEBALL_SAVANT_CURRENT_SEASON,2026-08-20T23:43:02.137578+00:00,SAVANT_ARSENAL_SCHEMA_V1,CURRENT
669093,"Estrada, Jeremiah",2026.0,122.0,37.0,30.3,13.1,31.9,47.4,0.287,0.207,0.315,34.8,7.2,70.9,22.4,1.0,26.5,FS,Split-Finger,32.1,159,31.7,0.135,0.243,0.224,1.3,BASEBALL_SAVANT_CURRENT_SEASON,2026-08-20T23:43:02.137578+00:00,SAVANT_ARSENAL_SCHEMA_V1,CURRENT
596001,"Junis, Jakob",2026.0,173.0,32.0,18.5,4.0,19.9,47.5,0.302,0.263,0.389,34.4,3.8,72.0,27.1,2.0,35.0,CH,Changeup,19.1,117,12.8,0.231,0.333,0.255,1.2,BASEBALL_SAVANT_CURRENT_SEASON,2026-08-20T23:43:02.137578+00:00,SAVANT_ARSENAL_SCHEMA_V1,CURRENT
676979,"Crochet, Garrett",2026.0,138.0,37.0,26.8,8.0,24.0,49.0,0.344,0.262,0.442,45.3,10.7,72.3,28.7,3.0,29.5,FC,Cutter,24.7,128,38.1,0.265,0.382,0.399,-0.2,BASEBALL_SAVANT_CURRENT_SEASON,2026-08-20T23:43:02.137578+00:00,SAVANT_ARSENAL_SCHEMA_V1,CURRENT
676979,"Crochet, Garrett",2026.0,138.0,37.0,26.8,8.0,24.0,49.0,0.344,0.262,0.442,45.3,10.7,72.3,28.7,3.0,29.5,FF,4-Seam Fastball,33.6,174,18.5,0.237,0.474,0.327,-0.8,BASEBALL_SAVANT_CURRENT_SEASON,2026-08-20T23:43:02.137578+00:00,SAVANT_ARSENAL_SCHEMA_V1,CURRENT
687209,"Maxwell, Zach",2026.0,65.0,11.0,16.9,15.4,15.9,43.8,0.368,0.274,0.457,38.1,11.6,72.2,23.8,4.0,28.0,FF,4-Seam Fastball,58.0,166,12.1,0.382,0.588,0.455,-1.4,BASEBALL_SAVANT_CURRENT_SEASON,2026-08-20T23:43:02.137578+00:00,SAVANT_ARSENAL_SCHEMA_V1,CURRENT
805673,"Matthews, Zebby",2026.0,410.0,81.0,19.8,7.6,21.3,46.6,0.332,0.257,0.44,42.7,11.6,72.5,31.5,7.0,38.1,CU,Curveball,12.5,196,22.1,0.179,0.436,0.255,-0.7,BASEBALL_SAVANT_CURRENT_SEASON,2026-08-20T23:43:02.137578+00:00,SAVANT_ARSENAL_SCHEMA_V1,CURRENT
542888,"Armstrong, Shawn",2026.0,146.0,33.0,22.6,13.0,24.1,48.6,0.309,0.209,0.363,34.8,6.5,71.3,16.9,1.0,25.5,FC,Cutter,24.5,146,18.8,0.212,0.333,0.32,0.6,BASEBALL_SAVANT_CURRENT_SEASON,2026-08-20T23:43:02.137578+00:00,SAVANT_ARSENAL_SCHEMA_V1,CURRENT
669387,"Mlodzinski, Carmen",2026.0,451.0,81.0,18.0,8.0,20.8,45.7,0.351,0.296,0.446,47.7,7.3,72.0,27.2,13.0,36.6,ST,Sweeper,10.6,186,17.6,0.211,0.316,0.24,0.9,BASEBALL_SAVANT_CURRENT_SEASON,2026-08-20T23:43:02.137578+00:00,SAVANT_ARSENAL_SCHEMA_V1,CURRENT
621242,"Díaz, Edwin",2026.0,79.0,19.0,24.1,12.7,22.3,44.6,0.378,0.303,0.456,53.2,8.7,71.6,21.1,2.0,30.2,FF,4-Seam Fastball,57.4,179,22.0,0.441,0.735,0.517,-3.2,BASEBALL_SAVANT_CURRENT_SEASON,2026-08-20T23:43:02.137578+00:00,SAVANT_ARSENAL_SCHEMA_V1,CURRENT
670329,"Garcia, Rico",2026.0,210.0,55.0,26.2,8.6,32.7,49.1,0.277,0.209,0.353,35.3,6.6,71.9,26.8,8.0,32.7,CU,Curveball,19.2,152,25.8,0.105,0.132,0.119,3.4,BASEBALL_SAVANT_CURRENT_SEASON,2026-08-20T23:43:02.137578+00:00,SAVANT_ARSENAL_SCHEMA_V1,CURRENT
656288,"Canning, Griffin",2026.0,319.0,72.0,22.6,10.3,25.3,45.1,0.332,0.249,0.421,47.1,9.5,72.5,30.4,13.0,33.2,SI,Sinker,9.9,125,10.0,0.29,0.484,0.4,-1.4,BASEBALL_SAVANT_CURRENT_SEASON,2026-08-20T23:43:02.137578+00:00,SAVANT_ARSENAL_SCHEMA_V1,CURRENT
675911,"Strider, Spencer",2026.0,165.0,46.0,27.9,12.1,30.7,46.6,0.29,0.188,0.359,36.7,11.2,72.3,25.1,7.0,28.6,SL,Slider,27.6,191,22.1,0.265,0.618,0.409,-1.4,BASEBALL_SAVANT_CURRENT_SEASON,2026-08-20T23:43:02.137578+00:00,SAVANT_ARSENAL_SCHEMA_V1,CURRENT
579328,"Kikuchi, Yusei",2026.0,142.0,33.0,23.2,9.9,25.9,48.3,0.34,0.258,0.446,42.6,8.5,72.7,30.0,5.0,31.2,SL,Slider,23.6,134,26.2,0.294,0.471,0.399,0.4,BASEBALL_SAVANT_CURRENT_SEASON,2026-08-20T23:43:02.137578+00:00,SAVANT_ARSENAL_SCHEMA_V1,CURRENT
605447,"Romano, Jordan",2026.0,102.0,27.0,26.5,12.7,28.5,43.7,0.303,0.243,0.326,32.8,3.3,72.0,29.1,7.0,25.2,FF,4-Seam Fastball,44.3,196,16.1,0.303,0.333,0.347,0.3,BASEBALL_SAVANT_CURRENT_SEASON,2026-08-20T23:43:02.137578+00:00,SAVANT_ARSENAL_SCHEMA_V1,CURRENT
682227,"Williamson, Brandon",2026.0,128.0,19.0,14.8,15.6,24.1,43.2,0.389,0.276,0.486,41.9,10.5,72.5,27.6,5.0,33.1,FC,Cutter,26.4,137,28.0,0.31,0.448,0.406,-0.2,BASEBALL_SAVANT_CURRENT_SEASON,2026-08-20T23:43:02.137578+00:00,SAVANT_ARSENAL_SCHEMA_V1,CURRENT
695684,"Rodríguez, Elmer",2026.0,83.0,10.0,12.0,13.3,27.0,39.6,0.366,0.272,0.385,34.5,5.2,72.1,26.5,2.0,41.5,SI,Sinker,41.5,132,5.7,0.333,0.367,0.383,-0.5,BASEBALL_SAVANT_CURRENT_SEASON,2026-08-20T23:43:02.137578+00:00,SAVANT_ARSENAL_SCHEMA_V1,CURRENT
676879,"Ashby, Aaron",2026.0,303.0,97.0,32.0,11.2,32.3,41.1,0.268,0.204,0.289,39.4,4.7,72.0,23.5,21.0,31.0,CH,Changeup,11.4,141,27.3,0.212,0.303,0.279,-0.8,BASEBALL_SAVANT_CURRENT_SEASON,2026-08-20T23:43:02.137578+00:00,SAVANT_ARSENAL_SCHEMA_V1,CURRENT
663776,"Sandoval, Patrick",2026.0,160.0,35.0,21.9,10.0,25.5,47.3,0.334,0.277,0.412,32.4,5.6,72.4,29.3,3.0,32.6,FF,4-Seam Fastball,21.4,124,25.0,0.412,0.676,0.495,-1.7,BASEBALL_SAVANT_CURRENT_SEASON,2026-08-20T23:43:02.137578+00:00,SAVANT_ARSENAL_SCHEMA_V1,CURRENT
683004,"Leiter, Jack",2026.0,355.0,83.0,23.4,9.9,25.4,47.9,0.336,0.257,0.43,39.9,10.3,72.4,27.9,15.0,30.9,FC,Cutter,9.8,137,33.3,0.294,0.382,0.349,-0.3,BASEBALL_SAVANT_CURRENT_SEASON,2026-08-20T23:43:02.137578+00:00,SAVANT_ARSENAL_SCHEMA_V1,CURRENT
642397,"Soto, Gregory",2026.0,227.0,66.0,29.1,9.7,28.6,43.0,0.268,0.196,0.299,35.1,5.2,71.3,20.0,13.0,33.2,FF,4-Seam Fastball,16.9,157,10.0,0.219,0.5,0.394,-2.2,BASEBALL_SAVANT_CURRENT_SEASON,2026-08-20T23:43:02.137578+00:00,SAVANT_ARSENAL_SCHEMA_V1,CURRENT
592332,"Gausman, Kevin",2026.0,609.0,143.0,23.5,6.6,27.4,50.3,0.31,0.251,0.406,39.3,7.3,72.1,26.7,20.0,30.3,SL,Slider,9.6,233,17.6,0.306,0.75,0.458,-2.9,BASEBALL_SAVANT_CURRENT_SEASON,2026-08-20T23:43:02.137578+00:00,SAVANT_ARSENAL_SCHEMA_V1,CURRENT
815083,"Farris, Mitch",2026.0,204.0,49.0,24.0,11.3,27.7,44.2,0.351,0.268,0.45,48.8,8.5,71.5,25.8,9.0,38.3,FC,Cutter,13.9,106,17.6,0.343,0.457,0.386,-0.9,BASEBALL_SAVANT_CURRENT_SEASON,2026-08-20T23:43:02.137578+00:00,SAVANT_ARSENAL_SCHEMA_V1,CURRENT
672782,"Gómez, Yoendrys",2026.0,243.0,52.0,21.4,11.9,24.9,47.2,0.342,0.247,0.435,44.1,8.8,72.2,27.4,5.0,31.1,FC,Cutter,14.9,136,22.2,0.235,0.412,0.331,0.4,BASEBALL_SAVANT_CURRENT_SEASON,2026-08-20T23:43:02.137578+00:00,SAVANT_ARSENAL_SCHEMA_V1,CURRENT
691946,"Klassen, George",2026.0,101.0,21.0,20.8,17.8,33.3,46.4,0.35,0.246,0.381,41.0,9.8,74.3,43.7,8.0,30.2,FF,4-Seam Fastball,39.7,159,10.9,0.267,0.367,0.396,-0.4,BASEBALL_SAVANT_CURRENT_SEASON,2026-08-20T23:43:02.137578+00:00,SAVANT_ARSENAL_SCHEMA_V1,CURRENT
663947,"Holton, Tyler",2026.0,246.0,47.0,19.1,5.7,22.8,47.0,0.294,0.246,0.36,38.1,6.1,72.0,23.4,9.0,31.6,ST,Sweeper,15.9,147,26.3,0.184,0.316,0.226,0.3,BASEBALL_SAVANT_CURRENT_SEASON,2026-08-20T23:43:02.137578+00:00,SAVANT_ARSENAL_SCHEMA_V1,CURRENT
595014,"Treinen, Blake",2026.0,100.0,25.0,25.0,10.0,25.7,47.9,0.348,0.261,0.475,42.2,12.7,71.9,27.0,2.0,26.7,SI,Sinker,36.9,138,20.8,0.242,0.333,0.342,1.7,BASEBALL_SAVANT_CURRENT_SEASON,2026-08-20T23:43:02.137578+00:00,SAVANT_ARSENAL_SCHEMA_V1,CURRENT
664849,"Young, Danny",2026.0,65.0,15.0,23.1,20.0,24.7,33.6,0.391,0.24,0.467,61.8,17.6,73.3,27.0,4.0,43.1,SI,Sinker,48.7,129,18.5,0.4,0.7,0.517,-3.6,BASEBALL_SAVANT_CURRENT_SEASON,2026-08-20T23:43:02.137578+00:00,SAVANT_ARSENAL_SCHEMA_V1,CURRENT
666277,"Soriano, George",2026.0,233.0,55.0,23.6,9.9,29.9,48.3,0.319,0.23,0.407,42.1,9.8,72.4,32.7,7.0,33.0,SL,Slider,22.4,204,11.9,0.188,0.313,0.306,0.6,BASEBALL_SAVANT_CURRENT_SEASON,2026-08-20T23:43:02.137578+00:00,SAVANT_ARSENAL_SCHEMA_V1,CURRENT
680802,"Weiss, Ryan",2026.0,131.0,30.0,22.9,15.3,23.7,44.5,0.379,0.269,0.488,49.4,11.1,71.4,21.0,5.0,31.3,ST,Sweeper,32.3,171,24.1,0.25,0.469,0.376,-1.7,BASEBALL_SAVANT_CURRENT_SEASON,2026-08-20T23:43:02.137578+00:00,SAVANT_ARSENAL_SCHEMA_V1,CURRENT
678022,"Perkins, Jack",2026.0,387.0,98.0,25.3,8.5,27.0,48.1,0.316,0.238,0.395,37.6,8.9,71.7,26.5,18.0,32.6,FC,Cutter,12.2,179,22.2,0.378,0.541,0.388,-0.1,BASEBALL_SAVANT_CURRENT_SEASON,2026-08-20T23:43:02.137578+00:00,SAVANT_ARSENAL_SCHEMA_V1,CURRENT
676571,"Poulin, PJ",2026.0,153.0,25.0,16.3,13.7,16.9,40.0,0.353,0.256,0.441,44.3,9.6,72.6,32.3,3.0,39.6,SI,Sinker,23.1,147,18.8,0.156,0.219,0.286,2.4,BASEBALL_SAVANT_CURRENT_SEASON,2026-08-20T23:43:02.137578+00:00,SAVANT_ARSENAL_SCHEMA_V1,CURRENT
691799,"Taylor, Grant",2026.0,263.0,85.0,32.3,8.0,28.4,46.7,0.242,0.185,0.276,41.7,5.8,70.6,16.8,23.0,30.6,SL,Slider,15.1,159,19.5,0.237,0.342,0.251,-0.4,BASEBALL_SAVANT_CURRENT_SEASON,2026-08-20T23:43:02.137578+00:00,SAVANT_ARSENAL_SCHEMA_V1,CURRENT
641302,"Alexander, Tyler",2026.0,234.0,47.0,20.1,7.3,21.3,46.4,0.28,0.233,0.326,32.9,3.6,72.2,26.2,3.0,32.0,ST,Sweeper,17.2,153,13.6,0.243,0.405,0.312,0.5,BASEBALL_SAVANT_CURRENT_SEASON,2026-08-20T23:43:02.137578+00:00,SAVANT_ARSENAL_SCHEMA_V1,CURRENT
664199,"Clarke, Taylor",2026.0,215.0,31.0,14.4,4.7,20.5,48.4,0.312,0.256,0.415,32.7,8.2,72.7,26.7,5.0,31.6,FC,Cutter,18.7,149,4.2,0.333,0.611,0.416,-2.3,BASEBALL_SAVANT_CURRENT_SEASON,2026-08-20T23:43:02.137578+00:00,SAVANT_ARSENAL_SCHEMA_V1,CURRENT
805326,"Schweitzer, Tyler",2026.0,102.0,13.0,12.7,9.8,23.1,53.6,0.348,0.281,0.44,48.1,9.0,72.3,25.9,1.0,31.8,FF,4-Seam Fastball,40.2,156,8.2,0.206,0.265,0.258,2.2,BASEBALL_SAVANT_CURRENT_SEASON,2026-08-20T23:43:02.137578+00:00,SAVANT_ARSENAL_SCHEMA_V1,CURRENT
664126,"Fairbanks, Pete",2026.0,166.0,54.0,32.5,9.6,32.1,46.2,0.317,0.21,0.43,44.1,13.0,71.1,19.6,7.0,31.7,SL,Slider,24.6,169,26.7,0.088,0.118,0.136,3.4,BASEBALL_SAVANT_CURRENT_SEASON,2026-08-20T23:43:02.137578+00:00,SAVANT_ARSENAL_SCHEMA_V1,CURRENT
592773,"Stanek, Ryne",2026.0,214.0,50.0,23.4,12.6,28.2,48.3,0.321,0.232,0.395,37.0,8.1,71.8,22.8,5.0,31.6,FS,Split-Finger,15.2,133,20.0,0.167,0.278,0.217,-0.2,BASEBALL_SAVANT_CURRENT_SEASON,2026-08-20T23:43:02.137578+00:00,SAVANT_ARSENAL_SCHEMA_V1,CURRENT
701519,"Adams, Travis",2026.0,174.0,46.0,26.4,9.8,27.5,47.7,0.309,0.229,0.399,30.6,8.2,71.8,26.7,6.0,30.6,FC,Cutter,20.9,142,34.5,0.25,0.344,0.329,1.4,BASEBALL_SAVANT_CURRENT_SEASON,2026-08-20T23:43:02.137578+00:00,SAVANT_ARSENAL_SCHEMA_V1,CURRENT
663574,"Santillan, Tony",2026.0,134.0,28.0,20.9,10.4,22.4,45.8,0.348,0.253,0.476,46.7,11.1,72.2,28.4,4.0,36.3,SV,Slurve,33.1,165,20.6,0.265,0.588,0.427,-2.1,BASEBALL_SAVANT_CURRENT_SEASON,2026-08-20T23:43:02.137578+00:00,SAVANT_ARSENAL_SCHEMA_V1,CURRENT
677961,"Wilcox, Cole",2026.0,123.0,28.0,22.8,13.8,31.4,46.3,0.355,0.284,0.404,46.1,6.7,71.3,21.3,3.0,33.6,ST,Sweeper,27.3,133,26.5,0.324,0.324,0.303,-0.1,BASEBALL_SAVANT_CURRENT_SEASON,2026-08-20T23:43:02.137578+00:00,SAVANT_ARSENAL_SCHEMA_V1,CURRENT
472610,"García, Luis",2026.0,74.0,6.0,8.1,8.1,20.9,52.5,0.397,0.329,0.522,44.3,5.2,72.3,31.7,1.0,37.4,SI,Sinker,46.8,124,11.1,0.441,0.618,0.48,-1.5,BASEBALL_SAVANT_CURRENT_SEASON,2026-08-20T23:43:02.137578+00:00,SAVANT_ARSENAL_SCHEMA_V1,CURRENT
663567,"Lambert, Peter",2026.0,494.0,117.0,23.7,9.3,25.6,48.4,0.284,0.202,0.341,36.3,6.5,72.4,27.4,15.0,28.4,ST,Sweeper,8.2,163,13.8,0.278,0.389,0.311,-0.1,BASEBALL_SAVANT_CURRENT_SEASON,2026-08-20T23:43:02.137578+00:00,SAVANT_ARSENAL_SCHEMA_V1,CURRENT
681217,"Silseth, Chase",2026.0,210.0,55.0,26.2,13.3,32.0,47.5,0.311,0.225,0.379,32.0,9.6,71.9,26.9,7.0,29.6,ST,Sweeper,18.2,154,22.4,0.189,0.297,0.222,2.1,BASEBALL_SAVANT_CURRENT_SEASON,2026-08-20T23:43:02.137578+00:00,SAVANT_ARSENAL_SCHEMA_V1,CURRENT
621242,"Díaz, Edwin",2026.0,79.0,19.0,24.1,12.7,22.3,44.6,0.378,0.303,0.456,53.2,8.7,71.6,21.1,2.0,30.2,SL,Slider,42.6,133,20.0,0.323,0.516,0.405,-2.3,BASEBALL_SAVANT_CURRENT_SEASON,2026-08-20T23:43:02.137578+00:00,SAVANT_ARSENAL_SCHEMA_V1,CURRENT
813349,"Early, Connelly",2026.0,390.0,93.0,23.8,8.7,23.7,46.9,0.32,0.234,0.408,40.9,10.6,72.8,29.5,14.0,33.7,CU,Curveball,10.9,166,16.9,0.29,0.613,0.438,-3.8,BASEBALL_SAVANT_CURRENT_SEASON,2026-08-20T23:43:02.137578+00:00,SAVANT_ARSENAL_SCHEMA_V1,CURRENT
663372,"Feltner, Ryan",2026.0,408.0,64.0,15.7,9.6,23.8,48.3,0.358,0.267,0.498,38.8,11.2,72.6,29.4,9.0,32.7,ST,Sweeper,9.4,142,12.1,0.189,0.486,0.289,-2.9,BASEBALL_SAVANT_CURRENT_SEASON,2026-08-20T23:43:02.137578+00:00,SAVANT_ARSENAL_SCHEMA_V1,CURRENT
674841,"Alvarez, Andrew",2026.0,317.0,69.0,21.8,10.4,26.2,44.8,0.326,0.26,0.386,42.5,5.2,72.3,31.7,18.0,36.6,SI,Sinker,14.3,177,14.3,0.294,0.324,0.328,1.5,BASEBALL_SAVANT_CURRENT_SEASON,2026-08-20T23:43:02.137578+00:00,SAVANT_ARSENAL_SCHEMA_V1,CURRENT
681293,"Arrighetti, Spencer",2026.0,386.0,87.0,22.5,13.0,25.4,42.1,0.345,0.238,0.395,30.6,7.7,71.9,24.7,8.0,31.8,SI,Sinker,10.1,152,0.0,0.286,0.5,0.413,-0.8,BASEBALL_SAVANT_CURRENT_SEASON,2026-08-20T23:43:02.137578+00:00,SAVANT_ARSENAL_SCHEMA_V1,CURRENT
686580,"Slaten, Justin",2026.0,137.0,39.0,28.5,5.8,25.2,50.8,0.266,0.223,0.332,36.7,4.4,71.8,26.9,7.0,26.7,FF,4-Seam Fastball,25.2,128,22.0,0.278,0.417,0.345,-1.2,BASEBALL_SAVANT_CURRENT_SEASON,2026-08-20T23:43:02.137578+00:00,SAVANT_ARSENAL_SCHEMA_V1,CURRENT
690928,"Dobbins, Hunter",2026.0,212.0,49.0,23.1,9.9,22.9,45.1,0.3,0.23,0.357,38.6,6.4,72.3,25.1,3.0,32.6,ST,Sweeper,15.0,128,20.0,0.243,0.541,0.337,-2.0,BASEBALL_SAVANT_CURRENT_SEASON,2026-08-20T23:43:02.137578+00:00,SAVANT_ARSENAL_SCHEMA_V1,CURRENT
664299,"Javier, Cristian",2026.0,167.0,30.0,18.0,10.2,25.7,51.8,0.357,0.278,0.452,38.1,8.5,72.4,30.6,3.0,30.2,ST,Sweeper,23.6,154,20.7,0.216,0.459,0.295,-1.7,BASEBALL_SAVANT_CURRENT_SEASON,2026-08-20T23:43:02.137578+00:00,SAVANT_ARSENAL_SCHEMA_V1,CURRENT
601713,"Pivetta, Nick",2026.0,66.0,24.0,36.4,9.1,26.1,48.8,0.212,0.154,0.228,30.6,2.8,71.6,21.5,6.0,23.2,FF,4-Seam Fastball,57.6,163,21.3,0.182,0.273,0.262,1.5,BASEBALL_SAVANT_CURRENT_SEASON,2026-08-20T23:43:02.137578+00:00,SAVANT_ARSENAL_SCHEMA_V1,CURRENT
696070,"Rojas, Kendry",2026.0,130.0,34.0,26.2,16.9,28.1,43.8,0.288,0.179,0.282,31.5,6.8,71.2,22.7,2.0,25.9,SL,Slider,27.6,144,17.2,0.258,0.419,0.366,-2.1,BASEBALL_SAVANT_CURRENT_SEASON,2026-08-20T23:43:02.137578+00:00,SAVANT_ARSENAL_SCHEMA_V1,CURRENT
641816,"Mahle, Tyler",2026.0,473.0,108.0,22.8,8.5,22.7,45.3,0.315,0.247,0.405,37.8,7.5,72.3,27.5,10.0,33.9,SL,Slider,7.0,128,14.3,0.353,0.559,0.459,-4.7,BASEBALL_SAVANT_CURRENT_SEASON,2026-08-20T23:43:02.137578+00:00,SAVANT_ARSENAL_SCHEMA_V1,CURRENT
669302,"Gilbert, Logan",2026.0,594.0,157.0,26.4,6.2,29.8,50.2,0.298,0.233,0.395,41.8,10.1,71.9,26.7,24.0,33.6,FC,Cutter,6.2,145,18.8,0.343,0.571,0.416,-0.6,BASEBALL_SAVANT_CURRENT_SEASON,2026-08-20T23:43:02.137578+00:00,SAVANT_ARSENAL_SCHEMA_V1,CURRENT
608331,"Fried, Max",2026.0,332.0,79.0,23.8,8.1,24.6,45.4,0.248,0.2,0.264,31.3,1.8,71.7,22.4,10.0,30.3,CU,Curveball,12.8,166,16.4,0.167,0.167,0.189,1.4,BASEBALL_SAVANT_CURRENT_SEASON,2026-08-20T23:43:02.137578+00:00,SAVANT_ARSENAL_SCHEMA_V1,CURRENT
605540,"Woodruff, Brandon",2026.0,174.0,47.0,27.0,5.7,23.6,51.0,0.263,0.2,0.358,34.5,7.8,72.4,27.2,3.0,29.4,SI,Sinker,19.2,123,20.6,0.333,0.528,0.37,-0.6,BASEBALL_SAVANT_CURRENT_SEASON,2026-08-20T23:43:02.137578+00:00,SAVANT_ARSENAL_SCHEMA_V1,CURRENT
596001,"Junis, Jakob",2026.0,173.0,32.0,18.5,4.0,19.9,47.5,0.302,0.263,0.389,34.4,3.8,72.0,27.1,2.0,35.0,SI,Sinker,18.6,114,36.8,0.25,0.278,0.259,3.2,BASEBALL_SAVANT_CURRENT_SEASON,2026-08-20T23:43:02.137578+00:00,SAVANT_ARSENAL_SCHEMA_V1,CURRENT
693433,"Woo, Bryan",2026.0,563.0,137.0,24.3,5.2,24.8,53.4,0.293,0.237,0.383,43.3,6.9,72.1,26.1,13.0,31.4,CH,Changeup,6.2,131,21.2,0.111,0.111,0.132,4.1,BASEBALL_SAVANT_CURRENT_SEASON,2026-08-20T23:43:02.137578+00:00,SAVANT_ARSENAL_SCHEMA_V1,CURRENT
642546,"Hernández, Jonathan",2026.0,109.0,22.0,20.2,11.9,19.9,43.8,0.32,0.255,0.389,40.5,5.5,72.9,29.8,2.0,29.5,SL,Slider,44.8,185,20.0,0.194,0.278,0.254,0.5,BASEBALL_SAVANT_CURRENT_SEASON,2026-08-20T23:43:02.137578+00:00,SAVANT_ARSENAL_SCHEMA_V1,CURRENT
702474,"Paredes, Mike",2026.0,154.0,19.0,12.3,8.4,19.3,49.7,0.349,0.279,0.446,50.8,6.8,72.5,30.4,2.0,39.3,CH,Changeup,25.6,141,8.8,0.314,0.4,0.368,-0.6,BASEBALL_SAVANT_CURRENT_SEASON,2026-08-20T23:43:02.137578+00:00,SAVANT_ARSENAL_SCHEMA_V1,CURRENT
592836,"Walker, Taijuan",2026.0,115.0,17.0,14.8,9.6,16.8,45.0,0.411,0.312,0.582,36.0,12.9,71.5,21.3,2.0,35.9,FS,Split-Finger,23.1,98,17.2,0.361,0.583,0.449,-4.1,BASEBALL_SAVANT_CURRENT_SEASON,2026-08-20T23:43:02.137578+00:00,SAVANT_ARSENAL_SCHEMA_V1,CURRENT
805326,"Schweitzer, Tyler",2026.0,102.0,13.0,12.7,9.8,23.1,53.6,0.348,0.281,0.44,48.1,9.0,72.3,25.9,1.0,31.8,SL,Slider,36.1,140,14.7,0.273,0.485,0.353,-0.3,BASEBALL_SAVANT_CURRENT_SEASON,2026-08-20T23:43:02.137578+00:00,SAVANT_ARSENAL_SCHEMA_V1,CURRENT
680732,"Burke, Sean",2026.0,571.0,154.0,27.0,7.4,25.8,48.9,0.294,0.226,0.37,36.9,7.7,71.6,25.4,26.0,30.9,FC,Cutter,8.5,192,28.6,0.235,0.382,0.3,2.3,BASEBALL_SAVANT_CURRENT_SEASON,2026-08-20T23:43:02.137578+00:00,SAVANT_ARSENAL_SCHEMA_V1,CURRENT
701719,"Samaniego, Tyler",2026.0,90.0,17.0,18.9,8.9,21.6,44.3,0.331,0.268,0.398,36.5,3.2,71.6,25.9,2.0,44.9,SI,Sinker,40.8,128,20.0,0.321,0.321,0.377,0.3,BASEBALL_SAVANT_CURRENT_SEASON,2026-08-20T23:43:02.137578+00:00,SAVANT_ARSENAL_SCHEMA_V1,CURRENT
573204,"Thielbar, Caleb",2026.0,164.0,47.0,28.7,7.9,28.1,51.3,0.327,0.238,0.465,39.8,11.8,72.1,27.2,12.0,27.5,SL,Slider,21.1,142,15.8,0.355,0.581,0.463,-1.5,BASEBALL_SAVANT_CURRENT_SEASON,2026-08-20T23:43:02.137578+00:00,SAVANT_ARSENAL_SCHEMA_V1,CURRENT
690997,"McLean, Nolan",2026.0,594.0,162.0,27.3,9.1,24.6,44.1,0.298,0.221,0.348,35.7,6.9,71.8,23.6,16.0,28.1,CH,Changeup,6.0,142,14.0,0.286,0.457,0.364,-1.7,BASEBALL_SAVANT_CURRENT_SEASON,2026-08-20T23:43:02.137578+00:00,SAVANT_ARSENAL_SCHEMA_V1,CURRENT
687941,"Gamboa, Alec",2026.0,72.0,13.0,18.1,6.9,19.0,57.0,0.242,0.177,0.27,29.6,3.8,71.8,23.6,2.0,25.0,FF,4-Seam Fastball,51.4,128,18.4,0.226,0.29,0.28,1.8,BASEBALL_SAVANT_CURRENT_SEASON,2026-08-20T23:43:02.137578+00:00,SAVANT_ARSENAL_SCHEMA_V1,CURRENT
664076,"Cleavinger, Garrett",2026.0,157.0,48.0,30.6,10.8,29.3,47.5,0.309,0.235,0.378,41.1,7.8,72.5,30.4,9.0,27.6,SI,Sinker,27.4,173,10.5,0.393,0.607,0.496,-2.2,BASEBALL_SAVANT_CURRENT_SEASON,2026-08-20T23:43:02.137578+00:00,SAVANT_ARSENAL_SCHEMA_V1,CURRENT
666374,"Brash, Matt",2026.0,64.0,15.0,23.4,9.4,32.1,40.5,0.316,0.234,0.347,40.0,5.0,71.8,26.4,3.0,34.9,SL,Slider,59.5,156,23.1,0.097,0.161,0.192,2.4,BASEBALL_SAVANT_CURRENT_SEASON,2026-08-20T23:43:02.137578+00:00,SAVANT_ARSENAL_SCHEMA_V1,CURRENT
703725,"Gastelum, Luis",2026.0,80.0,22.0,27.5,7.5,35.1,48.7,0.302,0.214,0.414,23.5,9.8,71.8,23.0,2.0,36.3,CH,Changeup,38.5,117,29.6,0.176,0.441,0.272,0.8,BASEBALL_SAVANT_CURRENT_SEASON,2026-08-20T23:43:02.137578+00:00,SAVANT_ARSENAL_SCHEMA_V1,CURRENT
656605,"Keller, Mitch",2026.0,503.0,89.0,17.7,8.3,20.5,47.4,0.355,0.288,0.455,42.3,7.4,72.2,27.3,12.0,37.0,CU,Curveball,9.1,171,27.4,0.161,0.323,0.284,-1.3,BASEBALL_SAVANT_CURRENT_SEASON,2026-08-20T23:43:02.137578+00:00,SAVANT_ARSENAL_SCHEMA_V1,CURRENT
690986,"Harrison, Kyle",2026.0,402.0,122.0,30.3,6.5,29.1,48.4,0.276,0.22,0.344,35.6,6.8,71.9,23.8,17.0,28.4,CH,Changeup,9.2,156,10.6,0.306,0.583,0.409,-2.8,BASEBALL_SAVANT_CURRENT_SEASON,2026-08-20T23:43:02.137578+00:00,SAVANT_ARSENAL_SCHEMA_V1,CURRENT
607074,"Rodón, Carlos",2026.0,211.0,56.0,26.5,13.3,29.0,47.8,0.301,0.212,0.341,36.5,6.3,72.3,27.6,13.0,27.0,CH,Changeup,15.0,134,18.4,0.265,0.324,0.276,0.1,BASEBALL_SAVANT_CURRENT_SEASON,2026-08-20T23:43:02.137578+00:00,SAVANT_ARSENAL_SCHEMA_V1,CURRENT
702474,"Paredes, Mike",2026.0,154.0,19.0,12.3,8.4,19.3,49.7,0.349,0.279,0.446,50.8,6.8,72.5,30.4,2.0,39.3,ST,Sweeper,22.0,121,20.8,0.219,0.375,0.276,-1.1,BASEBALL_SAVANT_CURRENT_SEASON,2026-08-20T23:43:02.137578+00:00,SAVANT_ARSENAL_SCHEMA_V1,CURRENT
656641,"Latz, Jacob",2026.0,206.0,58.0,28.2,7.3,28.9,53.0,0.242,0.184,0.302,37.6,5.3,72.4,29.7,12.0,24.4,CH,Changeup,18.7,165,20.0,0.083,0.111,0.101,3.4,BASEBALL_SAVANT_CURRENT_SEASON,2026-08-20T23:43:02.137578+00:00,SAVANT_ARSENAL_SCHEMA_V1,CURRENT
677955,"Hill, Jaden",2026.0,130.0,30.0,23.1,13.1,30.5,48.5,0.309,0.229,0.343,39.2,3.8,71.7,22.0,6.0,30.3,FF,4-Seam Fastball,31.0,153,19.2,0.212,0.303,0.299,1.5,BASEBALL_SAVANT_CURRENT_SEASON,2026-08-20T23:43:02.137578+00:00,SAVANT_ARSENAL_SCHEMA_V1,CURRENT
694918,"Tidwell, Blade",2026.0,110.0,20.0,18.2,9.1,27.1,46.0,0.306,0.256,0.354,41.8,6.3,71.1,18.4,4.0,39.0,FF,4-Seam Fastball,32.4,143,13.3,0.3,0.533,0.42,-1.8,BASEBALL_SAVANT_CURRENT_SEASON,2026-08-20T23:43:02.137578+00:00,SAVANT_ARSENAL_SCHEMA_V1,CURRENT
621366,"Borucki, Ryan",2026.0,104.0,15.0,14.4,8.7,28.2,49.5,0.31,0.253,0.373,39.7,5.1,72.3,31.1,2.0,38.8,SI,Sinker,35.0,133,11.8,0.333,0.467,0.439,-1.2,BASEBALL_SAVANT_CURRENT_SEASON,2026-08-20T23:43:02.137578+00:00,SAVANT_ARSENAL_SCHEMA_V1,CURRENT
607192,"Glasnow, Tyler",2026.0,148.0,49.0,33.1,8.8,29.8,43.1,0.252,0.18,0.324,38.4,8.1,71.7,25.9,9.0,38.2,SI,Sinker,25.4,152,28.0,0.097,0.194,0.241,3.7,BASEBALL_SAVANT_CURRENT_SEASON,2026-08-20T23:43:02.137578+00:00,SAVANT_ARSENAL_SCHEMA_V1,CURRENT
500779,"Quintana, Jose",2026.0,181.0,20.0,11.0,9.4,21.1,47.0,0.343,0.275,0.441,32.9,8.4,72.9,31.0,5.0,35.7,CH,Changeup,21.0,144,6.1,0.333,0.367,0.338,-1.2,BASEBALL_SAVANT_CURRENT_SEASON,2026-08-20T23:43:02.137578+00:00,SAVANT_ARSENAL_SCHEMA_V1,CURRENT
671936,"Macko, Adam",2026.0,99.0,23.0,23.2,10.1,32.8,46.5,0.338,0.258,0.435,34.9,6.3,72.4,26.8,2.0,33.9,FF,4-Seam Fastball,38.5,154,14.6,0.406,0.563,0.459,-1.4,BASEBALL_SAVANT_CURRENT_SEASON,2026-08-20T23:43:02.137578+00:00,SAVANT_ARSENAL_SCHEMA_V1,CURRENT
676775,"Winn, Keaton",2026.0,176.0,33.0,18.8,9.7,23.0,47.4,0.308,0.24,0.36,33.3,4.9,72.4,24.2,2.0,34.0,FF,4-Seam Fastball,24.5,158,10.9,0.375,0.719,0.507,-2.8,BASEBALL_SAVANT_CURRENT_SEASON,2026-08-20T23:43:02.137578+00:00,SAVANT_ARSENAL_SCHEMA_V1,CURRENT
641302,"Alexander, Tyler",2026.0,234.0,47.0,20.1,7.3,21.3,46.4,0.28,0.233,0.326,32.9,3.6,72.2,26.2,3.0,32.0,FF,4-Seam Fastball,17.3,154,22.2,0.176,0.176,0.203,2.9,BASEBALL_SAVANT_CURRENT_SEASON,2026-08-20T23:43:02.137578+00:00,SAVANT_ARSENAL_SCHEMA_V1,CURRENT
674003,"Bradford, Cody",2026.0,65.0,10.0,15.4,6.2,21.6,49.1,0.369,0.298,0.511,42.0,10.2,72.2,33.7,2.0,44.9,FF,4-Seam Fastball,49.6,112,16.7,0.364,0.455,0.388,-0.8,BASEBALL_SAVANT_CURRENT_SEASON,2026-08-20T23:43:02.137578+00:00,SAVANT_ARSENAL_SCHEMA_V1,CURRENT
694360,"Way, Beck",2026.0,105.0,21.0,20.0,9.5,25.9,44.7,0.341,0.257,0.395,42.5,6.8,72.0,22.6,4.0,40.2,SI,Sinker,24.7,96,21.1,0.344,0.438,0.416,-2.0,BASEBALL_SAVANT_CURRENT_SEASON,2026-08-20T23:43:02.137578+00:00,SAVANT_ARSENAL_SCHEMA_V1,CURRENT
804267,"Thornton, Zac",2026.0,200.0,36.0,18.0,7.0,19.6,51.1,0.337,0.269,0.455,40.9,9.4,72.9,30.4,6.0,33.7,SL,Slider,13.7,101,16.0,0.226,0.355,0.323,-0.5,BASEBALL_SAVANT_CURRENT_SEASON,2026-08-20T23:43:02.137578+00:00,SAVANT_ARSENAL_SCHEMA_V1,CURRENT
676254,"Walker, Ryan",2026.0,125.0,19.0,15.2,12.0,15.2,43.1,0.324,0.26,0.389,35.6,6.7,71.3,21.9,4.0,28.6,SL,Slider,28.8,141,8.5,0.229,0.429,0.315,-1.3,BASEBALL_SAVANT_CURRENT_SEASON,2026-08-20T23:43:02.137578+00:00,SAVANT_ARSENAL_SCHEMA_V1,CURRENT
608372,"Sugano, Tomoyuki",2026.0,498.0,69.0,13.9,5.4,18.2,46.2,0.395,0.312,0.57,43.8,13.5,73.3,33.0,13.0,37.9,ST,Sweeper,10.6,202,10.0,0.286,0.543,0.35,-1.8,BASEBALL_SAVANT_CURRENT_SEASON,2026-08-20T23:43:02.137578+00:00,SAVANT_ARSENAL_SCHEMA_V1,CURRENT
625643,"López, Reynaldo",2026.0,306.0,66.0,21.6,9.5,21.8,45.6,0.33,0.256,0.426,36.4,7.7,71.7,23.4,12.0,32.7,CU,Curveball,10.9,134,10.9,0.147,0.412,0.274,0.3,BASEBALL_SAVANT_CURRENT_SEASON,2026-08-20T23:43:02.137578+00:00,SAVANT_ARSENAL_SCHEMA_V1,CURRENT
695239,"Ahlstrom, Robby",2026.0,118.0,26.0,22.0,6.8,27.6,49.0,0.311,0.255,0.392,33.3,6.2,72.5,29.6,1.0,24.5,SL,Slider,24.3,115,20.5,0.176,0.324,0.251,3.0,BASEBALL_SAVANT_CURRENT_SEASON,2026-08-20T23:43:02.137578+00:00,SAVANT_ARSENAL_SCHEMA_V1,CURRENT
665622,"Medina, Luis",2026.0,248.0,67.0,27.0,12.1,30.1,43.3,0.322,0.233,0.391,38.5,8.3,71.6,22.6,11.0,31.3,CH,Changeup,14.3,141,31.0,0.143,0.257,0.199,0.7,BASEBALL_SAVANT_CURRENT_SEASON,2026-08-20T23:43:02.137578+00:00,SAVANT_ARSENAL_SCHEMA_V1,CURRENT
669371,"Henry, Cole",2026.0,71.0,15.0,21.1,11.3,23.3,47.2,0.374,0.256,0.478,40.9,13.6,71.9,22.7,3.0,32.3,FF,4-Seam Fastball,47.9,135,18.4,0.226,0.484,0.386,-1.2,BASEBALL_SAVANT_CURRENT_SEASON,2026-08-20T23:43:02.137578+00:00,SAVANT_ARSENAL_SCHEMA_V1,CURRENT
691769,"Abner, Philip",2026.0,64.0,6.0,9.4,12.5,18.1,47.3,0.401,0.305,0.539,40.0,12.0,72.6,29.5,1.0,38.4,FF,4-Seam Fastball,55.5,136,10.3,0.303,0.394,0.347,-0.4,BASEBALL_SAVANT_CURRENT_SEASON,2026-08-20T23:43:02.137578+00:00,SAVANT_ARSENAL_SCHEMA_V1,CURRENT
665660,"Alvarado, Elvis",2026.0,164.0,48.0,29.3,11.6,32.0,51.3,0.336,0.208,0.447,49.5,16.8,72.3,28.1,2.0,29.1,SL,Slider,23.1,159,17.2,0.25,0.556,0.327,-2.9,BASEBALL_SAVANT_CURRENT_SEASON,2026-08-20T23:43:02.137578+00:00,SAVANT_ARSENAL_SCHEMA_V1,CURRENT
681190,"Vásquez, Randy",2026.0,474.0,71.0,15.0,6.8,19.3,49.9,0.365,0.292,0.505,44.1,10.6,72.5,28.1,9.0,34.4,ST,Sweeper,6.7,121,6.7,0.324,0.588,0.395,-2.0,BASEBALL_SAVANT_CURRENT_SEASON,2026-08-20T23:43:02.137578+00:00,SAVANT_ARSENAL_SCHEMA_V1,CURRENT
608566,"Márquez, Germán",2026.0,236.0,37.0,15.7,10.2,19.0,47.5,0.362,0.267,0.484,43.9,9.8,72.4,31.1,10.0,30.1,SI,Sinker,13.9,128,0.0,0.25,0.469,0.388,0.1,BASEBALL_SAVANT_CURRENT_SEASON,2026-08-20T23:43:02.137578+00:00,SAVANT_ARSENAL_SCHEMA_V1,CURRENT
689818,"Sandlin, David",2026.0,106.0,24.0,22.6,11.3,22.8,45.0,0.318,0.23,0.39,30.4,10.1,71.1,18.9,2.0,29.7,FF,4-Seam Fastball,36.9,151,15.0,0.355,0.548,0.441,-1.6,BASEBALL_SAVANT_CURRENT_SEASON,2026-08-20T23:43:02.137578+00:00,SAVANT_ARSENAL_SCHEMA_V1,CURRENT
691587,"Pérez, Eury",2026.0,494.0,133.0,26.9,9.9,28.6,51.5,0.296,0.208,0.36,39.8,9.2,72.7,31.9,22.0,26.1,CH,Changeup,9.0,180,16.7,0.189,0.351,0.249,-1.2,BASEBALL_SAVANT_CURRENT_SEASON,2026-08-20T23:43:02.137578+00:00,SAVANT_ARSENAL_SCHEMA_V1,CURRENT
663460,"Bubic, Kris",2026.0,207.0,51.0,24.6,12.6,26.1,46.9,0.327,0.24,0.395,39.5,7.8,71.9,25.5,6.0,28.2,CH,Changeup,20.0,162,14.1,0.114,0.114,0.139,2.9,BASEBALL_SAVANT_CURRENT_SEASON,2026-08-20T23:43:02.137578+00:00,SAVANT_ARSENAL_SCHEMA_V1,CURRENT
543037,"Cole, Gerrit",2026.0,353.0,92.0,26.1,5.4,21.7,48.1,0.285,0.237,0.369,42.7,8.1,72.1,25.7,10.0,33.6,CU,Curveball,12.8,167,17.9,0.333,0.611,0.408,-1.7,BASEBALL_SAVANT_CURRENT_SEASON,2026-08-20T23:43:02.137578+00:00,SAVANT_ARSENAL_SCHEMA_V1,CURRENT
670245,"Watson, Ryan",2026.0,253.0,47.0,18.6,7.5,23.9,49.3,0.351,0.274,0.468,37.5,10.9,71.2,22.8,10.0,36.1,CU,Curveball,14.5,138,20.3,0.176,0.206,0.199,-0.4,BASEBALL_SAVANT_CURRENT_SEASON,2026-08-20T23:43:02.137578+00:00,SAVANT_ARSENAL_SCHEMA_V1,CURRENT
621366,"Borucki, Ryan",2026.0,104.0,15.0,14.4,8.7,28.2,49.5,0.31,0.253,0.373,39.7,5.1,72.3,31.1,2.0,38.8,SL,Slider,37.6,143,24.3,0.294,0.412,0.319,0.2,BASEBALL_SAVANT_CURRENT_SEASON,2026-08-20T23:43:02.137578+00:00,SAVANT_ARSENAL_SCHEMA_V1,CURRENT
647336,"Soroka, Michael",2026.0,375.0,88.0,23.5,5.6,22.0,49.9,0.312,0.255,0.407,32.6,8.0,72.2,25.9,11.0,28.0,FC,Cutter,11.8,170,31.3,0.324,0.618,0.406,-0.4,BASEBALL_SAVANT_CURRENT_SEASON,2026-08-20T23:43:02.137578+00:00,SAVANT_ARSENAL_SCHEMA_V1,CURRENT
683742,"Franco, Jose",2026.0,92.0,15.0,16.3,16.3,20.6,44.5,0.347,0.236,0.391,33.9,10.0,71.6,13.4,5.0,33.6,SL,Slider,40.5,141,21.1,0.219,0.375,0.299,-0.5,BASEBALL_SAVANT_CURRENT_SEASON,2026-08-20T23:43:02.137578+00:00,SAVANT_ARSENAL_SCHEMA_V1,CURRENT
672582,"Zerpa, Angel",2026.0,55.0,8.0,14.5,10.9,17.8,41.7,0.405,0.328,0.53,51.2,7.3,71.6,21.1,2.0,41.3,SI,Sinker,68.1,147,15.0,0.3,0.467,0.383,-0.5,BASEBALL_SAVANT_CURRENT_SEASON,2026-08-20T23:43:02.137578+00:00,SAVANT_ARSENAL_SCHEMA_V1,CURRENT
682608,"Gray, Peyton",2026.0,219.0,50.0,22.8,7.3,26.0,49.8,0.287,0.231,0.357,32.9,6.8,72.0,24.5,0.0,29.8,SL,Slider,20.2,167,11.8,0.313,0.563,0.457,-2.4,BASEBALL_SAVANT_CURRENT_SEASON,2026-08-20T23:43:02.137578+00:00,SAVANT_ARSENAL_SCHEMA_V1,CURRENT
647336,"Soroka, Michael",2026.0,375.0,88.0,23.5,5.6,22.0,49.9,0.312,0.255,0.407,32.6,8.0,72.2,25.9,11.0,28.0,SI,Sinker,10.3,149,22.2,0.147,0.206,0.203,4.4,BASEBALL_SAVANT_CURRENT_SEASON,2026-08-20T23:43:02.137578+00:00,SAVANT_ARSENAL_SCHEMA_V1,CURRENT
663992,"Lovelady, Richard",2026.0,146.0,27.0,18.5,14.4,22.9,44.5,0.361,0.282,0.423,32.6,6.5,72.1,25.5,5.0,32.9,SI,Sinker,29.7,160,20.0,0.464,0.536,0.5,-1.9,BASEBALL_SAVANT_CURRENT_SEASON,2026-08-20T23:43:02.137578+00:00,SAVANT_ARSENAL_SCHEMA_V1,CURRENT
677955,"Hill, Jaden",2026.0,130.0,30.0,23.1,13.1,30.5,48.5,0.309,0.229,0.343,39.2,3.8,71.7,22.0,6.0,30.3,SL,Slider,29.2,144,30.2,0.167,0.3,0.263,0.4,BASEBALL_SAVANT_CURRENT_SEASON,2026-08-20T23:43:02.137578+00:00,SAVANT_ARSENAL_SCHEMA_V1,CURRENT
669060,"Wilson, Bryse",2026.0,124.0,25.0,20.2,1.6,17.8,54.3,0.314,0.288,0.412,46.3,3.2,71.6,23.6,2.0,35.0,FC,Cutter,34.3,153,11.1,0.314,0.514,0.364,-0.5,BASEBALL_SAVANT_CURRENT_SEASON,2026-08-20T23:43:02.137578+00:00,SAVANT_ARSENAL_SCHEMA_V1,CURRENT
660787,"De los Santos, Yerry",2026.0,58.0,11.0,19.0,8.6,16.5,50.2,0.293,0.261,0.342,40.5,0.0,71.9,25.5,3.0,37.5,SI,Sinker,60.4,131,10.3,0.194,0.29,0.291,1.5,BASEBALL_SAVANT_CURRENT_SEASON,2026-08-20T23:43:02.137578+00:00,SAVANT_ARSENAL_SCHEMA_V1,CURRENT
669330,"Wells, Tyler",2026.0,241.0,61.0,25.3,6.6,30.4,52.1,0.277,0.21,0.365,32.7,7.4,72.0,27.1,8.0,28.6,SL,Slider,15.1,141,21.6,0.143,0.314,0.206,2.2,BASEBALL_SAVANT_CURRENT_SEASON,2026-08-20T23:43:02.137578+00:00,SAVANT_ARSENAL_SCHEMA_V1,CURRENT
664991,"Wolfram, Grant",2026.0,169.0,43.0,25.4,7.7,25.2,48.1,0.301,0.237,0.368,35.8,6.5,71.3,22.8,9.0,28.9,FF,4-Seam Fastball,22.7,148,12.2,0.214,0.464,0.356,0.1,BASEBALL_SAVANT_CURRENT_SEASON,2026-08-20T23:43:02.137578+00:00,SAVANT_ARSENAL_SCHEMA_V1,CURRENT
676534,"Faucher, Calvin",2026.0,231.0,61.0,26.4,13.4,27.0,42.6,0.305,0.231,0.325,39.7,5.1,71.9,25.1,12.0,26.9,CU,Curveball,14.4,134,18.0,0.286,0.429,0.325,-2.3,BASEBALL_SAVANT_CURRENT_SEASON,2026-08-20T23:43:02.137578+00:00,SAVANT_ARSENAL_SCHEMA_V1,CURRENT
680570,"Rodriguez, Grayson",2026.0,271.0,55.0,20.3,10.3,24.1,48.3,0.379,0.288,0.505,48.6,10.9,72.4,29.1,8.0,32.2,SL,Slider,11.7,130,25.6,0.323,0.677,0.439,-3.4,BASEBALL_SAVANT_CURRENT_SEASON,2026-08-20T23:43:02.137578+00:00,SAVANT_ARSENAL_SCHEMA_V1,CURRENT
676742,"Sanders, Cam",2026.0,85.0,23.0,27.1,15.3,37.9,47.6,0.322,0.22,0.332,28.3,6.5,71.9,30.8,6.0,26.9,FF,4-Seam Fastball,43.1,153,17.8,0.2,0.36,0.379,-0.2,BASEBALL_SAVANT_CURRENT_SEASON,2026-08-20T23:43:02.137578+00:00,SAVANT_ARSENAL_SCHEMA_V1,CURRENT
663362,"Waldron, Matt",2026.0,169.0,31.0,18.3,5.9,16.8,48.2,0.3,0.237,0.39,38.1,6.3,71.3,23.0,3.0,37.2,SI,Sinker,16.6,102,27.8,0.375,0.563,0.41,-1.0,BASEBALL_SAVANT_CURRENT_SEASON,2026-08-20T23:43:02.137578+00:00,SAVANT_ARSENAL_SCHEMA_V1,CURRENT
453286,"Scherzer, Max",2026.0,202.0,32.0,15.8,9.9,17.9,51.0,0.332,0.248,0.433,32.2,9.4,71.8,25.6,5.0,25.2,CH,Changeup,15.6,130,12.1,0.212,0.303,0.243,0.2,BASEBALL_SAVANT_CURRENT_SEASON,2026-08-20T23:43:02.137578+00:00,SAVANT_ARSENAL_SCHEMA_V1,CURRENT
676282,"Cantillo, Joey",2026.0,542.0,139.0,25.6,10.9,30.7,45.0,0.304,0.228,0.368,39.2,8.2,72.2,26.5,18.0,32.0,FC,Cutter,5.9,129,25.0,0.455,0.788,0.56,-2.4,BASEBALL_SAVANT_CURRENT_SEASON,2026-08-20T23:43:02.137578+00:00,SAVANT_ARSENAL_SCHEMA_V1,CURRENT
669923,"Kirby, George",2026.0,567.0,114.0,20.1,5.5,21.9,51.9,0.303,0.253,0.397,41.1,7.2,72.0,26.1,18.0,32.0,CH,Changeup,6.6,138,21.9,0.219,0.469,0.358,-1.4,BASEBALL_SAVANT_CURRENT_SEASON,2026-08-20T23:43:02.137578+00:00,SAVANT_ARSENAL_SCHEMA_V1,CURRENT
695418,"Lord, Brad",2026.0,269.0,57.0,21.2,9.3,20.5,49.8,0.32,0.243,0.389,40.6,6.2,71.2,20.7,10.0,24.9,ST,Sweeper,14.0,159,15.6,0.156,0.469,0.304,-2.1,BASEBALL_SAVANT_CURRENT_SEASON,2026-08-20T23:43:02.137578+00:00,SAVANT_ARSENAL_SCHEMA_V1,CURRENT
623474,"Herget, Jimmy",2026.0,169.0,36.0,21.3,11.8,27.0,46.8,0.328,0.244,0.41,36.9,9.9,72.4,27.0,7.0,31.3,SI,Sinker,23.4,159,20.0,0.367,0.5,0.393,-0.7,BASEBALL_SAVANT_CURRENT_SEASON,2026-08-20T23:43:02.137578+00:00,SAVANT_ARSENAL_SCHEMA_V1,CURRENT
621112,"Blackburn, Paul",2026.0,274.0,57.0,20.8,9.9,22.9,46.3,0.291,0.23,0.345,33.3,5.8,72.0,26.5,9.0,29.4,CU,Curveball,14.5,145,29.6,0.097,0.194,0.189,1.6,BASEBALL_SAVANT_CURRENT_SEASON,2026-08-20T23:43:02.137578+00:00,SAVANT_ARSENAL_SCHEMA_V1,CURRENT
687239,"Peoples, Ben",2026.0,57.0,8.0,14.0,10.5,24.2,53.1,0.305,0.217,0.369,26.2,7.1,72.3,26.4,2.0,23.3,FF,4-Seam Fastball,59.3,143,5.8,0.172,0.379,0.311,0.3,BASEBALL_SAVANT_CURRENT_SEASON,2026-08-20T23:43:02.137578+00:00,SAVANT_ARSENAL_SCHEMA_V1,CURRENT
674444,"Cruz, Steven",2026.0,196.0,51.0,26.0,9.2,28.5,52.3,0.311,0.233,0.401,34.4,11.2,71.9,24.1,7.0,28.9,SL,Slider,15.5,116,16.4,0.235,0.618,0.361,-3.6,BASEBALL_SAVANT_CURRENT_SEASON,2026-08-20T23:43:02.137578+00:00,SAVANT_ARSENAL_SCHEMA_V1,CURRENT
694335,"Svanson, Matt",2026.0,207.0,41.0,19.8,10.1,18.8,48.7,0.369,0.301,0.467,44.8,7.0,72.3,29.5,8.0,34.2,FC,Cutter,21.7,171,16.2,0.333,0.467,0.379,-1.4,BASEBALL_SAVANT_CURRENT_SEASON,2026-08-20T23:43:02.137578+00:00,SAVANT_ARSENAL_SCHEMA_V1,CURRENT
680742,"Bowlan, Jonathan",2026.0,187.0,58.0,31.0,7.0,32.4,49.7,0.254,0.195,0.3,36.0,5.3,71.4,20.4,8.0,27.3,CH,Changeup,14.8,114,16.1,0.258,0.387,0.327,0.3,BASEBALL_SAVANT_CURRENT_SEASON,2026-08-20T23:43:02.137578+00:00,SAVANT_ARSENAL_SCHEMA_V1,CURRENT
689147,"Kerkering, Orion",2026.0,218.0,54.0,24.8,11.9,26.7,43.0,0.275,0.195,0.293,29.1,5.3,71.3,21.2,10.0,26.4,SI,Sinker,17.6,160,3.2,0.3,0.433,0.415,-1.1,BASEBALL_SAVANT_CURRENT_SEASON,2026-08-20T23:43:02.137578+00:00,SAVANT_ARSENAL_SCHEMA_V1,CURRENT
673540,"Senga, Kodai",2026.0,234.0,60.0,25.6,15.0,28.5,45.5,0.34,0.233,0.401,38.2,11.8,72.1,25.3,13.0,31.0,FC,Cutter,15.3,142,10.0,0.37,0.556,0.469,-2.0,BASEBALL_SAVANT_CURRENT_SEASON,2026-08-20T23:43:02.137578+00:00,SAVANT_ARSENAL_SCHEMA_V1,CURRENT
668881,"Greene, Hunter",2026.0,121.0,33.0,27.3,7.4,27.2,53.3,0.325,0.268,0.429,46.8,5.1,72.3,23.6,8.0,29.4,SL,Slider,31.8,145,29.2,0.344,0.625,0.416,-3.7,BASEBALL_SAVANT_CURRENT_SEASON,2026-08-20T23:43:02.137578+00:00,SAVANT_ARSENAL_SCHEMA_V1,CURRENT
681895,"Sisk, Evan",2026.0,174.0,47.0,27.0,10.3,26.5,41.7,0.277,0.195,0.277,30.7,3.0,70.7,17.4,7.0,27.8,ST,Sweeper,16.3,121,17.7,0.226,0.226,0.24,-0.1,BASEBALL_SAVANT_CURRENT_SEASON,2026-08-20T23:43:02.137578+00:00,SAVANT_ARSENAL_SCHEMA_V1,CURRENT
683409,"Chivilli, Angel",2026.0,73.0,16.0,21.9,9.6,32.6,50.5,0.309,0.22,0.395,38.8,6.3,72.1,29.8,3.0,32.9,CH,Changeup,41.8,119,24.4,0.161,0.355,0.306,0.4,BASEBALL_SAVANT_CURRENT_SEASON,2026-08-20T23:43:02.137578+00:00,SAVANT_ARSENAL_SCHEMA_V1,CURRENT
679883,"Avila, Luinder",2026.0,309.0,61.0,19.7,13.6,23.9,42.4,0.339,0.251,0.396,35.3,5.9,72.0,23.7,12.0,28.4,CU,Curveball,14.7,190,8.2,0.333,0.633,0.41,-1.0,BASEBALL_SAVANT_CURRENT_SEASON,2026-08-20T23:43:02.137578+00:00,SAVANT_ARSENAL_SCHEMA_V1,CURRENT
641778,"Lauer, Eric",2026.0,438.0,69.0,15.8,7.3,19.0,52.0,0.332,0.25,0.459,35.2,10.8,72.8,31.6,9.0,28.3,SL,Slider,8.0,136,5.6,0.242,0.364,0.287,-1.0,BASEBALL_SAVANT_CURRENT_SEASON,2026-08-20T23:43:02.137578+00:00,SAVANT_ARSENAL_SCHEMA_V1,CURRENT
687223,"Palmquist, Carson",2026.0,78.0,15.0,19.2,10.3,22.5,48.2,0.337,0.271,0.374,23.1,3.8,71.7,23.2,1.0,28.4,ST,Sweeper,41.9,131,18.9,0.226,0.258,0.25,-0.4,BASEBALL_SAVANT_CURRENT_SEASON,2026-08-20T23:43:02.137578+00:00,SAVANT_ARSENAL_SCHEMA_V1,CURRENT
701519,"Adams, Travis",2026.0,174.0,46.0,26.4,9.8,27.5,47.7,0.309,0.229,0.399,30.6,8.2,71.8,26.7,6.0,30.6,FF,4-Seam Fastball,24.0,163,10.8,0.345,0.724,0.491,-2.4,BASEBALL_SAVANT_CURRENT_SEASON,2026-08-20T23:43:02.137578+00:00,SAVANT_ARSENAL_SCHEMA_V1,CURRENT
663969,"Phillips, Tyler",2026.0,434.0,79.0,18.2,9.7,25.8,46.0,0.336,0.264,0.423,44.3,8.1,72.8,32.9,28.0,37.9,FF,4-Seam Fastball,8.5,138,7.1,0.438,0.844,0.551,-4.5,BASEBALL_SAVANT_CURRENT_SEASON,2026-08-20T23:43:02.137578+00:00,SAVANT_ARSENAL_SCHEMA_V1,CURRENT
656605,"Keller, Mitch",2026.0,503.0,89.0,17.7,8.3,20.5,47.4,0.355,0.288,0.455,42.3,7.4,72.2,27.3,12.0,37.0,FC,Cutter,7.4,140,15.0,0.323,0.613,0.456,-3.1,BASEBALL_SAVANT_CURRENT_SEASON,2026-08-20T23:43:02.137578+00:00,SAVANT_ARSENAL_SCHEMA_V1,CURRENT
645261,"Alcantara, Sandy",2026.0,728.0,131.0,18.0,6.5,21.1,50.9,0.297,0.249,0.367,35.2,5.4,72.0,25.4,20.0,32.8,SL,Slider,6.7,178,16.1,0.176,0.294,0.216,1.2,BASEBALL_SAVANT_CURRENT_SEASON,2026-08-20T23:43:02.137578+00:00,SAVANT_ARSENAL_SCHEMA_V1,CURRENT
667463,"King, John",2026.0,197.0,33.0,16.8,8.6,21.7,47.2,0.31,0.229,0.404,37.8,8.5,72.4,32.0,4.0,37.1,SL,Slider,19.2,137,12.5,0.182,0.424,0.257,1.2,BASEBALL_SAVANT_CURRENT_SEASON,2026-08-20T23:43:02.137578+00:00,SAVANT_ARSENAL_SCHEMA_V1,CURRENT
682254,"Montgomery, Mason",2026.0,210.0,82.0,39.0,10.0,32.9,49.7,0.247,0.183,0.288,40.2,8.4,71.5,22.5,12.0,24.8,CU,Curveball,14.2,125,25.9,0.303,0.576,0.417,-3.1,BASEBALL_SAVANT_CURRENT_SEASON,2026-08-20T23:43:02.137578+00:00,SAVANT_ARSENAL_SCHEMA_V1,CURRENT
676534,"Faucher, Calvin",2026.0,231.0,61.0,26.4,13.4,27.0,42.6,0.305,0.231,0.325,39.7,5.1,71.9,25.1,12.0,26.9,SI,Sinker,14.5,135,20.0,0.143,0.179,0.253,1.7,BASEBALL_SAVANT_CURRENT_SEASON,2026-08-20T23:43:02.137578+00:00,SAVANT_ARSENAL_SCHEMA_V1,CURRENT
571948,"Milner, Hoby",2026.0,149.0,18.0,12.1,6.0,17.1,45.4,0.351,0.296,0.45,37.8,5.9,71.7,25.6,4.0,37.2,ST,Sweeper,28.5,162,12.7,0.097,0.226,0.184,1.5,BASEBALL_SAVANT_CURRENT_SEASON,2026-08-20T23:43:02.137578+00:00,SAVANT_ARSENAL_SCHEMA_V1,CURRENT
676979,"Crochet, Garrett",2026.0,138.0,37.0,26.8,8.0,24.0,49.0,0.344,0.262,0.442,45.3,10.7,72.3,28.7,3.0,29.5,SI,Sinker,22.4,116,33.3,0.296,0.444,0.399,-1.8,BASEBALL_SAVANT_CURRENT_SEASON,2026-08-20T23:43:02.137578+00:00,SAVANT_ARSENAL_SCHEMA_V1,CURRENT
696131,"Black, Mason",2026.0,130.0,19.0,14.6,14.6,19.2,40.5,0.387,0.283,0.475,46.7,10.0,72.0,22.8,0.0,42.4,SI,Sinker,25.3,130,18.2,0.214,0.357,0.316,1.0,BASEBALL_SAVANT_CURRENT_SEASON,2026-08-20T23:43:02.137578+00:00,SAVANT_ARSENAL_SCHEMA_V1,CURRENT
660271,"Ohtani, Shohei",2026.0,340.0,95.0,27.9,7.6,30.4,47.5,0.257,0.201,0.288,33.8,3.8,71.2,21.5,10.0,27.8,FS,Split-Finger,8.5,114,21.3,0.294,0.382,0.296,-1.5,BASEBALL_SAVANT_CURRENT_SEASON,2026-08-20T23:43:02.137578+00:00,SAVANT_ARSENAL_SCHEMA_V1,CURRENT
694851,"Hoffmann, Andrew",2026.0,59.0,12.0,20.3,13.6,19.1,38.7,0.336,0.243,0.399,43.2,8.1,72.2,32.4,1.0,32.1,FF,4-Seam Fastball,51.5,118,21.2,0.31,0.552,0.456,-1.1,BASEBALL_SAVANT_CURRENT_SEASON,2026-08-20T23:43:02.137578+00:00,SAVANT_ARSENAL_SCHEMA_V1,CURRENT
669211,"Akin, Keegan",2026.0,114.0,17.0,14.9,7.9,19.3,49.2,0.298,0.246,0.371,28.4,5.8,71.6,19.9,1.0,30.4,CH,Changeup,25.7,114,11.9,0.333,0.485,0.412,-2.1,BASEBALL_SAVANT_CURRENT_SEASON,2026-08-20T23:43:02.137578+00:00,SAVANT_ARSENAL_SCHEMA_V1,CURRENT
669302,"Gilbert, Logan",2026.0,594.0,157.0,26.4,6.2,29.8,50.2,0.298,0.233,0.395,41.8,10.1,71.9,26.7,24.0,33.6,CH,Changeup,7.6,179,22.7,0.212,0.242,0.23,0.7,BASEBALL_SAVANT_CURRENT_SEASON,2026-08-20T23:43:02.137578+00:00,SAVANT_ARSENAL_SCHEMA_V1,CURRENT
678606,"Ferrer, José A.",2026.0,229.0,43.0,18.8,6.1,19.8,51.0,0.294,0.238,0.368,35.9,6.0,71.2,21.6,6.0,30.7,CH,Changeup,16.8,140,16.4,0.171,0.2,0.19,0.0,BASEBALL_SAVANT_CURRENT_SEASON,2026-08-20T23:43:02.137578+00:00,SAVANT_ARSENAL_SCHEMA_V1,CURRENT
608718,"Suter, Brent",2026.0,300.0,59.0,19.7,7.0,22.4,45.9,0.32,0.264,0.414,32.1,6.5,71.1,20.8,12.0,33.3,SL,Slider,14.1,174,17.9,0.242,0.606,0.37,-0.7,BASEBALL_SAVANT_CURRENT_SEASON,2026-08-20T23:43:02.137578+00:00,SAVANT_ARSENAL_SCHEMA_V1,CURRENT
669020,"Rolison, Ryan",2026.0,202.0,47.0,23.3,11.4,21.3,44.3,0.316,0.241,0.377,41.5,6.8,72.5,28.8,9.0,31.4,SL,Slider,15.1,118,16.7,0.323,0.355,0.337,0.1,BASEBALL_SAVANT_CURRENT_SEASON,2026-08-20T23:43:02.137578+00:00,SAVANT_ARSENAL_SCHEMA_V1,CURRENT
686560,"Collyer, Gavin",2026.0,105.0,22.0,21.0,18.1,27.1,37.2,0.318,0.192,0.278,29.3,3.4,71.8,24.8,2.0,31.8,FC,Cutter,34.3,153,18.5,0.233,0.267,0.278,1.3,BASEBALL_SAVANT_CURRENT_SEASON,2026-08-20T23:43:02.137578+00:00,SAVANT_ARSENAL_SCHEMA_V1,CURRENT
676477,"Whitlock, Garrett",2026.0,168.0,49.0,29.2,4.2,29.8,57.3,0.247,0.218,0.314,33.9,3.6,70.9,19.7,8.0,29.3,CH,Changeup,17.1,106,23.5,0.226,0.355,0.269,0.1,BASEBALL_SAVANT_CURRENT_SEASON,2026-08-20T23:43:02.137578+00:00,SAVANT_ARSENAL_SCHEMA_V1,CURRENT
687849,"Kent, Zak",2026.0,69.0,11.0,15.9,10.1,20.9,49.6,0.351,0.261,0.451,45.1,11.8,71.6,18.8,4.0,35.4,FF,4-Seam Fastball,41.5,108,20.0,0.25,0.531,0.428,-0.5,BASEBALL_SAVANT_CURRENT_SEASON,2026-08-20T23:43:02.137578+00:00,SAVANT_ARSENAL_SCHEMA_V1,CURRENT
669212,"Morgan, Eli",2026.0,91.0,16.0,17.6,9.9,24.1,46.6,0.399,0.324,0.513,42.2,6.3,71.0,12.8,4.0,40.0,FF,4-Seam Fastball,37.2,126,7.4,0.379,0.621,0.511,-3.1,BASEBALL_SAVANT_CURRENT_SEASON,2026-08-20T23:43:02.137578+00:00,SAVANT_ARSENAL_SCHEMA_V1,CURRENT
621074,"Rucker, Michael",2026.0,111.0,30.0,27.0,8.1,26.3,47.7,0.289,0.238,0.336,38.0,7.0,71.8,23.1,6.0,30.0,CU,Curveball,31.5,138,28.6,0.125,0.125,0.158,2.2,BASEBALL_SAVANT_CURRENT_SEASON,2026-08-20T23:43:02.137578+00:00,SAVANT_ARSENAL_SCHEMA_V1,CURRENT
641745,"Keller, Brad",2026.0,135.0,32.0,23.7,9.6,22.5,45.0,0.284,0.226,0.313,31.8,4.6,71.1,20.4,7.0,28.2,SL,Slider,22.5,120,23.7,0.156,0.281,0.216,2.8,BASEBALL_SAVANT_CURRENT_SEASON,2026-08-20T23:43:02.137578+00:00,SAVANT_ARSENAL_SCHEMA_V1,CURRENT
592866,"Williams, Trevor",2026.0,59.0,19.0,32.2,5.1,24.6,50.8,0.253,0.208,0.306,33.3,5.6,71.3,18.5,2.0,24.5,FF,4-Seam Fastball,43.2,114,25.0,0.156,0.281,0.216,3.3,BASEBALL_SAVANT_CURRENT_SEASON,2026-08-20T23:43:02.137578+00:00,SAVANT_ARSENAL_SCHEMA_V1,CURRENT
657424,"Gage, Matt",2026.0,126.0,22.0,17.5,13.5,24.4,47.5,0.352,0.257,0.43,31.4,10.5,71.0,19.5,3.0,26.4,FF,4-Seam Fastball,33.1,174,16.0,0.222,0.444,0.383,0.7,BASEBALL_SAVANT_CURRENT_SEASON,2026-08-20T23:43:02.137578+00:00,SAVANT_ARSENAL_SCHEMA_V1,CURRENT
672335,"Pérez, Cionel",2026.0,181.0,41.0,22.7,8.8,25.2,45.9,0.346,0.265,0.47,50.0,13.0,71.9,24.8,12.0,36.3,CU,Curveball,18.2,128,22.0,0.188,0.313,0.269,0.5,BASEBALL_SAVANT_CURRENT_SEASON,2026-08-20T23:43:02.137578+00:00,SAVANT_ARSENAL_SCHEMA_V1,CURRENT
664141,"Brubaker, JT",2026.0,236.0,38.0,16.1,10.6,21.0,44.8,0.34,0.268,0.428,36.3,5.8,72.1,24.2,9.0,33.4,CH,Changeup,14.1,133,12.5,0.161,0.161,0.194,3.1,BASEBALL_SAVANT_CURRENT_SEASON,2026-08-20T23:43:02.137578+00:00,SAVANT_ARSENAL_SCHEMA_V1,CURRENT
663460,"Bubic, Kris",2026.0,207.0,51.0,24.6,12.6,26.1,46.9,0.327,0.24,0.395,39.5,7.8,71.9,25.5,6.0,28.2,ST,Sweeper,17.3,140,32.4,0.273,0.545,0.354,-1.4,BASEBALL_SAVANT_CURRENT_SEASON,2026-08-20T23:43:02.137578+00:00,SAVANT_ARSENAL_SCHEMA_V1,CURRENT
686751,"Johnson, Seth",2026.0,106.0,26.0,24.5,16.0,27.9,44.5,0.361,0.259,0.425,48.4,14.5,72.3,25.3,5.0,32.0,SL,Slider,34.4,147,16.7,0.258,0.484,0.375,-0.3,BASEBALL_SAVANT_CURRENT_SEASON,2026-08-20T23:43:02.137578+00:00,SAVANT_ARSENAL_SCHEMA_V1,CURRENT
543056,"Coulombe, Danny",2026.0,96.0,10.0,10.4,15.6,17.1,44.0,0.321,0.251,0.311,21.4,1.4,71.1,22.1,2.0,27.9,FC,Cutter,37.1,143,16.1,0.167,0.267,0.247,1.1,BASEBALL_SAVANT_CURRENT_SEASON,2026-08-20T23:43:02.137578+00:00,SAVANT_ARSENAL_SCHEMA_V1,CURRENT
664299,"Javier, Cristian",2026.0,167.0,30.0,18.0,10.2,25.7,51.8,0.357,0.278,0.452,38.1,8.5,72.4,30.6,3.0,30.2,CH,Changeup,15.9,104,16.2,0.313,0.531,0.379,-2.6,BASEBALL_SAVANT_CURRENT_SEASON,2026-08-20T23:43:02.137578+00:00,SAVANT_ARSENAL_SCHEMA_V1,CURRENT
690928,"Dobbins, Hunter",2026.0,212.0,49.0,23.1,9.9,22.9,45.1,0.3,0.23,0.357,38.6,6.4,72.3,25.1,3.0,32.6,SI,Sinker,12.8,109,21.4,0.167,0.167,0.241,2.3,BASEBALL_SAVANT_CURRENT_SEASON,2026-08-20T23:43:02.137578+00:00,SAVANT_ARSENAL_SCHEMA_V1,CURRENT
676680,"Cosgrove, Tom",2026.0,51.0,10.0,19.6,5.9,13.2,50.6,0.27,0.22,0.33,35.1,5.4,71.7,17.1,0.0,33.8,ST,Sweeper,67.2,121,24.2,0.241,0.414,0.326,0.7,BASEBALL_SAVANT_CURRENT_SEASON,2026-08-20T23:43:02.137578+00:00,SAVANT_ARSENAL_SCHEMA_V1,CURRENT
621097,"Waguespack, Jacob",2026.0,107.0,16.0,15.0,8.4,24.6,49.5,0.269,0.206,0.318,30.9,4.9,71.3,23.1,0.0,36.8,FC,Cutter,31.6,122,15.0,0.179,0.5,0.342,-1.3,BASEBALL_SAVANT_CURRENT_SEASON,2026-08-20T23:43:02.137578+00:00,SAVANT_ARSENAL_SCHEMA_V1,CURRENT
677976,"Dobnak, Randy",2026.0,176.0,25.0,14.2,9.1,18.7,46.0,0.328,0.29,0.385,40.7,3.7,72.7,28.6,11.0,37.1,CH,Changeup,22.3,158,13.6,0.25,0.281,0.229,1.0,BASEBALL_SAVANT_CURRENT_SEASON,2026-08-20T23:43:02.137578+00:00,SAVANT_ARSENAL_SCHEMA_V1,CURRENT
680767,"Vodnik, Victor",2026.0,197.0,31.0,15.7,12.2,23.7,47.1,0.319,0.245,0.368,40.3,5.8,72.2,27.3,6.0,34.4,CH,Changeup,15.7,120,22.0,0.172,0.379,0.279,-0.3,BASEBALL_SAVANT_CURRENT_SEASON,2026-08-20T23:43:02.137578+00:00,SAVANT_ARSENAL_SCHEMA_V1,CURRENT
677976,"Dobnak, Randy",2026.0,176.0,25.0,14.2,9.1,18.7,46.0,0.328,0.29,0.385,40.7,3.7,72.7,28.6,11.0,37.1,ST,Sweeper,25.4,180,15.2,0.179,0.357,0.288,0.9,BASEBALL_SAVANT_CURRENT_SEASON,2026-08-20T23:43:02.137578+00:00,SAVANT_ARSENAL_SCHEMA_V1,CURRENT
682052,"Lopez, Jacob",2026.0,396.0,81.0,20.5,11.6,24.4,45.4,0.288,0.208,0.331,28.9,5.3,72.4,29.3,13.0,25.8,CH,Changeup,8.6,138,10.3,0.531,0.875,0.588,-6.2,BASEBALL_SAVANT_CURRENT_SEASON,2026-08-20T23:43:02.137578+00:00,SAVANT_ARSENAL_SCHEMA_V1,CURRENT
643410,"Leiter Jr., Mark",2026.0,144.0,38.0,26.4,7.6,30.3,46.1,0.316,0.269,0.365,31.9,3.3,72.5,28.4,2.0,29.9,SI,Sinker,26.1,144,20.0,0.226,0.226,0.247,4.1,BASEBALL_SAVANT_CURRENT_SEASON,2026-08-20T23:43:02.137578+00:00,SAVANT_ARSENAL_SCHEMA_V1,CURRENT
607455,"Banda, Anthony",2026.0,156.0,33.0,21.2,9.6,26.7,44.9,0.325,0.234,0.375,39.0,7.1,71.8,24.8,6.0,33.9,FF,4-Seam Fastball,26.0,158,9.1,0.276,0.517,0.388,-1.1,BASEBALL_SAVANT_CURRENT_SEASON,2026-08-20T23:43:02.137578+00:00,SAVANT_ARSENAL_SCHEMA_V1,CURRENT
608566,"Márquez, Germán",2026.0,236.0,37.0,15.7,10.2,19.0,47.5,0.362,0.267,0.484,43.9,9.8,72.4,31.1,10.0,30.1,SL,Slider,13.0,119,22.2,0.182,0.364,0.271,0.2,BASEBALL_SAVANT_CURRENT_SEASON,2026-08-20T23:43:02.137578+00:00,SAVANT_ARSENAL_SCHEMA_V1,CURRENT
667463,"King, John",2026.0,197.0,33.0,16.8,8.6,21.7,47.2,0.31,0.229,0.404,37.8,8.5,72.4,32.0,4.0,37.1,ST,Sweeper,16.0,114,17.9,0.156,0.281,0.196,1.6,BASEBALL_SAVANT_CURRENT_SEASON,2026-08-20T23:43:02.137578+00:00,SAVANT_ARSENAL_SCHEMA_V1,CURRENT
641401,"Brogdon, Connor",2026.0,67.0,14.0,20.9,4.5,26.7,49.1,0.345,0.258,0.514,44.0,14.0,71.8,25.9,2.0,36.4,FF,4-Seam Fastball,48.3,129,24.4,0.267,0.633,0.394,-0.6,BASEBALL_SAVANT_CURRENT_SEASON,2026-08-20T23:43:02.137578+00:00,SAVANT_ARSENAL_SCHEMA_V1,CURRENT
667463,"King, John",2026.0,197.0,33.0,16.8,8.6,21.7,47.2,0.31,0.229,0.404,37.8,8.5,72.4,32.0,4.0,37.1,CH,Changeup,20.0,143,23.3,0.094,0.188,0.153,3.1,BASEBALL_SAVANT_CURRENT_SEASON,2026-08-20T23:43:02.137578+00:00,SAVANT_ARSENAL_SCHEMA_V1,CURRENT
681190,"Vásquez, Randy",2026.0,474.0,71.0,15.0,6.8,19.3,49.9,0.365,0.292,0.505,44.1,10.6,72.5,28.1,9.0,34.4,SL,Slider,5.8,106,15.4,0.294,0.529,0.35,-1.7,BASEBALL_SAVANT_CURRENT_SEASON,2026-08-20T23:43:02.137578+00:00,SAVANT_ARSENAL_SCHEMA_V1,CURRENT
675512,"Melton, Troy",2026.0,329.0,73.0,22.2,7.6,25.9,49.5,0.272,0.218,0.327,34.9,5.2,72.9,31.5,13.0,29.6,CH,Changeup,11.1,139,20.4,0.176,0.265,0.19,0.5,BASEBALL_SAVANT_CURRENT_SEASON,2026-08-20T23:43:02.137578+00:00,SAVANT_ARSENAL_SCHEMA_V1,CURRENT
800048,"Messick, Parker",2026.0,591.0,152.0,25.7,6.8,26.1,48.5,0.267,0.218,0.327,32.5,5.0,72.0,27.9,15.0,29.5,CU,Curveball,9.8,225,2.7,0.313,0.656,0.424,-2.4,BASEBALL_SAVANT_CURRENT_SEASON,2026-08-20T23:43:02.137578+00:00,SAVANT_ARSENAL_SCHEMA_V1,CURRENT
688642,"Agnos, Zach",2026.0,315.0,46.0,14.6,7.9,21.2,50.7,0.354,0.286,0.46,41.4,7.9,72.2,26.7,13.0,34.0,FS,Split-Finger,10.6,124,15.8,0.233,0.333,0.299,-1.0,BASEBALL_SAVANT_CURRENT_SEASON,2026-08-20T23:43:02.137578+00:00,SAVANT_ARSENAL_SCHEMA_V1,CURRENT
642100,"Speier, Gabe",2026.0,140.0,29.0,20.7,9.3,22.9,50.8,0.313,0.226,0.395,36.6,9.8,71.2,19.8,6.0,29.5,SL,Slider,28.5,145,12.3,0.286,0.357,0.335,-0.9,BASEBALL_SAVANT_CURRENT_SEASON,2026-08-20T23:43:02.137578+00:00,SAVANT_ARSENAL_SCHEMA_V1,CURRENT
696062,"Dotel, Wilber",2026.0,123.0,31.0,25.2,10.6,25.0,46.8,0.304,0.241,0.36,48.1,3.8,71.7,22.7,5.0,31.2,SL,Slider,24.0,117,30.0,0.273,0.394,0.289,0.6,BASEBALL_SAVANT_CURRENT_SEASON,2026-08-20T23:43:02.137578+00:00,SAVANT_ARSENAL_SCHEMA_V1,CURRENT
691946,"Klassen, George",2026.0,101.0,21.0,20.8,17.8,33.3,46.4,0.35,0.246,0.381,41.0,9.8,74.3,43.7,8.0,30.2,SL,Slider,28.2,113,33.3,0.103,0.207,0.2,3.3,BASEBALL_SAVANT_CURRENT_SEASON,2026-08-20T23:43:02.137578+00:00,SAVANT_ARSENAL_SCHEMA_V1,CURRENT
680723,"Rom, Drew",2026.0,45.0,15.0,33.3,13.3,31.9,40.1,0.355,0.263,0.435,66.7,16.7,71.1,22.4,0.0,42.4,FF,4-Seam Fastball,64.0,110,46.4,0.286,0.429,0.345,0.5,BASEBALL_SAVANT_CURRENT_SEASON,2026-08-20T23:43:02.137578+00:00,SAVANT_ARSENAL_SCHEMA_V1,CURRENT
681293,"Arrighetti, Spencer",2026.0,386.0,87.0,22.5,13.0,25.4,42.1,0.345,0.238,0.395,30.6,7.7,71.9,24.7,8.0,31.8,FC,Cutter,6.3,94,35.3,0.241,0.517,0.375,0.4,BASEBALL_SAVANT_CURRENT_SEASON,2026-08-20T23:43:02.137578+00:00,SAVANT_ARSENAL_SCHEMA_V1,CURRENT
669456,"Bieber, Shane",2026.0,217.0,37.0,17.1,11.1,22.9,42.7,0.39,0.296,0.534,47.4,11.5,73.5,41.1,6.0,40.0,SL,Slider,10.4,86,24.5,0.323,0.516,0.382,-3.6,BASEBALL_SAVANT_CURRENT_SEASON,2026-08-20T23:43:02.137578+00:00,SAVANT_ARSENAL_SCHEMA_V1,CURRENT
622554,"Domínguez, Seranthony",2026.0,194.0,51.0,26.3,14.4,28.4,45.2,0.329,0.226,0.393,36.3,9.0,71.7,23.9,6.0,26.5,SI,Sinker,17.0,143,21.4,0.308,0.577,0.444,-0.3,BASEBALL_SAVANT_CURRENT_SEASON,2026-08-20T23:43:02.137578+00:00,SAVANT_ARSENAL_SCHEMA_V1,CURRENT
800048,"Messick, Parker",2026.0,591.0,152.0,25.7,6.8,26.1,48.5,0.267,0.218,0.327,32.5,5.0,72.0,27.9,15.0,29.5,SL,Slider,5.2,121,12.2,0.29,0.581,0.388,-0.6,BASEBALL_SAVANT_CURRENT_SEASON,2026-08-20T23:43:02.137578+00:00,SAVANT_ARSENAL_SCHEMA_V1,CURRENT
664285,"Valdez, Framber",2026.0,613.0,111.0,18.1,8.8,20.6,46.3,0.324,0.258,0.391,43.7,6.2,72.3,29.1,23.0,38.1,SL,Slider,4.7,105,22.7,0.129,0.161,0.162,1.2,BASEBALL_SAVANT_CURRENT_SEASON,2026-08-20T23:43:02.137578+00:00,SAVANT_ARSENAL_SCHEMA_V1,CURRENT
665622,"Medina, Luis",2026.0,248.0,67.0,27.0,12.1,30.1,43.3,0.322,0.233,0.391,38.5,8.3,71.6,22.6,11.0,31.3,SL,Slider,16.2,160,24.4,0.065,0.065,0.097,3.5,BASEBALL_SAVANT_CURRENT_SEASON,2026-08-20T23:43:02.137578+00:00,SAVANT_ARSENAL_SCHEMA_V1,CURRENT
676684,"Vest, Will",2026.0,116.0,27.0,23.3,8.6,27.5,48.1,0.307,0.244,0.365,35.1,5.3,71.5,25.2,1.0,32.9,SL,Slider,28.9,140,14.5,0.25,0.313,0.247,0.6,BASEBALL_SAVANT_CURRENT_SEASON,2026-08-20T23:43:02.137578+00:00,SAVANT_ARSENAL_SCHEMA_V1,CURRENT
519141,"Pomeranz, Drew",2026.0,135.0,17.0,12.6,11.9,17.6,49.8,0.351,0.267,0.463,37.0,9.1,72.1,25.6,3.0,30.2,CU,Curveball,27.0,129,12.1,0.194,0.226,0.223,0.3,BASEBALL_SAVANT_CURRENT_SEASON,2026-08-20T23:43:02.137578+00:00,SAVANT_ARSENAL_SCHEMA_V1,CURRENT
663559,"Falter, Bailey",2026.0,57.0,6.0,10.5,10.5,20.0,44.4,0.415,0.355,0.537,44.4,6.7,72.2,28.4,0.0,53.3,FF,4-Seam Fastball,55.6,100,0.0,0.5,0.786,0.576,-4.5,BASEBALL_SAVANT_CURRENT_SEASON,2026-08-20T23:43:02.137578+00:00,SAVANT_ARSENAL_SCHEMA_V1,CURRENT
668941,"Romero, JoJo",2026.0,186.0,43.0,23.1,8.6,23.6,39.9,0.337,0.262,0.433,43.1,8.2,71.7,23.6,8.0,42.8,CH,Changeup,17.9,129,13.6,0.226,0.355,0.305,-2.7,BASEBALL_SAVANT_CURRENT_SEASON,2026-08-20T23:43:02.137578+00:00,SAVANT_ARSENAL_SCHEMA_V1,CURRENT
646241,"De Jesus, Enmanuel",2026.0,177.0,39.0,22.0,8.5,24.3,47.5,0.324,0.254,0.409,43.8,7.4,71.6,22.1,4.0,38.9,FC,Cutter,16.6,111,21.1,0.29,0.419,0.319,-1.2,BASEBALL_SAVANT_CURRENT_SEASON,2026-08-20T23:43:02.137578+00:00,SAVANT_ARSENAL_SCHEMA_V1,CURRENT
702273,"Schultz, Noah",2026.0,291.0,59.0,20.3,10.7,21.0,44.5,0.364,0.273,0.454,40.4,9.4,72.3,28.9,9.0,29.9,CH,Changeup,10.0,115,13.1,0.355,0.419,0.391,-3.4,BASEBALL_SAVANT_CURRENT_SEASON,2026-08-20T23:43:02.137578+00:00,SAVANT_ARSENAL_SCHEMA_V1,CURRENT
663623,"Irvin, Jake",2026.0,313.0,72.0,23.0,9.9,24.0,46.7,0.35,0.247,0.461,43.8,12.3,72.3,26.3,7.0,30.6,FC,Cutter,10.9,140,18.2,0.333,0.606,0.397,-1.5,BASEBALL_SAVANT_CURRENT_SEASON,2026-08-20T23:43:02.137578+00:00,SAVANT_ARSENAL_SCHEMA_V1,CURRENT
669854,"Blanco, Ronel",2026.0,101.0,20.0,19.8,11.9,25.8,50.8,0.354,0.246,0.469,36.8,11.8,71.7,22.5,3.0,31.5,CH,Changeup,29.2,114,19.0,0.194,0.29,0.265,0.7,BASEBALL_SAVANT_CURRENT_SEASON,2026-08-20T23:43:02.137578+00:00,SAVANT_ARSENAL_SCHEMA_V1,CURRENT
641745,"Keller, Brad",2026.0,135.0,32.0,23.7,9.6,22.5,45.0,0.284,0.226,0.313,31.8,4.6,71.1,20.4,7.0,28.2,FF,4-Seam Fastball,31.9,170,14.6,0.44,0.56,0.503,-2.9,BASEBALL_SAVANT_CURRENT_SEASON,2026-08-20T23:43:02.137578+00:00,SAVANT_ARSENAL_SCHEMA_V1,CURRENT
668873,"Kilian, Caleb",2026.0,209.0,56.0,26.8,10.5,27.9,48.7,0.292,0.216,0.36,34.9,8.6,71.7,22.3,10.0,31.8,SL,Slider,12.8,101,39.4,0.129,0.419,0.252,2.4,BASEBALL_SAVANT_CURRENT_SEASON,2026-08-20T23:43:02.137578+00:00,SAVANT_ARSENAL_SCHEMA_V1,CURRENT
700669,"Graceffo, Gordon",2026.0,249.0,38.0,15.3,11.6,17.6,44.7,0.343,0.253,0.448,45.6,10.0,72.1,30.4,6.0,41.4,CH,Changeup,12.2,113,15.8,0.065,0.097,0.108,3.2,BASEBALL_SAVANT_CURRENT_SEASON,2026-08-20T23:43:02.137578+00:00,SAVANT_ARSENAL_SCHEMA_V1,CURRENT
621345,"Minter, A.J.",2026.0,125.0,25.0,20.0,3.2,23.2,52.9,0.285,0.233,0.401,30.5,9.5,73.2,35.7,0.0,26.4,FF,4-Seam Fastball,29.5,132,16.2,0.355,0.645,0.441,-2.1,BASEBALL_SAVANT_CURRENT_SEASON,2026-08-20T23:43:02.137578+00:00,SAVANT_ARSENAL_SCHEMA_V1,CURRENT
500779,"Quintana, Jose",2026.0,181.0,20.0,11.0,9.4,21.1,47.0,0.343,0.275,0.441,32.9,8.4,72.9,31.0,5.0,35.7,SI,Sinker,19.4,133,16.7,0.296,0.481,0.4,-0.9,BASEBALL_SAVANT_CURRENT_SEASON,2026-08-20T23:43:02.137578+00:00,SAVANT_ARSENAL_SCHEMA_V1,CURRENT
668873,"Kilian, Caleb",2026.0,209.0,56.0,26.8,10.5,27.9,48.7,0.292,0.216,0.36,34.9,8.6,71.7,22.3,10.0,31.8,SI,Sinker,13.5,106,20.0,0.333,0.333,0.384,-0.3,BASEBALL_SAVANT_CURRENT_SEASON,2026-08-20T23:43:02.137578+00:00,SAVANT_ARSENAL_SCHEMA_V1,CURRENT
663362,"Waldron, Matt",2026.0,169.0,31.0,18.3,5.9,16.8,48.2,0.3,0.237,0.39,38.1,6.3,71.3,23.0,3.0,37.2,FF,4-Seam Fastball,19.0,117,13.0,0.31,0.655,0.439,-2.9,BASEBALL_SAVANT_CURRENT_SEASON,2026-08-20T23:43:02.137578+00:00,SAVANT_ARSENAL_SCHEMA_V1,CURRENT
687377,"Ribalta, Orlando",2026.0,151.0,33.0,21.9,9.3,25.8,50.5,0.298,0.214,0.391,34.6,7.7,72.0,26.9,5.0,26.1,SI,Sinker,17.9,114,5.3,0.387,0.516,0.392,-1.9,BASEBALL_SAVANT_CURRENT_SEASON,2026-08-20T23:43:02.137578+00:00,SAVANT_ARSENAL_SCHEMA_V1,CURRENT
623474,"Herget, Jimmy",2026.0,169.0,36.0,21.3,11.8,27.0,46.8,0.328,0.244,0.41,36.9,9.9,72.4,27.0,7.0,31.3,SL,Slider,30.4,207,21.2,0.333,0.519,0.417,1.4,BASEBALL_SAVANT_CURRENT_SEASON,2026-08-20T23:43:02.137578+00:00,SAVANT_ARSENAL_SCHEMA_V1,CURRENT
669270,"Kuhnel, Joel",2026.0,157.0,22.0,14.0,7.6,22.6,47.2,0.355,0.297,0.441,39.5,6.0,72.3,26.2,6.0,36.2,FC,Cutter,31.7,178,14.6,0.355,0.645,0.456,-2.0,BASEBALL_SAVANT_CURRENT_SEASON,2026-08-20T23:43:02.137578+00:00,SAVANT_ARSENAL_SCHEMA_V1,CURRENT
676742,"Sanders, Cam",2026.0,85.0,23.0,27.1,15.3,37.9,47.6,0.322,0.22,0.332,28.3,6.5,71.9,30.8,6.0,26.9,SL,Slider,38.0,135,27.1,0.133,0.167,0.167,2.8,BASEBALL_SAVANT_CURRENT_SEASON,2026-08-20T23:43:02.137578+00:00,SAVANT_ARSENAL_SCHEMA_V1,CURRENT
641755,"Kinley, Tyler",2026.0,179.0,42.0,23.5,11.2,28.0,44.0,0.287,0.203,0.364,28.7,7.9,70.9,17.7,7.0,32.0,CU,Curveball,15.5,108,18.0,0.188,0.344,0.239,-1.7,BASEBALL_SAVANT_CURRENT_SEASON,2026-08-20T23:43:02.137578+00:00,SAVANT_ARSENAL_SCHEMA_V1,CURRENT
684049,"Bidois, Brandan",2026.0,80.0,20.0,25.0,15.0,37.7,48.9,0.363,0.253,0.468,46.8,17.0,71.1,20.9,7.0,38.8,SL,Slider,41.8,136,24.3,0.269,0.308,0.371,-0.6,BASEBALL_SAVANT_CURRENT_SEASON,2026-08-20T23:43:02.137578+00:00,SAVANT_ARSENAL_SCHEMA_V1,CURRENT
664854,"Helsley, Ryan",2026.0,68.0,21.0,30.9,13.2,37.9,45.4,0.265,0.185,0.296,47.4,5.3,71.4,18.6,2.0,40.0,FF,4-Seam Fastball,45.1,123,36.0,0.222,0.481,0.386,-0.4,BASEBALL_SAVANT_CURRENT_SEASON,2026-08-20T23:43:02.137578+00:00,SAVANT_ARSENAL_SCHEMA_V1,CURRENT
663623,"Irvin, Jake",2026.0,313.0,72.0,23.0,9.9,24.0,46.7,0.35,0.247,0.461,43.8,12.3,72.3,26.3,7.0,30.6,ST,Sweeper,9.2,118,14.0,0.379,0.586,0.442,-3.9,BASEBALL_SAVANT_CURRENT_SEASON,2026-08-20T23:43:02.137578+00:00,SAVANT_ARSENAL_SCHEMA_V1,CURRENT
543056,"Coulombe, Danny",2026.0,96.0,10.0,10.4,15.6,17.1,44.0,0.321,0.251,0.311,21.4,1.4,71.1,22.1,2.0,27.9,SI,Sinker,29.6,114,0.0,0.36,0.36,0.406,-0.7,BASEBALL_SAVANT_CURRENT_SEASON,2026-08-20T23:43:02.137578+00:00,SAVANT_ARSENAL_SCHEMA_V1,CURRENT
573009,"Mantiply, Joe",2026.0,71.0,16.0,22.5,5.6,16.8,49.6,0.332,0.266,0.446,44.0,10.0,73.2,37.5,1.0,34.1,SI,Sinker,45.8,121,14.8,0.346,0.5,0.408,0.1,BASEBALL_SAVANT_CURRENT_SEASON,2026-08-20T23:43:02.137578+00:00,SAVANT_ARSENAL_SCHEMA_V1,CURRENT
665152,"Kremer, Dean",2026.0,217.0,53.0,24.4,7.4,28.4,46.1,0.315,0.236,0.44,33.8,7.4,71.7,22.6,6.0,33.2,FC,Cutter,15.7,135,27.3,0.226,0.452,0.298,0.7,BASEBALL_SAVANT_CURRENT_SEASON,2026-08-20T23:43:02.137578+00:00,SAVANT_ARSENAL_SCHEMA_V1,CURRENT
622608,"Senzatela, Antonio",2026.0,243.0,51.0,21.0,7.4,24.0,49.8,0.303,0.254,0.372,41.3,6.4,71.0,17.9,12.0,33.1,SI,Sinker,14.6,132,5.6,0.355,0.387,0.342,0.6,BASEBALL_SAVANT_CURRENT_SEASON,2026-08-20T23:43:02.137578+00:00,SAVANT_ARSENAL_SCHEMA_V1,CURRENT
694477,"Patrick, Chad",2026.0,359.0,78.0,21.7,9.5,26.1,49.2,0.309,0.242,0.383,37.1,6.1,72.3,27.7,8.0,29.3,SV,Slurve,8.7,124,11.8,0.233,0.333,0.273,-1.4,BASEBALL_SAVANT_CURRENT_SEASON,2026-08-20T23:43:02.137578+00:00,SAVANT_ARSENAL_SCHEMA_V1,CURRENT
686799,"Kochanowicz, Jack",2026.0,296.0,47.0,15.9,12.2,23.6,45.2,0.358,0.272,0.439,42.8,7.4,72.5,27.6,6.0,34.8,SL,Slider,16.3,180,20.0,0.08,0.08,0.194,0.7,BASEBALL_SAVANT_CURRENT_SEASON,2026-08-20T23:43:02.137578+00:00,SAVANT_ARSENAL_SCHEMA_V1,CURRENT
669947,"Scholtens, Jesse",2026.0,196.0,34.0,17.3,7.1,20.6,49.8,0.348,0.276,0.466,35.2,10.3,72.7,30.6,10.0,30.0,FS,Split-Finger,13.8,100,5.6,0.355,0.548,0.377,-1.9,BASEBALL_SAVANT_CURRENT_SEASON,2026-08-20T23:43:02.137578+00:00,SAVANT_ARSENAL_SCHEMA_V1,CURRENT
669211,"Akin, Keegan",2026.0,114.0,17.0,14.9,7.9,19.3,49.2,0.298,0.246,0.371,28.4,5.8,71.6,19.9,1.0,30.4,SL,Slider,24.8,110,2.9,0.3,0.433,0.37,-1.4,BASEBALL_SAVANT_CURRENT_SEASON,2026-08-20T23:43:02.137578+00:00,SAVANT_ARSENAL_SCHEMA_V1,CURRENT
681916,"Smith, Dylan",2026.0,112.0,33.0,29.5,10.7,28.1,49.4,0.287,0.206,0.353,44.6,7.7,72.5,27.1,5.0,26.8,ST,Sweeper,27.3,122,21.7,0.161,0.226,0.163,3.1,BASEBALL_SAVANT_CURRENT_SEASON,2026-08-20T23:43:02.137578+00:00,SAVANT_ARSENAL_SCHEMA_V1,CURRENT
621121,"McCullers Jr., Lance",2026.0,195.0,48.0,24.6,13.8,27.9,41.6,0.328,0.236,0.378,47.5,7.6,73.2,33.3,8.0,34.4,CU,Curveball,14.6,116,21.9,0.214,0.429,0.323,-1.4,BASEBALL_SAVANT_CURRENT_SEASON,2026-08-20T23:43:02.137578+00:00,SAVANT_ARSENAL_SCHEMA_V1,CURRENT
670062,"Garcia, Julian",2026.0,104.0,28.0,26.9,10.6,31.5,46.0,0.261,0.179,0.306,32.8,6.3,72.9,30.6,16.0,30.6,FF,4-Seam Fastball,30.3,132,14.6,0.125,0.25,0.294,1.8,BASEBALL_SAVANT_CURRENT_SEASON,2026-08-20T23:43:02.137578+00:00,SAVANT_ARSENAL_SCHEMA_V1,CURRENT
663568,"Kolek, Stephen",2026.0,224.0,34.0,15.2,5.4,19.8,48.3,0.303,0.262,0.38,36.9,6.9,71.9,23.3,9.0,32.8,CH,Changeup,11.9,100,16.7,0.3,0.3,0.297,0.7,BASEBALL_SAVANT_CURRENT_SEASON,2026-08-20T23:43:02.137578+00:00,SAVANT_ARSENAL_SCHEMA_V1,CURRENT
621053,"Ferguson, Tyler",2026.0,70.0,20.0,28.6,2.9,31.0,50.4,0.332,0.235,0.483,46.7,17.8,72.4,28.3,2.0,42.1,FF,4-Seam Fastball,48.0,123,25.0,0.267,0.733,0.428,-2.0,BASEBALL_SAVANT_CURRENT_SEASON,2026-08-20T23:43:02.137578+00:00,SAVANT_ARSENAL_SCHEMA_V1,CURRENT
680744,"Madden, Ty",2026.0,146.0,37.0,25.3,8.2,24.4,49.2,0.259,0.2,0.302,30.2,5.2,72.0,30.8,10.0,25.1,SL,Slider,21.9,131,25.5,0.125,0.156,0.123,3.3,BASEBALL_SAVANT_CURRENT_SEASON,2026-08-20T23:43:02.137578+00:00,SAVANT_ARSENAL_SCHEMA_V1,CURRENT
676974,"Meyer, Max",2026.0,462.0,121.0,26.2,8.9,28.6,46.7,0.304,0.227,0.375,42.0,8.6,72.3,27.4,32.0,33.3,CH,Changeup,10.2,183,14.3,0.276,0.345,0.3,0.1,BASEBALL_SAVANT_CURRENT_SEASON,2026-08-20T23:43:02.137578+00:00,SAVANT_ARSENAL_SCHEMA_V1,CURRENT
680604,"Castaño, Blas",2026.0,85.0,17.0,20.0,7.1,19.7,45.8,0.367,0.288,0.502,50.0,10.2,72.4,27.6,3.0,40.6,SI,Sinker,41.1,141,16.1,0.25,0.357,0.347,0.9,BASEBALL_SAVANT_CURRENT_SEASON,2026-08-20T23:43:02.137578+00:00,SAVANT_ARSENAL_SCHEMA_V1,CURRENT
669212,"Morgan, Eli",2026.0,91.0,16.0,17.6,9.9,24.1,46.6,0.399,0.324,0.513,42.2,6.3,71.0,12.8,4.0,40.0,CH,Changeup,33.0,112,12.2,0.207,0.414,0.303,0.8,BASEBALL_SAVANT_CURRENT_SEASON,2026-08-20T23:43:02.137578+00:00,SAVANT_ARSENAL_SCHEMA_V1,CURRENT
687473,"Gusto, Ryan",2026.0,237.0,49.0,20.7,5.9,21.2,49.4,0.317,0.263,0.417,44.2,8.7,72.4,27.3,12.0,37.4,SL,Slider,9.8,84,24.0,0.226,0.548,0.366,-2.4,BASEBALL_SAVANT_CURRENT_SEASON,2026-08-20T23:43:02.137578+00:00,SAVANT_ARSENAL_SCHEMA_V1,CURRENT
607074,"Rodón, Carlos",2026.0,211.0,56.0,26.5,13.3,29.0,47.8,0.301,0.212,0.341,36.5,6.3,72.3,27.6,13.0,27.0,SI,Sinker,14.4,129,20.0,0.167,0.2,0.179,3.1,BASEBALL_SAVANT_CURRENT_SEASON,2026-08-20T23:43:02.137578+00:00,SAVANT_ARSENAL_SCHEMA_V1,CURRENT
670990,"Ramírez, Yohan",2026.0,296.0,79.0,26.7,13.9,27.2,44.4,0.289,0.21,0.293,30.1,4.8,71.6,24.0,17.0,24.0,CU,Curveball,12.8,146,20.0,0.231,0.423,0.356,-2.3,BASEBALL_SAVANT_CURRENT_SEASON,2026-08-20T23:43:02.137578+00:00,SAVANT_ARSENAL_SCHEMA_V1,CURRENT
806188,"Gibson, Cade",2026.0,163.0,30.0,18.4,10.4,21.5,44.4,0.307,0.25,0.321,39.1,2.7,71.1,24.8,4.0,33.7,CU,Curveball,22.7,147,17.6,0.222,0.259,0.289,0.8,BASEBALL_SAVANT_CURRENT_SEASON,2026-08-20T23:43:02.137578+00:00,SAVANT_ARSENAL_SCHEMA_V1,CURRENT
673929,"Leasure, Jordan",2026.0,78.0,18.0,23.1,10.3,26.5,51.8,0.406,0.269,0.624,44.2,25.0,71.6,23.5,4.0,36.5,SL,Slider,41.2,129,25.0,0.345,0.724,0.472,-2.7,BASEBALL_SAVANT_CURRENT_SEASON,2026-08-20T23:43:02.137578+00:00,SAVANT_ARSENAL_SCHEMA_V1,CURRENT
657571,"Ferguson, Caleb",2026.0,130.0,26.0,20.0,13.1,19.2,45.4,0.317,0.243,0.38,34.9,5.9,73.1,33.2,1.0,28.0,FC,Cutter,25.6,132,20.5,0.185,0.296,0.284,-0.6,BASEBALL_SAVANT_CURRENT_SEASON,2026-08-20T23:43:02.137578+00:00,SAVANT_ARSENAL_SCHEMA_V1,CURRENT
657571,"Ferguson, Caleb",2026.0,130.0,26.0,20.0,13.1,19.2,45.4,0.317,0.243,0.38,34.9,5.9,73.1,33.2,1.0,28.0,FF,4-Seam Fastball,25.8,133,5.4,0.321,0.607,0.409,-1.3,BASEBALL_SAVANT_CURRENT_SEASON,2026-08-20T23:43:02.137578+00:00,SAVANT_ARSENAL_SCHEMA_V1,CURRENT
677955,"Hill, Jaden",2026.0,130.0,30.0,23.1,13.1,30.5,48.5,0.309,0.229,0.343,39.2,3.8,71.7,22.0,6.0,30.3,SI,Sinker,20.3,100,9.1,0.435,0.696,0.545,-3.6,BASEBALL_SAVANT_CURRENT_SEASON,2026-08-20T23:43:02.137578+00:00,SAVANT_ARSENAL_SCHEMA_V1,CURRENT
666171,"Zeferjahn, Ryan",2026.0,251.0,82.0,32.7,13.5,33.3,40.0,0.281,0.178,0.286,36.8,6.5,71.5,23.2,5.0,30.2,SI,Sinker,14.4,154,17.9,0.308,0.5,0.417,-0.9,BASEBALL_SAVANT_CURRENT_SEASON,2026-08-20T23:43:02.137578+00:00,SAVANT_ARSENAL_SCHEMA_V1,CURRENT
681867,"Criswell, Cooper",2026.0,121.0,23.0,19.0,6.6,22.0,48.3,0.286,0.24,0.358,36.0,4.5,71.1,16.9,4.0,31.8,SI,Sinker,26.0,120,0.0,0.321,0.357,0.34,1.2,BASEBALL_SAVANT_CURRENT_SEASON,2026-08-20T23:43:02.137578+00:00,SAVANT_ARSENAL_SCHEMA_V1,CURRENT
641312,"Anderson, Shaun",2026.0,93.0,17.0,18.3,10.8,26.6,45.0,0.391,0.303,0.515,38.5,9.2,73.0,30.5,3.0,32.4,SL,Slider,26.8,94,33.3,0.435,0.609,0.542,-3.6,BASEBALL_SAVANT_CURRENT_SEASON,2026-08-20T23:43:02.137578+00:00,SAVANT_ARSENAL_SCHEMA_V1,CURRENT
663776,"Sandoval, Patrick",2026.0,160.0,35.0,21.9,10.0,25.5,47.3,0.334,0.277,0.412,32.4,5.6,72.4,29.3,3.0,32.6,SI,Sinker,19.3,112,17.2,0.435,0.478,0.475,-2.3,BASEBALL_SAVANT_CURRENT_SEASON,2026-08-20T23:43:02.137578+00:00,SAVANT_ARSENAL_SCHEMA_V1,CURRENT
688158,"Morgan, David",2026.0,105.0,26.0,24.8,12.4,32.0,50.3,0.284,0.217,0.273,27.0,1.6,71.4,21.1,8.0,25.2,FF,4-Seam Fastball,28.4,113,24.2,0.32,0.4,0.38,0.2,BASEBALL_SAVANT_CURRENT_SEASON,2026-08-20T23:43:02.137578+00:00,SAVANT_ARSENAL_SCHEMA_V1,CURRENT
677161,"Kelly, Zack",2026.0,71.0,14.0,19.7,9.9,21.1,43.5,0.368,0.29,0.432,38.8,8.2,71.5,28.7,2.0,37.3,FC,Cutter,43.8,124,38.5,0.259,0.407,0.34,1.3,BASEBALL_SAVANT_CURRENT_SEASON,2026-08-20T23:43:02.137578+00:00,SAVANT_ARSENAL_SCHEMA_V1,CURRENT
813349,"Early, Connelly",2026.0,390.0,93.0,23.8,8.7,23.7,46.9,0.32,0.234,0.408,40.9,10.6,72.8,29.5,14.0,33.7,SL,Slider,8.0,123,18.8,0.2,0.52,0.393,0.5,BASEBALL_SAVANT_CURRENT_SEASON,2026-08-20T23:43:02.137578+00:00,SAVANT_ARSENAL_SCHEMA_V1,CURRENT
682254,"Montgomery, Mason",2026.0,210.0,82.0,39.0,10.0,32.9,49.7,0.247,0.183,0.288,40.2,8.4,71.5,22.5,12.0,24.8,SL,Slider,16.0,141,21.2,0.036,0.036,0.097,3.5,BASEBALL_SAVANT_CURRENT_SEASON,2026-08-20T23:43:02.137578+00:00,SAVANT_ARSENAL_SCHEMA_V1,CURRENT
669084,"Hall, DL",2026.0,162.0,41.0,25.3,17.3,27.8,39.9,0.292,0.195,0.28,31.5,5.5,70.9,20.8,5.0,31.8,FF,4-Seam Fastball,15.5,106,16.7,0.238,0.524,0.442,-2.6,BASEBALL_SAVANT_CURRENT_SEASON,2026-08-20T23:43:02.137578+00:00,SAVANT_ARSENAL_SCHEMA_V1,CURRENT
682995,"Barco, Hunter",2026.0,87.0,14.0,16.1,14.9,16.3,38.5,0.381,0.28,0.466,43.1,7.0,72.0,20.3,2.0,34.9,FF,4-Seam Fastball,37.0,130,15.0,0.37,0.63,0.463,-1.7,BASEBALL_SAVANT_CURRENT_SEASON,2026-08-20T23:43:02.137578+00:00,SAVANT_ARSENAL_SCHEMA_V1,CURRENT
665795,"Cabrera, Edward",2026.0,329.0,67.0,20.4,9.7,26.6,47.8,0.344,0.267,0.447,42.5,11.9,73.1,34.1,17.0,35.7,SL,Slider,11.7,150,15.0,0.207,0.31,0.232,-0.6,BASEBALL_SAVANT_CURRENT_SEASON,2026-08-20T23:43:02.137578+00:00,SAVANT_ARSENAL_SCHEMA_V1,CURRENT
669920,"Alexander, Jason",2026.0,84.0,14.0,16.7,9.5,20.3,44.5,0.332,0.257,0.415,37.7,10.0,71.5,16.0,2.0,36.7,CH,Changeup,35.1,105,18.4,0.167,0.267,0.203,1.9,BASEBALL_SAVANT_CURRENT_SEASON,2026-08-20T23:43:02.137578+00:00,SAVANT_ARSENAL_SCHEMA_V1,CURRENT
681676,"Fernandez, Ryan",2026.0,59.0,20.0,33.9,11.9,36.0,47.0,0.291,0.213,0.339,34.4,6.3,71.8,25.0,5.0,24.2,SL,Slider,45.3,107,31.9,0.143,0.25,0.248,1.6,BASEBALL_SAVANT_CURRENT_SEASON,2026-08-20T23:43:02.137578+00:00,SAVANT_ARSENAL_SCHEMA_V1,CURRENT
608379,"Wacha, Michael",2026.0,632.0,120.0,19.0,6.5,21.1,48.5,0.314,0.25,0.417,37.1,7.1,71.5,24.2,13.0,36.5,CU,Curveball,10.1,236,11.4,0.241,0.379,0.302,-1.1,BASEBALL_SAVANT_CURRENT_SEASON,2026-08-20T23:43:02.137578+00:00,SAVANT_ARSENAL_SCHEMA_V1,CURRENT
694795,"Ekness, Josh",2026.0,53.0,9.0,17.0,13.2,20.7,39.5,0.329,0.259,0.378,35.1,8.1,70.4,11.4,2.0,30.4,FF,4-Seam Fastball,53.6,118,18.4,0.2,0.2,0.281,1.9,BASEBALL_SAVANT_CURRENT_SEASON,2026-08-20T23:43:02.137578+00:00,SAVANT_ARSENAL_SCHEMA_V1,CURRENT
696131,"Black, Mason",2026.0,130.0,19.0,14.6,14.6,19.2,40.5,0.387,0.283,0.475,46.7,10.0,72.0,22.8,0.0,42.4,FF,4-Seam Fastball,22.0,113,9.4,0.3,0.6,0.494,-3.8,BASEBALL_SAVANT_CURRENT_SEASON,2026-08-20T23:43:02.137578+00:00,SAVANT_ARSENAL_SCHEMA_V1,CURRENT
669947,"Scholtens, Jesse",2026.0,196.0,34.0,17.3,7.1,20.6,49.8,0.348,0.276,0.466,35.2,10.3,72.7,30.6,10.0,30.0,FF,4-Seam Fastball,21.6,156,18.6,0.208,0.5,0.385,-1.2,BASEBALL_SAVANT_CURRENT_SEASON,2026-08-20T23:43:02.137578+00:00,SAVANT_ARSENAL_SCHEMA_V1,CURRENT
682825,"Mey, Luis",2026.0,81.0,30.0,37.0,14.8,36.6,40.2,0.318,0.179,0.355,44.4,12.1,71.9,26.6,4.0,28.6,SL,Slider,39.1,138,27.8,0.143,0.25,0.227,0.1,BASEBALL_SAVANT_CURRENT_SEASON,2026-08-20T23:43:02.137578+00:00,SAVANT_ARSENAL_SCHEMA_V1,CURRENT
621383,"Banks, Tanner",2026.0,146.0,32.0,21.9,8.9,23.2,50.1,0.323,0.262,0.419,33.7,7.0,70.9,18.2,4.0,32.4,ST,Sweeper,23.0,127,14.3,0.345,0.483,0.382,-0.6,BASEBALL_SAVANT_CURRENT_SEASON,2026-08-20T23:43:02.137578+00:00,SAVANT_ARSENAL_SCHEMA_V1,CURRENT
687396,"Headrick, Brent",2026.0,261.0,79.0,30.3,7.7,31.8,53.9,0.271,0.222,0.33,37.7,4.9,72.0,27.5,13.0,28.4,SI,Sinker,10.0,101,15.8,0.357,0.429,0.37,0.2,BASEBALL_SAVANT_CURRENT_SEASON,2026-08-20T23:43:02.137578+00:00,SAVANT_ARSENAL_SCHEMA_V1,CURRENT
688158,"Morgan, David",2026.0,105.0,26.0,24.8,12.4,32.0,50.3,0.284,0.217,0.273,27.0,1.6,71.4,21.1,8.0,25.2,SI,Sinker,28.4,113,11.8,0.36,0.52,0.444,-2.4,BASEBALL_SAVANT_CURRENT_SEASON,2026-08-20T23:43:02.137578+00:00,SAVANT_ARSENAL_SCHEMA_V1,CURRENT
676664,"Sears, JP",2026.0,143.0,25.0,17.5,7.7,20.7,47.4,0.345,0.263,0.441,45.2,8.7,72.2,30.6,3.0,38.4,CH,Changeup,20.8,110,21.1,0.321,0.5,0.4,-3.4,BASEBALL_SAVANT_CURRENT_SEASON,2026-08-20T23:43:02.137578+00:00,SAVANT_ARSENAL_SCHEMA_V1,CURRENT
686218,"Sheehan, Emmet",2026.0,412.0,108.0,26.2,7.3,30.8,50.2,0.308,0.23,0.403,39.1,10.5,72.2,27.7,26.0,29.9,CU,Curveball,11.0,186,14.7,0.185,0.259,0.258,0.8,BASEBALL_SAVANT_CURRENT_SEASON,2026-08-20T23:43:02.137578+00:00,SAVANT_ARSENAL_SCHEMA_V1,CURRENT
702193,"Morris, Andrew",2026.0,252.0,56.0,22.2,8.7,21.9,47.0,0.268,0.217,0.309,33.1,3.5,71.5,26.4,7.0,26.1,SI,Sinker,11.5,118,12.5,0.433,0.6,0.458,-1.4,BASEBALL_SAVANT_CURRENT_SEASON,2026-08-20T23:43:02.137578+00:00,SAVANT_ARSENAL_SCHEMA_V1,CURRENT
681870,"Sabrowski, Erik",2026.0,153.0,59.0,38.6,16.3,32.8,45.8,0.269,0.155,0.279,38.2,9.0,71.6,24.8,9.0,26.5,CU,Curveball,20.4,127,29.6,0.226,0.387,0.261,-0.4,BASEBALL_SAVANT_CURRENT_SEASON,2026-08-20T23:43:02.137578+00:00,SAVANT_ARSENAL_SCHEMA_V1,CURRENT
686613,"Brown, Hunter",2026.0,291.0,72.0,24.7,13.7,26.2,40.8,0.303,0.206,0.34,37.1,6.3,71.7,23.7,11.0,29.2,SL,Slider,8.3,99,17.9,0.231,0.346,0.352,-1.5,BASEBALL_SAVANT_CURRENT_SEASON,2026-08-20T23:43:02.137578+00:00,SAVANT_ARSENAL_SCHEMA_V1,CURRENT
669160,"May, Dustin",2026.0,523.0,118.0,22.6,8.0,22.3,47.1,0.316,0.249,0.379,44.8,6.8,72.2,26.2,20.0,33.2,CH,Changeup,6.8,136,21.2,0.29,0.548,0.367,-2.5,BASEBALL_SAVANT_CURRENT_SEASON,2026-08-20T23:43:02.137578+00:00,SAVANT_ARSENAL_SCHEMA_V1,CURRENT
666661,"Morillo, Juan",2026.0,203.0,59.0,29.1,8.9,30.8,48.9,0.238,0.181,0.254,31.5,3.3,71.6,25.7,9.0,28.6,SI,Sinker,16.7,135,6.7,0.192,0.231,0.269,3.0,BASEBALL_SAVANT_CURRENT_SEASON,2026-08-20T23:43:02.137578+00:00,SAVANT_ARSENAL_SCHEMA_V1,CURRENT
681895,"Sisk, Evan",2026.0,174.0,47.0,27.0,10.3,26.5,41.7,0.277,0.195,0.277,30.7,3.0,70.7,17.4,7.0,27.8,FF,4-Seam Fastball,16.6,123,24.5,0.231,0.385,0.311,1.2,BASEBALL_SAVANT_CURRENT_SEASON,2026-08-20T23:43:02.137578+00:00,SAVANT_ARSENAL_SCHEMA_V1,CURRENT
592454,"Kahnle, Tommy",2026.0,43.0,5.0,11.6,14.0,17.4,51.2,0.381,0.285,0.489,56.3,15.6,72.7,34.6,0.0,36.5,CH,Changeup,63.1,106,14.3,0.357,0.679,0.463,-3.2,BASEBALL_SAVANT_CURRENT_SEASON,2026-08-20T23:43:02.137578+00:00,SAVANT_ARSENAL_SCHEMA_V1,CURRENT
683232,"Mears, Nick",2026.0,83.0,15.0,18.1,13.3,18.7,44.0,0.382,0.298,0.506,50.9,12.5,72.2,25.6,5.0,33.9,FF,4-Seam Fastball,36.7,125,8.6,0.167,0.208,0.263,1.8,BASEBALL_SAVANT_CURRENT_SEASON,2026-08-20T23:43:02.137578+00:00,SAVANT_ARSENAL_SCHEMA_V1,CURRENT
607481,"Bummer, Aaron",2026.0,88.0,13.0,14.8,12.5,19.5,47.0,0.382,0.271,0.521,49.2,12.7,71.9,27.1,3.0,40.2,SI,Sinker,38.7,127,22.2,0.4,0.8,0.544,-2.6,BASEBALL_SAVANT_CURRENT_SEASON,2026-08-20T23:43:02.137578+00:00,SAVANT_ARSENAL_SCHEMA_V1,CURRENT
681035,"Scott, Christian",2026.0,367.0,105.0,28.6,9.5,26.6,49.8,0.304,0.229,0.356,34.7,6.8,72.2,27.5,14.0,25.7,CU,Curveball,5.5,85,11.7,0.367,0.6,0.421,-4.7,BASEBALL_SAVANT_CURRENT_SEASON,2026-08-20T23:43:02.137578+00:00,SAVANT_ARSENAL_SCHEMA_V1,CURRENT
688297,"Roycroft, Chris",2026.0,116.0,17.0,14.7,9.5,17.9,47.9,0.398,0.31,0.539,45.9,12.9,71.6,20.7,2.0,39.3,FC,Cutter,24.7,101,12.1,0.357,0.536,0.383,-2.8,BASEBALL_SAVANT_CURRENT_SEASON,2026-08-20T23:43:02.137578+00:00,SAVANT_ARSENAL_SCHEMA_V1,CURRENT
669020,"Rolison, Ryan",2026.0,202.0,47.0,23.3,11.4,21.3,44.3,0.316,0.241,0.377,41.5,6.8,72.5,28.8,9.0,31.4,CU,Curveball,17.8,139,20.5,0.31,0.552,0.389,-1.6,BASEBALL_SAVANT_CURRENT_SEASON,2026-08-20T23:43:02.137578+00:00,SAVANT_ARSENAL_SCHEMA_V1,CURRENT
681190,"Vásquez, Randy",2026.0,474.0,71.0,15.0,6.8,19.3,49.9,0.365,0.292,0.505,44.1,10.6,72.5,28.1,9.0,34.4,CH,Changeup,8.0,145,11.6,0.321,0.357,0.305,-2.3,BASEBALL_SAVANT_CURRENT_SEASON,2026-08-20T23:43:02.137578+00:00,SAVANT_ARSENAL_SCHEMA_V1,CURRENT
690978,"Fulton, Dax",2026.0,57.0,12.0,21.1,17.5,28.4,42.7,0.301,0.211,0.289,31.4,5.7,73.0,28.6,2.0,25.8,FF,4-Seam Fastball,32.2,77,31.8,0.238,0.381,0.395,-1.1,BASEBALL_SAVANT_CURRENT_SEASON,2026-08-20T23:43:02.137578+00:00,SAVANT_ARSENAL_SCHEMA_V1,CURRENT
668674,"Erceg, Lucas",2026.0,208.0,31.0,14.9,13.9,20.8,47.2,0.34,0.263,0.361,38.7,4.9,71.3,19.6,4.0,29.8,CH,Changeup,13.7,113,0.0,0.542,1.0,0.64,-6.1,BASEBALL_SAVANT_CURRENT_SEASON,2026-08-20T23:43:02.137578+00:00,SAVANT_ARSENAL_SCHEMA_V1,CURRENT
686930,"Barnett, Mason",2026.0,185.0,38.0,20.5,13.0,22.2,43.6,0.349,0.25,0.446,37.2,9.9,72.0,25.3,5.0,33.5,SL,Slider,19.5,145,23.5,0.231,0.423,0.333,0.7,BASEBALL_SAVANT_CURRENT_SEASON,2026-08-20T23:43:02.137578+00:00,SAVANT_ARSENAL_SCHEMA_V1,CURRENT
593974,"Peralta, Wandy",2026.0,261.0,39.0,14.9,8.4,21.9,51.3,0.314,0.266,0.377,33.3,3.5,72.4,27.5,2.0,31.4,SL,Slider,16.6,164,13.3,0.25,0.375,0.343,0.3,BASEBALL_SAVANT_CURRENT_SEASON,2026-08-20T23:43:02.137578+00:00,SAVANT_ARSENAL_SCHEMA_V1,CURRENT
676440,"Bibee, Tanner",2026.0,613.0,117.0,19.1,7.0,23.8,46.9,0.32,0.252,0.423,39.3,8.3,71.8,23.6,14.0,37.6,ST,Sweeper,5.0,116,11.1,0.222,0.37,0.298,-0.2,BASEBALL_SAVANT_CURRENT_SEASON,2026-08-20T23:43:02.137578+00:00,SAVANT_ARSENAL_SCHEMA_V1,CURRENT
687223,"Palmquist, Carson",2026.0,78.0,15.0,19.2,10.3,22.5,48.2,0.337,0.271,0.374,23.1,3.8,71.7,23.2,1.0,28.4,SI,Sinker,32.6,102,13.3,0.44,0.56,0.474,-0.9,BASEBALL_SAVANT_CURRENT_SEASON,2026-08-20T23:43:02.137578+00:00,SAVANT_ARSENAL_SCHEMA_V1,CURRENT
669276,"Lee, Dylan",2026.0,213.0,70.0,32.9,6.6,37.1,52.9,0.236,0.18,0.294,31.0,6.2,72.6,28.4,10.0,26.1,CH,Changeup,16.7,146,20.5,0.167,0.3,0.228,0.4,BASEBALL_SAVANT_CURRENT_SEASON,2026-08-20T23:43:02.137578+00:00,SAVANT_ARSENAL_SCHEMA_V1,CURRENT
548384,"Raley, Brooks",2026.0,195.0,48.0,24.6,8.2,23.8,47.1,0.286,0.218,0.344,30.5,5.5,72.1,23.2,5.0,30.0,CH,Changeup,12.6,91,20.0,0.167,0.167,0.15,0.9,BASEBALL_SAVANT_CURRENT_SEASON,2026-08-20T23:43:02.137578+00:00,SAVANT_ARSENAL_SCHEMA_V1,CURRENT
669060,"Wilson, Bryse",2026.0,124.0,25.0,20.2,1.6,17.8,54.3,0.314,0.288,0.412,46.3,3.2,71.6,23.6,2.0,35.0,SI,Sinker,31.2,139,18.4,0.241,0.241,0.233,3.0,BASEBALL_SAVANT_CURRENT_SEASON,2026-08-20T23:43:02.137578+00:00,SAVANT_ARSENAL_SCHEMA_V1,CURRENT
688642,"Agnos, Zach",2026.0,315.0,46.0,14.6,7.9,21.2,50.7,0.354,0.286,0.46,41.4,7.9,72.2,26.7,13.0,34.0,ST,Sweeper,14.9,174,19.1,0.138,0.241,0.178,1.6,BASEBALL_SAVANT_CURRENT_SEASON,2026-08-20T23:43:02.137578+00:00,SAVANT_ARSENAL_SCHEMA_V1,CURRENT
685801,"Bigge, Hunter",2026.0,85.0,14.0,16.5,16.5,25.9,43.6,0.311,0.23,0.341,36.8,5.3,72.6,27.4,2.0,38.5,SL,Slider,41.1,131,14.0,0.261,0.478,0.408,-1.3,BASEBALL_SAVANT_CURRENT_SEASON,2026-08-20T23:43:02.137578+00:00,SAVANT_ARSENAL_SCHEMA_V1,CURRENT
663978,"Paddack, Chris",2026.0,267.0,40.0,15.0,7.1,21.4,50.1,0.342,0.28,0.45,36.9,8.4,72.3,27.7,6.0,33.7,FC,Cutter,13.1,133,12.5,0.28,0.68,0.485,-2.6,BASEBALL_SAVANT_CURRENT_SEASON,2026-08-20T23:43:02.137578+00:00,SAVANT_ARSENAL_SCHEMA_V1,CURRENT
685126,"Eisert, Brandon",2026.0,150.0,40.0,26.7,8.0,30.2,45.5,0.291,0.229,0.37,38.8,7.1,72.0,28.3,4.0,32.6,CH,Changeup,20.3,130,20.0,0.345,0.448,0.358,-2.3,BASEBALL_SAVANT_CURRENT_SEASON,2026-08-20T23:43:02.137578+00:00,SAVANT_ARSENAL_SCHEMA_V1,CURRENT
476594,"Stock, Robert",2026.0,81.0,19.0,23.5,13.6,26.8,48.3,0.331,0.227,0.366,27.1,10.4,72.3,23.3,6.0,26.2,FF,4-Seam Fastball,26.8,85,24.5,0.16,0.2,0.248,2.5,BASEBALL_SAVANT_CURRENT_SEASON,2026-08-20T23:43:02.137578+00:00,SAVANT_ARSENAL_SCHEMA_V1,CURRENT
664076,"Cleavinger, Garrett",2026.0,157.0,48.0,30.6,10.8,29.3,47.5,0.309,0.235,0.378,41.1,7.8,72.5,30.4,9.0,27.6,ST,Sweeper,13.5,85,30.6,0.28,0.48,0.293,-0.7,BASEBALL_SAVANT_CURRENT_SEASON,2026-08-20T23:43:02.137578+00:00,SAVANT_ARSENAL_SCHEMA_V1,CURRENT
628452,"Iglesias, Raisel",2026.0,188.0,49.0,26.1,7.4,30.2,52.9,0.286,0.223,0.361,37.1,9.8,71.9,27.6,0.0,26.8,SI,Sinker,20.2,144,17.6,0.333,0.5,0.428,0.4,BASEBALL_SAVANT_CURRENT_SEASON,2026-08-20T23:43:02.137578+00:00,SAVANT_ARSENAL_SCHEMA_V1,CURRENT
606996,"Hart, Kyle",2026.0,209.0,49.0,23.4,8.1,22.7,43.8,0.273,0.205,0.329,27.1,5.8,71.9,20.8,6.0,30.7,SL,Slider,15.1,125,16.7,0.321,0.571,0.436,-0.3,BASEBALL_SAVANT_CURRENT_SEASON,2026-08-20T23:43:02.137578+00:00,SAVANT_ARSENAL_SCHEMA_V1,CURRENT
622088,"Antone, Tejay",2026.0,175.0,38.0,21.7,7.4,25.9,47.3,0.293,0.221,0.362,34.7,7.1,72.1,25.5,6.0,34.5,FC,Cutter,17.0,115,13.3,0.182,0.364,0.305,1.5,BASEBALL_SAVANT_CURRENT_SEASON,2026-08-20T23:43:02.137578+00:00,SAVANT_ARSENAL_SCHEMA_V1,CURRENT
683004,"Leiter, Jack",2026.0,355.0,83.0,23.4,9.9,25.4,47.9,0.336,0.257,0.43,39.9,10.3,72.4,27.9,15.0,30.9,SI,Sinker,7.3,102,14.3,0.346,0.462,0.4,-1.1,BASEBALL_SAVANT_CURRENT_SEASON,2026-08-20T23:43:02.137578+00:00,SAVANT_ARSENAL_SCHEMA_V1,CURRENT
666171,"Zeferjahn, Ryan",2026.0,251.0,82.0,32.7,13.5,33.3,40.0,0.281,0.178,0.286,36.8,6.5,71.5,23.2,5.0,30.2,SL,Slider,10.3,110,18.2,0.25,0.333,0.373,0.0,BASEBALL_SAVANT_CURRENT_SEASON,2026-08-20T23:43:02.137578+00:00,SAVANT_ARSENAL_SCHEMA_V1,CURRENT
701552,"Granillo, Andre",2026.0,50.0,3.0,6.0,16.0,9.5,37.4,0.394,0.295,0.44,39.5,13.2,71.7,29.9,0.0,45.0,SL,Slider,59.6,118,12.0,0.321,0.571,0.402,-1.7,BASEBALL_SAVANT_CURRENT_SEASON,2026-08-20T23:43:02.137578+00:00,SAVANT_ARSENAL_SCHEMA_V1,CURRENT
688107,"Gasser, Robert",2026.0,314.0,68.0,21.7,6.1,22.2,50.7,0.316,0.251,0.408,34.1,6.8,72.4,29.2,5.0,27.6,CH,Changeup,9.1,111,16.7,0.286,0.5,0.36,-2.3,BASEBALL_SAVANT_CURRENT_SEASON,2026-08-20T23:43:02.137578+00:00,SAVANT_ARSENAL_SCHEMA_V1,CURRENT
687473,"Gusto, Ryan",2026.0,237.0,49.0,20.7,5.9,21.2,49.4,0.317,0.263,0.417,44.2,8.7,72.4,27.3,12.0,37.4,CH,Changeup,15.4,132,7.8,0.12,0.24,0.243,1.5,BASEBALL_SAVANT_CURRENT_SEASON,2026-08-20T23:43:02.137578+00:00,SAVANT_ARSENAL_SCHEMA_V1,CURRENT
696149,"Chandler, Bubba",2026.0,528.0,108.0,20.5,12.1,23.1,47.9,0.311,0.23,0.365,37.1,5.7,72.0,25.1,16.0,31.0,SI,Sinker,6.4,132,15.4,0.24,0.24,0.297,1.5,BASEBALL_SAVANT_CURRENT_SEASON,2026-08-20T23:43:02.137578+00:00,SAVANT_ARSENAL_SCHEMA_V1,CURRENT
572143,"Smith, Burch",2026.0,73.0,20.0,27.4,9.6,22.7,46.0,0.287,0.217,0.347,47.8,4.4,72.0,25.6,0.0,31.2,FF,4-Seam Fastball,43.6,125,26.8,0.231,0.5,0.358,0.0,BASEBALL_SAVANT_CURRENT_SEASON,2026-08-20T23:43:02.137578+00:00,SAVANT_ARSENAL_SCHEMA_V1,CURRENT
571948,"Milner, Hoby",2026.0,149.0,18.0,12.1,6.0,17.1,45.4,0.351,0.296,0.45,37.8,5.9,71.7,25.6,4.0,37.2,FF,4-Seam Fastball,13.7,78,10.6,0.231,0.308,0.297,-0.4,BASEBALL_SAVANT_CURRENT_SEASON,2026-08-20T23:43:02.137578+00:00,SAVANT_ARSENAL_SCHEMA_V1,CURRENT
605540,"Woodruff, Brandon",2026.0,174.0,47.0,27.0,5.7,23.6,51.0,0.263,0.2,0.358,34.5,7.8,72.4,27.2,3.0,29.4,CH,Changeup,21.3,136,25.6,0.133,0.167,0.132,2.6,BASEBALL_SAVANT_CURRENT_SEASON,2026-08-20T23:43:02.137578+00:00,SAVANT_ARSENAL_SCHEMA_V1,CURRENT
642547,"Peralta, Freddy",2026.0,573.0,123.0,21.5,9.2,26.4,47.1,0.312,0.242,0.383,39.4,6.1,71.8,23.9,21.0,30.5,ST,Sweeper,5.6,131,12.8,0.267,0.5,0.323,-0.8,BASEBALL_SAVANT_CURRENT_SEASON,2026-08-20T23:43:02.137578+00:00,SAVANT_ARSENAL_SCHEMA_V1,CURRENT
650633,"King, Michael",2026.0,610.0,128.0,21.0,9.5,24.8,46.4,0.321,0.239,0.402,32.4,8.5,72.6,31.1,15.0,29.7,SL,Slider,5.2,126,16.3,0.107,0.143,0.153,2.9,BASEBALL_SAVANT_CURRENT_SEASON,2026-08-20T23:43:02.137578+00:00,SAVANT_ARSENAL_SCHEMA_V1,CURRENT
687473,"Gusto, Ryan",2026.0,237.0,49.0,20.7,5.9,21.2,49.4,0.317,0.263,0.417,44.2,8.7,72.4,27.3,12.0,37.4,ST,Sweeper,13.3,114,17.9,0.241,0.448,0.305,0.5,BASEBALL_SAVANT_CURRENT_SEASON,2026-08-20T23:43:02.137578+00:00,SAVANT_ARSENAL_SCHEMA_V1,CURRENT
669854,"Blanco, Ronel",2026.0,101.0,20.0,19.8,11.9,25.8,50.8,0.354,0.246,0.469,36.8,11.8,71.7,22.5,3.0,31.5,FF,4-Seam Fastball,36.4,142,9.7,0.304,0.652,0.462,-2.4,BASEBALL_SAVANT_CURRENT_SEASON,2026-08-20T23:43:02.137578+00:00,SAVANT_ARSENAL_SCHEMA_V1,CURRENT
669713,"Wesneski, Hayden",2026.0,95.0,18.0,18.9,7.4,27.4,48.9,0.325,0.266,0.408,42.0,7.2,71.9,25.7,2.0,43.1,FF,4-Seam Fastball,24.9,80,17.9,0.214,0.321,0.263,-0.3,BASEBALL_SAVANT_CURRENT_SEASON,2026-08-20T23:43:02.137578+00:00,SAVANT_ARSENAL_SCHEMA_V1,CURRENT
548384,"Raley, Brooks",2026.0,195.0,48.0,24.6,8.2,23.8,47.1,0.286,0.218,0.344,30.5,5.5,72.1,23.2,5.0,30.0,SI,Sinker,21.1,153,8.3,0.208,0.333,0.355,0.3,BASEBALL_SAVANT_CURRENT_SEASON,2026-08-20T23:43:02.137578+00:00,SAVANT_ARSENAL_SCHEMA_V1,CURRENT
680744,"Madden, Ty",2026.0,146.0,37.0,25.3,8.2,24.4,49.2,0.259,0.2,0.302,30.2,5.2,72.0,30.8,10.0,25.1,FC,Cutter,19.0,114,31.0,0.111,0.222,0.197,3.4,BASEBALL_SAVANT_CURRENT_SEASON,2026-08-20T23:43:02.137578+00:00,SAVANT_ARSENAL_SCHEMA_V1,CURRENT
700842,"Rivera, Eduardo",2026.0,44.0,10.0,22.7,13.6,25.0,45.7,0.296,0.205,0.341,42.9,3.6,72.6,31.4,0.0,31.8,FF,4-Seam Fastball,54.3,114,14.3,0.208,0.292,0.3,1.6,BASEBALL_SAVANT_CURRENT_SEASON,2026-08-20T23:43:02.137578+00:00,SAVANT_ARSENAL_SCHEMA_V1,CURRENT
664076,"Cleavinger, Garrett",2026.0,157.0,48.0,30.6,10.8,29.3,47.5,0.309,0.235,0.378,41.1,7.8,72.5,30.4,9.0,27.6,FF,4-Seam Fastball,14.4,91,21.7,0.125,0.333,0.252,-1.5,BASEBALL_SAVANT_CURRENT_SEASON,2026-08-20T23:43:02.137578+00:00,SAVANT_ARSENAL_SCHEMA_V1,CURRENT
663460,"Bubic, Kris",2026.0,207.0,51.0,24.6,12.6,26.1,46.9,0.327,0.24,0.395,39.5,7.8,71.9,25.5,6.0,28.2,SI,Sinker,12.7,103,0.0,0.208,0.25,0.288,2.8,BASEBALL_SAVANT_CURRENT_SEASON,2026-08-20T23:43:02.137578+00:00,SAVANT_ARSENAL_SCHEMA_V1,CURRENT
669620,"Basso, Brady",2026.0,100.0,19.0,19.0,3.0,21.2,52.9,0.297,0.267,0.37,41.0,6.4,72.2,29.6,3.0,30.5,SL,Slider,21.0,75,29.6,0.31,0.517,0.352,-1.2,BASEBALL_SAVANT_CURRENT_SEASON,2026-08-20T23:43:02.137578+00:00,SAVANT_ARSENAL_SCHEMA_V1,CURRENT
696131,"Black, Mason",2026.0,130.0,19.0,14.6,14.6,19.2,40.5,0.387,0.283,0.475,46.7,10.0,72.0,22.8,0.0,42.4,ST,Sweeper,20.4,105,17.2,0.214,0.357,0.26,0.9,BASEBALL_SAVANT_CURRENT_SEASON,2026-08-20T23:43:02.137578+00:00,SAVANT_ARSENAL_SCHEMA_V1,CURRENT
681810,"Warren, Austin",2026.0,160.0,39.0,24.4,11.3,26.9,40.5,0.344,0.256,0.428,42.0,13.3,72.2,26.5,9.0,32.6,CU,Curveball,9.3,62,15.6,0.308,0.538,0.395,-6.5,BASEBALL_SAVANT_CURRENT_SEASON,2026-08-20T23:43:02.137578+00:00,SAVANT_ARSENAL_SCHEMA_V1,CURRENT
683003,"Jones, Jared",2026.0,269.0,72.0,26.8,7.8,31.0,48.3,0.297,0.219,0.392,39.1,8.6,72.5,28.3,9.0,33.1,CH,Changeup,12.2,128,20.0,0.25,0.393,0.322,-1.2,BASEBALL_SAVANT_CURRENT_SEASON,2026-08-20T23:43:02.137578+00:00,SAVANT_ARSENAL_SCHEMA_V1,CURRENT
675911,"Strider, Spencer",2026.0,165.0,46.0,27.9,12.1,30.7,46.6,0.29,0.188,0.359,36.7,11.2,72.3,25.1,7.0,28.6,CU,Curveball,14.5,100,33.3,0.111,0.259,0.191,-0.1,BASEBALL_SAVANT_CURRENT_SEASON,2026-08-20T23:43:02.137578+00:00,SAVANT_ARSENAL_SCHEMA_V1,CURRENT
641302,"Alexander, Tyler",2026.0,234.0,47.0,20.1,7.3,21.3,46.4,0.28,0.233,0.326,32.9,3.6,72.2,26.2,3.0,32.0,FC,Cutter,22.3,199,19.0,0.273,0.455,0.368,0.2,BASEBALL_SAVANT_CURRENT_SEASON,2026-08-20T23:43:02.137578+00:00,SAVANT_ARSENAL_SCHEMA_V1,CURRENT
699823,"Davis, Tyler",2026.0,106.0,22.0,20.8,14.2,23.4,50.0,0.288,0.219,0.324,43.5,4.3,71.0,20.1,3.0,32.1,SL,Slider,32.0,126,6.9,0.214,0.214,0.272,0.9,BASEBALL_SAVANT_CURRENT_SEASON,2026-08-20T23:43:02.137578+00:00,SAVANT_ARSENAL_SCHEMA_V1,CURRENT
689296,"Nunez, Anthony",2026.0,196.0,46.0,23.5,11.2,32.1,47.5,0.317,0.233,0.398,39.7,7.1,71.7,22.3,13.0,31.9,SI,Sinker,14.6,112,18.2,0.458,0.667,0.555,-2.7,BASEBALL_SAVANT_CURRENT_SEASON,2026-08-20T23:43:02.137578+00:00,SAVANT_ARSENAL_SCHEMA_V1,CURRENT
668390,"Winn, Cole",2026.0,197.0,42.0,21.3,7.6,27.1,53.9,0.336,0.271,0.44,42.4,6.5,72.3,29.7,6.0,32.7,FS,Split-Finger,14.2,101,27.6,0.345,0.586,0.397,-2.5,BASEBALL_SAVANT_CURRENT_SEASON,2026-08-20T23:43:02.137578+00:00,SAVANT_ARSENAL_SCHEMA_V1,CURRENT
663362,"Waldron, Matt",2026.0,169.0,31.0,18.3,5.9,16.8,48.2,0.3,0.237,0.39,38.1,6.3,71.3,23.0,3.0,37.2,FC,Cutter,20.3,125,35.3,0.286,0.286,0.248,2.7,BASEBALL_SAVANT_CURRENT_SEASON,2026-08-20T23:43:02.137578+00:00,SAVANT_ARSENAL_SCHEMA_V1,CURRENT
665871,"Assad, Javier",2026.0,332.0,55.0,16.6,6.3,14.9,44.3,0.326,0.264,0.431,45.5,7.1,71.8,24.8,10.0,38.0,CH,Changeup,7.7,100,17.1,0.31,0.655,0.405,-3.4,BASEBALL_SAVANT_CURRENT_SEASON,2026-08-20T23:43:02.137578+00:00,SAVANT_ARSENAL_SCHEMA_V1,CURRENT
660761,"Suarez, José",2026.0,258.0,60.0,23.3,9.7,26.7,48.6,0.302,0.25,0.342,32.4,2.4,71.9,25.3,6.0,29.9,SI,Sinker,8.5,86,0.0,0.462,0.615,0.518,-2.7,BASEBALL_SAVANT_CURRENT_SEASON,2026-08-20T23:43:02.137578+00:00,SAVANT_ARSENAL_SCHEMA_V1,CURRENT
675989,"Bolton, Cody",2026.0,95.0,22.0,23.2,14.7,19.6,41.7,0.38,0.276,0.472,48.3,10.3,72.5,32.6,1.0,30.3,FF,4-Seam Fastball,28.4,111,21.7,0.333,0.429,0.425,-1.8,BASEBALL_SAVANT_CURRENT_SEASON,2026-08-20T23:43:02.137578+00:00,SAVANT_ARSENAL_SCHEMA_V1,CURRENT
681751,"Estrada, Lazaro",2026.0,57.0,9.0,15.8,17.5,23.8,44.3,0.333,0.217,0.366,40.5,8.1,71.1,15.9,2.0,34.3,FF,4-Seam Fastball,44.3,101,17.6,0.2,0.35,0.355,-0.6,BASEBALL_SAVANT_CURRENT_SEASON,2026-08-20T23:43:02.137578+00:00,SAVANT_ARSENAL_SCHEMA_V1,CURRENT
701542,"Warren, Will",2026.0,535.0,122.0,22.8,8.0,22.4,43.8,0.332,0.266,0.427,43.7,8.0,72.6,30.5,15.0,37.6,CU,Curveball,5.2,108,17.9,0.357,0.571,0.409,-2.7,BASEBALL_SAVANT_CURRENT_SEASON,2026-08-20T23:43:02.137578+00:00,SAVANT_ARSENAL_SCHEMA_V1,CURRENT
669684,"Murphy, Chris",2026.0,132.0,29.0,22.0,11.4,30.7,51.2,0.294,0.211,0.321,34.5,7.1,71.2,18.9,2.0,28.6,CU,Curveball,22.0,116,23.8,0.115,0.115,0.197,1.5,BASEBALL_SAVANT_CURRENT_SEASON,2026-08-20T23:43:02.137578+00:00,SAVANT_ARSENAL_SCHEMA_V1,CURRENT
690953,"Abel, Mick",2026.0,93.0,23.0,24.7,10.8,28.8,49.6,0.349,0.274,0.413,40.4,5.3,70.9,15.5,1.0,25.6,FF,4-Seam Fastball,42.9,153,15.9,0.391,0.522,0.46,-0.3,BASEBALL_SAVANT_CURRENT_SEASON,2026-08-20T23:43:02.137578+00:00,SAVANT_ARSENAL_SCHEMA_V1,CURRENT
669020,"Rolison, Ryan",2026.0,202.0,47.0,23.3,11.4,21.3,44.3,0.316,0.241,0.377,41.5,6.8,72.5,28.8,9.0,31.4,ST,Sweeper,14.3,112,27.1,0.138,0.138,0.124,2.5,BASEBALL_SAVANT_CURRENT_SEASON,2026-08-20T23:43:02.137578+00:00,SAVANT_ARSENAL_SCHEMA_V1,CURRENT
547179,"Lorenzen, Michael",2026.0,562.0,82.0,14.6,8.7,18.1,44.3,0.374,0.302,0.495,46.4,9.4,72.3,29.0,14.0,38.6,ST,Sweeper,7.0,154,22.6,0.25,0.429,0.314,-1.4,BASEBALL_SAVANT_CURRENT_SEASON,2026-08-20T23:43:02.137578+00:00,SAVANT_ARSENAL_SCHEMA_V1,CURRENT
679775,"Backhus, Kyle",2026.0,94.0,20.0,21.3,6.4,19.6,43.2,0.308,0.247,0.385,30.3,4.6,71.1,22.4,2.0,34.3,ST,Sweeper,34.2,121,22.5,0.185,0.519,0.291,-0.1,BASEBALL_SAVANT_CURRENT_SEASON,2026-08-20T23:43:02.137578+00:00,SAVANT_ARSENAL_SCHEMA_V1,CURRENT
663903,"Singer, Brady",2026.0,557.0,104.0,18.7,7.5,25.1,44.4,0.343,0.271,0.447,40.5,9.2,72.3,30.6,12.0,38.6,FC,Cutter,7.2,157,0.0,0.385,0.769,0.54,-3.5,BASEBALL_SAVANT_CURRENT_SEASON,2026-08-20T23:43:02.137578+00:00,SAVANT_ARSENAL_SCHEMA_V1,CURRENT
701719,"Samaniego, Tyler",2026.0,90.0,17.0,18.9,8.9,21.6,44.3,0.331,0.268,0.398,36.5,3.2,71.6,25.9,2.0,44.9,FF,4-Seam Fastball,26.8,84,24.0,0.28,0.36,0.338,-0.2,BASEBALL_SAVANT_CURRENT_SEASON,2026-08-20T23:43:02.137578+00:00,SAVANT_ARSENAL_SCHEMA_V1,CURRENT
642232,"Yarbrough, Ryan",2026.0,195.0,32.0,16.4,9.7,23.4,47.5,0.286,0.224,0.317,22.9,3.6,71.2,20.4,4.0,29.1,SI,Sinker,13.4,100,6.3,0.346,0.5,0.431,0.3,BASEBALL_SAVANT_CURRENT_SEASON,2026-08-20T23:43:02.137578+00:00,SAVANT_ARSENAL_SCHEMA_V1,CURRENT
694346,"Gibson, Trey",2026.0,161.0,30.0,18.6,15.5,22.7,41.2,0.391,0.291,0.487,47.6,9.6,72.5,28.3,8.0,34.6,FF,4-Seam Fastball,19.2,119,30.0,0.304,0.348,0.374,-0.8,BASEBALL_SAVANT_CURRENT_SEASON,2026-08-20T23:43:02.137578+00:00,SAVANT_ARSENAL_SCHEMA_V1,CURRENT
592791,"Taillon, Jameson",2026.0,362.0,75.0,20.7,8.8,26.8,46.4,0.363,0.257,0.525,38.7,14.6,72.8,30.4,12.0,34.0,CU,Curveball,10.9,154,5.7,0.217,0.348,0.336,-0.8,BASEBALL_SAVANT_CURRENT_SEASON,2026-08-20T23:43:02.137578+00:00,SAVANT_ARSENAL_SCHEMA_V1,CURRENT
663893,"Little, Brendon",2026.0,84.0,24.0,28.6,20.2,37.5,42.2,0.335,0.226,0.394,46.5,9.3,72.0,28.1,6.0,35.7,CU,Curveball,32.3,110,23.3,0.222,0.407,0.297,-1.2,BASEBALL_SAVANT_CURRENT_SEASON,2026-08-20T23:43:02.137578+00:00,SAVANT_ARSENAL_SCHEMA_V1,CURRENT
689818,"Sandlin, David",2026.0,106.0,24.0,22.6,11.3,22.8,45.0,0.318,0.23,0.39,30.4,10.1,71.1,18.9,2.0,29.7,CU,Curveball,26.2,107,26.9,0.185,0.519,0.317,1.0,BASEBALL_SAVANT_CURRENT_SEASON,2026-08-20T23:43:02.137578+00:00,SAVANT_ARSENAL_SCHEMA_V1,CURRENT
668820,"Kranick, Max",2026.0,61.0,7.0,11.5,9.8,27.0,51.6,0.345,0.271,0.42,29.8,6.4,71.8,25.5,1.0,35.1,FF,4-Seam Fastball,40.9,88,7.7,0.45,0.9,0.602,-6.9,BASEBALL_SAVANT_CURRENT_SEASON,2026-08-20T23:43:02.137578+00:00,SAVANT_ARSENAL_SCHEMA_V1,CURRENT
640455,"Manaea, Sean",2026.0,481.0,113.0,23.5,7.7,23.1,49.9,0.327,0.25,0.419,41.8,9.5,71.6,22.1,22.0,31.9,FC,Cutter,6.9,131,17.2,0.346,0.731,0.502,-2.4,BASEBALL_SAVANT_CURRENT_SEASON,2026-08-20T23:43:02.137578+00:00,SAVANT_ARSENAL_SCHEMA_V1,CURRENT
669060,"Wilson, Bryse",2026.0,124.0,25.0,20.2,1.6,17.8,54.3,0.314,0.288,0.412,46.3,3.2,71.6,23.6,2.0,35.0,FF,4-Seam Fastball,18.8,84,25.7,0.346,0.538,0.404,-2.5,BASEBALL_SAVANT_CURRENT_SEASON,2026-08-20T23:43:02.137578+00:00,SAVANT_ARSENAL_SCHEMA_V1,CURRENT
665152,"Kremer, Dean",2026.0,217.0,53.0,24.4,7.4,28.4,46.1,0.315,0.236,0.44,33.8,7.4,71.7,22.6,6.0,33.2,SI,Sinker,15.2,131,25.0,0.28,0.56,0.421,-1.2,BASEBALL_SAVANT_CURRENT_SEASON,2026-08-20T23:43:02.137578+00:00,SAVANT_ARSENAL_SCHEMA_V1,CURRENT
579328,"Kikuchi, Yusei",2026.0,142.0,33.0,23.2,9.9,25.9,48.3,0.34,0.258,0.446,42.6,8.5,72.7,30.0,5.0,31.2,FS,Split-Finger,22.2,126,22.0,0.143,0.357,0.207,1.4,BASEBALL_SAVANT_CURRENT_SEASON,2026-08-20T23:43:02.137578+00:00,SAVANT_ARSENAL_SCHEMA_V1,CURRENT
696062,"Dotel, Wilber",2026.0,123.0,31.0,25.2,10.6,25.0,46.8,0.304,0.241,0.36,48.1,3.8,71.7,22.7,5.0,31.2,FC,Cutter,21.8,106,20.0,0.409,0.545,0.479,-1.0,BASEBALL_SAVANT_CURRENT_SEASON,2026-08-20T23:43:02.137578+00:00,SAVANT_ARSENAL_SCHEMA_V1,CURRENT
691725,"Painter, Andrew",2026.0,383.0,71.0,18.5,8.9,22.9,48.1,0.344,0.267,0.445,35.5,8.4,71.9,26.0,8.0,31.9,CU,Curveball,7.3,107,12.0,0.2,0.28,0.268,0.4,BASEBALL_SAVANT_CURRENT_SEASON,2026-08-20T23:43:02.137578+00:00,SAVANT_ARSENAL_SCHEMA_V1,CURRENT
678394,"Bello, Brayan",2026.0,385.0,67.0,17.4,7.3,24.9,49.2,0.351,0.294,0.466,42.3,8.0,72.6,29.9,8.0,37.5,FF,4-Seam Fastball,6.7,96,8.9,0.44,0.6,0.506,-5.6,BASEBALL_SAVANT_CURRENT_SEASON,2026-08-20T23:43:02.137578+00:00,SAVANT_ARSENAL_SCHEMA_V1,CURRENT
686753,"Jameson, Drey",2026.0,76.0,13.0,17.1,11.8,29.3,46.2,0.322,0.25,0.369,28.3,5.7,71.9,24.6,1.0,34.9,SL,Slider,34.2,91,32.0,0.308,0.462,0.359,0.7,BASEBALL_SAVANT_CURRENT_SEASON,2026-08-20T23:43:02.137578+00:00,SAVANT_ARSENAL_SCHEMA_V1,CURRENT
571510,"Boyd, Matthew",2026.0,354.0,68.0,19.2,7.3,22.3,49.1,0.341,0.267,0.448,37.9,10.3,71.8,24.4,7.0,30.8,CU,Curveball,12.5,166,22.5,0.083,0.167,0.189,1.3,BASEBALL_SAVANT_CURRENT_SEASON,2026-08-20T23:43:02.137578+00:00,SAVANT_ARSENAL_SCHEMA_V1,CURRENT
679883,"Avila, Luinder",2026.0,309.0,61.0,19.7,13.6,23.9,42.4,0.339,0.251,0.396,35.3,5.9,72.0,23.7,12.0,28.4,CH,Changeup,10.3,133,22.0,0.259,0.333,0.275,-0.6,BASEBALL_SAVANT_CURRENT_SEASON,2026-08-20T23:43:02.137578+00:00,SAVANT_ARSENAL_SCHEMA_V1,CURRENT
681217,"Silseth, Chase",2026.0,210.0,55.0,26.2,13.3,32.0,47.5,0.311,0.225,0.379,32.0,9.6,71.9,26.9,7.0,29.6,SI,Sinker,14.4,122,9.1,0.435,0.696,0.517,-2.1,BASEBALL_SAVANT_CURRENT_SEASON,2026-08-20T23:43:02.137578+00:00,SAVANT_ARSENAL_SCHEMA_V1,CURRENT
671382,"Foster, Cameron",2026.0,49.0,9.0,18.4,16.3,27.9,45.5,0.336,0.254,0.358,28.1,6.5,71.4,29.9,0.0,24.6,FF,4-Seam Fastball,58.2,110,20.8,0.381,0.429,0.445,-1.5,BASEBALL_SAVANT_CURRENT_SEASON,2026-08-20T23:43:02.137578+00:00,SAVANT_ARSENAL_SCHEMA_V1,CURRENT
646241,"De Jesus, Enmanuel",2026.0,177.0,39.0,22.0,8.5,24.3,47.5,0.324,0.254,0.409,43.8,7.4,71.6,22.1,4.0,38.9,SI,Sinker,13.2,88,25.0,0.346,0.462,0.377,0.7,BASEBALL_SAVANT_CURRENT_SEASON,2026-08-20T23:43:02.137578+00:00,SAVANT_ARSENAL_SCHEMA_V1,CURRENT
687473,"Gusto, Ryan",2026.0,237.0,49.0,20.7,5.9,21.2,49.4,0.317,0.263,0.417,44.2,8.7,72.4,27.3,12.0,37.4,FC,Cutter,13.5,116,9.1,0.231,0.308,0.3,1.6,BASEBALL_SAVANT_CURRENT_SEASON,2026-08-20T23:43:02.137578+00:00,SAVANT_ARSENAL_SCHEMA_V1,CURRENT
686930,"Barnett, Mason",2026.0,185.0,38.0,20.5,13.0,22.2,43.6,0.349,0.25,0.446,37.2,9.9,72.0,25.3,5.0,33.5,ST,Sweeper,14.8,110,12.5,0.286,0.643,0.42,-3.1,BASEBALL_SAVANT_CURRENT_SEASON,2026-08-20T23:43:02.137578+00:00,SAVANT_ARSENAL_SCHEMA_V1,CURRENT
686560,"Collyer, Gavin",2026.0,105.0,22.0,21.0,18.1,27.1,37.2,0.318,0.192,0.278,29.3,3.4,71.8,24.8,2.0,31.8,ST,Sweeper,22.2,99,19.0,0.192,0.308,0.248,0.4,BASEBALL_SAVANT_CURRENT_SEASON,2026-08-20T23:43:02.137578+00:00,SAVANT_ARSENAL_SCHEMA_V1,CURRENT
642701,"Santana, Dennis",2026.0,187.0,37.0,19.8,11.2,25.8,49.8,0.35,0.262,0.454,40.9,9.4,72.1,28.2,6.0,34.8,SI,Sinker,12.4,88,12.5,0.269,0.423,0.313,0.0,BASEBALL_SAVANT_CURRENT_SEASON,2026-08-20T23:43:02.137578+00:00,SAVANT_ARSENAL_SCHEMA_V1,CURRENT
689441,"Crow, Coleman",2026.0,85.0,10.0,11.8,7.1,16.3,51.9,0.34,0.269,0.448,36.8,7.4,72.0,31.5,1.0,35.5,FC,Cutter,36.3,107,6.7,0.348,0.609,0.409,-0.7,BASEBALL_SAVANT_CURRENT_SEASON,2026-08-20T23:43:02.137578+00:00,SAVANT_ARSENAL_SCHEMA_V1,CURRENT
594580,"Moll, Sam",2026.0,230.0,51.0,22.2,12.6,22.9,42.3,0.33,0.239,0.361,34.7,6.1,72.0,25.7,7.0,28.3,CH,Changeup,16.0,155,15.1,0.095,0.238,0.273,-0.5,BASEBALL_SAVANT_CURRENT_SEASON,2026-08-20T23:43:02.137578+00:00,SAVANT_ARSENAL_SCHEMA_V1,CURRENT
542888,"Armstrong, Shawn",2026.0,146.0,33.0,22.6,13.0,24.1,48.6,0.309,0.209,0.363,34.8,6.5,71.3,16.9,1.0,25.5,ST,Sweeper,27.5,164,17.6,0.167,0.25,0.254,0.0,BASEBALL_SAVANT_CURRENT_SEASON,2026-08-20T23:43:02.137578+00:00,SAVANT_ARSENAL_SCHEMA_V1,CURRENT
571927,"Matz, Steven",2026.0,282.0,49.0,17.4,7.4,21.1,47.3,0.352,0.278,0.48,35.2,12.4,71.8,25.0,6.0,33.7,CU,Curveball,12.5,139,23.1,0.185,0.333,0.213,0.8,BASEBALL_SAVANT_CURRENT_SEASON,2026-08-20T23:43:02.137578+00:00,SAVANT_ARSENAL_SCHEMA_V1,CURRENT
690928,"Dobbins, Hunter",2026.0,212.0,49.0,23.1,9.9,22.9,45.1,0.3,0.23,0.357,38.6,6.4,72.3,25.1,3.0,32.6,SL,Slider,16.9,144,17.1,0.12,0.28,0.206,1.8,BASEBALL_SAVANT_CURRENT_SEASON,2026-08-20T23:43:02.137578+00:00,SAVANT_ARSENAL_SCHEMA_V1,CURRENT
676917,"Cavalli, Cade",2026.0,600.0,162.0,27.0,7.0,25.9,47.6,0.303,0.24,0.372,41.4,7.1,72.0,24.9,32.0,30.9,FC,Cutter,5.6,130,3.6,0.269,0.615,0.367,0.7,BASEBALL_SAVANT_CURRENT_SEASON,2026-08-20T23:43:02.137578+00:00,SAVANT_ARSENAL_SCHEMA_V1,CURRENT
702193,"Morris, Andrew",2026.0,252.0,56.0,22.2,8.7,21.9,47.0,0.268,0.217,0.309,33.1,3.5,71.5,26.4,7.0,26.1,ST,Sweeper,10.1,104,12.1,0.16,0.2,0.231,-0.2,BASEBALL_SAVANT_CURRENT_SEASON,2026-08-20T23:43:02.137578+00:00,SAVANT_ARSENAL_SCHEMA_V1,CURRENT
668970,"Hollowell, Gavin",2026.0,62.0,13.0,21.0,12.9,27.8,42.7,0.351,0.24,0.447,35.0,15.0,71.8,22.8,2.0,36.2,FF,4-Seam Fastball,36.4,92,17.9,0.043,0.087,0.15,4.5,BASEBALL_SAVANT_CURRENT_SEASON,2026-08-20T23:43:02.137578+00:00,SAVANT_ARSENAL_SCHEMA_V1,CURRENT
642528,"Loáisiga, Jonathan",2026.0,202.0,36.0,17.8,5.4,22.5,52.8,0.275,0.23,0.348,33.1,4.5,71.5,22.7,5.0,28.8,CU,Curveball,15.9,120,12.2,0.24,0.4,0.28,0.5,BASEBALL_SAVANT_CURRENT_SEASON,2026-08-20T23:43:02.137578+00:00,SAVANT_ARSENAL_SCHEMA_V1,CURRENT
650644,"Civale, Aaron",2026.0,410.0,74.0,18.0,6.8,21.2,46.8,0.336,0.268,0.452,43.8,9.2,71.8,25.4,8.0,37.8,FS,Split-Finger,6.1,96,5.9,0.407,0.519,0.406,-2.9,BASEBALL_SAVANT_CURRENT_SEASON,2026-08-20T23:43:02.137578+00:00,SAVANT_ARSENAL_SCHEMA_V1,CURRENT
605130,"Barlow, Scott",2026.0,153.0,29.0,19.0,13.1,33.1,42.7,0.358,0.236,0.448,36.1,9.3,71.8,26.0,5.0,37.7,FF,4-Seam Fastball,13.1,76,25.0,0.35,0.9,0.563,-3.4,BASEBALL_SAVANT_CURRENT_SEASON,2026-08-20T23:43:02.137578+00:00,SAVANT_ARSENAL_SCHEMA_V1,CURRENT
608372,"Sugano, Tomoyuki",2026.0,498.0,69.0,13.9,5.4,18.2,46.2,0.395,0.312,0.57,43.8,13.5,73.3,33.0,13.0,37.9,CU,Curveball,7.0,133,10.7,0.192,0.308,0.233,0.3,BASEBALL_SAVANT_CURRENT_SEASON,2026-08-20T23:43:02.137578+00:00,SAVANT_ARSENAL_SCHEMA_V1,CURRENT
682243,"Miller, Bryce",2026.0,354.0,87.0,24.6,5.1,25.9,55.6,0.271,0.215,0.364,33.1,7.3,72.7,28.7,11.0,26.3,ST,Sweeper,6.8,93,17.0,0.148,0.148,0.133,2.3,BASEBALL_SAVANT_CURRENT_SEASON,2026-08-20T23:43:02.137578+00:00,SAVANT_ARSENAL_SCHEMA_V1,CURRENT
678906,"Teng, Kai-Wei",2026.0,301.0,67.0,22.3,10.0,25.2,44.1,0.334,0.245,0.398,39.4,7.8,71.9,23.8,13.0,36.5,CU,Curveball,9.7,113,29.3,0.227,0.364,0.337,-1.5,BASEBALL_SAVANT_CURRENT_SEASON,2026-08-20T23:43:02.137578+00:00,SAVANT_ARSENAL_SCHEMA_V1,CURRENT
668964,"Myers, Tobias",2026.0,198.0,33.0,16.7,6.6,17.8,52.3,0.332,0.277,0.439,46.1,6.0,71.9,24.2,3.0,37.6,SL,Slider,16.2,115,8.7,0.32,0.6,0.411,-3.3,BASEBALL_SAVANT_CURRENT_SEASON,2026-08-20T23:43:02.137578+00:00,SAVANT_ARSENAL_SCHEMA_V1,CURRENT
640448,"Finnegan, Kyle",2026.0,226.0,40.0,17.7,13.7,25.9,46.2,0.348,0.251,0.43,43.5,9.1,72.5,25.8,6.0,35.3,SL,Slider,14.9,130,16.7,0.25,0.375,0.319,-0.8,BASEBALL_SAVANT_CURRENT_SEASON,2026-08-20T23:43:02.137578+00:00,SAVANT_ARSENAL_SCHEMA_V1,CURRENT
680742,"Bowlan, Jonathan",2026.0,187.0,58.0,31.0,7.0,32.4,49.7,0.254,0.195,0.3,36.0,5.3,71.4,20.4,8.0,27.3,SI,Sinker,11.9,92,12.5,0.375,0.375,0.462,-1.2,BASEBALL_SAVANT_CURRENT_SEASON,2026-08-20T23:43:02.137578+00:00,SAVANT_ARSENAL_SCHEMA_V1,CURRENT
678906,"Teng, Kai-Wei",2026.0,301.0,67.0,22.3,10.0,25.2,44.1,0.334,0.245,0.398,39.4,7.8,71.9,23.8,13.0,36.5,CH,Changeup,10.2,118,8.1,0.346,0.538,0.393,-3.3,BASEBALL_SAVANT_CURRENT_SEASON,2026-08-20T23:43:02.137578+00:00,SAVANT_ARSENAL_SCHEMA_V1,CURRENT
656550,"Holmes, Grant",2026.0,507.0,97.0,19.1,10.1,26.9,48.3,0.336,0.254,0.432,43.0,9.0,72.9,31.1,25.0,38.5,CH,Changeup,6.2,116,16.0,0.042,0.042,0.119,2.2,BASEBALL_SAVANT_CURRENT_SEASON,2026-08-20T23:43:02.137578+00:00,SAVANT_ARSENAL_SCHEMA_V1,CURRENT
695380,"Hoppe, Alex",2026.0,144.0,39.0,27.1,9.0,28.1,46.3,0.292,0.243,0.335,40.7,3.3,72.2,25.9,14.0,35.6,SI,Sinker,17.9,99,14.3,0.24,0.28,0.265,2.0,BASEBALL_SAVANT_CURRENT_SEASON,2026-08-20T23:43:02.137578+00:00,SAVANT_ARSENAL_SCHEMA_V1,CURRENT
641745,"Keller, Brad",2026.0,135.0,32.0,23.7,9.6,22.5,45.0,0.284,0.226,0.313,31.8,4.6,71.1,20.4,7.0,28.2,SI,Sinker,19.9,106,19.0,0.273,0.318,0.302,1.9,BASEBALL_SAVANT_CURRENT_SEASON,2026-08-20T23:43:02.137578+00:00,SAVANT_ARSENAL_SCHEMA_V1,CURRENT
677961,"Wilcox, Cole",2026.0,123.0,28.0,22.8,13.8,31.4,46.3,0.355,0.284,0.404,46.1,6.7,71.3,21.3,3.0,33.6,FF,4-Seam Fastball,27.7,135,17.1,0.238,0.429,0.376,-0.2,BASEBALL_SAVANT_CURRENT_SEASON,2026-08-20T23:43:02.137578+00:00,SAVANT_ARSENAL_SCHEMA_V1,CURRENT
697812,"Rock, Joe",2026.0,53.0,12.0,22.6,20.8,27.4,43.1,0.39,0.267,0.402,57.1,3.6,71.7,22.4,1.0,43.8,SL,Slider,37.4,73,32.0,0.261,0.261,0.304,0.2,BASEBALL_SAVANT_CURRENT_SEASON,2026-08-20T23:43:02.137578+00:00,SAVANT_ARSENAL_SCHEMA_V1,CURRENT
696147,"Bachman, Sam",2026.0,198.0,46.0,23.2,13.6,33.1,44.0,0.298,0.213,0.318,32.0,7.5,71.9,24.6,7.0,30.7,CH,Changeup,14.5,110,20.0,0.304,0.652,0.427,-2.7,BASEBALL_SAVANT_CURRENT_SEASON,2026-08-20T23:43:02.137578+00:00,SAVANT_ARSENAL_SCHEMA_V1,CURRENT
693312,"Nicolas, Kyle",2026.0,42.0,7.0,16.7,31.0,23.7,29.8,0.434,0.272,0.444,31.8,5.0,72.1,19.6,0.0,23.3,FF,4-Seam Fastball,48.5,96,20.8,0.294,0.529,0.48,-3.0,BASEBALL_SAVANT_CURRENT_SEASON,2026-08-20T23:43:02.137578+00:00,SAVANT_ARSENAL_SCHEMA_V1,CURRENT
695549,"Jobe, Jackson",2026.0,61.0,11.0,18.0,8.2,19.5,48.9,0.378,0.282,0.482,40.5,12.2,71.8,27.0,2.0,31.0,FF,4-Seam Fastball,40.3,93,24.1,0.32,0.64,0.426,-2.6,BASEBALL_SAVANT_CURRENT_SEASON,2026-08-20T23:43:02.137578+00:00,SAVANT_ARSENAL_SCHEMA_V1,CURRENT
623465,"Phillips, Evan",2026.0,60.0,14.0,23.3,6.7,23.9,46.6,0.332,0.243,0.498,38.1,14.3,71.7,24.2,2.0,36.8,FF,4-Seam Fastball,45.7,107,30.0,0.231,0.346,0.267,1.0,BASEBALL_SAVANT_CURRENT_SEASON,2026-08-20T23:43:02.137578+00:00,SAVANT_ARSENAL_SCHEMA_V1,CURRENT
677020,"Walker, Josh",2026.0,70.0,15.0,21.4,8.6,19.4,50.4,0.275,0.226,0.326,39.6,4.2,71.9,29.4,0.0,31.6,SL,Slider,44.0,117,20.9,0.125,0.292,0.239,1.1,BASEBALL_SAVANT_CURRENT_SEASON,2026-08-20T23:43:02.137578+00:00,SAVANT_ARSENAL_SCHEMA_V1,CURRENT
656529,"Hentges, Sam",2026.0,136.0,32.0,23.5,16.2,27.8,42.3,0.3,0.204,0.287,30.4,3.8,72.0,28.4,10.0,32.9,SL,Slider,24.4,135,7.5,0.333,0.333,0.319,-0.7,BASEBALL_SAVANT_CURRENT_SEASON,2026-08-20T23:43:02.137578+00:00,SAVANT_ARSENAL_SCHEMA_V1,CURRENT
663855,"Hicks, Jordan",2026.0,168.0,45.0,26.8,14.9,25.2,44.1,0.268,0.207,0.261,33.0,1.0,70.7,19.4,4.0,28.3,FF,4-Seam Fastball,15.8,104,20.3,0.042,0.083,0.124,3.4,BASEBALL_SAVANT_CURRENT_SEASON,2026-08-20T23:43:02.137578+00:00,SAVANT_ARSENAL_SCHEMA_V1,CURRENT
663738,"Lynch IV, Daniel",2026.0,218.0,41.0,18.8,7.3,27.3,47.1,0.295,0.236,0.37,35.8,5.7,72.1,25.8,7.0,36.0,FF,4-Seam Fastball,15.4,122,9.5,0.35,0.8,0.535,-4.9,BASEBALL_SAVANT_CURRENT_SEASON,2026-08-20T23:43:02.137578+00:00,SAVANT_ARSENAL_SCHEMA_V1,CURRENT
642121,"Sulser, Cole",2026.0,197.0,48.0,24.4,7.1,26.9,51.3,0.325,0.253,0.461,39.3,11.9,72.3,29.9,8.0,28.3,FC,Cutter,11.5,89,16.7,0.32,0.36,0.317,0.6,BASEBALL_SAVANT_CURRENT_SEASON,2026-08-20T23:43:02.137578+00:00,SAVANT_ARSENAL_SCHEMA_V1,CURRENT
641312,"Anderson, Shaun",2026.0,93.0,17.0,18.3,10.8,26.6,45.0,0.391,0.303,0.515,38.5,9.2,73.0,30.5,3.0,32.4,FF,4-Seam Fastball,26.8,94,16.7,0.217,0.217,0.27,1.2,BASEBALL_SAVANT_CURRENT_SEASON,2026-08-20T23:43:02.137578+00:00,SAVANT_ARSENAL_SCHEMA_V1,CURRENT
805427,"Sommers, Drew",2026.0,103.0,38.0,36.9,10.7,34.1,50.2,0.229,0.172,0.234,22.6,1.9,70.4,14.0,9.0,20.3,FF,4-Seam Fastball,28.5,118,31.6,0.154,0.192,0.172,2.1,BASEBALL_SAVANT_CURRENT_SEASON,2026-08-20T23:43:02.137578+00:00,SAVANT_ARSENAL_SCHEMA_V1,CURRENT
500779,"Quintana, Jose",2026.0,181.0,20.0,11.0,9.4,21.1,47.0,0.343,0.275,0.441,32.9,8.4,72.9,31.0,5.0,35.7,CU,Curveball,15.7,108,7.1,0.25,0.417,0.358,0.3,BASEBALL_SAVANT_CURRENT_SEASON,2026-08-20T23:43:02.137578+00:00,SAVANT_ARSENAL_SCHEMA_V1,CURRENT
663423,"Thornton, Trent",2026.0,153.0,22.0,14.4,9.8,21.7,49.5,0.328,0.253,0.428,45.6,8.7,72.4,29.1,6.0,37.0,ST,Sweeper,17.6,99,10.8,0.208,0.25,0.24,0.5,BASEBALL_SAVANT_CURRENT_SEASON,2026-08-20T23:43:02.137578+00:00,SAVANT_ARSENAL_SCHEMA_V1,CURRENT
687911,"King, Bryan",2026.0,228.0,43.0,18.9,8.3,18.5,49.5,0.305,0.243,0.363,37.3,5.7,71.4,19.3,8.0,30.2,SI,Sinker,13.6,119,16.7,0.16,0.2,0.258,2.8,BASEBALL_SAVANT_CURRENT_SEASON,2026-08-20T23:43:02.137578+00:00,SAVANT_ARSENAL_SCHEMA_V1,CURRENT
678606,"Ferrer, José A.",2026.0,229.0,43.0,18.8,6.1,19.8,51.0,0.294,0.238,0.368,35.9,6.0,71.2,21.6,6.0,30.7,SL,Slider,12.0,100,15.6,0.304,0.391,0.372,-2.5,BASEBALL_SAVANT_CURRENT_SEASON,2026-08-20T23:43:02.137578+00:00,SAVANT_ARSENAL_SCHEMA_V1,CURRENT
695239,"Ahlstrom, Robby",2026.0,118.0,26.0,22.0,6.8,27.6,49.0,0.311,0.255,0.392,33.3,6.2,72.5,29.6,1.0,24.5,SI,Sinker,22.6,107,30.8,0.36,0.4,0.352,0.8,BASEBALL_SAVANT_CURRENT_SEASON,2026-08-20T23:43:02.137578+00:00,SAVANT_ARSENAL_SCHEMA_V1,CURRENT
695239,"Ahlstrom, Robby",2026.0,118.0,26.0,22.0,6.8,27.6,49.0,0.311,0.255,0.392,33.3,6.2,72.5,29.6,1.0,24.5,FF,4-Seam Fastball,33.0,156,13.8,0.238,0.476,0.377,-1.1,BASEBALL_SAVANT_CURRENT_SEASON,2026-08-20T23:43:02.137578+00:00,SAVANT_ARSENAL_SCHEMA_V1,CURRENT
686613,"Brown, Hunter",2026.0,291.0,72.0,24.7,13.7,26.2,40.8,0.303,0.206,0.34,37.1,6.3,71.7,23.7,11.0,29.2,CH,Changeup,9.8,117,13.6,0.3,0.6,0.452,-1.5,BASEBALL_SAVANT_CURRENT_SEASON,2026-08-20T23:43:02.137578+00:00,SAVANT_ARSENAL_SCHEMA_V1,CURRENT
807743,"Sullivan, Sean",2026.0,114.0,16.0,14.0,9.6,16.2,47.8,0.335,0.241,0.431,34.5,9.5,72.2,28.2,1.0,34.6,CH,Changeup,15.8,65,16.0,0.208,0.417,0.296,-2.9,BASEBALL_SAVANT_CURRENT_SEASON,2026-08-20T23:43:02.137578+00:00,SAVANT_ARSENAL_SCHEMA_V1,CURRENT
670280,"Bednar, David",2026.0,227.0,64.0,28.2,7.9,31.4,53.4,0.247,0.201,0.279,34.3,3.5,72.1,26.1,5.0,25.8,CU,Curveball,18.9,179,18.2,0.304,0.565,0.381,-0.9,BASEBALL_SAVANT_CURRENT_SEASON,2026-08-20T23:43:02.137578+00:00,SAVANT_ARSENAL_SCHEMA_V1,CURRENT
642232,"Yarbrough, Ryan",2026.0,195.0,32.0,16.4,9.7,23.4,47.5,0.286,0.224,0.317,22.9,3.6,71.2,20.4,4.0,29.1,FF,4-Seam Fastball,17.6,131,13.3,0.15,0.45,0.383,-0.8,BASEBALL_SAVANT_CURRENT_SEASON,2026-08-20T23:43:02.137578+00:00,SAVANT_ARSENAL_SCHEMA_V1,CURRENT
643377,"Jax, Griffin",2026.0,379.0,100.0,26.4,7.9,31.2,48.6,0.323,0.252,0.418,39.7,9.3,72.6,30.4,10.0,34.5,CU,Curveball,9.2,129,28.6,0.154,0.192,0.158,0.8,BASEBALL_SAVANT_CURRENT_SEASON,2026-08-20T23:43:02.137578+00:00,SAVANT_ARSENAL_SCHEMA_V1,CURRENT
663423,"Thornton, Trent",2026.0,153.0,22.0,14.4,9.8,21.7,49.5,0.328,0.253,0.428,45.6,8.7,72.4,29.1,6.0,37.0,FC,Cutter,22.2,125,26.7,0.192,0.385,0.242,0.3,BASEBALL_SAVANT_CURRENT_SEASON,2026-08-20T23:43:02.137578+00:00,SAVANT_ARSENAL_SCHEMA_V1,CURRENT
665660,"Alvarado, Elvis",2026.0,164.0,48.0,29.3,11.6,32.0,51.3,0.336,0.208,0.447,49.5,16.8,72.3,28.1,2.0,29.1,SI,Sinker,13.8,95,0.0,0.333,0.5,0.419,-1.1,BASEBALL_SAVANT_CURRENT_SEASON,2026-08-20T23:43:02.137578+00:00,SAVANT_ARSENAL_SCHEMA_V1,CURRENT
676083,"Junk, Janson",2026.0,396.0,66.0,16.7,6.6,15.1,48.6,0.316,0.259,0.408,40.4,6.6,72.5,31.0,6.0,34.1,CU,Curveball,7.7,115,12.5,0.28,0.48,0.338,-0.5,BASEBALL_SAVANT_CURRENT_SEASON,2026-08-20T23:43:02.137578+00:00,SAVANT_ARSENAL_SCHEMA_V1,CURRENT
656641,"Latz, Jacob",2026.0,206.0,58.0,28.2,7.3,28.9,53.0,0.242,0.184,0.302,37.6,5.3,72.4,29.7,12.0,24.4,SL,Slider,18.7,165,15.9,0.24,0.44,0.304,-0.5,BASEBALL_SAVANT_CURRENT_SEASON,2026-08-20T23:43:02.137578+00:00,SAVANT_ARSENAL_SCHEMA_V1,CURRENT
571948,"Milner, Hoby",2026.0,149.0,18.0,12.1,6.0,17.1,45.4,0.351,0.296,0.45,37.8,5.9,71.7,25.6,4.0,37.2,CH,Changeup,15.7,89,7.7,0.348,0.478,0.373,-2.0,BASEBALL_SAVANT_CURRENT_SEASON,2026-08-20T23:43:02.137578+00:00,SAVANT_ARSENAL_SCHEMA_V1,CURRENT
642701,"Santana, Dennis",2026.0,187.0,37.0,19.8,11.2,25.8,49.8,0.35,0.262,0.454,40.9,9.4,72.1,28.2,6.0,34.8,CH,Changeup,15.0,106,12.8,0.28,0.68,0.41,-3.1,BASEBALL_SAVANT_CURRENT_SEASON,2026-08-20T23:43:02.137578+00:00,SAVANT_ARSENAL_SCHEMA_V1,CURRENT
668984,"Legumina, Casey",2026.0,229.0,40.0,17.5,5.7,21.4,52.4,0.323,0.267,0.41,36.6,7.1,72.2,27.5,7.0,31.4,ST,Sweeper,12.0,102,14.3,0.435,0.652,0.442,-3.1,BASEBALL_SAVANT_CURRENT_SEASON,2026-08-20T23:43:02.137578+00:00,SAVANT_ARSENAL_SCHEMA_V1,CURRENT
687473,"Gusto, Ryan",2026.0,237.0,49.0,20.7,5.9,21.2,49.4,0.317,0.263,0.417,44.2,8.7,72.4,27.3,12.0,37.4,SI,Sinker,12.9,111,25.0,0.417,0.625,0.504,-2.0,BASEBALL_SAVANT_CURRENT_SEASON,2026-08-20T23:43:02.137578+00:00,SAVANT_ARSENAL_SCHEMA_V1,CURRENT
606996,"Hart, Kyle",2026.0,209.0,49.0,23.4,8.1,22.7,43.8,0.273,0.205,0.329,27.1,5.8,71.9,20.8,6.0,30.7,FF,4-Seam Fastball,8.7,72,21.9,0.19,0.429,0.328,-2.3,BASEBALL_SAVANT_CURRENT_SEASON,2026-08-20T23:43:02.137578+00:00,SAVANT_ARSENAL_SCHEMA_V1,CURRENT
680916,"Aleman, Franco",2026.0,82.0,22.0,26.8,9.8,27.3,44.9,0.277,0.203,0.305,40.0,4.0,72.1,28.5,2.0,26.8,SL,Slider,25.1,84,26.9,0.348,0.522,0.44,-3.0,BASEBALL_SAVANT_CURRENT_SEASON,2026-08-20T23:43:02.137578+00:00,SAVANT_ARSENAL_SCHEMA_V1,CURRENT
696519,"Natera Jr., Samy",2026.0,104.0,42.0,40.4,9.6,37.3,47.6,0.219,0.147,0.231,31.4,5.9,72.5,27.6,4.0,20.6,SL,Slider,18.0,83,38.5,0.13,0.261,0.227,-0.2,BASEBALL_SAVANT_CURRENT_SEASON,2026-08-20T23:43:02.137578+00:00,SAVANT_ARSENAL_SCHEMA_V1,CURRENT
641401,"Brogdon, Connor",2026.0,67.0,14.0,20.9,4.5,26.7,49.1,0.345,0.258,0.514,44.0,14.0,71.8,25.9,2.0,36.4,CH,Changeup,39.0,104,15.8,0.208,0.375,0.374,-0.7,BASEBALL_SAVANT_CURRENT_SEASON,2026-08-20T23:43:02.137578+00:00,SAVANT_ARSENAL_SCHEMA_V1,CURRENT
665871,"Assad, Javier",2026.0,332.0,55.0,16.6,6.3,14.9,44.3,0.326,0.264,0.431,45.5,7.1,71.8,24.8,10.0,38.0,FC,Cutter,12.3,161,0.0,0.304,0.609,0.456,-1.7,BASEBALL_SAVANT_CURRENT_SEASON,2026-08-20T23:43:02.137578+00:00,SAVANT_ARSENAL_SCHEMA_V1,CURRENT
640454,"Krook, Matt",2026.0,46.0,9.0,19.6,21.7,25.7,41.3,0.417,0.293,0.448,36.0,4.0,71.0,24.6,2.0,28.9,ST,Sweeper,52.0,93,21.2,0.3,0.7,0.481,-4.0,BASEBALL_SAVANT_CURRENT_SEASON,2026-08-20T23:43:02.137578+00:00,SAVANT_ARSENAL_SCHEMA_V1,CURRENT
592094,"Adam, Jason",2026.0,134.0,22.0,16.4,6.0,28.6,53.4,0.288,0.224,0.371,36.3,6.9,72.7,30.3,3.0,30.8,FF,4-Seam Fastball,22.9,126,4.1,0.273,0.864,0.498,-2.6,BASEBALL_SAVANT_CURRENT_SEASON,2026-08-20T23:43:02.137578+00:00,SAVANT_ARSENAL_SCHEMA_V1,CURRENT
683232,"Mears, Nick",2026.0,83.0,15.0,18.1,13.3,18.7,44.0,0.382,0.298,0.506,50.9,12.5,72.2,25.6,5.0,33.9,SL,Slider,27.3,93,17.4,0.318,0.682,0.45,-4.2,BASEBALL_SAVANT_CURRENT_SEASON,2026-08-20T23:43:02.137578+00:00,SAVANT_ARSENAL_SCHEMA_V1,CURRENT
675916,"Karinchak, James",2026.0,37.0,8.0,21.6,13.5,26.6,39.5,0.268,0.158,0.299,33.3,8.3,71.9,25.5,1.0,35.7,FF,4-Seam Fastball,60.5,98,21.4,0.143,0.19,0.225,2.5,BASEBALL_SAVANT_CURRENT_SEASON,2026-08-20T23:43:02.137578+00:00,SAVANT_ARSENAL_SCHEMA_V1,CURRENT
686580,"Slaten, Justin",2026.0,137.0,39.0,28.5,5.8,25.2,50.8,0.266,0.223,0.332,36.7,4.4,71.8,26.9,7.0,26.7,ST,Sweeper,17.1,87,26.8,0.167,0.333,0.248,-0.2,BASEBALL_SAVANT_CURRENT_SEASON,2026-08-20T23:43:02.137578+00:00,SAVANT_ARSENAL_SCHEMA_V1,CURRENT
674370,"Bido, Osvaldo",2026.0,81.0,11.0,13.6,12.3,23.4,45.7,0.377,0.273,0.449,41.1,8.9,71.3,17.2,7.0,36.2,FF,4-Seam Fastball,29.0,92,9.4,0.158,0.263,0.319,0.0,BASEBALL_SAVANT_CURRENT_SEASON,2026-08-20T23:43:02.137578+00:00,SAVANT_ARSENAL_SCHEMA_V1,CURRENT
663941,"Beck, Tristan",2026.0,64.0,6.0,9.4,7.8,17.4,49.0,0.33,0.249,0.434,40.4,9.6,71.3,16.7,1.0,38.2,ST,Sweeper,38.9,96,9.4,0.2,0.2,0.2,1.7,BASEBALL_SAVANT_CURRENT_SEASON,2026-08-20T23:43:02.137578+00:00,SAVANT_ARSENAL_SCHEMA_V1,CURRENT
694738,"Roupp, Landen",2026.0,548.0,128.0,23.4,10.9,25.5,43.5,0.3,0.23,0.345,29.9,5.1,72.0,25.0,19.0,29.1,FF,4-Seam Fastball,5.3,121,16.9,0.2,0.36,0.256,-1.4,BASEBALL_SAVANT_CURRENT_SEASON,2026-08-20T23:43:02.137578+00:00,SAVANT_ARSENAL_SCHEMA_V1,CURRENT
801403,"Dollander, Chase",2026.0,189.0,47.0,24.9,9.5,28.0,48.0,0.307,0.217,0.387,52.1,9.9,72.2,26.4,5.0,32.8,SL,Slider,14.5,108,19.2,0.25,0.417,0.315,0.6,BASEBALL_SAVANT_CURRENT_SEASON,2026-08-20T23:43:02.137578+00:00,SAVANT_ARSENAL_SCHEMA_V1,CURRENT
702021,"Dion, Will",2026.0,114.0,34.0,29.8,4.4,27.2,52.9,0.279,0.234,0.362,32.4,5.4,71.8,21.9,1.0,32.9,CH,Changeup,22.0,95,21.1,0.08,0.2,0.138,1.5,BASEBALL_SAVANT_CURRENT_SEASON,2026-08-20T23:43:02.137578+00:00,SAVANT_ARSENAL_SCHEMA_V1,CURRENT
664353,"Urquidy, José",2026.0,71.0,17.0,23.9,2.8,27.3,51.0,0.257,0.226,0.346,34.6,7.8,71.3,17.7,2.0,40.5,CH,Changeup,29.9,75,28.6,0.24,0.52,0.354,-1.2,BASEBALL_SAVANT_CURRENT_SEASON,2026-08-20T23:43:02.137578+00:00,SAVANT_ARSENAL_SCHEMA_V1,CURRENT
682227,"Williamson, Brandon",2026.0,128.0,19.0,14.8,15.6,24.1,43.2,0.389,0.276,0.486,41.9,10.5,72.5,27.6,5.0,33.1,FF,4-Seam Fastball,20.5,106,3.6,0.333,0.8,0.534,-5.0,BASEBALL_SAVANT_CURRENT_SEASON,2026-08-20T23:43:02.137578+00:00,SAVANT_ARSENAL_SCHEMA_V1,CURRENT
547973,"Chapman, Aroldis",2026.0,175.0,53.0,30.3,10.9,28.5,52.4,0.263,0.186,0.297,37.3,7.8,71.9,25.8,5.0,27.7,SL,Slider,17.6,119,30.6,0.167,0.208,0.222,1.2,BASEBALL_SAVANT_CURRENT_SEASON,2026-08-20T23:43:02.137578+00:00,SAVANT_ARSENAL_SCHEMA_V1,CURRENT
677865,"Bruihl, Justin",2026.0,274.0,42.0,15.3,8.8,17.4,45.1,0.304,0.248,0.337,34.5,4.0,72.1,26.2,5.0,28.9,CH,Changeup,9.7,101,15.6,0.087,0.174,0.192,0.3,BASEBALL_SAVANT_CURRENT_SEASON,2026-08-20T23:43:02.137578+00:00,SAVANT_ARSENAL_SCHEMA_V1,CURRENT
691799,"Taylor, Grant",2026.0,263.0,85.0,32.3,8.0,28.4,46.7,0.242,0.185,0.276,41.7,5.8,70.6,16.8,23.0,30.6,SI,Sinker,10.2,108,7.1,0.174,0.174,0.171,3.9,BASEBALL_SAVANT_CURRENT_SEASON,2026-08-20T23:43:02.137578+00:00,SAVANT_ARSENAL_SCHEMA_V1,CURRENT
702070,"Cameron, Noah",2026.0,580.0,126.0,21.7,7.4,26.4,47.7,0.315,0.251,0.412,38.2,8.1,72.3,28.1,10.0,33.6,SI,Sinker,4.1,93,8.3,0.524,0.81,0.592,-4.5,BASEBALL_SAVANT_CURRENT_SEASON,2026-08-20T23:43:02.137578+00:00,SAVANT_ARSENAL_SCHEMA_V1,CURRENT
665152,"Kremer, Dean",2026.0,217.0,53.0,24.4,7.4,28.4,46.1,0.315,0.236,0.44,33.8,7.4,71.7,22.6,6.0,33.2,CU,Curveball,13.8,119,0.0,0.273,0.591,0.402,-1.9,BASEBALL_SAVANT_CURRENT_SEASON,2026-08-20T23:43:02.137578+00:00,SAVANT_ARSENAL_SCHEMA_V1,CURRENT
702193,"Morris, Andrew",2026.0,252.0,56.0,22.2,8.7,21.9,47.0,0.268,0.217,0.309,33.1,3.5,71.5,26.4,7.0,26.1,CH,Changeup,11.3,116,8.7,0.261,0.435,0.328,-1.3,BASEBALL_SAVANT_CURRENT_SEASON,2026-08-20T23:43:02.137578+00:00,SAVANT_ARSENAL_SCHEMA_V1,CURRENT
664991,"Wolfram, Grant",2026.0,169.0,43.0,25.4,7.7,25.2,48.1,0.301,0.237,0.368,35.8,6.5,71.3,22.8,9.0,28.9,CU,Curveball,16.2,106,23.1,0.333,0.542,0.389,-1.4,BASEBALL_SAVANT_CURRENT_SEASON,2026-08-20T23:43:02.137578+00:00,SAVANT_ARSENAL_SCHEMA_V1,CURRENT
676604,"Zuber, Tyler",2026.0,108.0,30.0,27.8,4.6,24.4,48.5,0.271,0.226,0.333,46.5,2.8,72.1,25.1,5.0,31.0,ST,Sweeper,28.1,121,20.5,0.25,0.542,0.374,-1.0,BASEBALL_SAVANT_CURRENT_SEASON,2026-08-20T23:43:02.137578+00:00,SAVANT_ARSENAL_SCHEMA_V1,CURRENT
594798,"deGrom, Jacob",2026.0,498.0,147.0,29.5,6.2,33.4,51.7,0.297,0.238,0.402,45.6,8.8,72.4,27.8,28.0,31.6,CU,Curveball,6.4,130,38.5,0.28,0.52,0.34,-1.8,BASEBALL_SAVANT_CURRENT_SEASON,2026-08-20T23:43:02.137578+00:00,SAVANT_ARSENAL_SCHEMA_V1,CURRENT
669373,"Skubal, Tarik",2026.0,446.0,135.0,30.3,4.5,31.9,53.6,0.27,0.226,0.343,36.4,7.3,71.7,22.7,16.0,28.8,CU,Curveball,4.4,75,42.9,0.087,0.261,0.186,0.0,BASEBALL_SAVANT_CURRENT_SEASON,2026-08-20T23:43:02.137578+00:00,SAVANT_ARSENAL_SCHEMA_V1,CURRENT
669371,"Henry, Cole",2026.0,71.0,15.0,21.1,11.3,23.3,47.2,0.374,0.256,0.478,40.9,13.6,71.9,22.7,3.0,32.3,ST,Sweeper,34.8,98,13.6,0.211,0.263,0.326,-0.8,BASEBALL_SAVANT_CURRENT_SEASON,2026-08-20T23:43:02.137578+00:00,SAVANT_ARSENAL_SCHEMA_V1,CURRENT
664208,"Maton, Phil",2026.0,136.0,31.0,22.8,11.8,25.7,47.1,0.389,0.294,0.487,42.9,11.9,71.9,30.0,3.0,30.7,SI,Sinker,19.0,104,0.0,0.294,0.471,0.448,0.7,BASEBALL_SAVANT_CURRENT_SEASON,2026-08-20T23:43:02.137578+00:00,SAVANT_ARSENAL_SCHEMA_V1,CURRENT
663947,"Holton, Tyler",2026.0,246.0,47.0,19.1,5.7,22.8,47.0,0.294,0.246,0.36,38.1,6.1,72.0,23.4,9.0,31.6,FF,4-Seam Fastball,12.5,116,14.3,0.333,0.389,0.426,-0.8,BASEBALL_SAVANT_CURRENT_SEASON,2026-08-20T23:43:02.137578+00:00,SAVANT_ARSENAL_SCHEMA_V1,CURRENT
687765,"Spence, Mitch",2026.0,56.0,6.0,10.7,16.1,20.0,45.0,0.361,0.279,0.408,41.5,2.4,72.8,34.9,1.0,34.3,FC,Cutter,38.0,76,14.3,0.35,0.5,0.408,-1.0,BASEBALL_SAVANT_CURRENT_SEASON,2026-08-20T23:43:02.137578+00:00,SAVANT_ARSENAL_SCHEMA_V1,CURRENT
677944,"Cecconi, Slade",2026.0,488.0,88.0,18.0,7.6,20.3,46.8,0.338,0.271,0.452,40.0,8.9,71.9,24.7,9.0,36.4,SL,Slider,5.0,92,7.8,0.087,0.087,0.179,1.4,BASEBALL_SAVANT_CURRENT_SEASON,2026-08-20T23:43:02.137578+00:00,SAVANT_ARSENAL_SCHEMA_V1,CURRENT
547973,"Chapman, Aroldis",2026.0,175.0,53.0,30.3,10.9,28.5,52.4,0.263,0.186,0.297,37.3,7.8,71.9,25.8,5.0,27.7,FS,Split-Finger,11.2,76,27.0,0.167,0.292,0.216,2.0,BASEBALL_SAVANT_CURRENT_SEASON,2026-08-20T23:43:02.137578+00:00,SAVANT_ARSENAL_SCHEMA_V1,CURRENT
690928,"Dobbins, Hunter",2026.0,212.0,49.0,23.1,9.9,22.9,45.1,0.3,0.23,0.357,38.6,6.4,72.3,25.1,3.0,32.6,CU,Curveball,11.0,94,25.7,0.227,0.409,0.322,-1.9,BASEBALL_SAVANT_CURRENT_SEASON,2026-08-20T23:43:02.137578+00:00,SAVANT_ARSENAL_SCHEMA_V1,CURRENT
656288,"Canning, Griffin",2026.0,319.0,72.0,22.6,10.3,25.3,45.1,0.332,0.249,0.421,47.1,9.5,72.5,30.4,13.0,33.2,CU,Curveball,8.1,102,22.6,0.217,0.348,0.28,0.1,BASEBALL_SAVANT_CURRENT_SEASON,2026-08-20T23:43:02.137578+00:00,SAVANT_ARSENAL_SCHEMA_V1,CURRENT
669212,"Morgan, Eli",2026.0,91.0,16.0,17.6,9.9,24.1,46.6,0.399,0.324,0.513,42.2,6.3,71.0,12.8,4.0,40.0,SL,Slider,29.8,101,33.3,0.318,0.545,0.408,-1.2,BASEBALL_SAVANT_CURRENT_SEASON,2026-08-20T23:43:02.137578+00:00,SAVANT_ARSENAL_SCHEMA_V1,CURRENT
518886,"Kimbrel, Craig",2026.0,154.0,33.0,21.4,11.0,25.3,48.1,0.325,0.248,0.397,38.2,6.9,71.8,25.6,9.0,33.5,ST,Sweeper,14.4,90,18.6,0.261,0.348,0.3,-1.0,BASEBALL_SAVANT_CURRENT_SEASON,2026-08-20T23:43:02.137578+00:00,SAVANT_ARSENAL_SCHEMA_V1,CURRENT
682243,"Miller, Bryce",2026.0,354.0,87.0,24.6,5.1,25.9,55.6,0.271,0.215,0.364,33.1,7.3,72.7,28.7,11.0,26.3,SL,Slider,9.2,125,11.5,0.28,0.64,0.418,-1.4,BASEBALL_SAVANT_CURRENT_SEASON,2026-08-20T23:43:02.137578+00:00,SAVANT_ARSENAL_SCHEMA_V1,CURRENT
687075,"Sproat, Brandon",2026.0,414.0,100.0,24.2,11.6,25.1,45.9,0.337,0.245,0.406,43.1,8.7,71.7,21.9,17.0,29.3,CH,Changeup,8.1,137,8.3,0.227,0.273,0.278,-0.1,BASEBALL_SAVANT_CURRENT_SEASON,2026-08-20T23:43:02.137578+00:00,SAVANT_ARSENAL_SCHEMA_V1,CURRENT
804636,"Tong, Jonah",2026.0,47.0,7.0,14.9,14.9,23.4,50.3,0.309,0.206,0.367,30.3,6.1,73.0,30.1,0.0,32.3,FF,4-Seam Fastball,45.5,85,13.6,0.211,0.211,0.384,-0.8,BASEBALL_SAVANT_CURRENT_SEASON,2026-08-20T23:43:02.137578+00:00,SAVANT_ARSENAL_SCHEMA_V1,CURRENT
676106,"Hancock, Emerson",2026.0,516.0,119.0,23.1,6.2,23.7,51.5,0.308,0.244,0.41,41.1,8.4,72.2,27.7,9.0,29.2,CU,Curveball,4.3,86,21.7,0.25,0.292,0.258,-1.9,BASEBALL_SAVANT_CURRENT_SEASON,2026-08-20T23:43:02.137578+00:00,SAVANT_ARSENAL_SCHEMA_V1,CURRENT
682243,"Miller, Bryce",2026.0,354.0,87.0,24.6,5.1,25.9,55.6,0.271,0.215,0.364,33.1,7.3,72.7,28.7,11.0,26.3,SI,Sinker,6.5,89,0.0,0.381,0.524,0.444,-1.8,BASEBALL_SAVANT_CURRENT_SEASON,2026-08-20T23:43:02.137578+00:00,SAVANT_ARSENAL_SCHEMA_V1,CURRENT
695001,"Santa, Alimber",2026.0,59.0,9.0,15.3,10.2,18.5,45.4,0.267,0.207,0.272,34.1,2.3,72.6,32.3,0.0,30.0,ST,Sweeper,37.8,90,12.8,0.143,0.19,0.15,3.0,BASEBALL_SAVANT_CURRENT_SEASON,2026-08-20T23:43:02.137578+00:00,SAVANT_ARSENAL_SCHEMA_V1,CURRENT
669194,"Nelson, Ryne",2026.0,355.0,62.0,17.5,6.2,21.0,54.2,0.349,0.261,0.5,43.4,10.2,71.7,22.9,17.0,34.1,CU,Curveball,9.5,123,12.8,0.182,0.409,0.272,-2.1,BASEBALL_SAVANT_CURRENT_SEASON,2026-08-20T23:43:02.137578+00:00,SAVANT_ARSENAL_SCHEMA_V1,CURRENT
676051,"Heuer, Codi",2026.0,46.0,6.0,13.0,10.9,25.3,43.9,0.335,0.269,0.382,52.9,2.9,71.4,24.4,1.0,45.8,FF,4-Seam Fastball,42.9,81,9.5,0.333,0.417,0.344,-0.3,BASEBALL_SAVANT_CURRENT_SEASON,2026-08-20T23:43:02.137578+00:00,SAVANT_ARSENAL_SCHEMA_V1,CURRENT
605483,"Snell, Blake",2026.0,63.0,20.0,31.7,9.5,36.6,52.2,0.229,0.189,0.228,10.8,0.0,71.1,18.9,8.0,24.7,FF,4-Seam Fastball,47.8,120,17.9,0.263,0.263,0.348,1.1,BASEBALL_SAVANT_CURRENT_SEASON,2026-08-20T23:43:02.137578+00:00,SAVANT_ARSENAL_SCHEMA_V1,CURRENT
672782,"Gómez, Yoendrys",2026.0,243.0,52.0,21.4,11.9,24.9,47.2,0.342,0.247,0.435,44.1,8.8,72.2,27.4,5.0,31.1,SI,Sinker,9.9,90,10.0,0.25,0.25,0.304,2.1,BASEBALL_SAVANT_CURRENT_SEASON,2026-08-20T23:43:02.137578+00:00,SAVANT_ARSENAL_SCHEMA_V1,CURRENT
682227,"Williamson, Brandon",2026.0,128.0,19.0,14.8,15.6,24.1,43.2,0.389,0.276,0.486,41.9,10.5,72.5,27.6,5.0,33.1,CH,Changeup,23.6,122,12.9,0.25,0.292,0.258,0.5,BASEBALL_SAVANT_CURRENT_SEASON,2026-08-20T23:43:02.137578+00:00,SAVANT_ARSENAL_SCHEMA_V1,CURRENT
657756,"Seabold, Connor",2026.0,113.0,20.0,17.7,8.0,20.0,47.3,0.308,0.253,0.364,37.0,6.3,71.1,17.9,1.0,30.5,SL,Slider,16.0,76,13.8,0.25,0.3,0.29,0.3,BASEBALL_SAVANT_CURRENT_SEASON,2026-08-20T23:43:02.137578+00:00,SAVANT_ARSENAL_SCHEMA_V1,CURRENT
683769,"Gaddis, Hunter",2026.0,183.0,42.0,23.0,9.3,31.2,50.9,0.322,0.255,0.399,30.6,9.1,71.9,22.1,10.0,27.2,CH,Changeup,20.5,147,21.1,0.208,0.208,0.188,0.5,BASEBALL_SAVANT_CURRENT_SEASON,2026-08-20T23:43:02.137578+00:00,SAVANT_ARSENAL_SCHEMA_V1,CURRENT
664285,"Valdez, Framber",2026.0,613.0,111.0,18.1,8.8,20.6,46.3,0.324,0.258,0.391,43.7,6.2,72.3,29.1,23.0,38.1,FF,4-Seam Fastball,2.8,63,17.1,0.158,0.158,0.258,-0.3,BASEBALL_SAVANT_CURRENT_SEASON,2026-08-20T23:43:02.137578+00:00,SAVANT_ARSENAL_SCHEMA_V1,CURRENT
681676,"Fernandez, Ryan",2026.0,59.0,20.0,33.9,11.9,36.0,47.0,0.291,0.213,0.339,34.4,6.3,71.8,25.0,5.0,24.2,FF,4-Seam Fastball,40.7,96,21.1,0.286,0.429,0.394,-0.2,BASEBALL_SAVANT_CURRENT_SEASON,2026-08-20T23:43:02.137578+00:00,SAVANT_ARSENAL_SCHEMA_V1,CURRENT
702474,"Paredes, Mike",2026.0,154.0,19.0,12.3,8.4,19.3,49.7,0.349,0.279,0.446,50.8,6.8,72.5,30.4,2.0,39.3,FC,Cutter,15.4,85,23.1,0.136,0.364,0.226,2.3,BASEBALL_SAVANT_CURRENT_SEASON,2026-08-20T23:43:02.137578+00:00,SAVANT_ARSENAL_SCHEMA_V1,CURRENT
621381,"Strahm, Matt",2026.0,161.0,30.0,18.6,8.7,23.2,49.8,0.316,0.225,0.428,39.1,11.3,72.0,24.9,3.0,31.9,CH,Changeup,11.4,72,4.1,0.19,0.238,0.252,-0.1,BASEBALL_SAVANT_CURRENT_SEASON,2026-08-20T23:43:02.137578+00:00,SAVANT_ARSENAL_SCHEMA_V1,CURRENT
678020,"Halvorsen, Seth",2026.0,100.0,17.0,17.0,16.0,22.8,46.6,0.39,0.309,0.483,37.3,6.0,71.5,27.3,3.0,32.1,SL,Slider,29.0,112,19.5,0.136,0.182,0.223,0.6,BASEBALL_SAVANT_CURRENT_SEASON,2026-08-20T23:43:02.137578+00:00,SAVANT_ARSENAL_SCHEMA_V1,CURRENT
694346,"Gibson, Trey",2026.0,161.0,30.0,18.6,15.5,22.7,41.2,0.391,0.291,0.487,47.6,9.6,72.5,28.3,8.0,34.6,FC,Cutter,19.2,119,5.3,0.474,0.579,0.513,-1.8,BASEBALL_SAVANT_CURRENT_SEASON,2026-08-20T23:43:02.137578+00:00,SAVANT_ARSENAL_SCHEMA_V1,CURRENT
687531,"Kempner, William",2026.0,50.0,14.0,28.0,8.0,34.1,45.7,0.306,0.231,0.355,23.3,3.3,71.0,17.5,3.0,33.9,FF,4-Seam Fastball,48.2,96,30.8,0.316,0.579,0.446,-1.8,BASEBALL_SAVANT_CURRENT_SEASON,2026-08-20T23:43:02.137578+00:00,SAVANT_ARSENAL_SCHEMA_V1,CURRENT
675989,"Bolton, Cody",2026.0,95.0,22.0,23.2,14.7,19.6,41.7,0.38,0.276,0.472,48.3,10.3,72.5,32.6,1.0,30.3,FC,Cutter,23.8,93,33.3,0.158,0.316,0.304,-0.5,BASEBALL_SAVANT_CURRENT_SEASON,2026-08-20T23:43:02.137578+00:00,SAVANT_ARSENAL_SCHEMA_V1,CURRENT
806188,"Gibson, Cade",2026.0,163.0,30.0,18.4,10.4,21.5,44.4,0.307,0.25,0.321,39.1,2.7,71.1,24.8,4.0,33.7,SL,Slider,16.4,106,4.8,0.2,0.35,0.304,0.4,BASEBALL_SAVANT_CURRENT_SEASON,2026-08-20T23:43:02.137578+00:00,SAVANT_ARSENAL_SCHEMA_V1,CURRENT
686560,"Collyer, Gavin",2026.0,105.0,22.0,21.0,18.1,27.1,37.2,0.318,0.192,0.278,29.3,3.4,71.8,24.8,2.0,31.8,FF,4-Seam Fastball,25.6,114,18.0,0.125,0.313,0.354,-2.6,BASEBALL_SAVANT_CURRENT_SEASON,2026-08-20T23:43:02.137578+00:00,SAVANT_ARSENAL_SCHEMA_V1,CURRENT
695049,"Kerry, Brett",2026.0,54.0,12.0,22.2,3.7,26.7,49.5,0.27,0.231,0.361,42.5,5.0,72.7,33.7,2.0,36.4,FF,4-Seam Fastball,47.6,101,9.4,0.227,0.409,0.304,0.7,BASEBALL_SAVANT_CURRENT_SEASON,2026-08-20T23:43:02.137578+00:00,SAVANT_ARSENAL_SCHEMA_V1,CURRENT
675540,"Curry, Xzavion",2026.0,67.0,10.0,14.9,10.4,20.2,45.2,0.277,0.203,0.332,34.0,6.0,73.5,38.3,0.0,35.3,FF,4-Seam Fastball,33.2,80,26.3,0.227,0.273,0.26,1.7,BASEBALL_SAVANT_CURRENT_SEASON,2026-08-20T23:43:02.137578+00:00,SAVANT_ARSENAL_SCHEMA_V1,CURRENT
690953,"Abel, Mick",2026.0,93.0,23.0,24.7,10.8,28.8,49.6,0.349,0.274,0.413,40.4,5.3,70.9,15.5,1.0,25.6,CH,Changeup,17.6,63,35.0,0.182,0.273,0.238,1.8,BASEBALL_SAVANT_CURRENT_SEASON,2026-08-20T23:43:02.137578+00:00,SAVANT_ARSENAL_SCHEMA_V1,CURRENT
665622,"Medina, Luis",2026.0,248.0,67.0,27.0,12.1,30.1,43.3,0.322,0.233,0.391,38.5,8.3,71.6,22.6,11.0,31.3,CU,Curveball,12.6,125,37.9,0.227,0.455,0.292,0.0,BASEBALL_SAVANT_CURRENT_SEASON,2026-08-20T23:43:02.137578+00:00,SAVANT_ARSENAL_SCHEMA_V1,CURRENT
607481,"Bummer, Aaron",2026.0,88.0,13.0,14.8,12.5,19.5,47.0,0.382,0.271,0.521,49.2,12.7,71.9,27.1,3.0,40.2,CU,Curveball,21.3,70,14.3,0.286,0.571,0.479,-5.3,BASEBALL_SAVANT_CURRENT_SEASON,2026-08-20T23:43:02.137578+00:00,SAVANT_ARSENAL_SCHEMA_V1,CURRENT
700669,"Graceffo, Gordon",2026.0,249.0,38.0,15.3,11.6,17.6,44.7,0.343,0.253,0.448,45.6,10.0,72.1,30.4,6.0,41.4,CU,Curveball,11.1,103,11.8,0.1,0.25,0.238,-0.6,BASEBALL_SAVANT_CURRENT_SEASON,2026-08-20T23:43:02.137578+00:00,SAVANT_ARSENAL_SCHEMA_V1,CURRENT
664849,"Young, Danny",2026.0,65.0,15.0,23.1,20.0,24.7,33.6,0.391,0.24,0.467,61.8,17.6,73.3,27.0,4.0,43.1,ST,Sweeper,49.4,131,21.3,0.167,0.333,0.333,-0.6,BASEBALL_SAVANT_CURRENT_SEASON,2026-08-20T23:43:02.137578+00:00,SAVANT_ARSENAL_SCHEMA_V1,CURRENT
666277,"Soriano, George",2026.0,233.0,55.0,23.6,9.9,29.9,48.3,0.319,0.23,0.407,42.1,9.8,72.4,32.7,7.0,33.0,SI,Sinker,8.6,78,0.0,0.444,1.167,0.615,-4.1,BASEBALL_SAVANT_CURRENT_SEASON,2026-08-20T23:43:02.137578+00:00,SAVANT_ARSENAL_SCHEMA_V1,CURRENT
669194,"Nelson, Ryne",2026.0,355.0,62.0,17.5,6.2,21.0,54.2,0.349,0.261,0.5,43.4,10.2,71.7,22.9,17.0,34.1,FC,Cutter,9.9,128,0.0,0.286,0.476,0.373,-0.2,BASEBALL_SAVANT_CURRENT_SEASON,2026-08-20T23:43:02.137578+00:00,SAVANT_ARSENAL_SCHEMA_V1,CURRENT
664129,"Hartlieb, Geoff",2026.0,64.0,6.0,9.4,14.1,24.5,47.0,0.327,0.254,0.389,40.8,8.2,72.0,20.5,5.0,42.6,FF,4-Seam Fastball,35.9,78,10.5,0.235,0.353,0.354,0.5,BASEBALL_SAVANT_CURRENT_SEASON,2026-08-20T23:43:02.137578+00:00,SAVANT_ARSENAL_SCHEMA_V1,CURRENT
656638,"Lange, Alex",2026.0,222.0,53.0,23.9,11.7,27.8,47.1,0.336,0.243,0.411,42.0,12.3,72.3,29.8,11.0,31.3,FC,Cutter,12.4,114,7.1,0.263,0.474,0.392,-0.3,BASEBALL_SAVANT_CURRENT_SEASON,2026-08-20T23:43:02.137578+00:00,SAVANT_ARSENAL_SCHEMA_V1,CURRENT
664854,"Helsley, Ryan",2026.0,68.0,21.0,30.9,13.2,37.9,45.4,0.265,0.185,0.296,47.4,5.3,71.4,18.6,2.0,40.0,SL,Slider,38.8,106,20.5,0.238,0.429,0.335,-1.9,BASEBALL_SAVANT_CURRENT_SEASON,2026-08-20T23:43:02.137578+00:00,SAVANT_ARSENAL_SCHEMA_V1,CURRENT
656302,"Cease, Dylan",2026.0,553.0,201.0,36.3,10.7,34.8,46.1,0.254,0.183,0.276,32.4,4.9,71.7,26.5,19.0,24.6,CU,Curveball,9.6,225,20.0,0.261,0.391,0.338,-0.8,BASEBALL_SAVANT_CURRENT_SEASON,2026-08-20T23:43:02.137578+00:00,SAVANT_ARSENAL_SCHEMA_V1,CURRENT
672442,"Cruz, Yovanny",2026.0,44.0,10.0,22.7,13.6,27.0,46.0,0.353,0.275,0.391,51.9,0.0,71.5,21.2,0.0,35.4,SL,Slider,55.3,89,22.2,0.391,0.565,0.427,-3.4,BASEBALL_SAVANT_CURRENT_SEASON,2026-08-20T23:43:02.137578+00:00,SAVANT_ARSENAL_SCHEMA_V1,CURRENT
657756,"Seabold, Connor",2026.0,113.0,20.0,17.7,8.0,20.0,47.3,0.308,0.253,0.364,37.0,6.3,71.1,17.9,1.0,30.5,CH,Changeup,21.0,100,12.5,0.318,0.5,0.381,-2.4,BASEBALL_SAVANT_CURRENT_SEASON,2026-08-20T23:43:02.137578+00:00,SAVANT_ARSENAL_SCHEMA_V1,CURRENT
694462,"Waldrep, Hurston",2026.0,56.0,9.0,16.1,17.9,23.3,40.0,0.359,0.231,0.389,34.3,8.6,74.0,46.8,2.0,33.9,SI,Sinker,38.6,83,12.5,0.389,0.389,0.438,-0.9,BASEBALL_SAVANT_CURRENT_SEASON,2026-08-20T23:43:02.137578+00:00,SAVANT_ARSENAL_SCHEMA_V1,CURRENT
805427,"Sommers, Drew",2026.0,103.0,38.0,36.9,10.7,34.1,50.2,0.229,0.172,0.234,22.6,1.9,70.4,14.0,9.0,20.3,SL,Slider,23.7,98,20.5,0.182,0.318,0.254,-0.5,BASEBALL_SAVANT_CURRENT_SEASON,2026-08-20T23:43:02.137578+00:00,SAVANT_ARSENAL_SCHEMA_V1,CURRENT
688158,"Morgan, David",2026.0,105.0,26.0,24.8,12.4,32.0,50.3,0.284,0.217,0.273,27.0,1.6,71.4,21.1,8.0,25.2,CU,Curveball,25.9,103,24.4,0.19,0.429,0.313,-1.4,BASEBALL_SAVANT_CURRENT_SEASON,2026-08-20T23:43:02.137578+00:00,SAVANT_ARSENAL_SCHEMA_V1,CURRENT
804267,"Thornton, Zac",2026.0,200.0,36.0,18.0,7.0,19.6,51.1,0.337,0.269,0.455,40.9,9.4,72.9,30.4,6.0,33.7,ST,Sweeper,13.8,102,17.2,0.182,0.227,0.223,0.8,BASEBALL_SAVANT_CURRENT_SEASON,2026-08-20T23:43:02.137578+00:00,SAVANT_ARSENAL_SCHEMA_V1,CURRENT
689254,"Fluharty, Mason",2026.0,213.0,56.0,26.3,9.4,28.5,49.3,0.259,0.189,0.314,32.4,7.4,72.2,29.7,3.0,28.4,CH,Changeup,9.6,81,14.8,0.174,0.217,0.194,1.0,BASEBALL_SAVANT_CURRENT_SEASON,2026-08-20T23:43:02.137578+00:00,SAVANT_ARSENAL_SCHEMA_V1,CURRENT
657265,"Strzelecki, Peter",2026.0,47.0,6.0,12.8,8.5,17.1,43.4,0.267,0.176,0.298,38.9,5.6,72.2,21.7,1.0,36.2,SI,Sinker,42.3,80,10.0,0.333,0.571,0.396,-1.5,BASEBALL_SAVANT_CURRENT_SEASON,2026-08-20T23:43:02.137578+00:00,SAVANT_ARSENAL_SCHEMA_V1,CURRENT
681911,"Vesia, Alex",2026.0,190.0,58.0,30.5,15.8,34.6,46.7,0.275,0.177,0.29,37.3,5.9,71.7,24.1,11.0,27.6,CH,Changeup,14.3,115,19.4,0.182,0.364,0.269,0.5,BASEBALL_SAVANT_CURRENT_SEASON,2026-08-20T23:43:02.137578+00:00,SAVANT_ARSENAL_SCHEMA_V1,CURRENT
621121,"McCullers Jr., Lance",2026.0,195.0,48.0,24.6,13.8,27.9,41.6,0.328,0.236,0.378,47.5,7.6,73.2,33.3,8.0,34.4,CH,Changeup,14.9,118,18.2,0.261,0.435,0.315,-1.2,BASEBALL_SAVANT_CURRENT_SEASON,2026-08-20T23:43:02.137578+00:00,SAVANT_ARSENAL_SCHEMA_V1,CURRENT
696149,"Chandler, Bubba",2026.0,528.0,108.0,20.5,12.1,23.1,47.9,0.311,0.23,0.365,37.1,5.7,72.0,25.1,16.0,31.0,CU,Curveball,3.6,75,10.7,0.222,0.444,0.341,-2.4,BASEBALL_SAVANT_CURRENT_SEASON,2026-08-20T23:43:02.137578+00:00,SAVANT_ARSENAL_SCHEMA_V1,CURRENT
695534,"Petty, Chase",2026.0,139.0,15.0,10.8,6.5,19.6,48.2,0.361,0.278,0.47,37.5,9.1,72.4,29.6,0.0,37.9,CH,Changeup,23.1,110,5.9,0.2,0.4,0.311,-1.0,BASEBALL_SAVANT_CURRENT_SEASON,2026-08-20T23:43:02.137578+00:00,SAVANT_ARSENAL_SCHEMA_V1,CURRENT
687941,"Gamboa, Alec",2026.0,72.0,13.0,18.1,6.9,19.0,57.0,0.242,0.177,0.27,29.6,3.8,71.8,23.6,2.0,25.0,SL,Slider,31.7,79,7.4,0.286,0.571,0.398,-2.2,BASEBALL_SAVANT_CURRENT_SEASON,2026-08-20T23:43:02.137578+00:00,SAVANT_ARSENAL_SCHEMA_V1,CURRENT
669711,"Weissert, Greg",2026.0,204.0,47.0,23.0,7.8,23.3,48.9,0.302,0.229,0.388,33.3,6.5,71.9,22.8,3.0,30.5,CH,Changeup,11.5,92,17.6,0.238,0.381,0.304,-0.6,BASEBALL_SAVANT_CURRENT_SEASON,2026-08-20T23:43:02.137578+00:00,SAVANT_ARSENAL_SCHEMA_V1,CURRENT
656529,"Hentges, Sam",2026.0,136.0,32.0,23.5,16.2,27.8,42.3,0.3,0.204,0.287,30.4,3.8,72.0,28.4,10.0,32.9,CU,Curveball,17.0,94,21.1,0.176,0.235,0.315,-0.7,BASEBALL_SAVANT_CURRENT_SEASON,2026-08-20T23:43:02.137578+00:00,SAVANT_ARSENAL_SCHEMA_V1,CURRENT
676428,"Hurter, Brant",2026.0,101.0,18.0,17.8,11.9,20.5,43.3,0.304,0.235,0.332,32.9,4.3,71.6,20.9,2.0,33.6,ST,Sweeper,26.9,97,29.4,0.2,0.3,0.259,0.3,BASEBALL_SAVANT_CURRENT_SEASON,2026-08-20T23:43:02.137578+00:00,SAVANT_ARSENAL_SCHEMA_V1,CURRENT
668678,"Gallen, Zac",2026.0,440.0,61.0,13.9,7.0,19.0,46.0,0.383,0.312,0.531,44.7,11.0,72.5,30.5,12.0,40.2,SI,Sinker,5.3,86,0.0,0.476,0.905,0.593,-3.8,BASEBALL_SAVANT_CURRENT_SEASON,2026-08-20T23:43:02.137578+00:00,SAVANT_ARSENAL_SCHEMA_V1,CURRENT
676282,"Cantillo, Joey",2026.0,542.0,139.0,25.6,10.9,30.7,45.0,0.304,0.228,0.368,39.2,8.2,72.2,26.5,18.0,32.0,SL,Slider,5.1,111,4.0,0.333,0.524,0.396,-0.8,BASEBALL_SAVANT_CURRENT_SEASON,2026-08-20T23:43:02.137578+00:00,SAVANT_ARSENAL_SCHEMA_V1,CURRENT
670059,"Holderman, Colin",2026.0,199.0,46.0,23.1,8.5,27.6,43.9,0.296,0.212,0.332,42.5,7.9,71.7,21.3,10.0,33.0,CU,Curveball,10.9,84,11.8,0.1,0.15,0.185,0.9,BASEBALL_SAVANT_CURRENT_SEASON,2026-08-20T23:43:02.137578+00:00,SAVANT_ARSENAL_SCHEMA_V1,CURRENT
669713,"Wesneski, Hayden",2026.0,95.0,18.0,18.9,7.4,27.4,48.9,0.325,0.266,0.408,42.0,7.2,71.9,25.7,2.0,43.1,ST,Sweeper,29.3,94,22.6,0.211,0.263,0.243,0.8,BASEBALL_SAVANT_CURRENT_SEASON,2026-08-20T23:43:02.137578+00:00,SAVANT_ARSENAL_SCHEMA_V1,CURRENT
621112,"Blackburn, Paul",2026.0,274.0,57.0,20.8,9.9,22.9,46.3,0.291,0.23,0.345,33.3,5.8,72.0,26.5,9.0,29.4,ST,Sweeper,5.9,59,20.8,0.182,0.318,0.235,-1.1,BASEBALL_SAVANT_CURRENT_SEASON,2026-08-20T23:43:02.137578+00:00,SAVANT_ARSENAL_SCHEMA_V1,CURRENT
669854,"Blanco, Ronel",2026.0,101.0,20.0,19.8,11.9,25.8,50.8,0.354,0.246,0.469,36.8,11.8,71.7,22.5,3.0,31.5,SL,Slider,17.7,69,21.4,0.3,0.75,0.47,-7.9,BASEBALL_SAVANT_CURRENT_SEASON,2026-08-20T23:43:02.137578+00:00,SAVANT_ARSENAL_SCHEMA_V1,CURRENT
669920,"Alexander, Jason",2026.0,84.0,14.0,16.7,9.5,20.3,44.5,0.332,0.257,0.415,37.7,10.0,71.5,16.0,2.0,36.7,FF,4-Seam Fastball,23.1,69,14.3,0.381,0.762,0.52,-4.5,BASEBALL_SAVANT_CURRENT_SEASON,2026-08-20T23:43:02.137578+00:00,SAVANT_ARSENAL_SCHEMA_V1,CURRENT
663978,"Paddack, Chris",2026.0,267.0,40.0,15.0,7.1,21.4,50.1,0.342,0.28,0.45,36.9,8.4,72.3,27.7,6.0,33.7,CU,Curveball,11.3,115,7.1,0.333,0.667,0.446,-2.0,BASEBALL_SAVANT_CURRENT_SEASON,2026-08-20T23:43:02.137578+00:00,SAVANT_ARSENAL_SCHEMA_V1,CURRENT
677961,"Wilcox, Cole",2026.0,123.0,28.0,22.8,13.8,31.4,46.3,0.355,0.284,0.404,46.1,6.7,71.3,21.3,3.0,33.6,SI,Sinker,16.0,78,9.1,0.429,0.5,0.524,-3.4,BASEBALL_SAVANT_CURRENT_SEASON,2026-08-20T23:43:02.137578+00:00,SAVANT_ARSENAL_SCHEMA_V1,CURRENT
676106,"Hancock, Emerson",2026.0,516.0,119.0,23.1,6.2,23.7,51.5,0.308,0.244,0.41,41.1,8.4,72.2,27.7,9.0,29.2,CH,Changeup,5.0,100,13.0,0.304,0.565,0.409,-5.2,BASEBALL_SAVANT_CURRENT_SEASON,2026-08-20T23:43:02.137578+00:00,SAVANT_ARSENAL_SCHEMA_V1,CURRENT
622554,"Domínguez, Seranthony",2026.0,194.0,51.0,26.3,14.4,28.4,45.2,0.329,0.226,0.393,36.3,9.0,71.7,23.9,6.0,26.5,FS,Split-Finger,10.5,88,25.5,0.091,0.227,0.157,1.3,BASEBALL_SAVANT_CURRENT_SEASON,2026-08-20T23:43:02.137578+00:00,SAVANT_ARSENAL_SCHEMA_V1,CURRENT
663765,"Woodford, Jake",2026.0,126.0,23.0,18.3,5.6,19.5,46.0,0.369,0.333,0.484,49.0,8.3,71.8,23.7,0.0,41.9,ST,Sweeper,15.5,71,32.1,0.304,0.304,0.274,-0.6,BASEBALL_SAVANT_CURRENT_SEASON,2026-08-20T23:43:02.137578+00:00,SAVANT_ARSENAL_SCHEMA_V1,CURRENT
656638,"Lange, Alex",2026.0,222.0,53.0,23.9,11.7,27.8,47.1,0.336,0.243,0.411,42.0,12.3,72.3,29.8,11.0,31.3,FF,4-Seam Fastball,10.2,94,10.8,0.222,0.333,0.339,0.1,BASEBALL_SAVANT_CURRENT_SEASON,2026-08-20T23:43:02.137578+00:00,SAVANT_ARSENAL_SCHEMA_V1,CURRENT
695239,"Ahlstrom, Robby",2026.0,118.0,26.0,22.0,6.8,27.6,49.0,0.311,0.255,0.392,33.3,6.2,72.5,29.6,1.0,24.5,CH,Changeup,15.0,71,17.4,0.217,0.391,0.259,0.1,BASEBALL_SAVANT_CURRENT_SEASON,2026-08-20T23:43:02.137578+00:00,SAVANT_ARSENAL_SCHEMA_V1,CURRENT
691587,"Pérez, Eury",2026.0,494.0,133.0,26.9,9.9,28.6,51.5,0.296,0.208,0.36,39.8,9.2,72.7,31.9,22.0,26.1,CU,Curveball,5.7,114,16.0,0.15,0.2,0.233,0.3,BASEBALL_SAVANT_CURRENT_SEASON,2026-08-20T23:43:02.137578+00:00,SAVANT_ARSENAL_SCHEMA_V1,CURRENT
596001,"Junis, Jakob",2026.0,173.0,32.0,18.5,4.0,19.9,47.5,0.302,0.263,0.389,34.4,3.8,72.0,27.1,2.0,35.0,FF,4-Seam Fastball,18.6,114,24.0,0.316,0.474,0.404,-0.3,BASEBALL_SAVANT_CURRENT_SEASON,2026-08-20T23:43:02.137578+00:00,SAVANT_ARSENAL_SCHEMA_V1,CURRENT
695611,"Jump, Gage",2026.0,338.0,85.0,25.1,10.9,25.3,48.0,0.318,0.251,0.381,39.4,5.6,71.8,22.3,12.0,31.1,ST,Sweeper,6.0,82,28.9,0.227,0.273,0.211,0.8,BASEBALL_SAVANT_CURRENT_SEASON,2026-08-20T23:43:02.137578+00:00,SAVANT_ARSENAL_SCHEMA_V1,CURRENT
687473,"Gusto, Ryan",2026.0,237.0,49.0,20.7,5.9,21.2,49.4,0.317,0.263,0.417,44.2,8.7,72.4,27.3,12.0,37.4,CU,Curveball,6.9,59,26.3,0.318,0.455,0.389,-2.2,BASEBALL_SAVANT_CURRENT_SEASON,2026-08-20T23:43:02.137578+00:00,SAVANT_ARSENAL_SCHEMA_V1,CURRENT
669199,"Bachar, Lake",2026.0,281.0,72.0,25.6,8.5,30.3,45.9,0.292,0.206,0.372,35.6,9.4,72.1,24.8,14.0,32.8,FS,Split-Finger,9.0,102,13.3,0.25,0.4,0.335,-0.6,BASEBALL_SAVANT_CURRENT_SEASON,2026-08-20T23:43:02.137578+00:00,SAVANT_ARSENAL_SCHEMA_V1,CURRENT
679358,"Orze, Eric",2026.0,189.0,36.0,19.0,11.1,21.8,43.4,0.313,0.253,0.367,29.2,7.0,72.0,29.4,2.0,33.7,SL,Slider,14.3,97,10.0,0.2,0.25,0.263,2.3,BASEBALL_SAVANT_CURRENT_SEASON,2026-08-20T23:43:02.137578+00:00,SAVANT_ARSENAL_SCHEMA_V1,CURRENT
623474,"Herget, Jimmy",2026.0,169.0,36.0,21.3,11.8,27.0,46.8,0.328,0.244,0.41,36.9,9.9,72.4,27.0,7.0,31.3,FF,4-Seam Fastball,8.2,56,18.2,0.111,0.278,0.278,-1.2,BASEBALL_SAVANT_CURRENT_SEASON,2026-08-20T23:43:02.137578+00:00,SAVANT_ARSENAL_SCHEMA_V1,CURRENT
657514,"Bernardino, Brennan",2026.0,215.0,37.0,17.2,6.5,21.8,46.4,0.312,0.259,0.399,32.5,5.7,71.4,20.3,7.0,37.7,FC,Cutter,12.1,98,0.0,0.263,0.579,0.383,-1.3,BASEBALL_SAVANT_CURRENT_SEASON,2026-08-20T23:43:02.137578+00:00,SAVANT_ARSENAL_SCHEMA_V1,CURRENT
666142,"Ragans, Cole",2026.0,151.0,45.0,29.8,15.2,31.7,45.4,0.344,0.218,0.452,39.8,15.7,72.3,28.3,4.0,29.9,SL,Slider,13.3,85,21.6,0.2,0.4,0.311,-1.6,BASEBALL_SAVANT_CURRENT_SEASON,2026-08-20T23:43:02.137578+00:00,SAVANT_ARSENAL_SCHEMA_V1,CURRENT
669456,"Bieber, Shane",2026.0,217.0,37.0,17.1,11.1,22.9,42.7,0.39,0.296,0.534,47.4,11.5,73.5,41.1,6.0,40.0,FC,Cutter,12.1,100,0.0,0.286,0.571,0.391,-1.0,BASEBALL_SAVANT_CURRENT_SEASON,2026-08-20T23:43:02.137578+00:00,SAVANT_ARSENAL_SCHEMA_V1,CURRENT
687849,"Kent, Zak",2026.0,69.0,11.0,15.9,10.1,20.9,49.6,0.351,0.261,0.451,45.1,11.8,71.6,18.8,4.0,35.4,SL,Slider,38.1,99,16.1,0.353,0.765,0.496,-4.5,BASEBALL_SAVANT_CURRENT_SEASON,2026-08-20T23:43:02.137578+00:00,SAVANT_ARSENAL_SCHEMA_V1,CURRENT
663992,"Lovelady, Richard",2026.0,146.0,27.0,18.5,14.4,22.9,44.5,0.361,0.282,0.423,32.6,6.5,72.1,25.5,5.0,32.9,FF,4-Seam Fastball,21.5,116,14.3,0.222,0.389,0.341,-1.5,BASEBALL_SAVANT_CURRENT_SEASON,2026-08-20T23:43:02.137578+00:00,SAVANT_ARSENAL_SCHEMA_V1,CURRENT
677955,"Hill, Jaden",2026.0,130.0,30.0,23.1,13.1,30.5,48.5,0.309,0.229,0.343,39.2,3.8,71.7,22.0,6.0,30.3,CH,Changeup,19.5,96,22.2,0.227,0.273,0.241,1.2,BASEBALL_SAVANT_CURRENT_SEASON,2026-08-20T23:43:02.137578+00:00,SAVANT_ARSENAL_SCHEMA_V1,CURRENT
669084,"Hall, DL",2026.0,162.0,41.0,25.3,17.3,27.8,39.9,0.292,0.195,0.28,31.5,5.5,70.9,20.8,5.0,31.8,CH,Changeup,16.5,113,26.7,0.238,0.429,0.359,-1.8,BASEBALL_SAVANT_CURRENT_SEASON,2026-08-20T23:43:02.137578+00:00,SAVANT_ARSENAL_SCHEMA_V1,CURRENT
500779,"Quintana, Jose",2026.0,181.0,20.0,11.0,9.4,21.1,47.0,0.343,0.275,0.441,32.9,8.4,72.9,31.0,5.0,35.7,SV,Slurve,14.3,98,8.9,0.261,0.826,0.478,-4.6,BASEBALL_SAVANT_CURRENT_SEASON,2026-08-20T23:43:02.137578+00:00,SAVANT_ARSENAL_SCHEMA_V1,CURRENT
694346,"Gibson, Trey",2026.0,161.0,30.0,18.6,15.5,22.7,41.2,0.391,0.291,0.487,47.6,9.6,72.5,28.3,8.0,34.6,CU,Curveball,13.2,82,25.0,0.368,0.895,0.554,-5.2,BASEBALL_SAVANT_CURRENT_SEASON,2026-08-20T23:43:02.137578+00:00,SAVANT_ARSENAL_SCHEMA_V1,CURRENT
677020,"Walker, Josh",2026.0,70.0,15.0,21.4,8.6,19.4,50.4,0.275,0.226,0.326,39.6,4.2,71.9,29.4,0.0,31.6,SI,Sinker,25.9,69,7.1,0.316,0.368,0.372,0.2,BASEBALL_SAVANT_CURRENT_SEASON,2026-08-20T23:43:02.137578+00:00,SAVANT_ARSENAL_SCHEMA_V1,CURRENT
666142,"Ragans, Cole",2026.0,151.0,45.0,29.8,15.2,31.7,45.4,0.344,0.218,0.452,39.8,15.7,72.3,28.3,4.0,29.9,CH,Changeup,16.5,105,18.8,0.318,0.636,0.402,-3.1,BASEBALL_SAVANT_CURRENT_SEASON,2026-08-20T23:43:02.137578+00:00,SAVANT_ARSENAL_SCHEMA_V1,CURRENT
664875,"Lawrence, Justin",2026.0,177.0,43.0,24.3,15.8,26.3,40.6,0.38,0.267,0.455,43.0,10.0,70.8,15.6,8.0,34.1,FF,4-Seam Fastball,13.6,93,22.0,0.286,0.667,0.409,-2.5,BASEBALL_SAVANT_CURRENT_SEASON,2026-08-20T23:43:02.137578+00:00,SAVANT_ARSENAL_SCHEMA_V1,CURRENT
690928,"Dobbins, Hunter",2026.0,212.0,49.0,23.1,9.9,22.9,45.1,0.3,0.23,0.357,38.6,6.4,72.3,25.1,3.0,32.6,FS,Split-Finger,12.2,104,18.8,0.05,0.2,0.155,1.7,BASEBALL_SAVANT_CURRENT_SEASON,2026-08-20T23:43:02.137578+00:00,SAVANT_ARSENAL_SCHEMA_V1,CURRENT
668964,"Myers, Tobias",2026.0,198.0,33.0,16.7,6.6,17.8,52.3,0.332,0.277,0.439,46.1,6.0,71.9,24.2,3.0,37.6,FC,Cutter,11.5,82,9.1,0.333,0.667,0.455,-3.2,BASEBALL_SAVANT_CURRENT_SEASON,2026-08-20T23:43:02.137578+00:00,SAVANT_ARSENAL_SCHEMA_V1,CURRENT
687377,"Ribalta, Orlando",2026.0,151.0,33.0,21.9,9.3,25.8,50.5,0.298,0.214,0.391,34.6,7.7,72.0,26.9,5.0,26.1,CH,Changeup,14.1,90,19.2,0.111,0.111,0.209,-0.3,BASEBALL_SAVANT_CURRENT_SEASON,2026-08-20T23:43:02.137578+00:00,SAVANT_ARSENAL_SCHEMA_V1,CURRENT
592836,"Walker, Taijuan",2026.0,115.0,17.0,14.8,9.6,16.8,45.0,0.411,0.312,0.582,36.0,12.9,71.5,21.3,2.0,35.9,FC,Cutter,19.8,84,18.2,0.368,0.842,0.582,-6.1,BASEBALL_SAVANT_CURRENT_SEASON,2026-08-20T23:43:02.137578+00:00,SAVANT_ARSENAL_SCHEMA_V1,CURRENT
703725,"Gastelum, Luis",2026.0,80.0,22.0,27.5,7.5,35.1,48.7,0.302,0.214,0.414,23.5,9.8,71.8,23.0,2.0,36.3,FF,4-Seam Fastball,32.2,98,18.2,0.25,0.65,0.4,-0.9,BASEBALL_SAVANT_CURRENT_SEASON,2026-08-20T23:43:02.137578+00:00,SAVANT_ARSENAL_SCHEMA_V1,CURRENT
650960,"Duarte, Daniel",2026.0,76.0,19.0,25.0,6.6,22.9,54.5,0.241,0.188,0.282,21.6,5.9,71.9,29.8,3.0,17.8,FC,Cutter,33.7,105,4.8,0.15,0.2,0.202,3.5,BASEBALL_SAVANT_CURRENT_SEASON,2026-08-20T23:43:02.137578+00:00,SAVANT_ARSENAL_SCHEMA_V1,CURRENT
663941,"Beck, Tristan",2026.0,64.0,6.0,9.4,7.8,17.4,49.0,0.33,0.249,0.434,40.4,9.6,71.3,16.7,1.0,38.2,FF,4-Seam Fastball,38.9,96,8.7,0.353,0.941,0.568,-5.6,BASEBALL_SAVANT_CURRENT_SEASON,2026-08-20T23:43:02.137578+00:00,SAVANT_ARSENAL_SCHEMA_V1,CURRENT
663485,"Sands, Cole",2026.0,56.0,11.0,19.6,8.9,23.3,49.3,0.364,0.268,0.507,56.4,10.3,72.4,29.8,1.0,43.1,FF,4-Seam Fastball,39.7,83,4.3,0.188,0.25,0.298,0.9,BASEBALL_SAVANT_CURRENT_SEASON,2026-08-20T23:43:02.137578+00:00,SAVANT_ARSENAL_SCHEMA_V1,CURRENT
663893,"Little, Brendon",2026.0,84.0,24.0,28.6,20.2,37.5,42.2,0.335,0.226,0.394,46.5,9.3,72.0,28.1,6.0,35.7,SI,Sinker,28.2,96,21.4,0.526,0.947,0.676,-5.7,BASEBALL_SAVANT_CURRENT_SEASON,2026-08-20T23:43:02.137578+00:00,SAVANT_ARSENAL_SCHEMA_V1,CURRENT
682989,"Mederos, Victor",2026.0,92.0,20.0,21.7,7.6,32.0,50.4,0.291,0.233,0.341,42.9,4.8,72.9,33.5,3.0,32.4,FF,4-Seam Fastball,22.6,81,17.2,0.158,0.158,0.162,3.8,BASEBALL_SAVANT_CURRENT_SEASON,2026-08-20T23:43:02.137578+00:00,SAVANT_ARSENAL_SCHEMA_V1,CURRENT
682995,"Barco, Hunter",2026.0,87.0,14.0,16.1,14.9,16.3,38.5,0.381,0.28,0.466,43.1,7.0,72.0,20.3,2.0,34.9,SI,Sinker,19.7,69,42.9,0.235,0.471,0.374,1.2,BASEBALL_SAVANT_CURRENT_SEASON,2026-08-20T23:43:02.137578+00:00,SAVANT_ARSENAL_SCHEMA_V1,CURRENT
806960,"Morales, Luis",2026.0,90.0,13.0,14.4,15.6,18.5,43.6,0.408,0.303,0.522,40.3,11.3,71.0,21.3,4.0,33.3,SL,Slider,27.2,94,13.0,0.5,1.15,0.698,-6.3,BASEBALL_SAVANT_CURRENT_SEASON,2026-08-20T23:43:02.137578+00:00,SAVANT_ARSENAL_SCHEMA_V1,CURRENT
656234,"Bird, Jake",2026.0,162.0,38.0,23.5,8.0,26.3,40.8,0.327,0.24,0.421,35.8,9.4,71.5,24.4,4.0,37.1,CU,Curveball,12.1,77,12.9,0.526,1.0,0.62,-8.3,BASEBALL_SAVANT_CURRENT_SEASON,2026-08-20T23:43:02.137578+00:00,SAVANT_ARSENAL_SCHEMA_V1,CURRENT
800600,"Kent, Jackson",2026.0,41.0,9.0,22.0,19.5,17.9,41.4,0.377,0.283,0.412,50.0,4.2,72.5,31.7,1.0,31.4,FF,4-Seam Fastball,45.7,74,26.7,0.313,0.313,0.436,-1.4,BASEBALL_SAVANT_CURRENT_SEASON,2026-08-20T23:43:02.137578+00:00,SAVANT_ARSENAL_SCHEMA_V1,CURRENT
607067,"Rea, Colin",2026.0,535.0,91.0,17.0,8.0,19.5,46.8,0.359,0.276,0.487,41.4,10.7,72.1,27.5,13.0,36.7,FC,Cutter,5.3,107,12.5,0.474,0.684,0.57,-2.5,BASEBALL_SAVANT_CURRENT_SEASON,2026-08-20T23:43:02.137578+00:00,SAVANT_ARSENAL_SCHEMA_V1,CURRENT
680570,"Rodriguez, Grayson",2026.0,271.0,55.0,20.3,10.3,24.1,48.3,0.379,0.288,0.505,48.6,10.9,72.4,29.1,8.0,32.2,CU,Curveball,11.3,125,5.6,0.333,0.5,0.43,-2.4,BASEBALL_SAVANT_CURRENT_SEASON,2026-08-20T23:43:02.137578+00:00,SAVANT_ARSENAL_SCHEMA_V1,CURRENT
657746,"Ryan, Joe",2026.0,523.0,138.0,26.4,5.2,25.5,50.2,0.29,0.224,0.39,42.2,10.5,72.4,29.0,17.0,30.9,SL,Slider,6.2,129,6.7,0.35,0.45,0.35,-0.3,BASEBALL_SAVANT_CURRENT_SEASON,2026-08-20T23:43:02.137578+00:00,SAVANT_ARSENAL_SCHEMA_V1,CURRENT
702303,"Martin, Riley",2026.0,32.0,10.0,31.3,9.4,20.3,50.0,0.25,0.169,0.312,42.1,5.3,73.8,37.3,0.0,26.2,FF,4-Seam Fastball,55.1,65,23.8,0.158,0.158,0.195,3.9,BASEBALL_SAVANT_CURRENT_SEASON,2026-08-20T23:43:02.137578+00:00,SAVANT_ARSENAL_SCHEMA_V1,CURRENT
605452,"Ross, Joe",2026.0,57.0,7.0,12.3,10.5,30.0,53.7,0.391,0.307,0.524,36.4,11.4,72.7,25.0,2.0,31.4,SL,Slider,28.8,59,11.1,0.316,0.684,0.498,-3.5,BASEBALL_SAVANT_CURRENT_SEASON,2026-08-20T23:43:02.137578+00:00,SAVANT_ARSENAL_SCHEMA_V1,CURRENT
696136,"Wicks, Jordan",2026.0,50.0,8.0,16.0,4.0,23.9,51.1,0.322,0.283,0.408,43.6,7.7,72.9,31.7,2.0,35.9,FF,4-Seam Fastball,38.3,69,15.8,0.381,0.571,0.423,-2.1,BASEBALL_SAVANT_CURRENT_SEASON,2026-08-20T23:43:02.137578+00:00,SAVANT_ARSENAL_SCHEMA_V1,CURRENT
571945,"Mikolas, Miles",2026.0,498.0,58.0,11.6,4.6,14.5,48.4,0.354,0.288,0.506,43.6,9.2,72.5,29.2,13.0,38.3,ST,Sweeper,5.3,97,8.0,0.333,0.762,0.509,-6.3,BASEBALL_SAVANT_CURRENT_SEASON,2026-08-20T23:43:02.137578+00:00,SAVANT_ARSENAL_SCHEMA_V1,CURRENT
685299,"Gordon, Tanner",2026.0,312.0,62.0,19.9,4.2,23.0,52.0,0.337,0.266,0.485,45.1,11.1,72.1,24.2,3.0,38.9,CU,Curveball,9.0,100,17.2,0.4,0.85,0.541,-4.9,BASEBALL_SAVANT_CURRENT_SEASON,2026-08-20T23:43:02.137578+00:00,SAVANT_ARSENAL_SCHEMA_V1,CURRENT
608371,"Sims, Lucas",2026.0,46.0,10.0,21.7,15.2,21.6,43.3,0.33,0.22,0.356,39.3,7.1,71.3,20.6,0.0,28.0,FF,4-Seam Fastball,45.6,78,21.4,0.25,0.5,0.407,-1.6,BASEBALL_SAVANT_CURRENT_SEASON,2026-08-20T23:43:02.137578+00:00,SAVANT_ARSENAL_SCHEMA_V1,CURRENT
689546,"Davila, Nick",2026.0,111.0,13.0,11.7,9.9,15.9,46.7,0.331,0.27,0.384,28.6,4.8,72.4,30.1,3.0,33.8,SI,Sinker,23.2,97,6.7,0.238,0.381,0.286,1.7,BASEBALL_SAVANT_CURRENT_SEASON,2026-08-20T23:43:02.137578+00:00,SAVANT_ARSENAL_SCHEMA_V1,CURRENT
666661,"Morillo, Juan",2026.0,203.0,59.0,29.1,8.9,30.8,48.9,0.238,0.181,0.254,31.5,3.3,71.6,25.7,9.0,28.6,SL,Slider,14.3,116,11.9,0.35,0.55,0.402,-2.2,BASEBALL_SAVANT_CURRENT_SEASON,2026-08-20T23:43:02.137578+00:00,SAVANT_ARSENAL_SCHEMA_V1,CURRENT
681870,"Sabrowski, Erik",2026.0,153.0,59.0,38.6,16.3,32.8,45.8,0.269,0.155,0.279,38.2,9.0,71.6,24.8,9.0,26.5,SL,Slider,13.2,82,42.3,0.091,0.136,0.098,4.0,BASEBALL_SAVANT_CURRENT_SEASON,2026-08-20T23:43:02.137578+00:00,SAVANT_ARSENAL_SCHEMA_V1,CURRENT
676760,"Marinaccio, Ron",2026.0,260.0,48.0,18.5,10.4,25.3,47.1,0.347,0.261,0.427,41.0,7.9,71.8,25.2,9.0,33.5,ST,Sweeper,9.3,97,12.5,0.318,0.682,0.418,-2.0,BASEBALL_SAVANT_CURRENT_SEASON,2026-08-20T23:43:02.137578+00:00,SAVANT_ARSENAL_SCHEMA_V1,CURRENT
668984,"Legumina, Casey",2026.0,229.0,40.0,17.5,5.7,21.4,52.4,0.323,0.267,0.41,36.6,7.1,72.2,27.5,7.0,31.4,SL,Slider,13.2,112,11.1,0.333,0.524,0.384,-2.6,BASEBALL_SAVANT_CURRENT_SEASON,2026-08-20T23:43:02.137578+00:00,SAVANT_ARSENAL_SCHEMA_V1,CURRENT
676979,"Crochet, Garrett",2026.0,138.0,37.0,26.8,8.0,24.0,49.0,0.344,0.262,0.442,45.3,10.7,72.3,28.7,3.0,29.5,ST,Sweeper,14.3,74,20.8,0.318,0.636,0.441,-4.8,BASEBALL_SAVANT_CURRENT_SEASON,2026-08-20T23:43:02.137578+00:00,SAVANT_ARSENAL_SCHEMA_V1,CURRENT
676467,"Gordon, Colton",2026.0,50.0,11.0,22.0,6.0,17.2,49.0,0.41,0.327,0.587,48.6,11.4,70.6,13.2,4.0,25.6,FF,4-Seam Fastball,36.1,73,18.2,0.421,0.895,0.573,-6.5,BASEBALL_SAVANT_CURRENT_SEASON,2026-08-20T23:43:02.137578+00:00,SAVANT_ARSENAL_SCHEMA_V1,CURRENT
688883,"Pallette, Peyton",2026.0,97.0,22.0,22.7,16.5,28.4,39.8,0.356,0.25,0.384,42.9,7.1,71.8,19.7,7.0,27.5,CU,Curveball,24.0,106,19.1,0.15,0.15,0.186,0.7,BASEBALL_SAVANT_CURRENT_SEASON,2026-08-20T23:43:02.137578+00:00,SAVANT_ARSENAL_SCHEMA_V1,CURRENT
571927,"Matz, Steven",2026.0,282.0,49.0,17.4,7.4,21.1,47.3,0.352,0.278,0.48,35.2,12.4,71.8,25.0,6.0,33.7,SL,Slider,8.6,96,7.4,0.333,0.476,0.368,-1.3,BASEBALL_SAVANT_CURRENT_SEASON,2026-08-20T23:43:02.137578+00:00,SAVANT_ARSENAL_SCHEMA_V1,CURRENT
642546,"Hernández, Jonathan",2026.0,109.0,22.0,20.2,11.9,19.9,43.8,0.32,0.255,0.389,40.5,5.5,72.9,29.8,2.0,29.5,FF,4-Seam Fastball,17.2,71,13.8,0.105,0.105,0.177,3.8,BASEBALL_SAVANT_CURRENT_SEASON,2026-08-20T23:43:02.137578+00:00,SAVANT_ARSENAL_SCHEMA_V1,CURRENT
800048,"Messick, Parker",2026.0,591.0,152.0,25.7,6.8,26.1,48.5,0.267,0.218,0.327,32.5,5.0,72.0,27.9,15.0,29.5,FC,Cutter,6.1,140,33.3,0.3,0.75,0.459,-1.9,BASEBALL_SAVANT_CURRENT_SEASON,2026-08-20T23:43:02.137578+00:00,SAVANT_ARSENAL_SCHEMA_V1,CURRENT
669947,"Scholtens, Jesse",2026.0,196.0,34.0,17.3,7.1,20.6,49.8,0.348,0.276,0.466,35.2,10.3,72.7,30.6,10.0,30.0,ST,Sweeper,10.5,76,17.8,0.238,0.429,0.302,-1.3,BASEBALL_SAVANT_CURRENT_SEASON,2026-08-20T23:43:02.137578+00:00,SAVANT_ARSENAL_SCHEMA_V1,CURRENT
660271,"Ohtani, Shohei",2026.0,340.0,95.0,27.9,7.6,30.4,47.5,0.257,0.201,0.288,33.8,3.8,71.2,21.5,10.0,27.8,CU,Curveball,10.0,133,19.0,0.111,0.111,0.209,-0.5,BASEBALL_SAVANT_CURRENT_SEASON,2026-08-20T23:43:02.137578+00:00,SAVANT_ARSENAL_SCHEMA_V1,CURRENT
669438,"Englert, Mason",2026.0,157.0,32.0,20.4,5.1,23.9,52.7,0.365,0.28,0.549,38.1,14.9,72.3,27.5,6.0,29.5,FF,4-Seam Fastball,17.3,100,12.5,0.316,1.105,0.552,-4.5,BASEBALL_SAVANT_CURRENT_SEASON,2026-08-20T23:43:02.137578+00:00,SAVANT_ARSENAL_SCHEMA_V1,CURRENT
680736,"Wrobleski, Justin",2026.0,516.0,100.0,19.4,5.4,20.0,50.1,0.331,0.27,0.448,43.9,9.4,72.6,31.6,7.0,35.1,CH,Changeup,5.4,102,6.1,0.182,0.182,0.205,0.8,BASEBALL_SAVANT_CURRENT_SEASON,2026-08-20T23:43:02.137578+00:00,SAVANT_ARSENAL_SCHEMA_V1,CURRENT
689225,"Brieske, Beau",2026.0,39.0,8.0,20.5,10.3,21.3,53.7,0.33,0.241,0.435,48.1,11.1,72.2,28.4,0.0,25.4,FF,4-Seam Fastball,48.3,72,16.0,0.333,0.833,0.523,-6.4,BASEBALL_SAVANT_CURRENT_SEASON,2026-08-20T23:43:02.137578+00:00,SAVANT_ARSENAL_SCHEMA_V1,CURRENT
623437,"Topa, Justin",2026.0,92.0,12.0,13.0,12.0,14.1,43.5,0.376,0.291,0.491,45.6,9.1,71.8,23.3,1.0,34.8,FC,Cutter,26.5,95,7.4,0.188,0.375,0.364,0.7,BASEBALL_SAVANT_CURRENT_SEASON,2026-08-20T23:43:02.137578+00:00,SAVANT_ARSENAL_SCHEMA_V1,CURRENT
700249,"Povich, Cade",2026.0,120.0,21.0,17.5,8.3,23.6,45.9,0.342,0.264,0.453,43.2,8.0,72.1,24.4,5.0,43.4,CU,Curveball,21.0,95,19.4,0.158,0.211,0.234,1.0,BASEBALL_SAVANT_CURRENT_SEASON,2026-08-20T23:43:02.137578+00:00,SAVANT_ARSENAL_SCHEMA_V1,CURRENT
453286,"Scherzer, Max",2026.0,202.0,32.0,15.8,9.9,17.9,51.0,0.332,0.248,0.433,32.2,9.4,71.8,25.6,5.0,25.2,CU,Curveball,13.8,115,18.8,0.364,0.5,0.377,-1.3,BASEBALL_SAVANT_CURRENT_SEASON,2026-08-20T23:43:02.137578+00:00,SAVANT_ARSENAL_SCHEMA_V1,CURRENT
656234,"Bird, Jake",2026.0,162.0,38.0,23.5,8.0,26.3,40.8,0.327,0.24,0.421,35.8,9.4,71.5,24.4,4.0,37.1,FF,4-Seam Fastball,14.8,94,18.2,0.222,0.222,0.291,-0.5,BASEBALL_SAVANT_CURRENT_SEASON,2026-08-20T23:43:02.137578+00:00,SAVANT_ARSENAL_SCHEMA_V1,CURRENT
573009,"Mantiply, Joe",2026.0,71.0,16.0,22.5,5.6,16.8,49.6,0.332,0.266,0.446,44.0,10.0,73.2,37.5,1.0,34.1,CH,Changeup,26.5,70,22.6,0.15,0.2,0.153,3.6,BASEBALL_SAVANT_CURRENT_SEASON,2026-08-20T23:43:02.137578+00:00,SAVANT_ARSENAL_SCHEMA_V1,CURRENT
641745,"Keller, Brad",2026.0,135.0,32.0,23.7,9.6,22.5,45.0,0.284,0.226,0.313,31.8,4.6,71.1,20.4,7.0,28.2,CH,Changeup,13.3,71,25.0,0.15,0.15,0.227,2.1,BASEBALL_SAVANT_CURRENT_SEASON,2026-08-20T23:43:02.137578+00:00,SAVANT_ARSENAL_SCHEMA_V1,CURRENT
476594,"Stock, Robert",2026.0,81.0,19.0,23.5,13.6,26.8,48.3,0.331,0.227,0.366,27.1,10.4,72.3,23.3,6.0,26.2,FC,Cutter,30.6,97,10.5,0.294,0.647,0.45,-1.1,BASEBALL_SAVANT_CURRENT_SEASON,2026-08-20T23:43:02.137578+00:00,SAVANT_ARSENAL_SCHEMA_V1,CURRENT
676263,"Dreyer, Jack",2026.0,208.0,64.0,30.8,8.2,28.9,48.5,0.275,0.211,0.348,40.5,7.2,72.0,24.7,4.0,30.2,CU,Curveball,15.5,128,14.6,0.1,0.1,0.119,2.7,BASEBALL_SAVANT_CURRENT_SEASON,2026-08-20T23:43:02.137578+00:00,SAVANT_ARSENAL_SCHEMA_V1,CURRENT
681293,"Arrighetti, Spencer",2026.0,386.0,87.0,22.5,13.0,25.4,42.1,0.345,0.238,0.395,30.6,7.7,71.9,24.7,8.0,31.8,CH,Changeup,6.9,104,7.7,0.211,0.263,0.255,-0.3,BASEBALL_SAVANT_CURRENT_SEASON,2026-08-20T23:43:02.137578+00:00,SAVANT_ARSENAL_SCHEMA_V1,CURRENT
592779,"Stewart, Brock",2026.0,58.0,16.0,27.6,8.6,30.6,48.7,0.214,0.157,0.236,21.6,2.7,71.8,23.8,1.0,23.9,FF,4-Seam Fastball,34.2,78,34.6,0.15,0.5,0.283,1.0,BASEBALL_SAVANT_CURRENT_SEASON,2026-08-20T23:43:02.137578+00:00,SAVANT_ARSENAL_SCHEMA_V1,CURRENT
681867,"Criswell, Cooper",2026.0,121.0,23.0,19.0,6.6,22.0,48.3,0.286,0.24,0.358,36.0,4.5,71.1,16.9,4.0,31.8,FC,Cutter,21.2,98,25.9,0.167,0.556,0.333,0.8,BASEBALL_SAVANT_CURRENT_SEASON,2026-08-20T23:43:02.137578+00:00,SAVANT_ARSENAL_SCHEMA_V1,CURRENT
650960,"Duarte, Daniel",2026.0,76.0,19.0,25.0,6.6,22.9,54.5,0.241,0.188,0.282,21.6,5.9,71.9,29.8,3.0,17.8,ST,Sweeper,26.6,83,18.4,0.105,0.263,0.205,1.6,BASEBALL_SAVANT_CURRENT_SEASON,2026-08-20T23:43:02.137578+00:00,SAVANT_ARSENAL_SCHEMA_V1,CURRENT
542888,"Armstrong, Shawn",2026.0,146.0,33.0,22.6,13.0,24.1,48.6,0.309,0.209,0.363,34.8,6.5,71.3,16.9,1.0,25.5,SI,Sinker,16.4,98,7.1,0.375,0.438,0.44,-2.1,BASEBALL_SAVANT_CURRENT_SEASON,2026-08-20T23:43:02.137578+00:00,SAVANT_ARSENAL_SCHEMA_V1,CURRENT
622088,"Antone, Tejay",2026.0,175.0,38.0,21.7,7.4,25.9,47.3,0.293,0.221,0.362,34.7,7.1,72.1,25.5,6.0,34.5,CU,Curveball,13.0,88,8.8,0.316,0.526,0.434,-2.0,BASEBALL_SAVANT_CURRENT_SEASON,2026-08-20T23:43:02.137578+00:00,SAVANT_ARSENAL_SCHEMA_V1,CURRENT
642547,"Peralta, Freddy",2026.0,573.0,123.0,21.5,9.2,26.4,47.1,0.312,0.242,0.383,39.4,6.1,71.8,23.9,21.0,30.5,SL,Slider,5.1,120,12.8,0.2,0.4,0.381,-0.3,BASEBALL_SAVANT_CURRENT_SEASON,2026-08-20T23:43:02.137578+00:00,SAVANT_ARSENAL_SCHEMA_V1,CURRENT
673540,"Senga, Kodai",2026.0,234.0,60.0,25.6,15.0,28.5,45.5,0.34,0.233,0.401,38.2,11.8,72.1,25.3,13.0,31.0,SL,Slider,7.2,67,27.8,0.263,0.947,0.507,-6.2,BASEBALL_SAVANT_CURRENT_SEASON,2026-08-20T23:43:02.137578+00:00,SAVANT_ARSENAL_SCHEMA_V1,CURRENT
647315,"Pop, Zach",2026.0,31.0,6.0,19.4,9.7,15.4,40.0,0.317,0.248,0.358,47.6,4.8,72.4,22.7,1.0,47.4,SI,Sinker,62.3,81,20.0,0.111,0.167,0.169,3.4,BASEBALL_SAVANT_CURRENT_SEASON,2026-08-20T23:43:02.137578+00:00,SAVANT_ARSENAL_SCHEMA_V1,CURRENT
624522,"Thompson, Keegan",2026.0,57.0,11.0,19.3,3.5,21.6,49.7,0.407,0.343,0.623,50.0,13.6,72.7,35.3,2.0,45.6,FF,4-Seam Fastball,28.7,56,21.1,0.368,0.684,0.469,-3.6,BASEBALL_SAVANT_CURRENT_SEASON,2026-08-20T23:43:02.137578+00:00,SAVANT_ARSENAL_SCHEMA_V1,CURRENT
621097,"Waguespack, Jacob",2026.0,107.0,16.0,15.0,8.4,24.6,49.5,0.269,0.206,0.318,30.9,4.9,71.3,23.1,0.0,36.8,CH,Changeup,19.9,77,14.7,0.1,0.1,0.18,1.0,BASEBALL_SAVANT_CURRENT_SEASON,2026-08-20T23:43:02.137578+00:00,SAVANT_ARSENAL_SCHEMA_V1,CURRENT
680802,"Weiss, Ryan",2026.0,131.0,30.0,22.9,15.3,23.7,44.5,0.379,0.269,0.488,49.4,11.1,71.4,21.0,5.0,31.3,SI,Sinker,12.5,66,50.0,0.278,0.278,0.357,0.3,BASEBALL_SAVANT_CURRENT_SEASON,2026-08-20T23:43:02.137578+00:00,SAVANT_ARSENAL_SCHEMA_V1,CURRENT
670036,"Festa, Matt",2026.0,233.0,57.0,24.5,6.4,28.4,47.3,0.31,0.242,0.39,42.6,8.4,71.7,22.4,8.0,33.3,SI,Sinker,6.5,56,38.1,0.3,0.3,0.29,0.8,BASEBALL_SAVANT_CURRENT_SEASON,2026-08-20T23:43:02.137578+00:00,SAVANT_ARSENAL_SCHEMA_V1,CURRENT
695534,"Petty, Chase",2026.0,139.0,15.0,10.8,6.5,19.6,48.2,0.361,0.278,0.47,37.5,9.1,72.4,29.6,0.0,37.9,FF,4-Seam Fastball,14.9,71,9.7,0.05,0.05,0.17,3.4,BASEBALL_SAVANT_CURRENT_SEASON,2026-08-20T23:43:02.137578+00:00,SAVANT_ARSENAL_SCHEMA_V1,CURRENT
678868,"Yean, Eddy",2026.0,39.0,6.0,15.4,5.1,15.2,47.1,0.257,0.211,0.296,33.3,3.3,72.8,30.6,1.0,29.6,SI,Sinker,57.1,80,25.0,0.111,0.333,0.298,1.2,BASEBALL_SAVANT_CURRENT_SEASON,2026-08-20T23:43:02.137578+00:00,SAVANT_ARSENAL_SCHEMA_V1,CURRENT
682254,"Montgomery, Mason",2026.0,210.0,82.0,39.0,10.0,32.9,49.7,0.247,0.183,0.288,40.2,8.4,71.5,22.5,12.0,24.8,SI,Sinker,14.3,126,27.6,0.105,0.263,0.257,1.4,BASEBALL_SAVANT_CURRENT_SEASON,2026-08-20T23:43:02.137578+00:00,SAVANT_ARSENAL_SCHEMA_V1,CURRENT
552640,"Kittredge, Andrew",2026.0,167.0,31.0,18.6,6.6,23.2,53.6,0.302,0.261,0.393,36.8,5.6,72.4,29.0,7.0,32.0,FF,4-Seam Fastball,11.5,63,16.7,0.3,0.45,0.343,-1.0,BASEBALL_SAVANT_CURRENT_SEASON,2026-08-20T23:43:02.137578+00:00,SAVANT_ARSENAL_SCHEMA_V1,CURRENT
671212,"Boyle, Joe",2026.0,81.0,21.0,25.9,11.1,24.2,45.2,0.308,0.235,0.362,39.2,4.0,71.8,27.1,8.0,25.0,SL,Slider,32.3,112,10.3,0.235,0.353,0.314,0.2,BASEBALL_SAVANT_CURRENT_SEASON,2026-08-20T23:43:02.137578+00:00,SAVANT_ARSENAL_SCHEMA_V1,CURRENT
669713,"Wesneski, Hayden",2026.0,95.0,18.0,18.9,7.4,27.4,48.9,0.325,0.266,0.408,42.0,7.2,71.9,25.7,2.0,43.1,FC,Cutter,16.2,52,37.5,0.353,0.588,0.46,-2.4,BASEBALL_SAVANT_CURRENT_SEASON,2026-08-20T23:43:02.137578+00:00,SAVANT_ARSENAL_SCHEMA_V1,CURRENT
680604,"Castaño, Blas",2026.0,85.0,17.0,20.0,7.1,19.7,45.8,0.367,0.288,0.502,50.0,10.2,72.4,27.6,3.0,40.6,ST,Sweeper,24.8,85,25.7,0.15,0.4,0.248,0.4,BASEBALL_SAVANT_CURRENT_SEASON,2026-08-20T23:43:02.137578+00:00,SAVANT_ARSENAL_SCHEMA_V1,CURRENT
455119,"Martin, Chris",2026.0,66.0,9.0,13.6,3.0,15.9,53.2,0.408,0.344,0.568,44.4,11.1,71.5,16.7,2.0,34.0,FC,Cutter,41.9,104,13.0,0.368,0.579,0.402,-1.3,BASEBALL_SAVANT_CURRENT_SEASON,2026-08-20T23:43:02.137578+00:00,SAVANT_ARSENAL_SCHEMA_V1,CURRENT
663568,"Kolek, Stephen",2026.0,224.0,34.0,15.2,5.4,19.8,48.3,0.303,0.262,0.38,36.9,6.9,71.9,23.3,9.0,32.8,FC,Cutter,12.3,103,41.7,0.19,0.619,0.245,1.2,BASEBALL_SAVANT_CURRENT_SEASON,2026-08-20T23:43:02.137578+00:00,SAVANT_ARSENAL_SCHEMA_V1,CURRENT
669084,"Hall, DL",2026.0,162.0,41.0,25.3,17.3,27.8,39.9,0.292,0.195,0.28,31.5,5.5,70.9,20.8,5.0,31.8,CU,Curveball,14.7,101,26.5,0.056,0.111,0.202,1.6,BASEBALL_SAVANT_CURRENT_SEASON,2026-08-20T23:43:02.137578+00:00,SAVANT_ARSENAL_SCHEMA_V1,CURRENT
472610,"García, Luis",2026.0,74.0,6.0,8.1,8.1,20.9,52.5,0.397,0.329,0.522,44.3,5.2,72.3,31.7,1.0,37.4,FS,Split-Finger,31.3,83,10.7,0.176,0.235,0.325,-0.4,BASEBALL_SAVANT_CURRENT_SEASON,2026-08-20T23:43:02.137578+00:00,SAVANT_ARSENAL_SCHEMA_V1,CURRENT
700241,"McGreevy, Michael",2026.0,538.0,91.0,16.9,6.3,19.2,44.7,0.355,0.284,0.49,42.6,10.2,72.4,31.4,18.0,37.4,SL,Slider,4.5,96,8.8,0.381,0.571,0.41,-3.0,BASEBALL_SAVANT_CURRENT_SEASON,2026-08-20T23:43:02.137578+00:00,SAVANT_ARSENAL_SCHEMA_V1,CURRENT
656848,"Petersen, Michael",2026.0,213.0,62.0,29.1,10.3,29.3,50.5,0.288,0.194,0.361,41.3,11.1,72.0,24.4,9.0,27.9,CH,Changeup,12.6,112,10.7,0.278,0.389,0.348,-0.5,BASEBALL_SAVANT_CURRENT_SEASON,2026-08-20T23:43:02.137578+00:00,SAVANT_ARSENAL_SCHEMA_V1,CURRENT
676664,"Sears, JP",2026.0,143.0,25.0,17.5,7.7,20.7,47.4,0.345,0.263,0.441,45.2,8.7,72.2,30.6,3.0,38.4,SL,Slider,14.0,74,13.0,0.105,0.105,0.162,2.7,BASEBALL_SAVANT_CURRENT_SEASON,2026-08-20T23:43:02.137578+00:00,SAVANT_ARSENAL_SCHEMA_V1,CURRENT
672629,"Carrillo, Gerardo",2026.0,55.0,15.0,27.3,14.5,26.1,42.5,0.222,0.147,0.201,19.4,3.2,71.5,22.1,1.0,23.3,FS,Split-Finger,27.5,57,31.4,0.053,0.105,0.126,4.4,BASEBALL_SAVANT_CURRENT_SEASON,2026-08-20T23:43:02.137578+00:00,SAVANT_ARSENAL_SCHEMA_V1,CURRENT
674003,"Bradford, Cody",2026.0,65.0,10.0,15.4,6.2,21.6,49.1,0.369,0.298,0.511,42.0,10.2,72.2,33.7,2.0,44.9,CH,Changeup,36.7,83,16.7,0.211,0.211,0.25,1.5,BASEBALL_SAVANT_CURRENT_SEASON,2026-08-20T23:43:02.137578+00:00,SAVANT_ARSENAL_SCHEMA_V1,CURRENT
455119,"Martin, Chris",2026.0,66.0,9.0,13.6,3.0,15.9,53.2,0.408,0.344,0.568,44.4,11.1,71.5,16.7,2.0,34.0,FF,4-Seam Fastball,26.2,65,18.5,0.25,0.35,0.281,1.2,BASEBALL_SAVANT_CURRENT_SEASON,2026-08-20T23:43:02.137578+00:00,SAVANT_ARSENAL_SCHEMA_V1,CURRENT
676083,"Junk, Janson",2026.0,396.0,66.0,16.7,6.6,15.1,48.6,0.316,0.259,0.408,40.4,6.6,72.5,31.0,6.0,34.1,SI,Sinker,4.0,60,11.1,0.35,0.4,0.35,-0.8,BASEBALL_SAVANT_CURRENT_SEASON,2026-08-20T23:43:02.137578+00:00,SAVANT_ARSENAL_SCHEMA_V1,CURRENT
675512,"Melton, Troy",2026.0,329.0,73.0,22.2,7.6,25.9,49.5,0.272,0.218,0.327,34.9,5.2,72.9,31.5,13.0,29.6,SI,Sinker,8.3,104,22.2,0.278,0.278,0.357,0.6,BASEBALL_SAVANT_CURRENT_SEASON,2026-08-20T23:43:02.137578+00:00,SAVANT_ARSENAL_SCHEMA_V1,CURRENT
663362,"Waldron, Matt",2026.0,169.0,31.0,18.3,5.9,16.8,48.2,0.3,0.237,0.39,38.1,6.3,71.3,23.0,3.0,37.2,ST,Sweeper,14.6,90,4.2,0.353,0.765,0.512,-4.5,BASEBALL_SAVANT_CURRENT_SEASON,2026-08-20T23:43:02.137578+00:00,SAVANT_ARSENAL_SCHEMA_V1,CURRENT
664141,"Brubaker, JT",2026.0,236.0,38.0,16.1,10.6,21.0,44.8,0.34,0.268,0.428,36.3,5.8,72.1,24.2,9.0,33.4,CU,Curveball,8.4,79,16.7,0.222,0.278,0.288,-0.5,BASEBALL_SAVANT_CURRENT_SEASON,2026-08-20T23:43:02.137578+00:00,SAVANT_ARSENAL_SCHEMA_V1,CURRENT
685112,"McCambley, Zach",2026.0,43.0,9.0,20.9,14.0,27.2,46.8,0.366,0.292,0.429,48.1,7.4,72.2,30.3,5.0,38.0,FC,Cutter,43.6,75,22.2,0.333,0.429,0.333,-0.4,BASEBALL_SAVANT_CURRENT_SEASON,2026-08-20T23:43:02.137578+00:00,SAVANT_ARSENAL_SCHEMA_V1,CURRENT
605130,"Barlow, Scott",2026.0,153.0,29.0,19.0,13.1,33.1,42.7,0.358,0.236,0.448,36.1,9.3,71.8,26.0,5.0,37.7,SI,Sinker,13.3,77,0.0,0.467,1.0,0.638,-6.3,BASEBALL_SAVANT_CURRENT_SEASON,2026-08-20T23:43:02.137578+00:00,SAVANT_ARSENAL_SCHEMA_V1,CURRENT
683409,"Chivilli, Angel",2026.0,73.0,16.0,21.9,9.6,32.6,50.5,0.309,0.22,0.395,38.8,6.3,72.1,29.8,3.0,32.9,SL,Slider,37.5,107,21.1,0.263,0.474,0.333,0.3,BASEBALL_SAVANT_CURRENT_SEASON,2026-08-20T23:43:02.137578+00:00,SAVANT_ARSENAL_SCHEMA_V1,CURRENT
671212,"Boyle, Joe",2026.0,81.0,21.0,25.9,11.1,24.2,45.2,0.308,0.235,0.362,39.2,4.0,71.8,27.1,8.0,25.0,FF,4-Seam Fastball,22.2,77,27.8,0.2,0.267,0.328,1.1,BASEBALL_SAVANT_CURRENT_SEASON,2026-08-20T23:43:02.137578+00:00,SAVANT_ARSENAL_SCHEMA_V1,CURRENT
592836,"Walker, Taijuan",2026.0,115.0,17.0,14.8,9.6,16.8,45.0,0.411,0.312,0.582,36.0,12.9,71.5,21.3,2.0,35.9,SI,Sinker,22.6,96,14.3,0.375,0.625,0.483,-3.8,BASEBALL_SAVANT_CURRENT_SEASON,2026-08-20T23:43:02.137578+00:00,SAVANT_ARSENAL_SCHEMA_V1,CURRENT
680704,"Sandlin, Nick",2026.0,40.0,6.0,15.0,12.5,31.1,38.9,0.377,0.238,0.463,38.5,7.7,72.4,26.3,0.0,35.9,SL,Slider,54.1,85,20.0,0.333,0.533,0.5,-2.4,BASEBALL_SAVANT_CURRENT_SEASON,2026-08-20T23:43:02.137578+00:00,SAVANT_ARSENAL_SCHEMA_V1,CURRENT
684974,"Yoho, Craig",2026.0,109.0,24.0,22.0,11.9,28.4,45.3,0.309,0.206,0.358,29.0,7.4,70.7,20.7,2.0,31.9,FF,4-Seam Fastball,16.6,71,21.7,0.133,0.4,0.338,-0.3,BASEBALL_SAVANT_CURRENT_SEASON,2026-08-20T23:43:02.137578+00:00,SAVANT_ARSENAL_SCHEMA_V1,CURRENT
696522,"Juenger, Hayden",2026.0,72.0,6.0,8.3,9.7,15.6,45.9,0.374,0.314,0.488,36.8,8.8,72.1,21.3,1.0,41.8,FF,4-Seam Fastball,33.8,90,0.0,0.357,0.429,0.418,-1.4,BASEBALL_SAVANT_CURRENT_SEASON,2026-08-20T23:43:02.137578+00:00,SAVANT_ARSENAL_SCHEMA_V1,CURRENT
663554,"Mize, Casey",2026.0,408.0,95.0,23.3,6.1,25.3,48.2,0.283,0.229,0.361,36.9,7.7,72.8,32.3,12.0,32.0,SV,Slurve,4.5,71,17.9,0.25,0.25,0.225,-0.2,BASEBALL_SAVANT_CURRENT_SEASON,2026-08-20T23:43:02.137578+00:00,SAVANT_ARSENAL_SCHEMA_V1,CURRENT
696522,"Juenger, Hayden",2026.0,72.0,6.0,8.3,9.7,15.6,45.9,0.374,0.314,0.488,36.8,8.8,72.1,21.3,1.0,41.8,CH,Changeup,22.9,61,19.0,0.211,0.263,0.233,0.0,BASEBALL_SAVANT_CURRENT_SEASON,2026-08-20T23:43:02.137578+00:00,SAVANT_ARSENAL_SCHEMA_V1,CURRENT
684974,"Yoho, Craig",2026.0,109.0,24.0,22.0,11.9,28.4,45.3,0.309,0.206,0.358,29.0,7.4,70.7,20.7,2.0,31.9,SI,Sinker,21.7,93,16.7,0.214,0.429,0.4,-0.3,BASEBALL_SAVANT_CURRENT_SEASON,2026-08-20T23:43:02.137578+00:00,SAVANT_ARSENAL_SCHEMA_V1,CURRENT
664353,"Urquidy, José",2026.0,71.0,17.0,23.9,2.8,27.3,51.0,0.257,0.226,0.346,34.6,7.8,71.3,17.7,2.0,40.5,FF,4-Seam Fastball,21.5,54,27.3,0.316,0.368,0.368,0.4,BASEBALL_SAVANT_CURRENT_SEASON,2026-08-20T23:43:02.137578+00:00,SAVANT_ARSENAL_SCHEMA_V1,CURRENT
677053,"Nardi, Andrew",2026.0,99.0,27.0,27.3,11.1,30.4,47.9,0.348,0.241,0.466,45.0,13.3,71.0,22.2,4.0,35.1,ST,Sweeper,23.0,87,22.6,0.278,0.667,0.423,-3.2,BASEBALL_SAVANT_CURRENT_SEASON,2026-08-20T23:43:02.137578+00:00,SAVANT_ARSENAL_SCHEMA_V1,CURRENT
572143,"Smith, Burch",2026.0,73.0,20.0,27.4,9.6,22.7,46.0,0.287,0.217,0.347,47.8,4.4,72.0,25.6,0.0,31.2,FC,Cutter,20.9,60,22.2,0.412,0.647,0.535,-4.5,BASEBALL_SAVANT_CURRENT_SEASON,2026-08-20T23:43:02.137578+00:00,SAVANT_ARSENAL_SCHEMA_V1,CURRENT
697812,"Rock, Joe",2026.0,53.0,12.0,22.6,20.8,27.4,43.1,0.39,0.267,0.402,57.1,3.6,71.7,22.4,1.0,43.8,FF,4-Seam Fastball,48.7,95,17.6,0.333,0.333,0.46,-1.9,BASEBALL_SAVANT_CURRENT_SEASON,2026-08-20T23:43:02.137578+00:00,SAVANT_ARSENAL_SCHEMA_V1,CURRENT
674370,"Bido, Osvaldo",2026.0,81.0,11.0,13.6,12.3,23.4,45.7,0.377,0.273,0.449,41.1,8.9,71.3,17.2,7.0,36.2,SI,Sinker,20.5,65,10.0,0.25,0.625,0.43,-2.9,BASEBALL_SAVANT_CURRENT_SEASON,2026-08-20T23:43:02.137578+00:00,SAVANT_ARSENAL_SCHEMA_V1,CURRENT
605280,"Holmes, Clay",2026.0,278.0,50.0,18.0,8.3,20.0,46.9,0.311,0.259,0.372,41.9,4.9,72.3,28.4,4.0,33.2,FC,Cutter,7.0,75,13.0,0.222,0.389,0.305,-1.3,BASEBALL_SAVANT_CURRENT_SEASON,2026-08-20T23:43:02.137578+00:00,SAVANT_ARSENAL_SCHEMA_V1,CURRENT
593974,"Peralta, Wandy",2026.0,261.0,39.0,14.9,8.4,21.9,51.3,0.314,0.266,0.377,33.3,3.5,72.4,27.5,2.0,31.4,FF,4-Seam Fastball,9.9,98,4.8,0.353,0.353,0.375,-3.2,BASEBALL_SAVANT_CURRENT_SEASON,2026-08-20T23:43:02.137578+00:00,SAVANT_ARSENAL_SCHEMA_V1,CURRENT
667463,"King, John",2026.0,197.0,33.0,16.8,8.6,21.7,47.2,0.31,0.229,0.404,37.8,8.5,72.4,32.0,4.0,37.1,CU,Curveball,11.5,82,33.3,0.412,0.765,0.53,-3.5,BASEBALL_SAVANT_CURRENT_SEASON,2026-08-20T23:43:02.137578+00:00,SAVANT_ARSENAL_SCHEMA_V1,CURRENT
678022,"Perkins, Jack",2026.0,387.0,98.0,25.3,8.5,27.0,48.1,0.316,0.238,0.395,37.6,8.9,71.7,26.5,18.0,32.6,SI,Sinker,3.6,53,0.0,0.5,1.125,0.683,-9.7,BASEBALL_SAVANT_CURRENT_SEASON,2026-08-20T23:43:02.137578+00:00,SAVANT_ARSENAL_SCHEMA_V1,CURRENT
664991,"Wolfram, Grant",2026.0,169.0,43.0,25.4,7.7,25.2,48.1,0.301,0.237,0.368,35.8,6.5,71.3,22.8,9.0,28.9,SL,Slider,12.3,80,26.1,0.278,0.556,0.368,-2.4,BASEBALL_SAVANT_CURRENT_SEASON,2026-08-20T23:43:02.137578+00:00,SAVANT_ARSENAL_SCHEMA_V1,CURRENT
645261,"Alcantara, Sandy",2026.0,728.0,131.0,18.0,6.5,21.1,50.9,0.297,0.249,0.367,35.2,5.4,72.0,25.4,20.0,32.8,CU,Curveball,3.6,96,0.0,0.2,0.4,0.253,0.0,BASEBALL_SAVANT_CURRENT_SEASON,2026-08-20T23:43:02.137578+00:00,SAVANT_ARSENAL_SCHEMA_V1,CURRENT
661563,"Gil, Luis",2026.0,85.0,9.0,10.6,12.9,18.5,38.6,0.385,0.262,0.498,46.8,9.7,72.3,32.5,0.0,45.9,SL,Slider,21.1,71,21.1,0.125,0.375,0.303,-1.8,BASEBALL_SAVANT_CURRENT_SEASON,2026-08-20T23:43:02.137578+00:00,SAVANT_ARSENAL_SCHEMA_V1,CURRENT
676568,"Vanasco, Ricky",2026.0,40.0,4.0,10.0,15.0,20.6,40.0,0.399,0.294,0.519,43.3,6.7,71.0,19.7,1.0,37.5,FF,4-Seam Fastball,51.2,87,9.1,0.438,0.875,0.628,-3.4,BASEBALL_SAVANT_CURRENT_SEASON,2026-08-20T23:43:02.137578+00:00,SAVANT_ARSENAL_SCHEMA_V1,CURRENT
622088,"Antone, Tejay",2026.0,175.0,38.0,21.7,7.4,25.9,47.3,0.293,0.221,0.362,34.7,7.1,72.1,25.5,6.0,34.5,FF,4-Seam Fastball,5.8,39,23.3,0.316,0.632,0.458,-5.7,BASEBALL_SAVANT_CURRENT_SEASON,2026-08-20T23:43:02.137578+00:00,SAVANT_ARSENAL_SCHEMA_V1,CURRENT
677961,"Wilcox, Cole",2026.0,123.0,28.0,22.8,13.8,31.4,46.3,0.355,0.284,0.404,46.1,6.7,71.3,21.3,3.0,33.6,SL,Slider,17.2,84,15.6,0.235,0.412,0.368,-0.1,BASEBALL_SAVANT_CURRENT_SEASON,2026-08-20T23:43:02.137578+00:00,SAVANT_ARSENAL_SCHEMA_V1,CURRENT
663978,"Paddack, Chris",2026.0,267.0,40.0,15.0,7.1,21.4,50.1,0.342,0.28,0.45,36.9,8.4,72.3,27.7,6.0,33.7,SI,Sinker,6.1,62,0.0,0.389,0.5,0.42,-0.3,BASEBALL_SAVANT_CURRENT_SEASON,2026-08-20T23:43:02.137578+00:00,SAVANT_ARSENAL_SCHEMA_V1,CURRENT
669711,"Weissert, Greg",2026.0,204.0,47.0,23.0,7.8,23.3,48.9,0.302,0.229,0.388,33.3,6.5,71.9,22.8,3.0,30.5,ST,Sweeper,13.9,111,16.7,0.278,0.278,0.26,0.0,BASEBALL_SAVANT_CURRENT_SEASON,2026-08-20T23:43:02.137578+00:00,SAVANT_ARSENAL_SCHEMA_V1,CURRENT
694361,"Klein, Will",2026.0,189.0,49.0,25.9,11.1,23.9,43.3,0.288,0.235,0.302,37.9,2.6,70.7,17.6,8.0,32.4,CU,Curveball,16.1,123,17.2,0.333,0.389,0.329,-2.1,BASEBALL_SAVANT_CURRENT_SEASON,2026-08-20T23:43:02.137578+00:00,SAVANT_ARSENAL_SCHEMA_V1,CURRENT
687931,"Whisenhunt, Carson",2026.0,153.0,23.0,15.0,13.1,28.0,46.3,0.378,0.279,0.485,47.7,8.3,72.9,31.9,4.0,42.7,SL,Slider,17.4,99,16.7,0.25,0.5,0.315,-0.8,BASEBALL_SAVANT_CURRENT_SEASON,2026-08-20T23:43:02.137578+00:00,SAVANT_ARSENAL_SCHEMA_V1,CURRENT
692230,"Rodriguez, Carlos",2026.0,42.0,8.0,19.0,9.5,26.4,50.0,0.282,0.228,0.327,16.7,3.3,71.7,30.8,1.0,25.9,CH,Changeup,36.8,67,23.3,0.294,0.529,0.403,-3.3,BASEBALL_SAVANT_CURRENT_SEASON,2026-08-20T23:43:02.137578+00:00,SAVANT_ARSENAL_SCHEMA_V1,CURRENT
605280,"Holmes, Clay",2026.0,278.0,50.0,18.0,8.3,20.0,46.9,0.311,0.259,0.372,41.9,4.9,72.3,28.4,4.0,33.2,CU,Curveball,7.7,82,19.0,0.056,0.111,0.143,1.6,BASEBALL_SAVANT_CURRENT_SEASON,2026-08-20T23:43:02.137578+00:00,SAVANT_ARSENAL_SCHEMA_V1,CURRENT
605483,"Snell, Blake",2026.0,63.0,20.0,31.7,9.5,36.6,52.2,0.229,0.189,0.228,10.8,0.0,71.1,18.9,8.0,24.7,CU,Curveball,23.9,60,29.7,0.05,0.05,0.09,4.2,BASEBALL_SAVANT_CURRENT_SEASON,2026-08-20T23:43:02.137578+00:00,SAVANT_ARSENAL_SCHEMA_V1,CURRENT
663372,"Feltner, Ryan",2026.0,408.0,64.0,15.7,9.6,23.8,48.3,0.358,0.267,0.498,38.8,11.2,72.6,29.4,9.0,32.7,CU,Curveball,7.5,113,0.0,0.421,1.053,0.58,-4.8,BASEBALL_SAVANT_CURRENT_SEASON,2026-08-20T23:43:02.137578+00:00,SAVANT_ARSENAL_SCHEMA_V1,CURRENT
681867,"Criswell, Cooper",2026.0,121.0,23.0,19.0,6.6,22.0,48.3,0.286,0.24,0.358,36.0,4.5,71.1,16.9,4.0,31.8,ST,Sweeper,19.0,88,15.6,0.222,0.222,0.215,1.7,BASEBALL_SAVANT_CURRENT_SEASON,2026-08-20T23:43:02.137578+00:00,SAVANT_ARSENAL_SCHEMA_V1,CURRENT
621074,"Rucker, Michael",2026.0,111.0,30.0,27.0,8.1,26.3,47.7,0.289,0.238,0.336,38.0,7.0,71.8,23.1,6.0,30.0,FC,Cutter,19.4,85,13.3,0.333,0.556,0.413,-1.6,BASEBALL_SAVANT_CURRENT_SEASON,2026-08-20T23:43:02.137578+00:00,SAVANT_ARSENAL_SCHEMA_V1,CURRENT
695505,"Burns, Chase",2026.0,548.0,159.0,29.0,8.8,31.7,49.0,0.27,0.202,0.331,36.9,7.6,72.2,28.0,28.0,28.8,CH,Changeup,5.1,115,17.6,0.474,0.842,0.568,-5.5,BASEBALL_SAVANT_CURRENT_SEASON,2026-08-20T23:43:02.137578+00:00,SAVANT_ARSENAL_SCHEMA_V1,CURRENT
695534,"Petty, Chase",2026.0,139.0,15.0,10.8,6.5,19.6,48.2,0.361,0.278,0.47,37.5,9.1,72.4,29.6,0.0,37.9,ST,Sweeper,18.2,87,20.0,0.25,0.45,0.298,-1.3,BASEBALL_SAVANT_CURRENT_SEASON,2026-08-20T23:43:02.137578+00:00,SAVANT_ARSENAL_SCHEMA_V1,CURRENT
676684,"Vest, Will",2026.0,116.0,27.0,23.3,8.6,27.5,48.1,0.307,0.244,0.365,35.1,5.3,71.5,25.2,1.0,32.9,SI,Sinker,15.5,75,7.1,0.176,0.235,0.348,1.0,BASEBALL_SAVANT_CURRENT_SEASON,2026-08-20T23:43:02.137578+00:00,SAVANT_ARSENAL_SCHEMA_V1,CURRENT
641312,"Anderson, Shaun",2026.0,93.0,17.0,18.3,10.8,26.6,45.0,0.391,0.303,0.515,38.5,9.2,73.0,30.5,3.0,32.4,CH,Changeup,25.6,90,15.0,0.35,0.8,0.48,-2.3,BASEBALL_SAVANT_CURRENT_SEASON,2026-08-20T23:43:02.137578+00:00,SAVANT_ARSENAL_SCHEMA_V1,CURRENT
670036,"Festa, Matt",2026.0,233.0,57.0,24.5,6.4,28.4,47.3,0.31,0.242,0.39,42.6,8.4,71.7,22.4,8.0,33.3,FC,Cutter,6.1,53,29.4,0.111,0.278,0.215,1.3,BASEBALL_SAVANT_CURRENT_SEASON,2026-08-20T23:43:02.137578+00:00,SAVANT_ARSENAL_SCHEMA_V1,CURRENT
660271,"Ohtani, Shohei",2026.0,340.0,95.0,27.9,7.6,30.4,47.5,0.257,0.201,0.288,33.8,3.8,71.2,21.5,10.0,27.8,SI,Sinker,5.2,69,42.9,0.143,0.214,0.318,0.6,BASEBALL_SAVANT_CURRENT_SEASON,2026-08-20T23:43:02.137578+00:00,SAVANT_ARSENAL_SCHEMA_V1,CURRENT
696070,"Rojas, Kendry",2026.0,130.0,34.0,26.2,16.9,28.1,43.8,0.288,0.179,0.282,31.5,6.8,71.2,22.7,2.0,25.9,CH,Changeup,14.6,76,18.2,0.222,0.333,0.289,-0.9,BASEBALL_SAVANT_CURRENT_SEASON,2026-08-20T23:43:02.137578+00:00,SAVANT_ARSENAL_SCHEMA_V1,CURRENT
471911,"Carrasco, Carlos",2026.0,73.0,7.0,9.6,4.1,19.0,55.7,0.431,0.371,0.586,41.0,9.8,72.4,32.2,3.0,37.4,CH,Changeup,30.9,76,10.0,0.316,0.368,0.323,-1.0,BASEBALL_SAVANT_CURRENT_SEASON,2026-08-20T23:43:02.137578+00:00,SAVANT_ARSENAL_SCHEMA_V1,CURRENT
657649,"Koenig, Jared",2026.0,41.0,7.0,17.1,17.1,20.6,42.2,0.337,0.246,0.416,46.2,7.7,72.5,29.0,1.0,38.0,SI,Sinker,47.8,77,16.0,0.313,0.313,0.41,-0.8,BASEBALL_SAVANT_CURRENT_SEASON,2026-08-20T23:43:02.137578+00:00,SAVANT_ARSENAL_SCHEMA_V1,CURRENT
621381,"Strahm, Matt",2026.0,161.0,30.0,18.6,8.7,23.2,49.8,0.316,0.225,0.428,39.1,11.3,72.0,24.9,3.0,31.9,SI,Sinker,14.5,92,11.1,0.368,0.526,0.403,0.3,BASEBALL_SAVANT_CURRENT_SEASON,2026-08-20T23:43:02.137578+00:00,SAVANT_ARSENAL_SCHEMA_V1,CURRENT
656986,"Sousa, Bennett",2026.0,67.0,17.0,25.4,11.9,30.9,48.0,0.253,0.172,0.28,31.0,9.5,72.0,35.8,3.0,35.1,FF,4-Seam Fastball,21.9,56,0.0,0.412,0.706,0.51,-3.1,BASEBALL_SAVANT_CURRENT_SEASON,2026-08-20T23:43:02.137578+00:00,SAVANT_ARSENAL_SCHEMA_V1,CURRENT
677944,"Cecconi, Slade",2026.0,488.0,88.0,18.0,7.6,20.3,46.8,0.338,0.271,0.452,40.0,8.9,71.9,24.7,9.0,36.4,ST,Sweeper,5.3,98,14.3,0.389,0.833,0.495,-2.3,BASEBALL_SAVANT_CURRENT_SEASON,2026-08-20T23:43:02.137578+00:00,SAVANT_ARSENAL_SCHEMA_V1,CURRENT
680730,"Parker, Mitchell",2026.0,178.0,34.0,19.1,7.3,28.1,50.3,0.347,0.272,0.462,41.9,8.5,71.8,22.0,5.0,39.3,CU,Curveball,15.5,103,13.0,0.3,0.65,0.398,-1.7,BASEBALL_SAVANT_CURRENT_SEASON,2026-08-20T23:43:02.137578+00:00,SAVANT_ARSENAL_SCHEMA_V1,CURRENT
703615,"Cabrera, Jose",2026.0,81.0,12.0,14.8,8.6,20.2,44.4,0.353,0.268,0.456,35.0,6.7,74.0,39.6,3.0,35.3,FC,Cutter,26.2,73,14.3,0.333,0.5,0.44,0.0,BASEBALL_SAVANT_CURRENT_SEASON,2026-08-20T23:43:02.137578+00:00,SAVANT_ARSENAL_SCHEMA_V1,CURRENT
656212,"Barnes, Charlie",2026.0,63.0,6.0,9.5,11.1,15.1,42.8,0.404,0.321,0.531,46.9,8.2,73.8,38.8,2.0,50.0,FF,4-Seam Fastball,33.3,67,16.7,0.267,0.667,0.465,-3.9,BASEBALL_SAVANT_CURRENT_SEASON,2026-08-20T23:43:02.137578+00:00,SAVANT_ARSENAL_SCHEMA_V1,CURRENT
695049,"Kerry, Brett",2026.0,54.0,12.0,22.2,3.7,26.7,49.5,0.27,0.231,0.361,42.5,5.0,72.7,33.7,2.0,36.4,SL,Slider,27.4,58,31.6,0.25,0.45,0.343,-0.8,BASEBALL_SAVANT_CURRENT_SEASON,2026-08-20T23:43:02.137578+00:00,SAVANT_ARSENAL_SCHEMA_V1,CURRENT
592773,"Stanek, Ryne",2026.0,214.0,50.0,23.4,12.6,28.2,48.3,0.321,0.232,0.395,37.0,8.1,71.8,22.8,5.0,31.6,SI,Sinker,10.2,89,18.2,0.167,0.167,0.205,4.4,BASEBALL_SAVANT_CURRENT_SEASON,2026-08-20T23:43:02.137578+00:00,SAVANT_ARSENAL_SCHEMA_V1,CURRENT
694680,"Martin, Trevor",2026.0,54.0,7.0,13.0,7.4,23.3,47.8,0.385,0.274,0.54,48.8,12.2,72.3,29.1,2.0,41.3,FF,4-Seam Fastball,44.4,80,35.3,0.176,0.529,0.35,0.9,BASEBALL_SAVANT_CURRENT_SEASON,2026-08-20T23:43:02.137578+00:00,SAVANT_ARSENAL_SCHEMA_V1,CURRENT
680702,"Gerber, Joey",2026.0,34.0,8.0,23.5,11.8,23.5,39.5,0.309,0.23,0.373,54.5,9.1,72.8,29.8,0.0,41.7,FF,4-Seam Fastball,54.3,70,26.7,0.125,0.188,0.248,2.1,BASEBALL_SAVANT_CURRENT_SEASON,2026-08-20T23:43:02.137578+00:00,SAVANT_ARSENAL_SCHEMA_V1,CURRENT
667755,"Soriano, José",2026.0,578.0,136.0,23.5,10.7,30.8,46.6,0.326,0.249,0.395,38.7,8.0,72.4,27.5,30.0,33.4,SL,Slider,4.4,103,13.5,0.176,0.176,0.24,-0.1,BASEBALL_SAVANT_CURRENT_SEASON,2026-08-20T23:43:02.137578+00:00,SAVANT_ARSENAL_SCHEMA_V1,CURRENT
702752,"Pintaro, Jonathan",2026.0,77.0,18.0,23.4,13.0,25.7,43.7,0.32,0.216,0.364,40.4,6.5,72.1,26.1,2.0,27.5,SI,Sinker,21.9,68,25.0,0.118,0.176,0.213,2.8,BASEBALL_SAVANT_CURRENT_SEASON,2026-08-20T23:43:02.137578+00:00,SAVANT_ARSENAL_SCHEMA_V1,CURRENT
607067,"Rea, Colin",2026.0,535.0,91.0,17.0,8.0,19.5,46.8,0.359,0.276,0.487,41.4,10.7,72.1,27.5,13.0,36.7,CU,Curveball,5.4,109,0.0,0.556,0.889,0.671,-5.0,BASEBALL_SAVANT_CURRENT_SEASON,2026-08-20T23:43:02.137578+00:00,SAVANT_ARSENAL_SCHEMA_V1,CURRENT
666711,"Peguero, Joel",2026.0,48.0,5.0,10.4,8.3,18.1,55.6,0.256,0.192,0.248,24.3,0.0,70.9,10.0,1.0,28.4,SI,Sinker,33.7,57,9.1,0.278,0.278,0.274,2.0,BASEBALL_SAVANT_CURRENT_SEASON,2026-08-20T23:43:02.137578+00:00,SAVANT_ARSENAL_SCHEMA_V1,CURRENT
572143,"Smith, Burch",2026.0,73.0,20.0,27.4,9.6,22.7,46.0,0.287,0.217,0.347,47.8,4.4,72.0,25.6,0.0,31.2,CU,Curveball,25.4,73,30.0,0.278,0.333,0.285,1.9,BASEBALL_SAVANT_CURRENT_SEASON,2026-08-20T23:43:02.137578+00:00,SAVANT_ARSENAL_SCHEMA_V1,CURRENT
657424,"Gage, Matt",2026.0,126.0,22.0,17.5,13.5,24.4,47.5,0.352,0.257,0.43,31.4,10.5,71.0,19.5,3.0,26.4,CH,Changeup,14.3,75,17.2,0.167,0.222,0.161,0.8,BASEBALL_SAVANT_CURRENT_SEASON,2026-08-20T23:43:02.137578+00:00,SAVANT_ARSENAL_SCHEMA_V1,CURRENT
693313,"Seymour, Carson",2026.0,59.0,9.0,15.3,10.2,21.7,46.5,0.404,0.334,0.518,41.9,9.3,72.2,23.7,3.0,34.7,SI,Sinker,29.8,68,37.5,0.294,0.588,0.405,-0.4,BASEBALL_SAVANT_CURRENT_SEASON,2026-08-20T23:43:02.137578+00:00,SAVANT_ARSENAL_SCHEMA_V1,CURRENT
623465,"Phillips, Evan",2026.0,60.0,14.0,23.3,6.7,23.9,46.6,0.332,0.243,0.498,38.1,14.3,71.7,24.2,2.0,36.8,ST,Sweeper,37.2,87,11.4,0.125,0.5,0.284,-2.0,BASEBALL_SAVANT_CURRENT_SEASON,2026-08-20T23:43:02.137578+00:00,SAVANT_ARSENAL_SCHEMA_V1,CURRENT
686580,"Slaten, Justin",2026.0,137.0,39.0,28.5,5.8,25.2,50.8,0.266,0.223,0.332,36.7,4.4,71.8,26.9,7.0,26.7,SI,Sinker,12.8,65,40.0,0.167,0.167,0.226,3.8,BASEBALL_SAVANT_CURRENT_SEASON,2026-08-20T23:43:02.137578+00:00,SAVANT_ARSENAL_SCHEMA_V1,CURRENT
683618,"Henriquez, Edgardo",2026.0,202.0,54.0,26.7,11.4,29.6,48.5,0.253,0.177,0.241,25.8,2.5,71.9,23.5,9.0,21.9,FC,Cutter,13.4,107,22.2,0.278,0.444,0.329,1.5,BASEBALL_SAVANT_CURRENT_SEASON,2026-08-20T23:43:02.137578+00:00,SAVANT_ARSENAL_SCHEMA_V1,CURRENT
642528,"Loáisiga, Jonathan",2026.0,202.0,36.0,17.8,5.4,22.5,52.8,0.275,0.23,0.348,33.1,4.5,71.5,22.7,5.0,28.8,FF,4-Seam Fastball,17.4,132,6.5,0.235,0.294,0.258,0.3,BASEBALL_SAVANT_CURRENT_SEASON,2026-08-20T23:43:02.137578+00:00,SAVANT_ARSENAL_SCHEMA_V1,CURRENT
688883,"Pallette, Peyton",2026.0,97.0,22.0,22.7,16.5,28.4,39.8,0.356,0.25,0.384,42.9,7.1,71.8,19.7,7.0,27.5,SL,Slider,22.4,99,14.3,0.176,0.412,0.292,-0.7,BASEBALL_SAVANT_CURRENT_SEASON,2026-08-20T23:43:02.137578+00:00,SAVANT_ARSENAL_SCHEMA_V1,CURRENT
671922,"Smith, Cade",2026.0,229.0,79.0,34.5,7.9,34.3,48.9,0.274,0.205,0.343,45.7,9.2,70.9,16.8,13.0,33.5,ST,Sweeper,12.6,122,26.1,0.158,0.368,0.218,0.0,BASEBALL_SAVANT_CURRENT_SEASON,2026-08-20T23:43:02.137578+00:00,SAVANT_ARSENAL_SCHEMA_V1,CURRENT
703615,"Cabrera, Jose",2026.0,81.0,12.0,14.8,8.6,20.2,44.4,0.353,0.268,0.456,35.0,6.7,74.0,39.6,3.0,35.3,FF,4-Seam Fastball,24.7,69,8.3,0.25,0.25,0.3,2.4,BASEBALL_SAVANT_CURRENT_SEASON,2026-08-20T23:43:02.137578+00:00,SAVANT_ARSENAL_SCHEMA_V1,CURRENT
676604,"Zuber, Tyler",2026.0,108.0,30.0,27.8,4.6,24.4,48.5,0.271,0.226,0.333,46.5,2.8,72.1,25.1,5.0,31.0,SL,Slider,16.7,72,14.3,0.667,1.056,0.739,-7.6,BASEBALL_SAVANT_CURRENT_SEASON,2026-08-20T23:43:02.137578+00:00,SAVANT_ARSENAL_SCHEMA_V1,CURRENT
663568,"Kolek, Stephen",2026.0,224.0,34.0,15.2,5.4,19.8,48.3,0.303,0.262,0.38,36.9,6.9,71.9,23.3,9.0,32.8,ST,Sweeper,9.3,78,11.8,0.333,0.611,0.416,-2.8,BASEBALL_SAVANT_CURRENT_SEASON,2026-08-20T23:43:02.137578+00:00,SAVANT_ARSENAL_SCHEMA_V1,CURRENT
696070,"Rojas, Kendry",2026.0,130.0,34.0,26.2,16.9,28.1,43.8,0.288,0.179,0.282,31.5,6.8,71.2,22.7,2.0,25.9,SI,Sinker,14.4,75,20.0,0.231,0.231,0.363,1.0,BASEBALL_SAVANT_CURRENT_SEASON,2026-08-20T23:43:02.137578+00:00,SAVANT_ARSENAL_SCHEMA_V1,CURRENT
669461,"Liberatore, Matthew",2026.0,541.0,125.0,23.1,8.1,23.4,46.8,0.336,0.264,0.441,41.7,9.0,72.7,31.2,18.0,34.0,FC,Cutter,3.9,82,0.0,0.588,0.824,0.624,-4.8,BASEBALL_SAVANT_CURRENT_SEASON,2026-08-20T23:43:02.137578+00:00,SAVANT_ARSENAL_SCHEMA_V1,CURRENT
676617,"O'Brien, Riley",2026.0,214.0,53.0,24.8,9.3,27.0,43.7,0.319,0.234,0.363,39.7,6.9,72.0,24.6,13.0,30.5,SL,Slider,7.7,65,21.1,0.2,0.467,0.329,0.2,BASEBALL_SAVANT_CURRENT_SEASON,2026-08-20T23:43:02.137578+00:00,SAVANT_ARSENAL_SCHEMA_V1,CURRENT
663460,"Bubic, Kris",2026.0,207.0,51.0,24.6,12.6,26.1,46.9,0.327,0.24,0.395,39.5,7.8,71.9,25.5,6.0,28.2,SL,Slider,8.9,72,23.5,0.118,0.118,0.168,1.7,BASEBALL_SAVANT_CURRENT_SEASON,2026-08-20T23:43:02.137578+00:00,SAVANT_ARSENAL_SCHEMA_V1,CURRENT
624133,"Suarez, Ranger",2026.0,467.0,113.0,24.2,7.1,23.0,46.0,0.295,0.249,0.351,32.8,4.7,72.0,26.5,12.0,30.9,SL,Slider,3.9,71,25.0,0.118,0.176,0.187,1.4,BASEBALL_SAVANT_CURRENT_SEASON,2026-08-20T23:43:02.137578+00:00,SAVANT_ARSENAL_SCHEMA_V1,CURRENT
666974,"Cano, Yennier",2026.0,172.0,38.0,22.1,5.2,26.7,45.2,0.276,0.226,0.337,38.2,5.9,72.2,26.2,3.0,39.1,ST,Sweeper,12.7,84,17.1,0.105,0.105,0.095,2.5,BASEBALL_SAVANT_CURRENT_SEASON,2026-08-20T23:43:02.137578+00:00,SAVANT_ARSENAL_SCHEMA_V1,CURRENT
605135,"Bassitt, Chris",2026.0,309.0,46.0,14.9,8.4,20.9,45.8,0.344,0.286,0.411,35.8,4.4,71.2,22.7,5.0,36.7,ST,Sweeper,5.2,60,25.0,0.176,0.235,0.234,0.9,BASEBALL_SAVANT_CURRENT_SEASON,2026-08-20T23:43:02.137578+00:00,SAVANT_ARSENAL_SCHEMA_V1,CURRENT
663558,"Morán, Jovani",2026.0,216.0,58.0,26.9,11.6,32.3,45.9,0.277,0.193,0.323,29.0,6.9,71.7,22.4,5.0,35.2,FC,Cutter,12.2,102,20.0,0.167,0.389,0.255,0.9,BASEBALL_SAVANT_CURRENT_SEASON,2026-08-20T23:43:02.137578+00:00,SAVANT_ARSENAL_SCHEMA_V1,CURRENT
623437,"Topa, Justin",2026.0,92.0,12.0,13.0,12.0,14.1,43.5,0.376,0.291,0.491,45.6,9.1,71.8,23.3,1.0,34.8,CH,Changeup,14.2,51,19.0,0.294,0.412,0.274,0.0,BASEBALL_SAVANT_CURRENT_SEASON,2026-08-20T23:43:02.137578+00:00,SAVANT_ARSENAL_SCHEMA_V1,CURRENT
676664,"Sears, JP",2026.0,143.0,25.0,17.5,7.7,20.7,47.4,0.345,0.263,0.441,45.2,8.7,72.2,30.6,3.0,38.4,SI,Sinker,14.7,78,7.7,0.333,0.333,0.384,0.9,BASEBALL_SAVANT_CURRENT_SEASON,2026-08-20T23:43:02.137578+00:00,SAVANT_ARSENAL_SCHEMA_V1,CURRENT
702275,"Ritchie, JR",2026.0,256.0,53.0,20.7,14.1,23.3,41.1,0.344,0.24,0.408,39.5,9.3,72.4,28.6,9.0,34.9,FC,Cutter,9.7,99,10.0,0.357,0.429,0.439,-1.5,BASEBALL_SAVANT_CURRENT_SEASON,2026-08-20T23:43:02.137578+00:00,SAVANT_ARSENAL_SCHEMA_V1,CURRENT
702566,"Murphy, Owen",2026.0,29.0,6.0,20.7,6.9,17.1,60.3,0.353,0.28,0.451,55.0,10.0,72.3,29.7,1.0,31.5,FF,4-Seam Fastball,56.0,65,17.9,0.188,0.375,0.311,1.2,BASEBALL_SAVANT_CURRENT_SEASON,2026-08-20T23:43:02.137578+00:00,SAVANT_ARSENAL_SCHEMA_V1,CURRENT
641745,"Keller, Brad",2026.0,135.0,32.0,23.7,9.6,22.5,45.0,0.284,0.226,0.313,31.8,4.6,71.1,20.4,7.0,28.2,ST,Sweeper,12.4,66,17.6,0.211,0.526,0.305,0.1,BASEBALL_SAVANT_CURRENT_SEASON,2026-08-20T23:43:02.137578+00:00,SAVANT_ARSENAL_SCHEMA_V1,CURRENT
691725,"Painter, Andrew",2026.0,383.0,71.0,18.5,8.9,22.9,48.1,0.344,0.267,0.445,35.5,8.4,71.9,26.0,8.0,31.9,CH,Changeup,4.8,71,26.9,0.105,0.105,0.095,4.5,BASEBALL_SAVANT_CURRENT_SEASON,2026-08-20T23:43:02.137578+00:00,SAVANT_ARSENAL_SCHEMA_V1,CURRENT
621383,"Banks, Tanner",2026.0,146.0,32.0,21.9,8.9,23.2,50.1,0.323,0.262,0.419,33.7,7.0,70.9,18.2,4.0,32.4,SI,Sinker,16.0,88,8.3,0.5,0.667,0.597,-4.4,BASEBALL_SAVANT_CURRENT_SEASON,2026-08-20T23:43:02.137578+00:00,SAVANT_ARSENAL_SCHEMA_V1,CURRENT
676755,"Mattson, Isaac",2026.0,166.0,34.0,20.5,10.8,21.7,49.5,0.373,0.288,0.495,50.4,12.4,71.1,22.3,2.0,36.1,SL,Slider,11.5,79,27.8,0.368,0.684,0.445,-2.2,BASEBALL_SAVANT_CURRENT_SEASON,2026-08-20T23:43:02.137578+00:00,SAVANT_ARSENAL_SCHEMA_V1,CURRENT
801403,"Dollander, Chase",2026.0,189.0,47.0,24.9,9.5,28.0,48.0,0.307,0.217,0.387,52.1,9.9,72.2,26.4,5.0,32.8,CH,Changeup,10.5,78,17.6,0.444,0.833,0.513,-6.2,BASEBALL_SAVANT_CURRENT_SEASON,2026-08-20T23:43:02.137578+00:00,SAVANT_ARSENAL_SCHEMA_V1,CURRENT
686930,"Barnett, Mason",2026.0,185.0,38.0,20.5,13.0,22.2,43.6,0.349,0.25,0.446,37.2,9.9,72.0,25.3,5.0,33.5,CU,Curveball,10.0,74,13.6,0.294,0.647,0.424,-3.7,BASEBALL_SAVANT_CURRENT_SEASON,2026-08-20T23:43:02.137578+00:00,SAVANT_ARSENAL_SCHEMA_V1,CURRENT
643410,"Leiter Jr., Mark",2026.0,144.0,38.0,26.4,7.6,30.3,46.1,0.316,0.269,0.365,31.9,3.3,72.5,28.4,2.0,29.9,FF,4-Seam Fastball,11.6,64,5.0,0.333,0.4,0.403,-1.5,BASEBALL_SAVANT_CURRENT_SEASON,2026-08-20T23:43:02.137578+00:00,SAVANT_ARSENAL_SCHEMA_V1,CURRENT
596133,"Weaver, Luke",2026.0,187.0,49.0,26.2,6.4,30.1,53.3,0.269,0.207,0.35,35.5,8.1,72.0,23.0,5.0,29.7,FC,Cutter,14.5,102,20.0,0.118,0.294,0.189,1.1,BASEBALL_SAVANT_CURRENT_SEASON,2026-08-20T23:43:02.137578+00:00,SAVANT_ARSENAL_SCHEMA_V1,CURRENT
696522,"Juenger, Hayden",2026.0,72.0,6.0,8.3,9.7,15.6,45.9,0.374,0.314,0.488,36.8,8.8,72.1,21.3,1.0,41.8,SL,Slider,24.8,66,7.1,0.471,0.647,0.434,-2.5,BASEBALL_SAVANT_CURRENT_SEASON,2026-08-20T23:43:02.137578+00:00,SAVANT_ARSENAL_SCHEMA_V1,CURRENT
656240,"Blewett, Scott",2026.0,69.0,10.0,14.5,7.2,21.6,54.7,0.312,0.266,0.343,31.5,3.7,71.0,21.4,1.0,28.4,FF,4-Seam Fastball,26.4,67,16.0,0.375,0.5,0.442,-2.9,BASEBALL_SAVANT_CURRENT_SEASON,2026-08-20T23:43:02.137578+00:00,SAVANT_ARSENAL_SCHEMA_V1,CURRENT
677952,"Ashcraft, Braxton",2026.0,602.0,159.0,26.4,5.5,25.8,52.2,0.285,0.227,0.367,41.4,6.7,72.4,28.5,18.0,31.9,FS,Split-Finger,4.5,99,13.3,0.368,0.368,0.332,-0.4,BASEBALL_SAVANT_CURRENT_SEASON,2026-08-20T23:43:02.137578+00:00,SAVANT_ARSENAL_SCHEMA_V1,CURRENT
687239,"Peoples, Ben",2026.0,57.0,8.0,14.0,10.5,24.2,53.1,0.305,0.217,0.369,26.2,7.1,72.3,26.4,2.0,23.3,SL,Slider,36.5,88,15.2,0.278,0.444,0.332,-1.0,BASEBALL_SAVANT_CURRENT_SEASON,2026-08-20T23:43:02.137578+00:00,SAVANT_ARSENAL_SCHEMA_V1,CURRENT
687396,"Headrick, Brent",2026.0,261.0,79.0,30.3,7.7,31.8,53.9,0.271,0.222,0.33,37.7,4.9,72.0,27.5,13.0,28.4,FS,Split-Finger,9.0,91,25.0,0.211,0.316,0.226,0.1,BASEBALL_SAVANT_CURRENT_SEASON,2026-08-20T23:43:02.137578+00:00,SAVANT_ARSENAL_SCHEMA_V1,CURRENT
691951,"Aldegheri, Sam",2026.0,151.0,22.0,14.6,11.3,20.4,45.7,0.355,0.271,0.45,35.1,9.0,73.2,37.4,2.0,29.7,FC,Cutter,9.7,59,10.0,0.267,0.4,0.374,-1.6,BASEBALL_SAVANT_CURRENT_SEASON,2026-08-20T23:43:02.137578+00:00,SAVANT_ARSENAL_SCHEMA_V1,CURRENT
815083,"Farris, Mitch",2026.0,204.0,49.0,24.0,11.3,27.7,44.2,0.351,0.268,0.45,48.8,8.5,71.5,25.8,9.0,38.3,SL,Slider,12.2,93,26.3,0.333,0.556,0.397,-1.0,BASEBALL_SAVANT_CURRENT_SEASON,2026-08-20T23:43:02.137578+00:00,SAVANT_ARSENAL_SCHEMA_V1,CURRENT
668984,"Legumina, Casey",2026.0,229.0,40.0,17.5,5.7,21.4,52.4,0.323,0.267,0.41,36.6,7.1,72.2,27.5,7.0,31.4,CH,Changeup,10.3,87,6.9,0.176,0.235,0.245,0.2,BASEBALL_SAVANT_CURRENT_SEASON,2026-08-20T23:43:02.137578+00:00,SAVANT_ARSENAL_SCHEMA_V1,CURRENT
685005,"Roa, Christian",2026.0,43.0,6.0,14.0,16.3,24.7,45.5,0.415,0.296,0.491,63.0,7.4,72.0,25.7,1.0,32.1,SI,Sinker,32.0,57,0.0,0.455,0.727,0.542,-5.2,BASEBALL_SAVANT_CURRENT_SEASON,2026-08-20T23:43:02.137578+00:00,SAVANT_ARSENAL_SCHEMA_V1,CURRENT
669920,"Alexander, Jason",2026.0,84.0,14.0,16.7,9.5,20.3,44.5,0.332,0.257,0.415,37.7,10.0,71.5,16.0,2.0,36.7,SI,Sinker,23.4,70,50.0,0.25,0.583,0.464,-0.2,BASEBALL_SAVANT_CURRENT_SEASON,2026-08-20T23:43:02.137578+00:00,SAVANT_ARSENAL_SCHEMA_V1,CURRENT
695034,"Morris, Kade",2026.0,53.0,6.0,11.3,11.3,16.5,46.4,0.316,0.252,0.365,48.8,4.9,72.0,27.4,5.0,32.0,SI,Sinker,34.4,72,6.3,0.533,0.733,0.578,-4.1,BASEBALL_SAVANT_CURRENT_SEASON,2026-08-20T23:43:02.137578+00:00,SAVANT_ARSENAL_SCHEMA_V1,CURRENT
689818,"Sandlin, David",2026.0,106.0,24.0,22.6,11.3,22.8,45.0,0.318,0.23,0.39,30.4,10.1,71.1,18.9,2.0,29.7,FC,Cutter,16.6,68,30.0,0.267,0.533,0.397,0.5,BASEBALL_SAVANT_CURRENT_SEASON,2026-08-20T23:43:02.137578+00:00,SAVANT_ARSENAL_SCHEMA_V1,CURRENT
684320,"Rodríguez, Yariel",2026.0,45.0,6.0,13.3,15.6,15.7,40.7,0.402,0.295,0.495,32.3,12.9,72.7,37.1,1.0,30.2,SL,Slider,39.5,68,14.3,0.25,0.438,0.339,0.6,BASEBALL_SAVANT_CURRENT_SEASON,2026-08-20T23:43:02.137578+00:00,SAVANT_ARSENAL_SCHEMA_V1,CURRENT
663423,"Thornton, Trent",2026.0,153.0,22.0,14.4,9.8,21.7,49.5,0.328,0.253,0.428,45.6,8.7,72.4,29.1,6.0,37.0,CU,Curveball,16.0,90,15.4,0.188,0.188,0.228,0.5,BASEBALL_SAVANT_CURRENT_SEASON,2026-08-20T23:43:02.137578+00:00,SAVANT_ARSENAL_SCHEMA_V1,CURRENT
682243,"Miller, Bryce",2026.0,354.0,87.0,24.6,5.1,25.9,55.6,0.271,0.215,0.364,33.1,7.3,72.7,28.7,11.0,26.3,FC,Cutter,5.8,79,0.0,0.313,0.875,0.511,-4.2,BASEBALL_SAVANT_CURRENT_SEASON,2026-08-20T23:43:02.137578+00:00,SAVANT_ARSENAL_SCHEMA_V1,CURRENT
665871,"Assad, Javier",2026.0,332.0,55.0,16.6,6.3,14.9,44.3,0.326,0.264,0.431,45.5,7.1,71.8,24.8,10.0,38.0,SL,Slider,4.3,56,13.6,0.278,0.444,0.311,-2.3,BASEBALL_SAVANT_CURRENT_SEASON,2026-08-20T23:43:02.137578+00:00,SAVANT_ARSENAL_SCHEMA_V1,CURRENT
607481,"Bummer, Aaron",2026.0,88.0,13.0,14.8,12.5,19.5,47.0,0.382,0.271,0.521,49.2,12.7,71.9,27.1,3.0,40.2,ST,Sweeper,21.6,71,14.8,0.313,0.688,0.432,-2.9,BASEBALL_SAVANT_CURRENT_SEASON,2026-08-20T23:43:02.137578+00:00,SAVANT_ARSENAL_SCHEMA_V1,CURRENT
605288,"Houser, Adrian",2026.0,464.0,73.0,15.7,7.3,17.8,46.2,0.341,0.269,0.456,42.2,8.8,71.9,25.9,9.0,37.5,CU,Curveball,7.0,119,13.6,0.5,1.063,0.658,-4.6,BASEBALL_SAVANT_CURRENT_SEASON,2026-08-20T23:43:02.137578+00:00,SAVANT_ARSENAL_SCHEMA_V1,CURRENT
689441,"Crow, Coleman",2026.0,85.0,10.0,11.8,7.1,16.3,51.9,0.34,0.269,0.448,36.8,7.4,72.0,31.5,1.0,35.5,CU,Curveball,20.7,61,25.8,0.125,0.125,0.178,2.4,BASEBALL_SAVANT_CURRENT_SEASON,2026-08-20T23:43:02.137578+00:00,SAVANT_ARSENAL_SCHEMA_V1,CURRENT
623454,"Anderson, Drew",2026.0,328.0,87.0,26.5,9.1,28.4,48.2,0.292,0.217,0.354,37.7,8.3,71.8,25.9,16.0,32.0,SL,Slider,5.4,69,20.0,0.412,1.0,0.532,-6.0,BASEBALL_SAVANT_CURRENT_SEASON,2026-08-20T23:43:02.137578+00:00,SAVANT_ARSENAL_SCHEMA_V1,CURRENT
683352,"Bratt, Mitch",2026.0,159.0,25.0,15.7,13.8,15.6,47.8,0.311,0.218,0.365,35.1,8.1,72.6,29.2,2.0,25.9,CH,Changeup,10.1,61,6.7,0.278,0.333,0.269,-0.4,BASEBALL_SAVANT_CURRENT_SEASON,2026-08-20T23:43:02.137578+00:00,SAVANT_ARSENAL_SCHEMA_V1,CURRENT
592155,"Booser, Cam",2026.0,114.0,38.0,33.3,5.3,28.6,55.0,0.246,0.182,0.342,41.4,7.1,72.2,27.7,2.0,31.3,ST,Sweeper,9.6,42,45.8,0.111,0.333,0.191,1.8,BASEBALL_SAVANT_CURRENT_SEASON,2026-08-20T23:43:02.137578+00:00,SAVANT_ARSENAL_SCHEMA_V1,CURRENT
605540,"Woodruff, Brandon",2026.0,174.0,47.0,27.0,5.7,23.6,51.0,0.263,0.2,0.358,34.5,7.8,72.4,27.2,3.0,29.4,FC,Cutter,10.3,66,0.0,0.222,0.444,0.331,-0.1,BASEBALL_SAVANT_CURRENT_SEASON,2026-08-20T23:43:02.137578+00:00,SAVANT_ARSENAL_SCHEMA_V1,CURRENT
527048,"Pérez, Martín",2026.0,455.0,83.0,18.2,9.9,21.6,42.6,0.322,0.259,0.385,37.2,5.2,73.4,36.1,7.0,34.8,CU,Curveball,7.7,132,0.0,0.222,0.444,0.281,1.3,BASEBALL_SAVANT_CURRENT_SEASON,2026-08-20T23:43:02.137578+00:00,SAVANT_ARSENAL_SCHEMA_V1,CURRENT
594027,"Guerrero, Tyron",2026.0,137.0,35.0,25.5,3.6,24.6,57.1,0.25,0.219,0.312,33.7,4.3,71.1,21.2,1.0,26.3,SL,Slider,11.2,56,20.0,0.176,0.235,0.258,-0.8,BASEBALL_SAVANT_CURRENT_SEASON,2026-08-20T23:43:02.137578+00:00,SAVANT_ARSENAL_SCHEMA_V1,CURRENT
695684,"Rodríguez, Elmer",2026.0,83.0,10.0,12.0,13.3,27.0,39.6,0.366,0.272,0.385,34.5,5.2,72.1,26.5,2.0,41.5,FF,4-Seam Fastball,22.6,72,12.5,0.308,0.538,0.456,-2.9,BASEBALL_SAVANT_CURRENT_SEASON,2026-08-20T23:43:02.137578+00:00,SAVANT_ARSENAL_SCHEMA_V1,CURRENT
608331,"Fried, Max",2026.0,332.0,79.0,23.8,8.1,24.6,45.4,0.248,0.2,0.264,31.3,1.8,71.7,22.4,10.0,30.3,ST,Sweeper,10.6,138,16.7,0.0,0.0,0.039,2.2,BASEBALL_SAVANT_CURRENT_SEASON,2026-08-20T23:43:02.137578+00:00,SAVANT_ARSENAL_SCHEMA_V1,CURRENT
656876,"Rasmussen, Drew",2026.0,529.0,138.0,26.1,4.7,25.0,50.5,0.275,0.229,0.35,32.9,6.1,71.9,25.5,21.0,28.6,ST,Sweeper,2.8,58,7.1,0.389,0.444,0.369,-3.1,BASEBALL_SAVANT_CURRENT_SEASON,2026-08-20T23:43:02.137578+00:00,SAVANT_ARSENAL_SCHEMA_V1,CURRENT
681151,"Murray, Jayden",2026.0,79.0,14.0,17.7,11.4,27.7,48.7,0.363,0.272,0.494,42.9,14.3,71.7,26.9,0.0,41.7,ST,Sweeper,24.7,75,10.3,0.444,0.889,0.561,-6.0,BASEBALL_SAVANT_CURRENT_SEASON,2026-08-20T23:43:02.137578+00:00,SAVANT_ARSENAL_SCHEMA_V1,CURRENT
699134,"Rodriguez, Bradgley",2026.0,231.0,60.0,26.0,7.4,28.9,50.7,0.226,0.181,0.263,28.6,2.6,72.6,32.4,3.0,25.5,SL,Slider,7.7,70,17.9,0.222,0.389,0.308,-1.1,BASEBALL_SAVANT_CURRENT_SEASON,2026-08-20T23:43:02.137578+00:00,SAVANT_ARSENAL_SCHEMA_V1,CURRENT
656240,"Blewett, Scott",2026.0,69.0,10.0,14.5,7.2,21.6,54.7,0.312,0.266,0.343,31.5,3.7,71.0,21.4,1.0,28.4,FC,Cutter,29.1,74,12.5,0.357,0.429,0.347,0.7,BASEBALL_SAVANT_CURRENT_SEASON,2026-08-20T23:43:02.137578+00:00,SAVANT_ARSENAL_SCHEMA_V1,CURRENT
695001,"Santa, Alimber",2026.0,59.0,9.0,15.3,10.2,18.5,45.4,0.267,0.207,0.272,34.1,2.3,72.6,32.3,0.0,30.0,SL,Slider,31.1,74,15.4,0.214,0.429,0.367,0.1,BASEBALL_SAVANT_CURRENT_SEASON,2026-08-20T23:43:02.137578+00:00,SAVANT_ARSENAL_SCHEMA_V1,CURRENT
666711,"Peguero, Joel",2026.0,48.0,5.0,10.4,8.3,18.1,55.6,0.256,0.192,0.248,24.3,0.0,70.9,10.0,1.0,28.4,FF,4-Seam Fastball,43.2,73,12.0,0.071,0.143,0.225,3.2,BASEBALL_SAVANT_CURRENT_SEASON,2026-08-20T23:43:02.137578+00:00,SAVANT_ARSENAL_SCHEMA_V1,CURRENT
606303,"Payamps, Joel",2026.0,36.0,9.0,25.0,11.1,22.9,46.4,0.377,0.252,0.548,39.1,17.4,71.4,19.0,0.0,28.8,ST,Sweeper,45.7,69,19.0,0.313,0.563,0.408,-1.2,BASEBALL_SAVANT_CURRENT_SEASON,2026-08-20T23:43:02.137578+00:00,SAVANT_ARSENAL_SCHEMA_V1,CURRENT
807743,"Sullivan, Sean",2026.0,114.0,16.0,14.0,9.6,16.2,47.8,0.335,0.241,0.431,34.5,9.5,72.2,28.2,1.0,34.6,ST,Sweeper,17.5,72,15.0,0.412,0.765,0.508,-4.6,BASEBALL_SAVANT_CURRENT_SEASON,2026-08-20T23:43:02.137578+00:00,SAVANT_ARSENAL_SCHEMA_V1,CURRENT
579328,"Kikuchi, Yusei",2026.0,142.0,33.0,23.2,9.9,25.9,48.3,0.34,0.258,0.446,42.6,8.5,72.7,30.0,5.0,31.2,FC,Cutter,11.5,65,11.8,0.5,0.7,0.6,-4.5,BASEBALL_SAVANT_CURRENT_SEASON,2026-08-20T23:43:02.137578+00:00,SAVANT_ARSENAL_SCHEMA_V1,CURRENT
686560,"Collyer, Gavin",2026.0,105.0,22.0,21.0,18.1,27.1,37.2,0.318,0.192,0.278,29.3,3.4,71.8,24.8,2.0,31.8,SI,Sinker,17.9,80,0.0,0.125,0.125,0.439,-0.5,BASEBALL_SAVANT_CURRENT_SEASON,2026-08-20T23:43:02.137578+00:00,SAVANT_ARSENAL_SCHEMA_V1,CURRENT
665871,"Assad, Javier",2026.0,332.0,55.0,16.6,6.3,14.9,44.3,0.326,0.264,0.431,45.5,7.1,71.8,24.8,10.0,38.0,ST,Sweeper,7.1,93,13.0,0.056,0.056,0.05,0.7,BASEBALL_SAVANT_CURRENT_SEASON,2026-08-20T23:43:02.137578+00:00,SAVANT_ARSENAL_SCHEMA_V1,CURRENT
640454,"Krook, Matt",2026.0,46.0,9.0,19.6,21.7,25.7,41.3,0.417,0.293,0.448,36.0,4.0,71.0,24.6,2.0,28.9,SI,Sinker,43.6,78,14.3,0.154,0.154,0.344,0.3,BASEBALL_SAVANT_CURRENT_SEASON,2026-08-20T23:43:02.137578+00:00,SAVANT_ARSENAL_SCHEMA_V1,CURRENT
573124,"Rogers, Taylor",2026.0,208.0,39.0,18.8,10.1,17.3,42.2,0.313,0.248,0.365,26.9,5.5,71.4,22.3,6.0,36.8,FC,Cutter,13.1,108,10.0,0.353,0.353,0.318,-0.1,BASEBALL_SAVANT_CURRENT_SEASON,2026-08-20T23:43:02.137578+00:00,SAVANT_ARSENAL_SCHEMA_V1,CURRENT
683409,"Chivilli, Angel",2026.0,73.0,16.0,21.9,9.6,32.6,50.5,0.309,0.22,0.395,38.8,6.3,72.1,29.8,3.0,32.9,FF,4-Seam Fastball,20.7,59,20.0,0.267,0.533,0.397,-0.7,BASEBALL_SAVANT_CURRENT_SEASON,2026-08-20T23:43:02.137578+00:00,SAVANT_ARSENAL_SCHEMA_V1,CURRENT
666277,"Soriano, George",2026.0,233.0,55.0,23.6,9.9,29.9,48.3,0.319,0.23,0.407,42.1,9.8,72.4,32.7,7.0,33.0,ST,Sweeper,10.3,94,16.3,0.176,0.235,0.208,-0.2,BASEBALL_SAVANT_CURRENT_SEASON,2026-08-20T23:43:02.137578+00:00,SAVANT_ARSENAL_SCHEMA_V1,CURRENT
682995,"Barco, Hunter",2026.0,87.0,14.0,16.1,14.9,16.3,38.5,0.381,0.28,0.466,43.1,7.0,72.0,20.3,2.0,34.9,SL,Slider,24.2,85,9.5,0.333,0.733,0.486,-3.3,BASEBALL_SAVANT_CURRENT_SEASON,2026-08-20T23:43:02.137578+00:00,SAVANT_ARSENAL_SCHEMA_V1,CURRENT
660604,"Rangel, Alan",2026.0,123.0,29.0,23.6,10.6,24.4,50.1,0.317,0.249,0.37,30.4,5.1,72.2,25.6,5.0,27.4,SL,Slider,16.5,81,25.9,0.125,0.125,0.178,2.0,BASEBALL_SAVANT_CURRENT_SEASON,2026-08-20T23:43:02.137578+00:00,SAVANT_ARSENAL_SCHEMA_V1,CURRENT
663767,"Shugart, Chase",2026.0,176.0,49.0,27.8,9.7,25.0,39.6,0.317,0.222,0.409,34.0,11.3,71.8,22.2,3.0,34.4,FF,4-Seam Fastball,10.5,73,21.7,0.214,0.643,0.428,-2.1,BASEBALL_SAVANT_CURRENT_SEASON,2026-08-20T23:43:02.137578+00:00,SAVANT_ARSENAL_SCHEMA_V1,CURRENT
677958,"Rocker, Kumar",2026.0,528.0,109.0,20.6,9.1,25.8,47.9,0.333,0.259,0.43,40.6,7.9,72.2,30.0,29.0,33.4,CH,Changeup,4.0,81,9.1,0.235,0.412,0.261,0.6,BASEBALL_SAVANT_CURRENT_SEASON,2026-08-20T23:43:02.137578+00:00,SAVANT_ARSENAL_SCHEMA_V1,CURRENT
643410,"Leiter Jr., Mark",2026.0,144.0,38.0,26.4,7.6,30.3,46.1,0.316,0.269,0.365,31.9,3.3,72.5,28.4,2.0,29.9,CU,Curveball,19.2,106,14.3,0.25,0.5,0.358,0.0,BASEBALL_SAVANT_CURRENT_SEASON,2026-08-20T23:43:02.137578+00:00,SAVANT_ARSENAL_SCHEMA_V1,CURRENT
661395,"Duran, Jhoan",2026.0,181.0,63.0,34.8,4.4,35.6,51.7,0.231,0.2,0.26,41.1,2.9,71.5,21.2,14.0,27.8,ST,Sweeper,10.4,76,36.1,0.059,0.059,0.089,3.3,BASEBALL_SAVANT_CURRENT_SEASON,2026-08-20T23:43:02.137578+00:00,SAVANT_ARSENAL_SCHEMA_V1,CURRENT
663978,"Paddack, Chris",2026.0,267.0,40.0,15.0,7.1,21.4,50.1,0.342,0.28,0.45,36.9,8.4,72.3,27.7,6.0,33.7,ST,Sweeper,7.7,78,13.0,0.222,0.444,0.316,-0.3,BASEBALL_SAVANT_CURRENT_SEASON,2026-08-20T23:43:02.137578+00:00,SAVANT_ARSENAL_SCHEMA_V1,CURRENT
676755,"Mattson, Isaac",2026.0,166.0,34.0,20.5,10.8,21.7,49.5,0.373,0.288,0.495,50.4,12.4,71.1,22.3,2.0,36.1,ST,Sweeper,7.3,50,21.7,0.188,0.375,0.289,0.4,BASEBALL_SAVANT_CURRENT_SEASON,2026-08-20T23:43:02.137578+00:00,SAVANT_ARSENAL_SCHEMA_V1,CURRENT
663893,"Little, Brendon",2026.0,84.0,24.0,28.6,20.2,37.5,42.2,0.335,0.226,0.394,46.5,9.3,72.0,28.1,6.0,35.7,SL,Slider,28.4,97,22.2,0.308,0.538,0.456,-1.0,BASEBALL_SAVANT_CURRENT_SEASON,2026-08-20T23:43:02.137578+00:00,SAVANT_ARSENAL_SCHEMA_V1,CURRENT
693308,"Frasso, Nick",2026.0,28.0,7.0,25.0,3.6,27.8,48.6,0.356,0.282,0.485,26.3,10.5,70.5,21.3,3.0,28.6,FF,4-Seam Fastball,62.2,69,21.4,0.357,0.5,0.413,-0.5,BASEBALL_SAVANT_CURRENT_SEASON,2026-08-20T23:43:02.137578+00:00,SAVANT_ARSENAL_SCHEMA_V1,CURRENT
801434,"Gervase, Paul",2026.0,34.0,8.0,23.5,14.7,28.0,40.3,0.306,0.238,0.313,42.9,4.8,74.1,40.5,0.0,33.3,FF,4-Seam Fastball,44.4,55,63.6,0.214,0.214,0.282,1.8,BASEBALL_SAVANT_CURRENT_SEASON,2026-08-20T23:43:02.137578+00:00,SAVANT_ARSENAL_SCHEMA_V1,CURRENT
675512,"Melton, Troy",2026.0,329.0,73.0,22.2,7.6,25.9,49.5,0.272,0.218,0.327,34.9,5.2,72.9,31.5,13.0,29.6,CU,Curveball,7.1,89,22.2,0.133,0.2,0.209,2.1,BASEBALL_SAVANT_CURRENT_SEASON,2026-08-20T23:43:02.137578+00:00,SAVANT_ARSENAL_SCHEMA_V1,CURRENT
804267,"Thornton, Zac",2026.0,200.0,36.0,18.0,7.0,19.6,51.1,0.337,0.269,0.455,40.9,9.4,72.9,30.4,6.0,33.7,SI,Sinker,10.6,78,13.3,0.25,0.25,0.253,1.8,BASEBALL_SAVANT_CURRENT_SEASON,2026-08-20T23:43:02.137578+00:00,SAVANT_ARSENAL_SCHEMA_V1,CURRENT
696149,"Chandler, Bubba",2026.0,528.0,108.0,20.5,12.1,23.1,47.9,0.311,0.23,0.365,37.1,5.7,72.0,25.1,16.0,31.0,ST,Sweeper,4.9,102,13.5,0.2,0.267,0.221,0.2,BASEBALL_SAVANT_CURRENT_SEASON,2026-08-20T23:43:02.137578+00:00,SAVANT_ARSENAL_SCHEMA_V1,CURRENT
663767,"Shugart, Chase",2026.0,176.0,49.0,27.8,9.7,25.0,39.6,0.317,0.222,0.409,34.0,11.3,71.8,22.2,3.0,34.4,CH,Changeup,8.5,59,20.0,0.353,0.647,0.424,-3.9,BASEBALL_SAVANT_CURRENT_SEASON,2026-08-20T23:43:02.137578+00:00,SAVANT_ARSENAL_SCHEMA_V1,CURRENT
669060,"Wilson, Bryse",2026.0,124.0,25.0,20.2,1.6,17.8,54.3,0.314,0.288,0.412,46.3,3.2,71.6,23.6,2.0,35.0,FS,Split-Finger,9.2,41,11.8,0.353,0.353,0.318,-1.2,BASEBALL_SAVANT_CURRENT_SEASON,2026-08-20T23:43:02.137578+00:00,SAVANT_ARSENAL_SCHEMA_V1,CURRENT
650644,"Civale, Aaron",2026.0,410.0,74.0,18.0,6.8,21.2,46.8,0.336,0.268,0.452,43.8,9.2,71.8,25.4,8.0,37.8,SL,Slider,3.6,56,9.1,0.4,0.667,0.485,-4.3,BASEBALL_SAVANT_CURRENT_SEASON,2026-08-20T23:43:02.137578+00:00,SAVANT_ARSENAL_SCHEMA_V1,CURRENT
682227,"Williamson, Brandon",2026.0,128.0,19.0,14.8,15.6,24.1,43.2,0.389,0.276,0.486,41.9,10.5,72.5,27.6,5.0,33.1,ST,Sweeper,9.8,51,25.9,0.063,0.063,0.094,3.9,BASEBALL_SAVANT_CURRENT_SEASON,2026-08-20T23:43:02.137578+00:00,SAVANT_ARSENAL_SCHEMA_V1,CURRENT
656288,"Canning, Griffin",2026.0,319.0,72.0,22.6,10.3,25.3,45.1,0.332,0.249,0.421,47.1,9.5,72.5,30.4,13.0,33.2,FC,Cutter,6.2,78,0.0,0.4,0.8,0.526,-3.4,BASEBALL_SAVANT_CURRENT_SEASON,2026-08-20T23:43:02.137578+00:00,SAVANT_ARSENAL_SCHEMA_V1,CURRENT
694360,"Way, Beck",2026.0,105.0,21.0,20.0,9.5,25.9,44.7,0.341,0.257,0.395,42.5,6.8,72.0,22.6,4.0,40.2,FF,4-Seam Fastball,14.1,55,24.0,0.385,0.923,0.538,-6.7,BASEBALL_SAVANT_CURRENT_SEASON,2026-08-20T23:43:02.137578+00:00,SAVANT_ARSENAL_SCHEMA_V1,CURRENT
476594,"Stock, Robert",2026.0,81.0,19.0,23.5,13.6,26.8,48.3,0.331,0.227,0.366,27.1,10.4,72.3,23.3,6.0,26.2,SI,Sinker,22.1,70,0.0,0.385,0.538,0.524,-3.9,BASEBALL_SAVANT_CURRENT_SEASON,2026-08-20T23:43:02.137578+00:00,SAVANT_ARSENAL_SCHEMA_V1,CURRENT
671345,"Foley, Jason",2026.0,42.0,6.0,14.3,11.9,17.5,41.7,0.283,0.221,0.346,29.0,6.5,71.4,23.2,1.0,37.0,SI,Sinker,45.0,68,22.2,0.313,0.375,0.326,0.9,BASEBALL_SAVANT_CURRENT_SEASON,2026-08-20T23:43:02.137578+00:00,SAVANT_ARSENAL_SCHEMA_V1,CURRENT
684665,"Murphy, Luke",2026.0,35.0,6.0,17.1,17.1,20.7,39.2,0.259,0.146,0.199,27.3,0.0,71.5,22.4,0.0,23.1,FF,4-Seam Fastball,61.5,91,13.3,0.154,0.154,0.271,1.0,BASEBALL_SAVANT_CURRENT_SEASON,2026-08-20T23:43:02.137578+00:00,SAVANT_ARSENAL_SCHEMA_V1,CURRENT
656240,"Blewett, Scott",2026.0,69.0,10.0,14.5,7.2,21.6,54.7,0.312,0.266,0.343,31.5,3.7,71.0,21.4,1.0,28.4,SL,Slider,25.2,64,17.9,0.067,0.067,0.1,3.9,BASEBALL_SAVANT_CURRENT_SEASON,2026-08-20T23:43:02.137578+00:00,SAVANT_ARSENAL_SCHEMA_V1,CURRENT
689017,"Knack, Landon",2026.0,35.0,6.0,17.1,5.7,21.7,47.6,0.34,0.22,0.494,46.2,15.4,71.9,26.3,1.0,44.4,FF,4-Seam Fastball,43.7,55,7.7,0.375,0.938,0.606,-5.3,BASEBALL_SAVANT_CURRENT_SEASON,2026-08-20T23:43:02.137578+00:00,SAVANT_ARSENAL_SCHEMA_V1,CURRENT
664141,"Brubaker, JT",2026.0,236.0,38.0,16.1,10.6,21.0,44.8,0.34,0.268,0.428,36.3,5.8,72.1,24.2,9.0,33.4,FF,4-Seam Fastball,6.3,60,2.8,0.267,0.333,0.315,-0.8,BASEBALL_SAVANT_CURRENT_SEASON,2026-08-20T23:43:02.137578+00:00,SAVANT_ARSENAL_SCHEMA_V1,CURRENT
641941,"Pagán, Emilio",2026.0,123.0,31.0,25.2,7.3,28.7,51.9,0.299,0.205,0.404,48.1,10.1,72.5,30.1,5.0,32.1,FS,Split-Finger,17.1,83,17.1,0.375,0.688,0.465,-5.7,BASEBALL_SAVANT_CURRENT_SEASON,2026-08-20T23:43:02.137578+00:00,SAVANT_ARSENAL_SCHEMA_V1,CURRENT
669084,"Hall, DL",2026.0,162.0,41.0,25.3,17.3,27.8,39.9,0.292,0.195,0.28,31.5,5.5,70.9,20.8,5.0,31.8,SL,Slider,8.0,55,38.5,0.133,0.2,0.209,3.5,BASEBALL_SAVANT_CURRENT_SEASON,2026-08-20T23:43:02.137578+00:00,SAVANT_ARSENAL_SCHEMA_V1,CURRENT
702021,"Dion, Will",2026.0,114.0,34.0,29.8,4.4,27.2,52.9,0.279,0.234,0.362,32.4,5.4,71.8,21.9,1.0,32.9,CU,Curveball,19.0,82,15.8,0.412,0.588,0.435,-1.3,BASEBALL_SAVANT_CURRENT_SEASON,2026-08-20T23:43:02.137578+00:00,SAVANT_ARSENAL_SCHEMA_V1,CURRENT
669387,"Mlodzinski, Carmen",2026.0,451.0,81.0,18.0,8.0,20.8,45.7,0.351,0.296,0.446,47.7,7.3,72.0,27.2,13.0,36.6,SL,Slider,3.9,68,5.3,0.313,0.375,0.326,-0.6,BASEBALL_SAVANT_CURRENT_SEASON,2026-08-20T23:43:02.137578+00:00,SAVANT_ARSENAL_SCHEMA_V1,CURRENT
668820,"Kranick, Max",2026.0,61.0,7.0,11.5,9.8,27.0,51.6,0.345,0.271,0.42,29.8,6.4,71.8,25.5,1.0,35.1,SL,Slider,30.7,66,15.8,0.235,0.235,0.212,1.8,BASEBALL_SAVANT_CURRENT_SEASON,2026-08-20T23:43:02.137578+00:00,SAVANT_ARSENAL_SCHEMA_V1,CURRENT
605135,"Bassitt, Chris",2026.0,309.0,46.0,14.9,8.4,20.9,45.8,0.344,0.286,0.411,35.8,4.4,71.2,22.7,5.0,36.7,FF,4-Seam Fastball,6.8,79,0.0,0.467,1.067,0.647,-7.3,BASEBALL_SAVANT_CURRENT_SEASON,2026-08-20T23:43:02.137578+00:00,SAVANT_ARSENAL_SCHEMA_V1,CURRENT
700249,"Povich, Cade",2026.0,120.0,21.0,17.5,8.3,23.6,45.9,0.342,0.264,0.453,43.2,8.0,72.1,24.4,5.0,43.4,CH,Changeup,11.0,50,23.1,0.412,0.412,0.371,-2.5,BASEBALL_SAVANT_CURRENT_SEASON,2026-08-20T23:43:02.137578+00:00,SAVANT_ARSENAL_SCHEMA_V1,CURRENT
641755,"Kinley, Tyler",2026.0,179.0,42.0,23.5,11.2,28.0,44.0,0.287,0.203,0.364,28.7,7.9,70.9,17.7,7.0,32.0,FF,4-Seam Fastball,16.6,116,6.7,0.333,0.533,0.438,-0.7,BASEBALL_SAVANT_CURRENT_SEASON,2026-08-20T23:43:02.137578+00:00,SAVANT_ARSENAL_SCHEMA_V1,CURRENT
681252,"Anderson, Jack",2026.0,48.0,12.0,25.0,6.3,30.5,52.8,0.301,0.23,0.418,36.4,9.1,71.7,23.8,2.0,30.4,FF,4-Seam Fastball,33.3,60,14.3,0.267,0.333,0.315,3.1,BASEBALL_SAVANT_CURRENT_SEASON,2026-08-20T23:43:02.137578+00:00,SAVANT_ARSENAL_SCHEMA_V1,CURRENT
657612,"Hill, Tim",2026.0,202.0,22.0,10.9,5.4,13.2,51.0,0.325,0.261,0.425,43.6,6.7,72.0,26.5,2.0,36.6,FF,4-Seam Fastball,6.3,43,21.7,0.308,0.538,0.441,-6.5,BASEBALL_SAVANT_CURRENT_SEASON,2026-08-20T23:43:02.137578+00:00,SAVANT_ARSENAL_SCHEMA_V1,CURRENT
670167,"Schreiber, John",2026.0,188.0,33.0,17.6,11.2,21.8,42.9,0.336,0.265,0.434,41.4,6.8,71.3,20.4,5.0,35.7,FC,Cutter,12.7,96,8.3,0.286,0.5,0.412,1.2,BASEBALL_SAVANT_CURRENT_SEASON,2026-08-20T23:43:02.137578+00:00,SAVANT_ARSENAL_SCHEMA_V1,CURRENT
686610,"Waldichuk, Ken",2026.0,40.0,8.0,20.0,12.5,27.4,41.6,0.397,0.243,0.577,38.5,19.2,72.4,31.3,2.0,36.1,CU,Curveball,40.9,61,17.9,0.188,0.375,0.306,-1.1,BASEBALL_SAVANT_CURRENT_SEASON,2026-08-20T23:43:02.137578+00:00,SAVANT_ARSENAL_SCHEMA_V1,CURRENT
675540,"Curry, Xzavion",2026.0,67.0,10.0,14.9,10.4,20.2,45.2,0.277,0.203,0.332,34.0,6.0,73.5,38.3,0.0,35.3,SL,Slider,31.1,75,11.1,0.214,0.214,0.282,3.0,BASEBALL_SAVANT_CURRENT_SEASON,2026-08-20T23:43:02.137578+00:00,SAVANT_ARSENAL_SCHEMA_V1,CURRENT
695418,"Lord, Brad",2026.0,269.0,57.0,21.2,9.3,20.5,49.8,0.32,0.243,0.389,40.6,6.2,71.2,20.7,10.0,24.9,CH,Changeup,4.9,56,4.3,0.294,0.529,0.403,-3.5,BASEBALL_SAVANT_CURRENT_SEASON,2026-08-20T23:43:02.137578+00:00,SAVANT_ARSENAL_SCHEMA_V1,CURRENT
607192,"Glasnow, Tyler",2026.0,148.0,49.0,33.1,8.8,29.8,43.1,0.252,0.18,0.324,38.4,8.1,71.7,25.9,9.0,38.2,SL,Slider,16.0,96,23.1,0.118,0.176,0.126,2.5,BASEBALL_SAVANT_CURRENT_SEASON,2026-08-20T23:43:02.137578+00:00,SAVANT_ARSENAL_SCHEMA_V1,CURRENT
573009,"Mantiply, Joe",2026.0,71.0,16.0,22.5,5.6,16.8,49.6,0.332,0.266,0.446,44.0,10.0,73.2,37.5,1.0,34.1,CU,Curveball,27.7,73,22.7,0.235,0.294,0.232,1.1,BASEBALL_SAVANT_CURRENT_SEASON,2026-08-20T23:43:02.137578+00:00,SAVANT_ARSENAL_SCHEMA_V1,CURRENT
699008,"Kelly, Antwone",2026.0,32.0,4.0,12.5,12.5,11.7,48.8,0.345,0.286,0.395,37.5,4.2,72.0,33.9,1.0,32.0,FF,4-Seam Fastball,55.3,68,0.0,0.333,0.467,0.388,-0.3,BASEBALL_SAVANT_CURRENT_SEASON,2026-08-20T23:43:02.137578+00:00,SAVANT_ARSENAL_SCHEMA_V1,CURRENT
669438,"Englert, Mason",2026.0,157.0,32.0,20.4,5.1,23.9,52.7,0.365,0.28,0.549,38.1,14.9,72.3,27.5,6.0,29.5,FC,Cutter,10.1,58,33.3,0.313,0.438,0.347,1.6,BASEBALL_SAVANT_CURRENT_SEASON,2026-08-20T23:43:02.137578+00:00,SAVANT_ARSENAL_SCHEMA_V1,CURRENT
678868,"Yean, Eddy",2026.0,39.0,6.0,15.4,5.1,15.2,47.1,0.257,0.211,0.296,33.3,3.3,72.8,30.6,1.0,29.6,CH,Changeup,30.0,42,15.8,0.118,0.176,0.126,4.8,BASEBALL_SAVANT_CURRENT_SEASON,2026-08-20T23:43:02.137578+00:00,SAVANT_ARSENAL_SCHEMA_V1,CURRENT
663623,"Irvin, Jake",2026.0,313.0,72.0,23.0,9.9,24.0,46.7,0.35,0.247,0.461,43.8,12.3,72.3,26.3,7.0,30.6,CH,Changeup,6.8,87,20.8,0.118,0.118,0.106,1.8,BASEBALL_SAVANT_CURRENT_SEASON,2026-08-20T23:43:02.137578+00:00,SAVANT_ARSENAL_SCHEMA_V1,CURRENT
690155,"Pushard, Matt",2026.0,32.0,6.0,18.8,12.5,16.0,41.7,0.347,0.278,0.39,50.0,0.0,71.4,23.3,2.0,37.5,FF,4-Seam Fastball,45.0,54,18.8,0.273,0.273,0.406,-0.7,BASEBALL_SAVANT_CURRENT_SEASON,2026-08-20T23:43:02.137578+00:00,SAVANT_ARSENAL_SCHEMA_V1,CURRENT
527048,"Pérez, Martín",2026.0,455.0,83.0,18.2,9.9,21.6,42.6,0.322,0.259,0.385,37.2,5.2,73.4,36.1,7.0,34.8,FF,4-Seam Fastball,4.8,83,17.6,0.294,0.353,0.285,0.2,BASEBALL_SAVANT_CURRENT_SEASON,2026-08-20T23:43:02.137578+00:00,SAVANT_ARSENAL_SCHEMA_V1,CURRENT
691946,"Klassen, George",2026.0,101.0,21.0,20.8,17.8,33.3,46.4,0.35,0.246,0.381,41.0,9.8,74.3,43.7,8.0,30.2,CH,Changeup,19.2,77,5.3,0.313,0.563,0.391,-1.6,BASEBALL_SAVANT_CURRENT_SEASON,2026-08-20T23:43:02.137578+00:00,SAVANT_ARSENAL_SCHEMA_V1,CURRENT
700363,"Smith-Shawver, AJ",2026.0,40.0,7.0,17.5,12.5,21.4,48.6,0.363,0.292,0.441,35.7,7.1,72.1,29.0,2.0,30.0,FF,4-Seam Fastball,41.7,60,10.0,0.2,0.2,0.294,1.9,BASEBALL_SAVANT_CURRENT_SEASON,2026-08-20T23:43:02.137578+00:00,SAVANT_ARSENAL_SCHEMA_V1,CURRENT
680736,"Wrobleski, Justin",2026.0,516.0,100.0,19.4,5.4,20.0,50.1,0.331,0.27,0.448,43.9,9.4,72.6,31.6,7.0,35.1,CU,Curveball,4.9,93,0.0,0.353,0.588,0.4,-0.7,BASEBALL_SAVANT_CURRENT_SEASON,2026-08-20T23:43:02.137578+00:00,SAVANT_ARSENAL_SCHEMA_V1,CURRENT
656641,"Latz, Jacob",2026.0,206.0,58.0,28.2,7.3,28.9,53.0,0.242,0.184,0.302,37.6,5.3,72.4,29.7,12.0,24.4,CU,Curveball,7.9,70,22.2,0.063,0.125,0.115,0.7,BASEBALL_SAVANT_CURRENT_SEASON,2026-08-20T23:43:02.137578+00:00,SAVANT_ARSENAL_SCHEMA_V1,CURRENT
669160,"May, Dustin",2026.0,523.0,118.0,22.6,8.0,22.3,47.1,0.316,0.249,0.379,44.8,6.8,72.2,26.2,20.0,33.2,CU,Curveball,6.6,131,11.8,0.267,0.4,0.347,-1.5,BASEBALL_SAVANT_CURRENT_SEASON,2026-08-20T23:43:02.137578+00:00,SAVANT_ARSENAL_SCHEMA_V1,CURRENT
688158,"Morgan, David",2026.0,105.0,26.0,24.8,12.4,32.0,50.3,0.284,0.217,0.273,27.0,1.6,71.4,21.1,8.0,25.2,SL,Slider,17.3,69,31.3,0.294,0.353,0.285,0.3,BASEBALL_SAVANT_CURRENT_SEASON,2026-08-20T23:43:02.137578+00:00,SAVANT_ARSENAL_SCHEMA_V1,CURRENT
544150,"Suárez, Albert",2026.0,221.0,36.0,16.3,8.6,22.3,49.0,0.322,0.25,0.413,40.4,7.8,71.9,24.0,4.0,36.7,CU,Curveball,8.7,70,20.0,0.235,0.294,0.232,-0.2,BASEBALL_SAVANT_CURRENT_SEASON,2026-08-20T23:43:02.137578+00:00,SAVANT_ARSENAL_SCHEMA_V1,CURRENT
693855,"Seymour, Ian",2026.0,399.0,115.0,28.8,7.8,29.5,49.9,0.296,0.223,0.392,37.8,10.0,72.0,28.3,9.0,30.2,SL,Slider,4.4,68,10.5,0.375,0.625,0.456,-0.8,BASEBALL_SAVANT_CURRENT_SEASON,2026-08-20T23:43:02.137578+00:00,SAVANT_ARSENAL_SCHEMA_V1,CURRENT
666374,"Brash, Matt",2026.0,64.0,15.0,23.4,9.4,32.1,40.5,0.316,0.234,0.347,40.0,5.0,71.8,26.4,3.0,34.9,SI,Sinker,21.0,55,37.5,0.333,0.333,0.356,0.7,BASEBALL_SAVANT_CURRENT_SEASON,2026-08-20T23:43:02.137578+00:00,SAVANT_ARSENAL_SCHEMA_V1,CURRENT
685112,"McCambley, Zach",2026.0,43.0,9.0,20.9,14.0,27.2,46.8,0.366,0.292,0.429,48.1,7.4,72.2,30.3,5.0,38.0,FF,4-Seam Fastball,33.1,57,18.8,0.1,0.1,0.319,0.8,BASEBALL_SAVANT_CURRENT_SEASON,2026-08-20T23:43:02.137578+00:00,SAVANT_ARSENAL_SCHEMA_V1,CURRENT
657424,"Gage, Matt",2026.0,126.0,22.0,17.5,13.5,24.4,47.5,0.352,0.257,0.43,31.4,10.5,71.0,19.5,3.0,26.4,SI,Sinker,7.8,41,10.0,0.333,0.417,0.422,-3.2,BASEBALL_SAVANT_CURRENT_SEASON,2026-08-20T23:43:02.137578+00:00,SAVANT_ARSENAL_SCHEMA_V1,CURRENT
657097,"Webb, Jacob",2026.0,232.0,63.0,27.2,8.6,33.8,51.2,0.3,0.24,0.369,41.6,6.2,72.0,26.7,7.0,30.0,SL,Slider,8.8,83,9.5,0.188,0.188,0.225,1.8,BASEBALL_SAVANT_CURRENT_SEASON,2026-08-20T23:43:02.137578+00:00,SAVANT_ARSENAL_SCHEMA_V1,CURRENT
471911,"Carrasco, Carlos",2026.0,73.0,7.0,9.6,4.1,19.0,55.7,0.431,0.371,0.586,41.0,9.8,72.4,32.2,3.0,37.4,SI,Sinker,27.2,67,9.1,0.333,0.6,0.397,-0.9,BASEBALL_SAVANT_CURRENT_SEASON,2026-08-20T23:43:02.137578+00:00,SAVANT_ARSENAL_SCHEMA_V1,CURRENT
677976,"Dobnak, Randy",2026.0,176.0,25.0,14.2,9.1,18.7,46.0,0.328,0.29,0.385,40.7,3.7,72.7,28.6,11.0,37.1,FF,4-Seam Fastball,9.3,66,10.7,0.267,0.333,0.291,0.8,BASEBALL_SAVANT_CURRENT_SEASON,2026-08-20T23:43:02.137578+00:00,SAVANT_ARSENAL_SCHEMA_V1,CURRENT
607259,"Martinez, Nick",2026.0,574.0,83.0,14.5,3.8,17.3,50.6,0.326,0.279,0.439,33.0,7.3,72.0,25.0,10.0,35.2,SL,Slider,3.7,73,0.0,0.625,0.813,0.684,-7.2,BASEBALL_SAVANT_CURRENT_SEASON,2026-08-20T23:43:02.137578+00:00,SAVANT_ARSENAL_SCHEMA_V1,CURRENT
686753,"Jameson, Drey",2026.0,76.0,13.0,17.1,11.8,29.3,46.2,0.322,0.25,0.369,28.3,5.7,71.9,24.6,1.0,34.9,CH,Changeup,19.9,53,11.1,0.267,0.333,0.291,-0.8,BASEBALL_SAVANT_CURRENT_SEASON,2026-08-20T23:43:02.137578+00:00,SAVANT_ARSENAL_SCHEMA_V1,CURRENT
445276,"Jansen, Kenley",2026.0,144.0,40.0,27.8,13.9,26.5,49.1,0.299,0.206,0.362,35.7,8.3,72.2,31.0,2.0,24.4,SL,Slider,8.2,47,17.2,0.133,0.133,0.156,4.3,BASEBALL_SAVANT_CURRENT_SEASON,2026-08-20T23:43:02.137578+00:00,SAVANT_ARSENAL_SCHEMA_V1,CURRENT
621016,"Cuas, Jose",2026.0,47.0,13.0,27.7,8.5,25.9,49.3,0.321,0.295,0.387,36.7,3.3,71.1,22.7,3.0,21.2,SI,Sinker,29.7,65,10.0,0.438,0.625,0.459,-0.6,BASEBALL_SAVANT_CURRENT_SEASON,2026-08-20T23:43:02.137578+00:00,SAVANT_ARSENAL_SCHEMA_V1,CURRENT
621016,"Cuas, Jose",2026.0,47.0,13.0,27.7,8.5,25.9,49.3,0.321,0.295,0.387,36.7,3.3,71.1,22.7,3.0,21.2,FF,4-Seam Fastball,36.5,80,17.4,0.0,0.0,0.088,2.6,BASEBALL_SAVANT_CURRENT_SEASON,2026-08-20T23:43:02.137578+00:00,SAVANT_ARSENAL_SCHEMA_V1,CURRENT
687562,"Bennett, Jake",2026.0,323.0,61.0,18.9,5.3,24.0,52.6,0.278,0.229,0.363,36.4,6.2,72.2,29.1,13.0,33.7,ST,Sweeper,6.9,79,12.9,0.143,0.143,0.2,0.0,BASEBALL_SAVANT_CURRENT_SEASON,2026-08-20T23:43:02.137578+00:00,SAVANT_ARSENAL_SCHEMA_V1,CURRENT
671106,"Allen, Logan",2026.0,42.0,10.0,23.8,9.5,18.5,45.5,0.312,0.226,0.427,53.6,10.7,71.7,19.7,4.0,35.7,FF,4-Seam Fastball,30.9,55,13.0,0.308,0.462,0.413,-2.5,BASEBALL_SAVANT_CURRENT_SEASON,2026-08-20T23:43:02.137578+00:00,SAVANT_ARSENAL_SCHEMA_V1,CURRENT
701719,"Samaniego, Tyler",2026.0,90.0,17.0,18.9,8.9,21.6,44.3,0.331,0.268,0.398,36.5,3.2,71.6,25.9,2.0,44.9,ST,Sweeper,18.8,59,19.2,0.188,0.188,0.169,1.3,BASEBALL_SAVANT_CURRENT_SEASON,2026-08-20T23:43:02.137578+00:00,SAVANT_ARSENAL_SCHEMA_V1,CURRENT
657514,"Bernardino, Brennan",2026.0,215.0,37.0,17.2,6.5,21.8,46.4,0.312,0.259,0.399,32.5,5.7,71.4,20.3,7.0,37.7,CH,Changeup,7.2,58,20.8,0.25,0.438,0.294,-1.5,BASEBALL_SAVANT_CURRENT_SEASON,2026-08-20T23:43:02.137578+00:00,SAVANT_ARSENAL_SCHEMA_V1,CURRENT
543243,"Gray, Sonny",2026.0,536.0,117.0,21.8,6.3,22.7,47.2,0.294,0.246,0.366,37.4,6.1,72.5,28.2,23.0,36.5,CH,Changeup,5.0,96,0.0,0.25,0.375,0.269,-0.2,BASEBALL_SAVANT_CURRENT_SEASON,2026-08-20T23:43:02.137578+00:00,SAVANT_ARSENAL_SCHEMA_V1,CURRENT
805299,"Garcia, Brandyn",2026.0,138.0,42.0,30.4,6.5,26.8,44.7,0.235,0.173,0.268,33.7,4.8,72.1,23.9,4.0,33.6,FC,Cutter,20.0,100,15.8,0.214,0.5,0.403,-0.2,BASEBALL_SAVANT_CURRENT_SEASON,2026-08-20T23:43:02.137578+00:00,SAVANT_ARSENAL_SCHEMA_V1,CURRENT
696131,"Black, Mason",2026.0,130.0,19.0,14.6,14.6,19.2,40.5,0.387,0.283,0.475,46.7,10.0,72.0,22.8,0.0,42.4,SL,Slider,14.0,72,12.5,0.2,0.4,0.281,-0.4,BASEBALL_SAVANT_CURRENT_SEASON,2026-08-20T23:43:02.137578+00:00,SAVANT_ARSENAL_SCHEMA_V1,CURRENT
682052,"Lopez, Jacob",2026.0,396.0,81.0,20.5,11.6,24.4,45.4,0.288,0.208,0.331,28.9,5.3,72.4,29.3,13.0,25.8,SI,Sinker,3.9,62,0.0,0.167,0.417,0.313,1.2,BASEBALL_SAVANT_CURRENT_SEASON,2026-08-20T23:43:02.137578+00:00,SAVANT_ARSENAL_SCHEMA_V1,CURRENT
664129,"Hartlieb, Geoff",2026.0,64.0,6.0,9.4,14.1,24.5,47.0,0.327,0.254,0.389,40.8,8.2,72.0,20.5,5.0,42.6,FC,Cutter,18.0,39,14.3,0.308,0.462,0.356,-1.4,BASEBALL_SAVANT_CURRENT_SEASON,2026-08-20T23:43:02.137578+00:00,SAVANT_ARSENAL_SCHEMA_V1,CURRENT
608723,"Voth, Austin",2026.0,56.0,3.0,5.4,10.7,15.6,44.7,0.402,0.338,0.557,40.4,8.5,71.9,25.6,1.0,43.6,FF,4-Seam Fastball,24.8,53,20.0,0.333,0.6,0.416,-6.4,BASEBALL_SAVANT_CURRENT_SEASON,2026-08-20T23:43:02.137578+00:00,SAVANT_ARSENAL_SCHEMA_V1,CURRENT
686610,"Waldichuk, Ken",2026.0,40.0,8.0,20.0,12.5,27.4,41.6,0.397,0.243,0.577,38.5,19.2,72.4,31.3,2.0,36.1,FF,4-Seam Fastball,32.9,49,16.7,0.273,0.545,0.456,-3.5,BASEBALL_SAVANT_CURRENT_SEASON,2026-08-20T23:43:02.137578+00:00,SAVANT_ARSENAL_SCHEMA_V1,CURRENT
683004,"Leiter, Jack",2026.0,355.0,83.0,23.4,9.9,25.4,47.9,0.336,0.257,0.43,39.9,10.3,72.4,27.9,15.0,30.9,CU,Curveball,8.7,122,21.2,0.267,0.6,0.438,-3.1,BASEBALL_SAVANT_CURRENT_SEASON,2026-08-20T23:43:02.137578+00:00,SAVANT_ARSENAL_SCHEMA_V1,CURRENT
641835,"Mayza, Tim",2026.0,224.0,56.0,25.0,6.3,24.3,45.0,0.279,0.227,0.367,43.8,7.2,72.3,27.4,7.0,32.5,FF,4-Seam Fastball,7.8,70,25.0,0.067,0.133,0.122,2.9,BASEBALL_SAVANT_CURRENT_SEASON,2026-08-20T23:43:02.137578+00:00,SAVANT_ARSENAL_SCHEMA_V1,CURRENT
680744,"Madden, Ty",2026.0,146.0,37.0,25.3,8.2,24.4,49.2,0.259,0.2,0.302,30.2,5.2,72.0,30.8,10.0,25.1,FS,Split-Finger,13.5,81,5.0,0.2,0.333,0.256,-1.1,BASEBALL_SAVANT_CURRENT_SEASON,2026-08-20T23:43:02.137578+00:00,SAVANT_ARSENAL_SCHEMA_V1,CURRENT
669923,"Kirby, George",2026.0,567.0,114.0,20.1,5.5,21.9,51.9,0.303,0.253,0.397,41.1,7.2,72.0,26.1,18.0,32.0,FC,Cutter,3.1,66,0.0,0.214,0.286,0.278,2.2,BASEBALL_SAVANT_CURRENT_SEASON,2026-08-20T23:43:02.137578+00:00,SAVANT_ARSENAL_SCHEMA_V1,CURRENT
686973,"Varland, Louis",2026.0,249.0,79.0,31.7,6.8,29.4,52.4,0.231,0.197,0.266,37.3,4.6,71.6,22.4,14.0,25.0,SL,Slider,8.1,82,10.0,0.188,0.25,0.247,3.1,BASEBALL_SAVANT_CURRENT_SEASON,2026-08-20T23:43:02.137578+00:00,SAVANT_ARSENAL_SCHEMA_V1,CURRENT
677161,"Kelly, Zack",2026.0,71.0,14.0,19.7,9.9,21.1,43.5,0.368,0.29,0.432,38.8,8.2,71.5,28.7,2.0,37.3,ST,Sweeper,21.9,62,14.8,0.188,0.188,0.12,1.6,BASEBALL_SAVANT_CURRENT_SEASON,2026-08-20T23:43:02.137578+00:00,SAVANT_ARSENAL_SCHEMA_V1,CURRENT
674370,"Bido, Osvaldo",2026.0,81.0,11.0,13.6,12.3,23.4,45.7,0.377,0.273,0.449,41.1,8.9,71.3,17.2,7.0,36.2,SL,Slider,24.3,77,8.0,0.385,0.692,0.503,-3.3,BASEBALL_SAVANT_CURRENT_SEASON,2026-08-20T23:43:02.137578+00:00,SAVANT_ARSENAL_SCHEMA_V1,CURRENT
605488,"Springs, Jeffrey",2026.0,504.0,89.0,17.7,9.3,23.3,46.2,0.344,0.257,0.458,35.3,9.7,71.9,24.4,16.0,34.2,ST,Sweeper,5.8,113,11.1,0.267,0.8,0.406,-2.8,BASEBALL_SAVANT_CURRENT_SEASON,2026-08-20T23:43:02.137578+00:00,SAVANT_ARSENAL_SCHEMA_V1,CURRENT
657571,"Ferguson, Caleb",2026.0,130.0,26.0,20.0,13.1,19.2,45.4,0.317,0.243,0.38,34.9,5.9,73.1,33.2,1.0,28.0,SV,Slurve,15.3,79,8.0,0.4,0.733,0.494,-3.8,BASEBALL_SAVANT_CURRENT_SEASON,2026-08-20T23:43:02.137578+00:00,SAVANT_ARSENAL_SCHEMA_V1,CURRENT
677020,"Walker, Josh",2026.0,70.0,15.0,21.4,8.6,19.4,50.4,0.275,0.226,0.326,39.6,4.2,71.9,29.4,0.0,31.6,FF,4-Seam Fastball,22.9,61,27.8,0.313,0.563,0.372,-0.2,BASEBALL_SAVANT_CURRENT_SEASON,2026-08-20T23:43:02.137578+00:00,SAVANT_ARSENAL_SCHEMA_V1,CURRENT
656212,"Barnes, Charlie",2026.0,63.0,6.0,9.5,11.1,15.1,42.8,0.404,0.321,0.531,46.9,8.2,73.8,38.8,2.0,50.0,SI,Sinker,21.4,43,0.0,0.2,0.2,0.213,4.3,BASEBALL_SAVANT_CURRENT_SEASON,2026-08-20T23:43:02.137578+00:00,SAVANT_ARSENAL_SCHEMA_V1,CURRENT
703615,"Cabrera, Jose",2026.0,81.0,12.0,14.8,8.6,20.2,44.4,0.353,0.268,0.456,35.0,6.7,74.0,39.6,3.0,35.3,CU,Curveball,12.2,34,24.1,0.2,0.333,0.256,-2.9,BASEBALL_SAVANT_CURRENT_SEASON,2026-08-20T23:43:02.137578+00:00,SAVANT_ARSENAL_SCHEMA_V1,CURRENT
693313,"Seymour, Carson",2026.0,59.0,9.0,15.3,10.2,21.7,46.5,0.404,0.334,0.518,41.9,9.3,72.2,23.7,3.0,34.7,SL,Slider,25.9,59,13.0,0.2,0.2,0.213,0.8,BASEBALL_SAVANT_CURRENT_SEASON,2026-08-20T23:43:02.137578+00:00,SAVANT_ARSENAL_SCHEMA_V1,CURRENT
650556,"Abreu, Bryan",2026.0,201.0,59.0,29.4,16.4,32.9,41.1,0.311,0.194,0.324,41.9,5.8,71.7,21.7,15.0,30.4,FC,Cutter,8.8,74,23.1,0.154,0.231,0.266,1.6,BASEBALL_SAVANT_CURRENT_SEASON,2026-08-20T23:43:02.137578+00:00,SAVANT_ARSENAL_SCHEMA_V1,CURRENT
677053,"Nardi, Andrew",2026.0,99.0,27.0,27.3,11.1,30.4,47.9,0.348,0.241,0.466,45.0,13.3,71.0,22.2,4.0,35.1,SL,Slider,15.6,59,30.8,0.2,0.533,0.325,2.0,BASEBALL_SAVANT_CURRENT_SEASON,2026-08-20T23:43:02.137578+00:00,SAVANT_ARSENAL_SCHEMA_V1,CURRENT
674370,"Bido, Osvaldo",2026.0,81.0,11.0,13.6,12.3,23.4,45.7,0.377,0.273,0.449,41.1,8.9,71.3,17.2,7.0,36.2,ST,Sweeper,19.9,63,20.0,0.188,0.188,0.169,2.6,BASEBALL_SAVANT_CURRENT_SEASON,2026-08-20T23:43:02.137578+00:00,SAVANT_ARSENAL_SCHEMA_V1,CURRENT
665665,"Sanmartin, Reiver",2026.0,46.0,10.0,21.7,6.5,23.0,44.6,0.354,0.292,0.5,48.5,15.2,71.1,16.2,1.0,41.5,SI,Sinker,35.5,59,33.3,0.333,0.6,0.416,0.9,BASEBALL_SAVANT_CURRENT_SEASON,2026-08-20T23:43:02.137578+00:00,SAVANT_ARSENAL_SCHEMA_V1,CURRENT
543037,"Cole, Gerrit",2026.0,353.0,92.0,26.1,5.4,21.7,48.1,0.285,0.237,0.369,42.7,8.1,72.1,25.7,10.0,33.6,SI,Sinker,4.4,57,7.7,0.462,0.538,0.491,-2.2,BASEBALL_SAVANT_CURRENT_SEASON,2026-08-20T23:43:02.137578+00:00,SAVANT_ARSENAL_SCHEMA_V1,CURRENT
668831,"Stallings, Garrett",2026.0,30.0,9.0,30.0,10.0,33.9,48.4,0.182,0.136,0.148,16.7,0.0,72.0,25.5,2.0,35.3,CH,Changeup,40.2,49,26.1,0.133,0.133,0.156,5.7,BASEBALL_SAVANT_CURRENT_SEASON,2026-08-20T23:43:02.137578+00:00,SAVANT_ARSENAL_SCHEMA_V1,CURRENT
641656,"Hamilton, Ian",2026.0,23.0,4.0,17.4,13.0,28.6,45.7,0.342,0.307,0.356,50.0,0.0,72.2,27.8,1.0,42.3,SL,Slider,62.0,57,17.6,0.286,0.429,0.469,-3.2,BASEBALL_SAVANT_CURRENT_SEASON,2026-08-20T23:43:02.137578+00:00,SAVANT_ARSENAL_SCHEMA_V1,CURRENT
668970,"Hollowell, Gavin",2026.0,62.0,13.0,21.0,12.9,27.8,42.7,0.351,0.24,0.447,35.0,15.0,71.8,22.8,2.0,36.2,ST,Sweeper,32.8,83,18.5,0.286,0.5,0.381,-2.1,BASEBALL_SAVANT_CURRENT_SEASON,2026-08-20T23:43:02.137578+00:00,SAVANT_ARSENAL_SCHEMA_V1,CURRENT
691945,"Baumler, Carter",2026.0,27.0,6.0,22.2,22.2,30.0,42.7,0.359,0.206,0.353,50.0,7.1,72.5,26.2,2.0,30.0,CU,Curveball,47.9,56,25.0,0.154,0.231,0.237,-0.4,BASEBALL_SAVANT_CURRENT_SEASON,2026-08-20T23:43:02.137578+00:00,SAVANT_ARSENAL_SCHEMA_V1,CURRENT
694680,"Martin, Trevor",2026.0,54.0,7.0,13.0,7.4,23.3,47.8,0.385,0.274,0.54,48.8,12.2,72.3,29.1,2.0,41.3,FS,Split-Finger,20.6,37,7.7,0.2,0.2,0.24,1.1,BASEBALL_SAVANT_CURRENT_SEASON,2026-08-20T23:43:02.137578+00:00,SAVANT_ARSENAL_SCHEMA_V1,CURRENT
669438,"Englert, Mason",2026.0,157.0,32.0,20.4,5.1,23.9,52.7,0.365,0.28,0.549,38.1,14.9,72.3,27.5,6.0,29.5,CU,Curveball,18.2,105,12.1,0.214,0.214,0.227,2.0,BASEBALL_SAVANT_CURRENT_SEASON,2026-08-20T23:43:02.137578+00:00,SAVANT_ARSENAL_SCHEMA_V1,CURRENT
814305,"Tur, Yunior",2026.0,34.0,6.0,17.6,11.8,37.3,49.2,0.55,0.379,0.874,34.8,27.3,72.3,24.5,2.0,34.3,FS,Split-Finger,39.2,47,22.7,0.429,0.643,0.511,-7.0,BASEBALL_SAVANT_CURRENT_SEASON,2026-08-20T23:43:02.137578+00:00,SAVANT_ARSENAL_SCHEMA_V1,CURRENT
672442,"Cruz, Yovanny",2026.0,44.0,10.0,22.7,13.6,27.0,46.0,0.353,0.275,0.391,51.9,0.0,71.5,21.2,0.0,35.4,FF,4-Seam Fastball,35.4,57,0.0,0.333,0.444,0.483,-2.4,BASEBALL_SAVANT_CURRENT_SEASON,2026-08-20T23:43:02.137578+00:00,SAVANT_ARSENAL_SCHEMA_V1,CURRENT
669387,"Mlodzinski, Carmen",2026.0,451.0,81.0,18.0,8.0,20.8,45.7,0.351,0.296,0.446,47.7,7.3,72.0,27.2,13.0,36.6,FC,Cutter,3.1,55,16.7,0.286,0.714,0.433,-2.5,BASEBALL_SAVANT_CURRENT_SEASON,2026-08-20T23:43:02.137578+00:00,SAVANT_ARSENAL_SCHEMA_V1,CURRENT
676775,"Winn, Keaton",2026.0,176.0,33.0,18.8,9.7,23.0,47.4,0.308,0.24,0.36,33.3,4.9,72.4,24.2,2.0,34.0,SL,Slider,7.5,48,26.7,0.214,0.214,0.18,3.0,BASEBALL_SAVANT_CURRENT_SEASON,2026-08-20T23:43:02.137578+00:00,SAVANT_ARSENAL_SCHEMA_V1,CURRENT
676395,"Garcia, Robert",2026.0,34.0,6.0,17.6,20.6,30.6,40.5,0.333,0.239,0.31,33.3,0.0,71.6,25.0,0.0,29.7,FF,4-Seam Fastball,44.4,68,16.7,0.083,0.083,0.2,3.2,BASEBALL_SAVANT_CURRENT_SEASON,2026-08-20T23:43:02.137578+00:00,SAVANT_ARSENAL_SCHEMA_V1,CURRENT
640455,"Manaea, Sean",2026.0,481.0,113.0,23.5,7.7,23.1,49.9,0.327,0.25,0.419,41.8,9.5,71.6,22.1,22.0,31.9,CH,Changeup,3.5,66,7.4,0.231,0.538,0.323,-2.5,BASEBALL_SAVANT_CURRENT_SEASON,2026-08-20T23:43:02.137578+00:00,SAVANT_ARSENAL_SCHEMA_V1,CURRENT
680573,"Woods Richardson, Simeon",2026.0,285.0,35.0,12.3,11.9,18.4,42.3,0.365,0.28,0.461,43.0,7.9,73.0,38.5,5.0,39.2,CU,Curveball,8.5,92,0.0,0.154,0.385,0.24,1.2,BASEBALL_SAVANT_CURRENT_SEASON,2026-08-20T23:43:02.137578+00:00,SAVANT_ARSENAL_SCHEMA_V1,CURRENT
680802,"Weiss, Ryan",2026.0,131.0,30.0,22.9,15.3,23.7,44.5,0.379,0.269,0.488,49.4,11.1,71.4,21.0,5.0,31.3,CH,Changeup,14.9,79,10.7,0.231,0.231,0.273,-1.1,BASEBALL_SAVANT_CURRENT_SEASON,2026-08-20T23:43:02.137578+00:00,SAVANT_ARSENAL_SCHEMA_V1,CURRENT
682274,"Hiraldo, Yaramil",2026.0,37.0,13.0,35.1,16.2,44.0,52.1,0.295,0.169,0.32,35.3,11.8,72.0,23.1,6.0,23.1,FS,Split-Finger,31.3,45,30.0,0.286,0.429,0.287,-0.3,BASEBALL_SAVANT_CURRENT_SEASON,2026-08-20T23:43:02.137578+00:00,SAVANT_ARSENAL_SCHEMA_V1,CURRENT
622088,"Antone, Tejay",2026.0,175.0,38.0,21.7,7.4,25.9,47.3,0.293,0.221,0.362,34.7,7.1,72.1,25.5,6.0,34.5,SI,Sinker,9.0,61,20.0,0.25,0.333,0.396,0.4,BASEBALL_SAVANT_CURRENT_SEASON,2026-08-20T23:43:02.137578+00:00,SAVANT_ARSENAL_SCHEMA_V1,CURRENT
668881,"Greene, Hunter",2026.0,121.0,33.0,27.3,7.4,27.2,53.3,0.325,0.268,0.429,46.8,5.1,72.3,23.6,8.0,29.4,FS,Split-Finger,10.1,46,46.7,0.133,0.133,0.12,2.9,BASEBALL_SAVANT_CURRENT_SEASON,2026-08-20T23:43:02.137578+00:00,SAVANT_ARSENAL_SCHEMA_V1,CURRENT
699044,"Ullola, Miguel",2026.0,23.0,9.0,39.1,4.3,27.9,48.9,0.282,0.209,0.418,30.8,15.4,72.7,25.0,0.0,21.4,FF,4-Seam Fastball,76.1,67,42.9,0.133,0.333,0.193,0.7,BASEBALL_SAVANT_CURRENT_SEASON,2026-08-20T23:43:02.137578+00:00,SAVANT_ARSENAL_SCHEMA_V1,CURRENT
682982,"Espino, Daniel",2026.0,27.0,12.0,44.4,14.8,43.4,44.2,0.279,0.203,0.278,45.5,9.1,71.7,17.6,1.0,20.0,FF,4-Seam Fastball,65.0,78,37.5,0.182,0.273,0.33,0.4,BASEBALL_SAVANT_CURRENT_SEASON,2026-08-20T23:43:02.137578+00:00,SAVANT_ARSENAL_SCHEMA_V1,CURRENT
663423,"Thornton, Trent",2026.0,153.0,22.0,14.4,9.8,21.7,49.5,0.328,0.253,0.428,45.6,8.7,72.4,29.1,6.0,37.0,SI,Sinker,8.2,46,16.7,0.25,0.417,0.367,1.9,BASEBALL_SAVANT_CURRENT_SEASON,2026-08-20T23:43:02.137578+00:00,SAVANT_ARSENAL_SCHEMA_V1,CURRENT
650960,"Duarte, Daniel",2026.0,76.0,19.0,25.0,6.6,22.9,54.5,0.241,0.188,0.282,21.6,5.9,71.9,29.8,3.0,17.8,SI,Sinker,13.5,42,26.7,0.154,0.154,0.273,2.0,BASEBALL_SAVANT_CURRENT_SEASON,2026-08-20T23:43:02.137578+00:00,SAVANT_ARSENAL_SCHEMA_V1,CURRENT
700363,"Smith-Shawver, AJ",2026.0,40.0,7.0,17.5,12.5,21.4,48.6,0.363,0.292,0.441,35.7,7.1,72.1,29.0,2.0,30.0,FS,Split-Finger,34.7,50,25.0,0.214,0.214,0.287,0.0,BASEBALL_SAVANT_CURRENT_SEASON,2026-08-20T23:43:02.137578+00:00,SAVANT_ARSENAL_SCHEMA_V1,CURRENT
694037,"Palencia, Daniel",2026.0,71.0,19.0,26.8,8.5,29.6,52.6,0.3,0.244,0.386,30.4,6.5,71.7,25.6,3.0,30.2,SL,Slider,25.3,73,25.0,0.308,0.538,0.407,-1.8,BASEBALL_SAVANT_CURRENT_SEASON,2026-08-20T23:43:02.137578+00:00,SAVANT_ARSENAL_SCHEMA_V1,CURRENT
445276,"Jansen, Kenley",2026.0,144.0,40.0,27.8,13.9,26.5,49.1,0.299,0.206,0.362,35.7,8.3,72.2,31.0,2.0,24.4,SI,Sinker,6.6,38,33.3,0.214,0.643,0.327,-5.7,BASEBALL_SAVANT_CURRENT_SEASON,2026-08-20T23:43:02.137578+00:00,SAVANT_ARSENAL_SCHEMA_V1,CURRENT
681168,"Curvelo, Luis",2026.0,54.0,6.0,11.1,11.1,21.8,54.0,0.387,0.307,0.544,50.0,9.5,73.3,33.3,0.0,41.7,FS,Split-Finger,20.3,38,16.7,0.2,0.467,0.277,-1.7,BASEBALL_SAVANT_CURRENT_SEASON,2026-08-20T23:43:02.137578+00:00,SAVANT_ARSENAL_SCHEMA_V1,CURRENT
687312,"Hughes, Gabriel",2026.0,164.0,33.0,20.1,7.9,19.7,48.4,0.287,0.232,0.338,28.4,4.3,72.3,28.1,6.0,28.6,SL,Slider,10.8,69,13.0,0.267,0.4,0.307,-0.9,BASEBALL_SAVANT_CURRENT_SEASON,2026-08-20T23:43:02.137578+00:00,SAVANT_ARSENAL_SCHEMA_V1,CURRENT
680736,"Wrobleski, Justin",2026.0,516.0,100.0,19.4,5.4,20.0,50.1,0.331,0.27,0.448,43.9,9.4,72.6,31.6,7.0,35.1,ST,Sweeper,3.2,61,8.1,0.333,0.333,0.3,-2.3,BASEBALL_SAVANT_CURRENT_SEASON,2026-08-20T23:43:02.137578+00:00,SAVANT_ARSENAL_SCHEMA_V1,CURRENT
700249,"Povich, Cade",2026.0,120.0,21.0,17.5,8.3,23.6,45.9,0.342,0.264,0.453,43.2,8.0,72.1,24.4,5.0,43.4,SI,Sinker,8.8,40,0.0,0.583,0.833,0.611,-6.0,BASEBALL_SAVANT_CURRENT_SEASON,2026-08-20T23:43:02.137578+00:00,SAVANT_ARSENAL_SCHEMA_V1,CURRENT
669854,"Blanco, Ronel",2026.0,101.0,20.0,19.8,11.9,25.8,50.8,0.354,0.246,0.469,36.8,11.8,71.7,22.5,3.0,31.5,CU,Curveball,16.7,65,20.0,0.231,0.692,0.42,-0.3,BASEBALL_SAVANT_CURRENT_SEASON,2026-08-20T23:43:02.137578+00:00,SAVANT_ARSENAL_SCHEMA_V1,CURRENT
683232,"Mears, Nick",2026.0,83.0,15.0,18.1,13.3,18.7,44.0,0.382,0.298,0.506,50.9,12.5,72.2,25.6,5.0,33.9,SI,Sinker,12.0,41,25.0,0.333,0.6,0.397,1.2,BASEBALL_SAVANT_CURRENT_SEASON,2026-08-20T23:43:02.137578+00:00,SAVANT_ARSENAL_SCHEMA_V1,CURRENT
656546,"Hoffman, Jeff",2026.0,248.0,85.0,34.3,9.7,37.2,50.1,0.297,0.214,0.334,38.3,9.8,71.9,25.3,22.0,28.4,SI,Sinker,4.8,49,33.3,0.182,0.182,0.26,1.6,BASEBALL_SAVANT_CURRENT_SEASON,2026-08-20T23:43:02.137578+00:00,SAVANT_ARSENAL_SCHEMA_V1,CURRENT
657612,"Hill, Tim",2026.0,202.0,22.0,10.9,5.4,13.2,51.0,0.325,0.261,0.425,43.6,6.7,72.0,26.5,2.0,36.6,SL,Slider,11.6,79,27.8,0.286,0.714,0.433,-3.2,BASEBALL_SAVANT_CURRENT_SEASON,2026-08-20T23:43:02.137578+00:00,SAVANT_ARSENAL_SCHEMA_V1,CURRENT
656464,"Ginkel, Kevin",2026.0,217.0,49.0,22.6,6.9,29.4,50.2,0.306,0.236,0.414,39.9,9.8,72.0,25.1,17.0,37.4,SI,Sinker,4.3,36,0.0,0.467,0.6,0.527,-4.2,BASEBALL_SAVANT_CURRENT_SEASON,2026-08-20T23:43:02.137578+00:00,SAVANT_ARSENAL_SCHEMA_V1,CURRENT
672582,"Zerpa, Angel",2026.0,55.0,8.0,14.5,10.9,17.8,41.7,0.405,0.328,0.53,51.2,7.3,71.6,21.1,2.0,41.3,SL,Slider,20.8,45,7.1,0.333,0.4,0.323,-1.8,BASEBALL_SAVANT_CURRENT_SEASON,2026-08-20T23:43:02.137578+00:00,SAVANT_ARSENAL_SCHEMA_V1,CURRENT
621074,"Rucker, Michael",2026.0,111.0,30.0,27.0,8.1,26.3,47.7,0.289,0.238,0.336,38.0,7.0,71.8,23.1,6.0,30.0,SI,Sinker,11.4,50,28.6,0.231,0.231,0.273,2.7,BASEBALL_SAVANT_CURRENT_SEASON,2026-08-20T23:43:02.137578+00:00,SAVANT_ARSENAL_SCHEMA_V1,CURRENT
682243,"Miller, Bryce",2026.0,354.0,87.0,24.6,5.1,25.9,55.6,0.271,0.215,0.364,33.1,7.3,72.7,28.7,11.0,26.3,CU,Curveball,5.1,70,19.4,0.071,0.143,0.083,2.1,BASEBALL_SAVANT_CURRENT_SEASON,2026-08-20T23:43:02.137578+00:00,SAVANT_ARSENAL_SCHEMA_V1,CURRENT
676962,"Brown, Ben",2026.0,265.0,65.0,24.5,7.2,27.3,47.1,0.279,0.223,0.335,43.0,7.3,71.8,23.6,10.0,37.2,CH,Changeup,6.0,60,28.6,0.133,0.267,0.167,1.2,BASEBALL_SAVANT_CURRENT_SEASON,2026-08-20T23:43:02.137578+00:00,SAVANT_ARSENAL_SCHEMA_V1,CURRENT
518585,"Cruz, Fernando",2026.0,224.0,65.0,29.0,13.8,39.4,43.5,0.284,0.188,0.326,26.2,8.7,71.7,24.8,17.0,30.9,SL,Slider,13.7,124,0.0,0.182,0.182,0.307,1.3,BASEBALL_SAVANT_CURRENT_SEASON,2026-08-20T23:43:02.137578+00:00,SAVANT_ARSENAL_SCHEMA_V1,CURRENT
837227,"Imai, Tatsuya",2026.0,288.0,80.0,27.8,14.6,32.3,43.7,0.338,0.228,0.402,46.3,10.5,72.2,29.0,8.0,32.5,SI,Sinker,4.9,61,11.1,0.182,0.182,0.307,1.9,BASEBALL_SAVANT_CURRENT_SEASON,2026-08-20T23:43:02.137578+00:00,SAVANT_ARSENAL_SCHEMA_V1,CURRENT
656756,"Montgomery, Jordan",2026.0,38.0,6.0,15.8,2.6,20.5,45.1,0.368,0.319,0.521,35.5,9.7,72.6,29.0,1.0,33.3,SI,Sinker,31.5,51,6.7,0.5,0.714,0.54,-3.2,BASEBALL_SAVANT_CURRENT_SEASON,2026-08-20T23:43:02.137578+00:00,SAVANT_ARSENAL_SCHEMA_V1,CURRENT
656302,"Cease, Dylan",2026.0,553.0,201.0,36.3,10.7,34.8,46.1,0.254,0.183,0.276,32.4,4.9,71.7,26.5,19.0,24.6,ST,Sweeper,4.0,95,11.8,0.4,0.667,0.457,-1.5,BASEBALL_SAVANT_CURRENT_SEASON,2026-08-20T23:43:02.137578+00:00,SAVANT_ARSENAL_SCHEMA_V1,CURRENT
622608,"Senzatela, Antonio",2026.0,243.0,51.0,21.0,7.4,24.0,49.8,0.303,0.254,0.372,41.3,6.4,71.0,17.9,12.0,33.1,CU,Curveball,9.4,85,20.0,0.143,0.429,0.263,-2.1,BASEBALL_SAVANT_CURRENT_SEASON,2026-08-20T23:43:02.137578+00:00,SAVANT_ARSENAL_SCHEMA_V1,CURRENT
676395,"Garcia, Robert",2026.0,34.0,6.0,17.6,20.6,30.6,40.5,0.333,0.239,0.31,33.3,0.0,71.6,25.0,0.0,29.7,CH,Changeup,32.0,49,12.5,0.231,0.231,0.273,-0.7,BASEBALL_SAVANT_CURRENT_SEASON,2026-08-20T23:43:02.137578+00:00,SAVANT_ARSENAL_SCHEMA_V1,CURRENT
681799,"Roberts, Ethan",2026.0,110.0,17.0,15.5,12.7,22.6,43.6,0.342,0.255,0.391,44.7,3.9,72.4,29.8,3.0,37.0,SI,Sinker,16.3,71,11.1,0.429,0.429,0.407,-1.5,BASEBALL_SAVANT_CURRENT_SEASON,2026-08-20T23:43:02.137578+00:00,SAVANT_ARSENAL_SCHEMA_V1,CURRENT
690990,"Horton, Cade",2026.0,26.0,4.0,15.4,7.7,23.3,46.7,0.283,0.249,0.321,35.0,5.3,71.5,17.5,0.0,32.3,FF,4-Seam Fastball,50.0,46,22.2,0.214,0.429,0.321,2.4,BASEBALL_SAVANT_CURRENT_SEASON,2026-08-20T23:43:02.137578+00:00,SAVANT_ARSENAL_SCHEMA_V1,CURRENT
675848,"Mejia, Juan",2026.0,240.0,50.0,20.8,12.5,25.3,47.3,0.336,0.265,0.392,38.0,3.8,71.6,22.3,10.0,30.4,SI,Sinker,6.1,60,20.0,0.154,0.231,0.204,3.8,BASEBALL_SAVANT_CURRENT_SEASON,2026-08-20T23:43:02.137578+00:00,SAVANT_ARSENAL_SCHEMA_V1,CURRENT
671212,"Boyle, Joe",2026.0,81.0,21.0,25.9,11.1,24.2,45.2,0.308,0.235,0.362,39.2,4.0,71.8,27.1,8.0,25.0,FS,Split-Finger,14.4,50,21.7,0.154,0.231,0.219,-0.3,BASEBALL_SAVANT_CURRENT_SEASON,2026-08-20T23:43:02.137578+00:00,SAVANT_ARSENAL_SCHEMA_V1,CURRENT
688297,"Roycroft, Chris",2026.0,116.0,17.0,14.7,9.5,17.9,47.9,0.398,0.31,0.539,45.9,12.9,71.6,20.7,2.0,39.3,FF,4-Seam Fastball,19.6,80,17.9,0.167,0.167,0.229,0.8,BASEBALL_SAVANT_CURRENT_SEASON,2026-08-20T23:43:02.137578+00:00,SAVANT_ARSENAL_SCHEMA_V1,CURRENT
669622,"Bender, Anthony",2026.0,140.0,41.0,29.3,8.6,24.0,40.3,0.254,0.194,0.284,33.3,7.1,70.8,15.0,7.0,38.2,SL,Slider,12.8,69,11.1,0.25,0.25,0.293,-1.0,BASEBALL_SAVANT_CURRENT_SEASON,2026-08-20T23:43:02.137578+00:00,SAVANT_ARSENAL_SCHEMA_V1,CURRENT
623211,"Brazobán, Huascar",2026.0,238.0,52.0,21.8,10.9,25.3,49.4,0.277,0.211,0.306,28.9,3.8,72.6,31.0,6.0,22.9,FF,4-Seam Fastball,6.4,59,16.3,0.083,0.167,0.189,1.2,BASEBALL_SAVANT_CURRENT_SEASON,2026-08-20T23:43:02.137578+00:00,SAVANT_ARSENAL_SCHEMA_V1,CURRENT
694851,"Hoffmann, Andrew",2026.0,59.0,12.0,20.3,13.6,19.1,38.7,0.336,0.243,0.399,43.2,8.1,72.2,32.4,1.0,32.1,SL,Slider,20.5,47,22.2,0.4,0.8,0.561,-5.5,BASEBALL_SAVANT_CURRENT_SEASON,2026-08-20T23:43:02.137578+00:00,SAVANT_ARSENAL_SCHEMA_V1,CURRENT
683003,"Jones, Jared",2026.0,269.0,72.0,26.8,7.8,31.0,48.3,0.297,0.219,0.392,39.1,8.6,72.5,28.3,9.0,33.1,CU,Curveball,7.1,74,13.0,0.385,0.538,0.421,-1.9,BASEBALL_SAVANT_CURRENT_SEASON,2026-08-20T23:43:02.137578+00:00,SAVANT_ARSENAL_SCHEMA_V1,CURRENT
543056,"Coulombe, Danny",2026.0,96.0,10.0,10.4,15.6,17.1,44.0,0.321,0.251,0.311,21.4,1.4,71.1,22.1,2.0,27.9,ST,Sweeper,17.1,66,12.5,0.154,0.231,0.204,1.4,BASEBALL_SAVANT_CURRENT_SEASON,2026-08-20T23:43:02.137578+00:00,SAVANT_ARSENAL_SCHEMA_V1,CURRENT
665871,"Assad, Javier",2026.0,332.0,55.0,16.6,6.3,14.9,44.3,0.326,0.264,0.431,45.5,7.1,71.8,24.8,10.0,38.0,CU,Curveball,7.5,98,17.2,0.0,0.0,0.1,1.6,BASEBALL_SAVANT_CURRENT_SEASON,2026-08-20T23:43:02.137578+00:00,SAVANT_ARSENAL_SCHEMA_V1,CURRENT
695034,"Morris, Kade",2026.0,53.0,6.0,11.3,11.3,16.5,46.4,0.316,0.252,0.365,48.8,4.9,72.0,27.4,5.0,32.0,FF,4-Seam Fastball,20.1,42,8.3,0.333,0.583,0.436,-2.0,BASEBALL_SAVANT_CURRENT_SEASON,2026-08-20T23:43:02.137578+00:00,SAVANT_ARSENAL_SCHEMA_V1,CURRENT
664129,"Hartlieb, Geoff",2026.0,64.0,6.0,9.4,14.1,24.5,47.0,0.327,0.254,0.389,40.8,8.2,72.0,20.5,5.0,42.6,SL,Slider,30.4,66,15.8,0.308,0.538,0.336,-3.3,BASEBALL_SAVANT_CURRENT_SEASON,2026-08-20T23:43:02.137578+00:00,SAVANT_ARSENAL_SCHEMA_V1,CURRENT
689296,"Nunez, Anthony",2026.0,196.0,46.0,23.5,11.2,32.1,47.5,0.317,0.233,0.398,39.7,7.1,71.7,22.3,13.0,31.9,FC,Cutter,4.6,35,37.5,0.154,0.385,0.257,3.6,BASEBALL_SAVANT_CURRENT_SEASON,2026-08-20T23:43:02.137578+00:00,SAVANT_ARSENAL_SCHEMA_V1,CURRENT
687312,"Hughes, Gabriel",2026.0,164.0,33.0,20.1,7.9,19.7,48.4,0.287,0.232,0.338,28.4,4.3,72.3,28.1,6.0,28.6,CH,Changeup,9.7,62,5.6,0.2,0.3,0.368,-1.6,BASEBALL_SAVANT_CURRENT_SEASON,2026-08-20T23:43:02.137578+00:00,SAVANT_ARSENAL_SCHEMA_V1,CURRENT
695611,"Jump, Gage",2026.0,338.0,85.0,25.1,10.9,25.3,48.0,0.318,0.251,0.381,39.4,5.6,71.8,22.3,12.0,31.1,CH,Changeup,8.6,117,0.0,0.357,0.714,0.45,-2.3,BASEBALL_SAVANT_CURRENT_SEASON,2026-08-20T23:43:02.137578+00:00,SAVANT_ARSENAL_SCHEMA_V1,CURRENT
676604,"Zuber, Tyler",2026.0,108.0,30.0,27.8,4.6,24.4,48.5,0.271,0.226,0.333,46.5,2.8,72.1,25.1,5.0,31.0,SI,Sinker,10.4,45,15.4,0.143,0.143,0.193,3.3,BASEBALL_SAVANT_CURRENT_SEASON,2026-08-20T23:43:02.137578+00:00,SAVANT_ARSENAL_SCHEMA_V1,CURRENT
669199,"Bachar, Lake",2026.0,281.0,72.0,25.6,8.5,30.3,45.9,0.292,0.206,0.372,35.6,9.4,72.1,24.8,14.0,32.8,SI,Sinker,4.9,55,0.0,0.214,0.286,0.218,3.2,BASEBALL_SAVANT_CURRENT_SEASON,2026-08-20T23:43:02.137578+00:00,SAVANT_ARSENAL_SCHEMA_V1,CURRENT
621053,"Ferguson, Tyler",2026.0,70.0,20.0,28.6,2.9,31.0,50.4,0.332,0.235,0.483,46.7,17.8,72.4,28.3,2.0,42.1,ST,Sweeper,20.3,52,30.8,0.154,0.385,0.257,0.6,BASEBALL_SAVANT_CURRENT_SEASON,2026-08-20T23:43:02.137578+00:00,SAVANT_ARSENAL_SCHEMA_V1,CURRENT
700249,"Povich, Cade",2026.0,120.0,21.0,17.5,8.3,23.6,45.9,0.342,0.264,0.453,43.2,8.0,72.1,24.4,5.0,43.4,SL,Slider,14.1,64,20.0,0.286,0.929,0.493,-4.8,BASEBALL_SAVANT_CURRENT_SEASON,2026-08-20T23:43:02.137578+00:00,SAVANT_ARSENAL_SCHEMA_V1,CURRENT
694795,"Ekness, Josh",2026.0,53.0,9.0,17.0,13.2,20.7,39.5,0.329,0.259,0.378,35.1,8.1,70.4,11.4,2.0,30.4,ST,Sweeper,28.2,62,5.6,0.25,0.5,0.346,-3.0,BASEBALL_SAVANT_CURRENT_SEASON,2026-08-20T23:43:02.137578+00:00,SAVANT_ARSENAL_SCHEMA_V1,CURRENT
664353,"Urquidy, José",2026.0,71.0,17.0,23.9,2.8,27.3,51.0,0.257,0.226,0.346,34.6,7.8,71.3,17.7,2.0,40.5,SI,Sinker,19.5,49,8.3,0.429,0.643,0.4,-2.3,BASEBALL_SAVANT_CURRENT_SEASON,2026-08-20T23:43:02.137578+00:00,SAVANT_ARSENAL_SCHEMA_V1,CURRENT
687312,"Hughes, Gabriel",2026.0,164.0,33.0,20.1,7.9,19.7,48.4,0.287,0.232,0.338,28.4,4.3,72.3,28.1,6.0,28.6,CU,Curveball,10.0,64,37.5,0.214,0.571,0.321,-1.4,BASEBALL_SAVANT_CURRENT_SEASON,2026-08-20T23:43:02.137578+00:00,SAVANT_ARSENAL_SCHEMA_V1,CURRENT
663878,"Pearson, Nate",2026.0,122.0,25.0,20.5,13.1,23.0,45.6,0.322,0.227,0.356,37.2,7.8,71.5,21.5,4.0,27.2,SI,Sinker,12.3,60,33.3,0.091,0.091,0.214,3.9,BASEBALL_SAVANT_CURRENT_SEASON,2026-08-20T23:43:02.137578+00:00,SAVANT_ARSENAL_SCHEMA_V1,CURRENT
663558,"Morán, Jovani",2026.0,216.0,58.0,26.9,11.6,32.3,45.9,0.277,0.193,0.323,29.0,6.9,71.7,22.4,5.0,35.2,SI,Sinker,7.0,59,12.5,0.167,0.167,0.229,2.4,BASEBALL_SAVANT_CURRENT_SEASON,2026-08-20T23:43:02.137578+00:00,SAVANT_ARSENAL_SCHEMA_V1,CURRENT
682274,"Hiraldo, Yaramil",2026.0,37.0,13.0,35.1,16.2,44.0,52.1,0.295,0.169,0.32,35.3,11.8,72.0,23.1,6.0,23.1,FF,4-Seam Fastball,43.1,62,36.4,0.125,0.5,0.443,-0.6,BASEBALL_SAVANT_CURRENT_SEASON,2026-08-20T23:43:02.137578+00:00,SAVANT_ARSENAL_SCHEMA_V1,CURRENT
668970,"Hollowell, Gavin",2026.0,62.0,13.0,21.0,12.9,27.8,42.7,0.351,0.24,0.447,35.0,15.0,71.8,22.8,2.0,36.2,SI,Sinker,21.7,55,6.3,0.455,0.818,0.575,-5.0,BASEBALL_SAVANT_CURRENT_SEASON,2026-08-20T23:43:02.137578+00:00,SAVANT_ARSENAL_SCHEMA_V1,CURRENT
471911,"Carrasco, Carlos",2026.0,73.0,7.0,9.6,4.1,19.0,55.7,0.431,0.371,0.586,41.0,9.8,72.4,32.2,3.0,37.4,SL,Slider,13.8,34,27.3,0.385,0.615,0.45,-2.8,BASEBALL_SAVANT_CURRENT_SEASON,2026-08-20T23:43:02.137578+00:00,SAVANT_ARSENAL_SCHEMA_V1,CURRENT
701552,"Granillo, Andre",2026.0,50.0,3.0,6.0,16.0,9.5,37.4,0.394,0.295,0.44,39.5,13.2,71.7,29.9,0.0,45.0,FF,4-Seam Fastball,24.7,49,0.0,0.286,0.286,0.477,-1.9,BASEBALL_SAVANT_CURRENT_SEASON,2026-08-20T23:43:02.137578+00:00,SAVANT_ARSENAL_SCHEMA_V1,CURRENT
676742,"Sanders, Cam",2026.0,85.0,23.0,27.1,15.3,37.9,47.6,0.322,0.22,0.332,28.3,6.5,71.9,30.8,6.0,26.9,CH,Changeup,15.2,54,11.1,0.333,0.417,0.382,-3.3,BASEBALL_SAVANT_CURRENT_SEASON,2026-08-20T23:43:02.137578+00:00,SAVANT_ARSENAL_SCHEMA_V1,CURRENT
666201,"Manoah, Alek",2026.0,39.0,5.0,12.8,20.5,19.7,37.9,0.379,0.228,0.473,34.6,11.5,72.4,32.0,1.0,25.0,CH,Changeup,39.1,63,15.4,0.333,0.75,0.55,-6.6,BASEBALL_SAVANT_CURRENT_SEASON,2026-08-20T23:43:02.137578+00:00,SAVANT_ARSENAL_SCHEMA_V1,CURRENT
621366,"Borucki, Ryan",2026.0,104.0,15.0,14.4,8.7,28.2,49.5,0.31,0.253,0.373,39.7,5.1,72.3,31.1,2.0,38.8,FS,Split-Finger,13.2,50,5.3,0.385,0.846,0.525,-6.0,BASEBALL_SAVANT_CURRENT_SEASON,2026-08-20T23:43:02.137578+00:00,SAVANT_ARSENAL_SCHEMA_V1,CURRENT
687273,"Mathews, Quinn",2026.0,41.0,10.0,24.4,14.6,27.6,45.3,0.273,0.194,0.265,24.0,4.0,71.8,25.0,0.0,22.0,FF,4-Seam Fastball,44.3,85,13.8,0.273,0.364,0.368,0.3,BASEBALL_SAVANT_CURRENT_SEASON,2026-08-20T23:43:02.137578+00:00,SAVANT_ARSENAL_SCHEMA_V1,CURRENT
687531,"Kempner, William",2026.0,50.0,14.0,28.0,8.0,34.1,45.7,0.306,0.231,0.355,23.3,3.3,71.0,17.5,3.0,33.9,ST,Sweeper,22.1,44,10.5,0.154,0.154,0.179,2.8,BASEBALL_SAVANT_CURRENT_SEASON,2026-08-20T23:43:02.137578+00:00,SAVANT_ARSENAL_SCHEMA_V1,CURRENT
682227,"Williamson, Brandon",2026.0,128.0,19.0,14.8,15.6,24.1,43.2,0.389,0.276,0.486,41.9,10.5,72.5,27.6,5.0,33.1,SI,Sinker,10.6,55,0.0,0.455,1.0,0.575,-4.9,BASEBALL_SAVANT_CURRENT_SEASON,2026-08-20T23:43:02.137578+00:00,SAVANT_ARSENAL_SCHEMA_V1,CURRENT
656427,"Flaherty, Jack",2026.0,389.0,102.0,26.2,10.8,27.1,45.1,0.323,0.236,0.394,46.2,8.4,73.0,32.9,16.0,28.9,SI,Sinker,4.5,73,0.0,0.167,0.25,0.204,0.5,BASEBALL_SAVANT_CURRENT_SEASON,2026-08-20T23:43:02.137578+00:00,SAVANT_ARSENAL_SCHEMA_V1,CURRENT
689441,"Crow, Coleman",2026.0,85.0,10.0,11.8,7.1,16.3,51.9,0.34,0.269,0.448,36.8,7.4,72.0,31.5,1.0,35.5,FF,4-Seam Fastball,18.3,54,4.5,0.385,0.615,0.511,-4.5,BASEBALL_SAVANT_CURRENT_SEASON,2026-08-20T23:43:02.137578+00:00,SAVANT_ARSENAL_SCHEMA_V1,CURRENT
682445,"Gonzalez, Domingo",2026.0,36.0,5.0,13.9,13.9,19.7,47.3,0.453,0.355,0.618,52.0,12.0,72.7,33.3,1.0,41.3,SI,Sinker,24.0,31,33.3,0.417,0.5,0.446,-1.9,BASEBALL_SAVANT_CURRENT_SEASON,2026-08-20T23:43:02.137578+00:00,SAVANT_ARSENAL_SCHEMA_V1,CURRENT
703725,"Gastelum, Luis",2026.0,80.0,22.0,27.5,7.5,35.1,48.7,0.302,0.214,0.414,23.5,9.8,71.8,23.0,2.0,36.3,ST,Sweeper,20.1,61,22.2,0.5,0.833,0.589,-5.9,BASEBALL_SAVANT_CURRENT_SEASON,2026-08-20T23:43:02.137578+00:00,SAVANT_ARSENAL_SCHEMA_V1,CURRENT
694341,"Beck, Brendan",2026.0,31.0,4.0,12.9,16.1,33.9,42.4,0.448,0.3,0.656,59.1,27.3,74.5,54.0,4.0,45.7,FF,4-Seam Fastball,48.2,67,0.0,0.364,1.0,0.589,-5.1,BASEBALL_SAVANT_CURRENT_SEASON,2026-08-20T23:43:02.137578+00:00,SAVANT_ARSENAL_SCHEMA_V1,CURRENT
687330,"Kelly, Kevin",2026.0,215.0,45.0,20.9,4.2,19.8,48.7,0.292,0.262,0.368,44.3,5.8,72.3,26.2,6.0,36.6,ST,Sweeper,8.4,64,13.8,0.143,0.429,0.296,-1.8,BASEBALL_SAVANT_CURRENT_SEASON,2026-08-20T23:43:02.137578+00:00,SAVANT_ARSENAL_SCHEMA_V1,CURRENT
681168,"Curvelo, Luis",2026.0,54.0,6.0,11.1,11.1,21.8,54.0,0.387,0.307,0.544,50.0,9.5,73.3,33.3,0.0,41.7,FF,4-Seam Fastball,30.5,57,11.1,0.167,0.25,0.318,0.9,BASEBALL_SAVANT_CURRENT_SEASON,2026-08-20T23:43:02.137578+00:00,SAVANT_ARSENAL_SCHEMA_V1,CURRENT
689520,"Laweryson, Cody",2026.0,78.0,18.0,23.1,10.3,20.3,46.6,0.329,0.245,0.389,50.0,8.2,71.6,19.8,3.0,37.6,FC,Cutter,16.9,50,6.3,0.333,0.75,0.538,-7.0,BASEBALL_SAVANT_CURRENT_SEASON,2026-08-20T23:43:02.137578+00:00,SAVANT_ARSENAL_SCHEMA_V1,CURRENT
689441,"Crow, Coleman",2026.0,85.0,10.0,11.8,7.1,16.3,51.9,0.34,0.269,0.448,36.8,7.4,72.0,31.5,1.0,35.5,SI,Sinker,16.9,50,0.0,0.286,0.643,0.45,-1.0,BASEBALL_SAVANT_CURRENT_SEASON,2026-08-20T23:43:02.137578+00:00,SAVANT_ARSENAL_SCHEMA_V1,CURRENT
694363,"Shuster, Jared",2026.0,44.0,4.0,9.1,13.6,13.6,39.8,0.311,0.239,0.367,50.0,2.9,72.8,33.9,0.0,40.7,FF,4-Seam Fastball,29.5,49,12.5,0.308,0.462,0.357,0.9,BASEBALL_SAVANT_CURRENT_SEASON,2026-08-20T23:43:02.137578+00:00,SAVANT_ARSENAL_SCHEMA_V1,CURRENT
690829,"Joyce, Ben",2026.0,19.0,8.0,42.1,5.3,36.8,46.3,0.122,0.092,0.12,20.0,0.0,73.2,33.3,1.0,19.0,FF,4-Seam Fastball,59.8,49,41.2,0.077,0.077,0.114,6.3,BASEBALL_SAVANT_CURRENT_SEASON,2026-08-20T23:43:02.137578+00:00,SAVANT_ARSENAL_SCHEMA_V1,CURRENT
676661,"Lazar, Max",2026.0,35.0,5.0,14.3,8.6,19.4,48.4,0.33,0.241,0.453,40.7,11.5,70.9,19.0,2.0,40.0,FF,4-Seam Fastball,35.9,46,0.0,0.5,1.25,0.721,-9.0,BASEBALL_SAVANT_CURRENT_SEASON,2026-08-20T23:43:02.137578+00:00,SAVANT_ARSENAL_SCHEMA_V1,CURRENT
678394,"Bello, Brayan",2026.0,385.0,67.0,17.4,7.3,24.9,49.2,0.351,0.294,0.466,42.3,8.0,72.6,29.9,8.0,37.5,CU,Curveball,4.5,64,10.3,0.214,0.643,0.35,-2.0,BASEBALL_SAVANT_CURRENT_SEASON,2026-08-20T23:43:02.137578+00:00,SAVANT_ARSENAL_SCHEMA_V1,CURRENT
673380,"Núñez, Dedniel",2026.0,27.0,5.0,18.5,0.0,26.7,61.6,0.402,0.32,0.638,50.0,9.1,72.9,37.5,1.0,53.3,FF,4-Seam Fastball,61.6,45,0.0,0.571,1.214,0.811,-13.6,BASEBALL_SAVANT_CURRENT_SEASON,2026-08-20T23:43:02.137578+00:00,SAVANT_ARSENAL_SCHEMA_V1,CURRENT
691008,"Rajcic, Max",2026.0,39.0,8.0,20.5,15.4,23.9,41.1,0.281,0.168,0.318,36.0,8.0,72.7,23.0,1.0,27.7,FF,4-Seam Fastball,40.5,66,6.3,0.2,0.4,0.379,-1.1,BASEBALL_SAVANT_CURRENT_SEASON,2026-08-20T23:43:02.137578+00:00,SAVANT_ARSENAL_SCHEMA_V1,CURRENT
700669,"Graceffo, Gordon",2026.0,249.0,38.0,15.3,11.6,17.6,44.7,0.343,0.253,0.448,45.6,10.0,72.1,30.4,6.0,41.4,SI,Sinker,7.1,66,25.0,0.222,0.333,0.404,-2.3,BASEBALL_SAVANT_CURRENT_SEASON,2026-08-20T23:43:02.137578+00:00,SAVANT_ARSENAL_SCHEMA_V1,CURRENT
673540,"Senga, Kodai",2026.0,234.0,60.0,25.6,15.0,28.5,45.5,0.34,0.233,0.401,38.2,11.8,72.1,25.3,13.0,31.0,ST,Sweeper,9.1,85,25.0,0.538,0.846,0.604,-2.2,BASEBALL_SAVANT_CURRENT_SEASON,2026-08-20T23:43:02.137578+00:00,SAVANT_ARSENAL_SCHEMA_V1,CURRENT
669084,"Hall, DL",2026.0,162.0,41.0,25.3,17.3,27.8,39.9,0.292,0.195,0.28,31.5,5.5,70.9,20.8,5.0,31.8,ST,Sweeper,9.2,63,23.5,0.0,0.0,0.0,3.5,BASEBALL_SAVANT_CURRENT_SEASON,2026-08-20T23:43:02.137578+00:00,SAVANT_ARSENAL_SCHEMA_V1,CURRENT
643377,"Jax, Griffin",2026.0,379.0,100.0,26.4,7.9,31.2,48.6,0.323,0.252,0.418,39.7,9.3,72.6,30.4,10.0,34.5,FC,Cutter,3.6,50,0.0,0.308,0.769,0.464,-1.6,BASEBALL_SAVANT_CURRENT_SEASON,2026-08-20T23:43:02.137578+00:00,SAVANT_ARSENAL_SCHEMA_V1,CURRENT
690953,"Abel, Mick",2026.0,93.0,23.0,24.7,10.8,28.8,49.6,0.349,0.274,0.413,40.4,5.3,70.9,15.5,1.0,25.6,SL,Slider,13.4,48,26.7,0.357,0.429,0.346,0.1,BASEBALL_SAVANT_CURRENT_SEASON,2026-08-20T23:43:02.137578+00:00,SAVANT_ARSENAL_SCHEMA_V1,CURRENT
681895,"Sisk, Evan",2026.0,174.0,47.0,27.0,10.3,26.5,41.7,0.277,0.195,0.277,30.7,3.0,70.7,17.4,7.0,27.8,CH,Changeup,9.0,67,13.6,0.333,0.5,0.407,-2.3,BASEBALL_SAVANT_CURRENT_SEASON,2026-08-20T23:43:02.137578+00:00,SAVANT_ARSENAL_SCHEMA_V1,CURRENT
641941,"Pagán, Emilio",2026.0,123.0,31.0,25.2,7.3,28.7,51.9,0.299,0.205,0.404,48.1,10.1,72.5,30.1,5.0,32.1,FC,Cutter,19.8,96,14.3,0.231,0.231,0.193,1.5,BASEBALL_SAVANT_CURRENT_SEASON,2026-08-20T23:43:02.137578+00:00,SAVANT_ARSENAL_SCHEMA_V1,CURRENT
677961,"Wilcox, Cole",2026.0,123.0,28.0,22.8,13.8,31.4,46.3,0.355,0.284,0.404,46.1,6.7,71.3,21.3,3.0,33.6,CH,Changeup,11.9,58,15.0,0.0,0.0,0.0,5.2,BASEBALL_SAVANT_CURRENT_SEASON,2026-08-20T23:43:02.137578+00:00,SAVANT_ARSENAL_SCHEMA_V1,CURRENT
670183,"Acton, Garrett",2026.0,28.0,9.0,32.1,10.7,35.4,41.7,0.251,0.191,0.268,40.0,6.7,72.5,26.8,1.0,42.9,FF,4-Seam Fastball,54.8,63,31.3,0.091,0.091,0.164,3.4,BASEBALL_SAVANT_CURRENT_SEASON,2026-08-20T23:43:02.137578+00:00,SAVANT_ARSENAL_SCHEMA_V1,CURRENT
595014,"Treinen, Blake",2026.0,100.0,25.0,25.0,10.0,25.7,47.9,0.348,0.261,0.475,42.2,12.7,71.9,27.0,2.0,26.7,FF,4-Seam Fastball,11.5,43,22.7,0.214,0.429,0.268,-2.0,BASEBALL_SAVANT_CURRENT_SEASON,2026-08-20T23:43:02.137578+00:00,SAVANT_ARSENAL_SCHEMA_V1,CURRENT
624522,"Thompson, Keegan",2026.0,57.0,11.0,19.3,3.5,21.6,49.7,0.407,0.343,0.623,50.0,13.6,72.7,35.3,2.0,45.6,FC,Cutter,24.1,47,13.3,0.25,0.5,0.288,1.7,BASEBALL_SAVANT_CURRENT_SEASON,2026-08-20T23:43:02.137578+00:00,SAVANT_ARSENAL_SCHEMA_V1,CURRENT
662253,"Muñoz, Andrés",2026.0,195.0,73.0,37.4,9.2,40.3,47.3,0.28,0.208,0.333,41.7,8.7,71.4,24.0,15.0,28.4,SI,Sinker,7.9,61,16.7,0.5,0.5,0.454,-1.9,BASEBALL_SAVANT_CURRENT_SEASON,2026-08-20T23:43:02.137578+00:00,SAVANT_ARSENAL_SCHEMA_V1,CURRENT
622663,"Severino, Luis",2026.0,271.0,65.0,24.0,11.4,23.0,47.6,0.318,0.231,0.388,38.7,8.7,71.7,23.3,10.0,29.2,SL,Slider,4.2,46,30.4,0.0,0.0,0.054,4.1,BASEBALL_SAVANT_CURRENT_SEASON,2026-08-20T23:43:02.137578+00:00,SAVANT_ARSENAL_SCHEMA_V1,CURRENT
660761,"Suarez, José",2026.0,258.0,60.0,23.3,9.7,26.7,48.6,0.302,0.25,0.342,32.4,2.4,71.9,25.3,6.0,29.9,ST,Sweeper,2.8,28,30.0,0.0,0.0,0.108,4.6,BASEBALL_SAVANT_CURRENT_SEASON,2026-08-20T23:43:02.137578+00:00,SAVANT_ARSENAL_SCHEMA_V1,CURRENT
681006,"Simpson, Josh",2026.0,38.0,10.0,26.3,10.5,20.3,41.8,0.369,0.227,0.532,43.5,17.4,71.9,22.8,2.0,36.7,ST,Sweeper,27.5,42,20.0,0.182,0.455,0.331,-2.6,BASEBALL_SAVANT_CURRENT_SEASON,2026-08-20T23:43:02.137578+00:00,SAVANT_ARSENAL_SCHEMA_V1,CURRENT
605452,"Ross, Joe",2026.0,57.0,7.0,12.3,10.5,30.0,53.7,0.391,0.307,0.524,36.4,11.4,72.7,25.0,2.0,31.4,FF,4-Seam Fastball,20.0,41,15.4,0.083,0.083,0.123,4.2,BASEBALL_SAVANT_CURRENT_SEASON,2026-08-20T23:43:02.137578+00:00,SAVANT_ARSENAL_SCHEMA_V1,CURRENT
663765,"Woodford, Jake",2026.0,126.0,23.0,18.3,5.6,19.5,46.0,0.369,0.333,0.484,49.0,8.3,71.8,23.7,0.0,41.9,FS,Split-Finger,14.9,68,7.7,0.231,0.385,0.331,-1.7,BASEBALL_SAVANT_CURRENT_SEASON,2026-08-20T23:43:02.137578+00:00,SAVANT_ARSENAL_SCHEMA_V1,CURRENT
672021,"Cerantola, Eric",2026.0,28.0,7.0,25.0,39.3,40.5,30.3,0.402,0.181,0.315,60.0,20.0,69.9,18.8,0.0,35.0,FF,4-Seam Fastball,36.9,45,14.3,0.2,0.8,0.585,-3.1,BASEBALL_SAVANT_CURRENT_SEASON,2026-08-20T23:43:02.137578+00:00,SAVANT_ARSENAL_SCHEMA_V1,CURRENT
669270,"Kuhnel, Joel",2026.0,157.0,22.0,14.0,7.6,22.6,47.2,0.355,0.297,0.441,39.5,6.0,72.3,26.2,6.0,36.2,CH,Changeup,6.8,38,11.8,0.154,0.231,0.165,3.6,BASEBALL_SAVANT_CURRENT_SEASON,2026-08-20T23:43:02.137578+00:00,SAVANT_ARSENAL_SCHEMA_V1,CURRENT
677161,"Kelly, Zack",2026.0,71.0,14.0,19.7,9.9,21.1,43.5,0.368,0.29,0.432,38.8,8.2,71.5,28.7,2.0,37.3,SI,Sinker,17.0,48,7.7,0.3,0.3,0.262,-0.5,BASEBALL_SAVANT_CURRENT_SEASON,2026-08-20T23:43:02.137578+00:00,SAVANT_ARSENAL_SCHEMA_V1,CURRENT
608337,"Giolito, Lucas",2026.0,138.0,18.0,13.0,16.7,24.0,40.8,0.357,0.262,0.406,43.8,4.2,72.5,28.2,7.0,38.4,SL,Slider,17.1,94,22.7,0.167,0.167,0.192,-0.5,BASEBALL_SAVANT_CURRENT_SEASON,2026-08-20T23:43:02.137578+00:00,SAVANT_ARSENAL_SCHEMA_V1,CURRENT
668820,"Kranick, Max",2026.0,61.0,7.0,11.5,9.8,27.0,51.6,0.345,0.271,0.42,29.8,6.4,71.8,25.5,1.0,35.1,CU,Curveball,24.7,53,9.1,0.154,0.231,0.165,3.5,BASEBALL_SAVANT_CURRENT_SEASON,2026-08-20T23:43:02.137578+00:00,SAVANT_ARSENAL_SCHEMA_V1,CURRENT
622608,"Senzatela, Antonio",2026.0,243.0,51.0,21.0,7.4,24.0,49.8,0.303,0.254,0.372,41.3,6.4,71.0,17.9,12.0,33.1,CH,Changeup,5.9,53,5.3,0.333,0.417,0.358,-1.8,BASEBALL_SAVANT_CURRENT_SEASON,2026-08-20T23:43:02.137578+00:00,SAVANT_ARSENAL_SCHEMA_V1,CURRENT
681252,"Anderson, Jack",2026.0,48.0,12.0,25.0,6.3,30.5,52.8,0.301,0.23,0.418,36.4,9.1,71.7,23.8,2.0,30.4,FS,Split-Finger,23.3,42,27.3,0.083,0.083,0.123,3.1,BASEBALL_SAVANT_CURRENT_SEASON,2026-08-20T23:43:02.137578+00:00,SAVANT_ARSENAL_SCHEMA_V1,CURRENT
694918,"Tidwell, Blade",2026.0,110.0,20.0,18.2,9.1,27.1,46.0,0.306,0.256,0.354,41.8,6.3,71.1,18.4,4.0,39.0,SL,Slider,10.4,46,10.0,0.083,0.167,0.15,4.1,BASEBALL_SAVANT_CURRENT_SEASON,2026-08-20T23:43:02.137578+00:00,SAVANT_ARSENAL_SCHEMA_V1,CURRENT
695534,"Petty, Chase",2026.0,139.0,15.0,10.8,6.5,19.6,48.2,0.361,0.278,0.47,37.5,9.1,72.4,29.6,0.0,37.9,SL,Slider,9.4,45,20.0,0.417,0.75,0.458,-4.4,BASEBALL_SAVANT_CURRENT_SEASON,2026-08-20T23:43:02.137578+00:00,SAVANT_ARSENAL_SCHEMA_V1,CURRENT
670167,"Schreiber, John",2026.0,188.0,33.0,17.6,11.2,21.8,42.9,0.336,0.265,0.434,41.4,6.8,71.3,20.4,5.0,35.7,CH,Changeup,7.9,60,12.0,0.231,0.385,0.283,-1.5,BASEBALL_SAVANT_CURRENT_SEASON,2026-08-20T23:43:02.137578+00:00,SAVANT_ARSENAL_SCHEMA_V1,CURRENT
675911,"Strider, Spencer",2026.0,165.0,46.0,27.9,12.1,30.7,46.6,0.29,0.188,0.359,36.7,11.2,72.3,25.1,7.0,28.6,CH,Changeup,10.3,71,23.8,0.091,0.091,0.123,1.9,BASEBALL_SAVANT_CURRENT_SEASON,2026-08-20T23:43:02.137578+00:00,SAVANT_ARSENAL_SCHEMA_V1,CURRENT
641927,"Ober, Bailey",2026.0,435.0,71.0,16.3,6.0,19.6,48.8,0.333,0.257,0.467,35.5,10.1,72.9,32.2,8.0,34.5,SI,Sinker,2.8,46,0.0,0.417,0.917,0.569,-4.2,BASEBALL_SAVANT_CURRENT_SEASON,2026-08-20T23:43:02.137578+00:00,SAVANT_ARSENAL_SCHEMA_V1,CURRENT
665665,"Sanmartin, Reiver",2026.0,46.0,10.0,21.7,6.5,23.0,44.6,0.354,0.292,0.5,48.5,15.2,71.1,16.2,1.0,41.5,CH,Changeup,24.1,40,14.3,0.333,0.5,0.385,-1.9,BASEBALL_SAVANT_CURRENT_SEASON,2026-08-20T23:43:02.137578+00:00,SAVANT_ARSENAL_SCHEMA_V1,CURRENT
687273,"Mathews, Quinn",2026.0,41.0,10.0,24.4,14.6,27.6,45.3,0.273,0.194,0.265,24.0,4.0,71.8,25.0,0.0,22.0,CH,Changeup,20.3,39,13.3,0.182,0.182,0.192,2.4,BASEBALL_SAVANT_CURRENT_SEASON,2026-08-20T23:43:02.137578+00:00,SAVANT_ARSENAL_SCHEMA_V1,CURRENT
656212,"Barnes, Charlie",2026.0,63.0,6.0,9.5,11.1,15.1,42.8,0.404,0.321,0.531,46.9,8.2,73.8,38.8,2.0,50.0,CH,Changeup,17.9,36,14.3,0.417,0.5,0.427,-3.9,BASEBALL_SAVANT_CURRENT_SEASON,2026-08-20T23:43:02.137578+00:00,SAVANT_ARSENAL_SCHEMA_V1,CURRENT
800311,"Fuentes, Didier",2026.0,223.0,70.0,31.4,6.7,30.4,52.9,0.274,0.221,0.344,37.5,6.7,71.9,24.9,8.0,24.7,FS,Split-Finger,6.0,55,11.8,0.083,0.083,0.192,1.5,BASEBALL_SAVANT_CURRENT_SEASON,2026-08-20T23:43:02.137578+00:00,SAVANT_ARSENAL_SCHEMA_V1,CURRENT
702275,"Ritchie, JR",2026.0,256.0,53.0,20.7,14.1,23.3,41.1,0.344,0.24,0.408,39.5,9.3,72.4,28.6,9.0,34.9,SL,Slider,6.9,71,9.1,0.167,0.417,0.277,1.9,BASEBALL_SAVANT_CURRENT_SEASON,2026-08-20T23:43:02.137578+00:00,SAVANT_ARSENAL_SCHEMA_V1,CURRENT
670183,"Acton, Garrett",2026.0,28.0,9.0,32.1,10.7,35.4,41.7,0.251,0.191,0.268,40.0,6.7,72.5,26.8,1.0,42.9,SL,Slider,45.2,52,21.1,0.25,0.417,0.385,-3.0,BASEBALL_SAVANT_CURRENT_SEASON,2026-08-20T23:43:02.137578+00:00,SAVANT_ARSENAL_SCHEMA_V1,CURRENT
820862,"Fermin, José",2026.0,181.0,49.0,27.1,11.0,30.9,49.1,0.322,0.233,0.391,42.6,9.3,72.5,28.7,4.0,28.8,CH,Changeup,6.0,45,16.7,0.083,0.083,0.123,2.6,BASEBALL_SAVANT_CURRENT_SEASON,2026-08-20T23:43:02.137578+00:00,SAVANT_ARSENAL_SCHEMA_V1,CURRENT
608650,"Enns, Dietrich",2026.0,70.0,13.0,18.6,15.7,23.1,46.0,0.301,0.211,0.335,39.1,6.5,71.5,23.5,1.0,32.2,CH,Changeup,20.3,59,8.3,0.125,0.25,0.312,-1.7,BASEBALL_SAVANT_CURRENT_SEASON,2026-08-20T23:43:02.137578+00:00,SAVANT_ARSENAL_SCHEMA_V1,CURRENT
592836,"Walker, Taijuan",2026.0,115.0,17.0,14.8,9.6,16.8,45.0,0.411,0.312,0.582,36.0,12.9,71.5,21.3,2.0,35.9,SL,Slider,11.8,50,13.3,0.333,0.333,0.331,1.3,BASEBALL_SAVANT_CURRENT_SEASON,2026-08-20T23:43:02.137578+00:00,SAVANT_ARSENAL_SCHEMA_V1,CURRENT
676620,"Weiman, Blake",2026.0,24.0,5.0,20.8,0.0,21.4,44.2,0.238,0.238,0.309,21.1,5.3,73.3,45.7,1.0,37.0,ST,Sweeper,45.3,43,30.8,0.25,0.25,0.3,0.6,BASEBALL_SAVANT_CURRENT_SEASON,2026-08-20T23:43:02.137578+00:00,SAVANT_ARSENAL_SCHEMA_V1,CURRENT
670090,"Mills, Wyatt",2026.0,36.0,5.0,13.9,25.0,22.6,41.6,0.368,0.234,0.293,25.0,0.0,71.9,25.9,0.0,30.0,FF,4-Seam Fastball,28.2,42,18.8,0.25,0.25,0.458,-4.5,BASEBALL_SAVANT_CURRENT_SEASON,2026-08-20T23:43:02.137578+00:00,SAVANT_ARSENAL_SCHEMA_V1,CURRENT
642152,"Trivino III, Lou",2026.0,36.0,7.0,19.4,19.4,31.7,43.8,0.33,0.217,0.323,38.1,4.8,71.8,21.8,4.0,25.6,SI,Sinker,29.9,43,22.2,0.4,0.4,0.385,-1.2,BASEBALL_SAVANT_CURRENT_SEASON,2026-08-20T23:43:02.137578+00:00,SAVANT_ARSENAL_SCHEMA_V1,CURRENT
687606,"Schultz, Paxton",2026.0,153.0,32.0,20.9,7.8,18.7,44.8,0.342,0.276,0.453,39.3,8.4,71.8,27.2,4.0,33.8,CH,Changeup,14.3,87,0.0,0.538,1.077,0.681,-5.9,BASEBALL_SAVANT_CURRENT_SEASON,2026-08-20T23:43:02.137578+00:00,SAVANT_ARSENAL_SCHEMA_V1,CURRENT
689149,"Dallas, Chad",2026.0,39.0,6.0,15.4,15.4,21.3,48.1,0.32,0.24,0.335,37.0,3.7,71.9,27.4,3.0,34.0,CU,Curveball,29.5,46,5.6,0.375,0.75,0.508,-4.8,BASEBALL_SAVANT_CURRENT_SEASON,2026-08-20T23:43:02.137578+00:00,SAVANT_ARSENAL_SCHEMA_V1,CURRENT
676571,"Poulin, PJ",2026.0,153.0,25.0,16.3,13.7,16.9,40.0,0.353,0.256,0.441,44.3,9.6,72.6,32.3,3.0,39.6,CH,Changeup,11.8,75,6.3,0.385,0.462,0.373,-2.2,BASEBALL_SAVANT_CURRENT_SEASON,2026-08-20T23:43:02.137578+00:00,SAVANT_ARSENAL_SCHEMA_V1,CURRENT
689149,"Dallas, Chad",2026.0,39.0,6.0,15.4,15.4,21.3,48.1,0.32,0.24,0.335,37.0,3.7,71.9,27.4,3.0,34.0,FC,Cutter,40.4,63,5.9,0.182,0.273,0.273,1.5,BASEBALL_SAVANT_CURRENT_SEASON,2026-08-20T23:43:02.137578+00:00,SAVANT_ARSENAL_SCHEMA_V1,CURRENT
608723,"Voth, Austin",2026.0,56.0,3.0,5.4,10.7,15.6,44.7,0.402,0.338,0.557,40.4,8.5,71.9,25.6,1.0,43.6,FC,Cutter,23.8,51,0.0,0.417,0.5,0.496,-2.2,BASEBALL_SAVANT_CURRENT_SEASON,2026-08-20T23:43:02.137578+00:00,SAVANT_ARSENAL_SCHEMA_V1,CURRENT
695445,"Lee, Chase",2026.0,37.0,2.0,5.4,21.6,18.4,38.6,0.35,0.26,0.376,33.3,11.1,71.1,16.7,1.0,41.7,ST,Sweeper,37.8,48,10.0,0.333,1.083,0.575,-7.7,BASEBALL_SAVANT_CURRENT_SEASON,2026-08-20T23:43:02.137578+00:00,SAVANT_ARSENAL_SCHEMA_V1,CURRENT
661395,"Duran, Jhoan",2026.0,181.0,63.0,34.8,4.4,35.6,51.7,0.231,0.2,0.26,41.1,2.9,71.5,21.2,14.0,27.8,CU,Curveball,10.0,73,20.0,0.385,0.462,0.373,-2.0,BASEBALL_SAVANT_CURRENT_SEASON,2026-08-20T23:43:02.137578+00:00,SAVANT_ARSENAL_SCHEMA_V1,CURRENT
805326,"Schweitzer, Tyler",2026.0,102.0,13.0,12.7,9.8,23.1,53.6,0.348,0.281,0.44,48.1,9.0,72.3,25.9,1.0,31.8,ST,Sweeper,10.1,39,20.0,0.231,0.308,0.179,0.4,BASEBALL_SAVANT_CURRENT_SEASON,2026-08-20T23:43:02.137578+00:00,SAVANT_ARSENAL_SCHEMA_V1,CURRENT
687330,"Kelly, Kevin",2026.0,215.0,45.0,20.9,4.2,19.8,48.7,0.292,0.262,0.368,44.3,5.8,72.3,26.2,6.0,36.6,FF,4-Seam Fastball,6.1,46,16.2,0.091,0.091,0.123,1.0,BASEBALL_SAVANT_CURRENT_SEASON,2026-08-20T23:43:02.137578+00:00,SAVANT_ARSENAL_SCHEMA_V1,CURRENT
671109,"Eder, Jake",2026.0,15.0,1.0,6.7,6.7,9.1,58.9,0.459,0.363,0.746,69.2,30.8,70.2,22.6,0.0,39.3,FF,4-Seam Fastball,60.7,34,10.0,0.182,0.182,0.192,4.7,BASEBALL_SAVANT_CURRENT_SEASON,2026-08-20T23:43:02.137578+00:00,SAVANT_ARSENAL_SCHEMA_V1,CURRENT
671382,"Foster, Cameron",2026.0,49.0,9.0,18.4,16.3,27.9,45.5,0.336,0.254,0.358,28.1,6.5,71.4,29.9,0.0,24.6,FC,Cutter,20.1,38,25.0,0.417,0.667,0.525,-4.0,BASEBALL_SAVANT_CURRENT_SEASON,2026-08-20T23:43:02.137578+00:00,SAVANT_ARSENAL_SCHEMA_V1,CURRENT
681035,"Scott, Christian",2026.0,367.0,105.0,28.6,9.5,26.6,49.8,0.304,0.229,0.356,34.7,6.8,72.2,27.5,14.0,25.7,FS,Split-Finger,3.3,51,4.5,0.25,0.25,0.262,-0.6,BASEBALL_SAVANT_CURRENT_SEASON,2026-08-20T23:43:02.137578+00:00,SAVANT_ARSENAL_SCHEMA_V1,CURRENT
671212,"Boyle, Joe",2026.0,81.0,21.0,25.9,11.1,24.2,45.2,0.308,0.235,0.362,39.2,4.0,71.8,27.1,8.0,25.0,ST,Sweeper,12.4,43,31.8,0.154,0.462,0.25,0.3,BASEBALL_SAVANT_CURRENT_SEASON,2026-08-20T23:43:02.137578+00:00,SAVANT_ARSENAL_SCHEMA_V1,CURRENT
690953,"Abel, Mick",2026.0,93.0,23.0,24.7,10.8,28.8,49.6,0.349,0.274,0.413,40.4,5.3,70.9,15.5,1.0,25.6,CU,Curveball,12.0,43,16.0,0.182,0.182,0.246,-0.6,BASEBALL_SAVANT_CURRENT_SEASON,2026-08-20T23:43:02.137578+00:00,SAVANT_ARSENAL_SCHEMA_V1,CURRENT
689149,"Dallas, Chad",2026.0,39.0,6.0,15.4,15.4,21.3,48.1,0.32,0.24,0.335,37.0,3.7,71.9,27.4,3.0,34.0,ST,Sweeper,28.2,44,30.8,0.385,0.385,0.346,-0.9,BASEBALL_SAVANT_CURRENT_SEASON,2026-08-20T23:43:02.137578+00:00,SAVANT_ARSENAL_SCHEMA_V1,CURRENT
671212,"Boyle, Joe",2026.0,81.0,21.0,25.9,11.1,24.2,45.2,0.308,0.235,0.362,39.2,4.0,71.8,27.1,8.0,25.0,SI,Sinker,18.7,65,12.5,0.167,0.25,0.288,1.3,BASEBALL_SAVANT_CURRENT_SEASON,2026-08-20T23:43:02.137578+00:00,SAVANT_ARSENAL_SCHEMA_V1,CURRENT
663465,"Allard, Kolby",2026.0,45.0,9.0,20.0,6.7,17.4,52.0,0.385,0.317,0.533,43.8,15.6,71.1,16.2,2.0,32.8,FF,4-Seam Fastball,33.9,60,16.7,0.455,0.545,0.481,-2.3,BASEBALL_SAVANT_CURRENT_SEASON,2026-08-20T23:43:02.137578+00:00,SAVANT_ARSENAL_SCHEMA_V1,CURRENT
681343,"Smith, Shane",2026.0,49.0,11.0,22.4,18.4,26.0,42.7,0.332,0.246,0.293,33.3,0.0,71.6,19.4,10.0,29.8,FF,4-Seam Fastball,32.9,74,17.9,0.143,0.143,0.392,-1.3,BASEBALL_SAVANT_CURRENT_SEASON,2026-08-20T23:43:02.137578+00:00,SAVANT_ARSENAL_SCHEMA_V1,CURRENT
681343,"Smith, Shane",2026.0,49.0,11.0,22.4,18.4,26.0,42.7,0.332,0.246,0.293,33.3,0.0,71.6,19.4,10.0,29.8,CU,Curveball,23.6,53,15.0,0.0,0.0,0.285,2.1,BASEBALL_SAVANT_CURRENT_SEASON,2026-08-20T23:43:02.137578+00:00,SAVANT_ARSENAL_SCHEMA_V1,CURRENT
666201,"Manoah, Alek",2026.0,39.0,5.0,12.8,20.5,19.7,37.9,0.379,0.228,0.473,34.6,11.5,72.4,32.0,1.0,25.0,SI,Sinker,34.8,56,22.2,0.3,0.5,0.423,-0.9,BASEBALL_SAVANT_CURRENT_SEASON,2026-08-20T23:43:02.137578+00:00,SAVANT_ARSENAL_SCHEMA_V1,CURRENT
669713,"Wesneski, Hayden",2026.0,95.0,18.0,18.9,7.4,27.4,48.9,0.325,0.266,0.408,42.0,7.2,71.9,25.7,2.0,43.1,SI,Sinker,19.6,63,0.0,0.385,0.846,0.508,-2.7,BASEBALL_SAVANT_CURRENT_SEASON,2026-08-20T23:43:02.137578+00:00,SAVANT_ARSENAL_SCHEMA_V1,CURRENT
686753,"Jameson, Drey",2026.0,76.0,13.0,17.1,11.8,29.3,46.2,0.322,0.25,0.369,28.3,5.7,71.9,24.6,1.0,34.9,SI,Sinker,19.2,51,0.0,0.167,0.167,0.192,3.8,BASEBALL_SAVANT_CURRENT_SEASON,2026-08-20T23:43:02.137578+00:00,SAVANT_ARSENAL_SCHEMA_V1,CURRENT
673380,"Núñez, Dedniel",2026.0,27.0,5.0,18.5,0.0,26.7,61.6,0.402,0.32,0.638,50.0,9.1,72.9,37.5,1.0,53.3,SL,Slider,38.4,28,50.0,0.308,0.538,0.362,-1.6,BASEBALL_SAVANT_CURRENT_SEASON,2026-08-20T23:43:02.137578+00:00,SAVANT_ARSENAL_SCHEMA_V1,CURRENT
691769,"Abner, Philip",2026.0,64.0,6.0,9.4,12.5,18.1,47.3,0.401,0.305,0.539,40.0,12.0,72.6,29.5,1.0,38.4,SL,Slider,19.2,47,10.0,0.25,0.75,0.431,-1.9,BASEBALL_SAVANT_CURRENT_SEASON,2026-08-20T23:43:02.137578+00:00,SAVANT_ARSENAL_SCHEMA_V1,CURRENT
642376,"Yan, Jefry",2026.0,26.0,7.0,26.9,19.2,34.9,43.4,0.325,0.26,0.301,42.9,0.0,73.1,33.3,0.0,22.2,SI,Sinker,52.5,52,0.0,0.5,0.5,0.438,-1.9,BASEBALL_SAVANT_CURRENT_SEASON,2026-08-20T23:43:02.137578+00:00,SAVANT_ARSENAL_SCHEMA_V1,CURRENT
681810,"Warren, Austin",2026.0,160.0,39.0,24.4,11.3,26.9,40.5,0.344,0.256,0.428,42.0,13.3,72.2,26.5,9.0,32.6,FF,4-Seam Fastball,15.4,103,25.0,0.231,0.538,0.319,-1.2,BASEBALL_SAVANT_CURRENT_SEASON,2026-08-20T23:43:02.137578+00:00,SAVANT_ARSENAL_SCHEMA_V1,CURRENT
685126,"Eisert, Brandon",2026.0,150.0,40.0,26.7,8.0,30.2,45.5,0.291,0.229,0.37,38.8,7.1,72.0,28.3,4.0,32.6,SI,Sinker,6.6,42,9.1,0.111,0.111,0.285,1.1,BASEBALL_SAVANT_CURRENT_SEASON,2026-08-20T23:43:02.137578+00:00,SAVANT_ARSENAL_SCHEMA_V1,CURRENT
691769,"Abner, Philip",2026.0,64.0,6.0,9.4,12.5,18.1,47.3,0.401,0.305,0.539,40.0,12.0,72.6,29.5,1.0,38.4,CU,Curveball,19.6,48,0.0,0.1,0.1,0.231,2.1,BASEBALL_SAVANT_CURRENT_SEASON,2026-08-20T23:43:02.137578+00:00,SAVANT_ARSENAL_SCHEMA_V1,CURRENT
683352,"Bratt, Mitch",2026.0,159.0,25.0,15.7,13.8,15.6,47.8,0.311,0.218,0.365,35.1,8.1,72.6,29.2,2.0,25.9,SL,Slider,10.6,64,0.0,0.375,0.625,0.517,-1.9,BASEBALL_SAVANT_CURRENT_SEASON,2026-08-20T23:43:02.137578+00:00,SAVANT_ARSENAL_SCHEMA_V1,CURRENT
661563,"Gil, Luis",2026.0,85.0,9.0,10.6,12.9,18.5,38.6,0.385,0.262,0.498,46.8,9.7,72.3,32.5,0.0,45.9,SI,Sinker,13.4,45,0.0,0.25,0.625,0.492,-5.9,BASEBALL_SAVANT_CURRENT_SEASON,2026-08-20T23:43:02.137578+00:00,SAVANT_ARSENAL_SCHEMA_V1,CURRENT
696522,"Juenger, Hayden",2026.0,72.0,6.0,8.3,9.7,15.6,45.9,0.374,0.314,0.488,36.8,8.8,72.1,21.3,1.0,41.8,FC,Cutter,18.4,49,16.7,0.4,0.6,0.492,-2.7,BASEBALL_SAVANT_CURRENT_SEASON,2026-08-20T23:43:02.137578+00:00,SAVANT_ARSENAL_SCHEMA_V1,CURRENT
694918,"Tidwell, Blade",2026.0,110.0,20.0,18.2,9.1,27.1,46.0,0.306,0.256,0.354,41.8,6.3,71.1,18.4,4.0,39.0,SI,Sinker,12.7,56,12.5,0.167,0.167,0.192,3.5,BASEBALL_SAVANT_CURRENT_SEASON,2026-08-20T23:43:02.137578+00:00,SAVANT_ARSENAL_SCHEMA_V1,CURRENT
672629,"Carrillo, Gerardo",2026.0,55.0,15.0,27.3,14.5,26.1,42.5,0.222,0.147,0.201,19.4,3.2,71.5,22.1,1.0,23.3,FC,Cutter,30.0,62,33.3,0.222,0.333,0.381,0.8,BASEBALL_SAVANT_CURRENT_SEASON,2026-08-20T23:43:02.137578+00:00,SAVANT_ARSENAL_SCHEMA_V1,CURRENT
656686,"Martin, Corbin",2026.0,25.0,4.0,16.0,20.0,34.0,47.7,0.396,0.248,0.509,56.3,12.5,72.6,21.7,2.0,31.3,FF,4-Seam Fastball,50.5,56,10.5,0.333,1.0,0.592,-4.5,BASEBALL_SAVANT_CURRENT_SEASON,2026-08-20T23:43:02.137578+00:00,SAVANT_ARSENAL_SCHEMA_V1,CURRENT
676664,"Sears, JP",2026.0,143.0,25.0,17.5,7.7,20.7,47.4,0.345,0.263,0.441,45.2,8.7,72.2,30.6,3.0,38.4,ST,Sweeper,14.4,76,33.3,0.25,0.75,0.431,-2.9,BASEBALL_SAVANT_CURRENT_SEASON,2026-08-20T23:43:02.137578+00:00,SAVANT_ARSENAL_SCHEMA_V1,CURRENT
573204,"Thielbar, Caleb",2026.0,164.0,47.0,28.7,7.9,28.1,51.3,0.327,0.238,0.465,39.8,11.8,72.1,27.2,12.0,27.5,ST,Sweeper,12.5,84,15.4,0.231,0.692,0.446,-3.0,BASEBALL_SAVANT_CURRENT_SEASON,2026-08-20T23:43:02.137578+00:00,SAVANT_ARSENAL_SCHEMA_V1,CURRENT
695611,"Jump, Gage",2026.0,338.0,85.0,25.1,10.9,25.3,48.0,0.318,0.251,0.381,39.4,5.6,71.8,22.3,12.0,31.1,SI,Sinker,4.1,56,14.3,0.375,0.375,0.546,-3.3,BASEBALL_SAVANT_CURRENT_SEASON,2026-08-20T23:43:02.137578+00:00,SAVANT_ARSENAL_SCHEMA_V1,CURRENT
675989,"Bolton, Cody",2026.0,95.0,22.0,23.2,14.7,19.6,41.7,0.38,0.276,0.472,48.3,10.3,72.5,32.6,1.0,30.3,SI,Sinker,15.1,59,12.5,0.417,0.917,0.569,-3.2,BASEBALL_SAVANT_CURRENT_SEASON,2026-08-20T23:43:02.137578+00:00,SAVANT_ARSENAL_SCHEMA_V1,CURRENT
681006,"Simpson, Josh",2026.0,38.0,10.0,26.3,10.5,20.3,41.8,0.369,0.227,0.532,43.5,17.4,71.9,22.8,2.0,36.7,SI,Sinker,38.6,59,20.0,0.417,0.917,0.569,-5.0,BASEBALL_SAVANT_CURRENT_SEASON,2026-08-20T23:43:02.137578+00:00,SAVANT_ARSENAL_SCHEMA_V1,CURRENT
669724,"Hanifee, Brenan",2026.0,93.0,10.0,10.8,7.5,14.4,45.5,0.37,0.301,0.5,45.3,8.1,72.7,32.1,0.0,40.9,SL,Slider,23.1,74,15.4,0.308,0.615,0.388,-1.0,BASEBALL_SAVANT_CURRENT_SEASON,2026-08-20T23:43:02.137578+00:00,SAVANT_ARSENAL_SCHEMA_V1,CURRENT
624522,"Thompson, Keegan",2026.0,57.0,11.0,19.3,3.5,21.6,49.7,0.407,0.343,0.623,50.0,13.6,72.7,35.3,2.0,45.6,SI,Sinker,22.6,44,33.3,0.538,0.615,0.512,-3.7,BASEBALL_SAVANT_CURRENT_SEASON,2026-08-20T23:43:02.137578+00:00,SAVANT_ARSENAL_SCHEMA_V1,CURRENT
670950,"Richards, Trevor",2026.0,239.0,54.0,22.6,7.9,23.9,48.3,0.304,0.238,0.4,39.8,7.2,71.5,23.8,8.0,36.6,SL,Slider,8.3,75,11.1,0.154,0.231,0.165,2.1,BASEBALL_SAVANT_CURRENT_SEASON,2026-08-20T23:43:02.137578+00:00,SAVANT_ARSENAL_SCHEMA_V1,CURRENT
671162,"Thomas, Connor",2026.0,43.0,5.0,11.6,14.0,24.3,47.0,0.405,0.297,0.559,46.9,9.4,72.7,31.3,1.0,40.0,FF,4-Seam Fastball,24.8,37,41.7,0.2,0.3,0.273,1.4,BASEBALL_SAVANT_CURRENT_SEASON,2026-08-20T23:43:02.137578+00:00,SAVANT_ARSENAL_SCHEMA_V1,CURRENT
696136,"Wicks, Jordan",2026.0,50.0,8.0,16.0,4.0,23.9,51.1,0.322,0.283,0.408,43.6,7.7,72.9,31.7,2.0,35.9,CH,Changeup,28.3,51,29.4,0.231,0.308,0.235,0.6,BASEBALL_SAVANT_CURRENT_SEASON,2026-08-20T23:43:02.137578+00:00,SAVANT_ARSENAL_SCHEMA_V1,CURRENT
680702,"Gerber, Joey",2026.0,34.0,8.0,23.5,11.8,23.5,39.5,0.309,0.23,0.373,54.5,9.1,72.8,29.8,0.0,41.7,FC,Cutter,41.9,54,27.3,0.333,0.75,0.45,-3.2,BASEBALL_SAVANT_CURRENT_SEASON,2026-08-20T23:43:02.137578+00:00,SAVANT_ARSENAL_SCHEMA_V1,CURRENT
686753,"Jameson, Drey",2026.0,76.0,13.0,17.1,11.8,29.3,46.2,0.322,0.25,0.369,28.3,5.7,71.9,24.6,1.0,34.9,FF,4-Seam Fastball,19.2,51,16.7,0.25,0.625,0.471,-3.2,BASEBALL_SAVANT_CURRENT_SEASON,2026-08-20T23:43:02.137578+00:00,SAVANT_ARSENAL_SCHEMA_V1,CURRENT
663567,"Lambert, Peter",2026.0,494.0,117.0,23.7,9.3,25.6,48.4,0.284,0.202,0.341,36.3,6.5,72.4,27.4,15.0,28.4,SV,Slurve,4.3,85,14.3,0.0,0.0,0.117,1.8,BASEBALL_SAVANT_CURRENT_SEASON,2026-08-20T23:43:02.137578+00:00,SAVANT_ARSENAL_SCHEMA_V1,CURRENT
664208,"Maton, Phil",2026.0,136.0,31.0,22.8,11.8,25.7,47.1,0.389,0.294,0.487,42.9,11.9,71.9,30.0,3.0,30.7,ST,Sweeper,15.2,83,8.3,0.5,1.1,0.671,-3.6,BASEBALL_SAVANT_CURRENT_SEASON,2026-08-20T23:43:02.137578+00:00,SAVANT_ARSENAL_SCHEMA_V1,CURRENT
694341,"Beck, Brendan",2026.0,31.0,4.0,12.9,16.1,33.9,42.4,0.448,0.3,0.656,59.1,27.3,74.5,54.0,4.0,45.7,SL,Slider,33.8,47,15.0,0.3,1.0,0.554,-4.0,BASEBALL_SAVANT_CURRENT_SEASON,2026-08-20T23:43:02.137578+00:00,SAVANT_ARSENAL_SCHEMA_V1,CURRENT
684320,"Rodríguez, Yariel",2026.0,45.0,6.0,13.3,15.6,15.7,40.7,0.402,0.295,0.495,32.3,12.9,72.7,37.1,1.0,30.2,FS,Split-Finger,24.4,42,22.2,0.417,0.75,0.496,-8.5,BASEBALL_SAVANT_CURRENT_SEASON,2026-08-20T23:43:02.137578+00:00,SAVANT_ARSENAL_SCHEMA_V1,CURRENT
681320,"Lavender, Nate",2026.0,21.0,8.0,38.1,9.5,35.0,54.8,0.164,0.085,0.171,36.4,9.1,71.7,29.7,0.0,25.0,FF,4-Seam Fastball,61.6,45,37.5,0.083,0.167,0.104,4.1,BASEBALL_SAVANT_CURRENT_SEASON,2026-08-20T23:43:02.137578+00:00,SAVANT_ARSENAL_SCHEMA_V1,CURRENT
682989,"Mederos, Victor",2026.0,92.0,20.0,21.7,7.6,32.0,50.4,0.291,0.233,0.341,42.9,4.8,72.9,33.5,3.0,32.4,SI,Sinker,13.6,49,25.0,0.3,0.4,0.371,0.2,BASEBALL_SAVANT_CURRENT_SEASON,2026-08-20T23:43:02.137578+00:00,SAVANT_ARSENAL_SCHEMA_V1,CURRENT
676534,"Faucher, Calvin",2026.0,231.0,61.0,26.4,13.4,27.0,42.6,0.305,0.231,0.325,39.7,5.1,71.9,25.1,12.0,26.9,FF,4-Seam Fastball,8.5,79,27.6,0.1,0.1,0.192,2.2,BASEBALL_SAVANT_CURRENT_SEASON,2026-08-20T23:43:02.137578+00:00,SAVANT_ARSENAL_SCHEMA_V1,CURRENT
663485,"Sands, Cole",2026.0,56.0,11.0,19.6,8.9,23.3,49.3,0.364,0.268,0.507,56.4,10.3,72.4,29.8,1.0,43.1,FC,Cutter,23.4,49,41.7,0.273,0.818,0.467,0.9,BASEBALL_SAVANT_CURRENT_SEASON,2026-08-20T23:43:02.137578+00:00,SAVANT_ARSENAL_SCHEMA_V1,CURRENT
671106,"Allen, Logan",2026.0,42.0,10.0,23.8,9.5,18.5,45.5,0.312,0.226,0.427,53.6,10.7,71.7,19.7,4.0,35.7,FC,Cutter,25.3,45,33.3,0.273,0.364,0.313,1.4,BASEBALL_SAVANT_CURRENT_SEASON,2026-08-20T23:43:02.137578+00:00,SAVANT_ARSENAL_SCHEMA_V1,CURRENT
675989,"Bolton, Cody",2026.0,95.0,22.0,23.2,14.7,19.6,41.7,0.38,0.276,0.472,48.3,10.3,72.5,32.6,1.0,30.3,CU,Curveball,11.5,45,11.1,0.273,0.455,0.342,0.6,BASEBALL_SAVANT_CURRENT_SEASON,2026-08-20T23:43:02.137578+00:00,SAVANT_ARSENAL_SCHEMA_V1,CURRENT
663432,"Rainey, Tanner",2026.0,15.0,4.0,26.7,26.7,40.0,35.7,0.31,0.162,0.231,28.6,0.0,72.4,36.8,0.0,36.4,FF,4-Seam Fastball,57.1,32,66.7,0.0,0.0,0.175,4.8,BASEBALL_SAVANT_CURRENT_SEASON,2026-08-20T23:43:02.137578+00:00,SAVANT_ARSENAL_SCHEMA_V1,CURRENT
695445,"Lee, Chase",2026.0,37.0,2.0,5.4,21.6,18.4,38.6,0.35,0.26,0.376,33.3,11.1,71.1,16.7,1.0,41.7,SI,Sinker,38.6,49,0.0,0.222,0.222,0.325,1.6,BASEBALL_SAVANT_CURRENT_SEASON,2026-08-20T23:43:02.137578+00:00,SAVANT_ARSENAL_SCHEMA_V1,CURRENT
669060,"Wilson, Bryse",2026.0,124.0,25.0,20.2,1.6,17.8,54.3,0.314,0.288,0.412,46.3,3.2,71.6,23.6,2.0,35.0,CU,Curveball,6.1,27,13.3,0.333,0.583,0.392,-5.2,BASEBALL_SAVANT_CURRENT_SEASON,2026-08-20T23:43:02.137578+00:00,SAVANT_ARSENAL_SCHEMA_V1,CURRENT
677053,"Nardi, Andrew",2026.0,99.0,27.0,27.3,11.1,30.4,47.9,0.348,0.241,0.466,45.0,13.3,71.0,22.2,4.0,35.1,CH,Changeup,11.6,44,14.3,0.273,0.545,0.375,-3.1,BASEBALL_SAVANT_CURRENT_SEASON,2026-08-20T23:43:02.137578+00:00,SAVANT_ARSENAL_SCHEMA_V1,CURRENT
669456,"Bieber, Shane",2026.0,217.0,37.0,17.1,11.1,22.9,42.7,0.39,0.296,0.534,47.4,11.5,73.5,41.1,6.0,40.0,SI,Sinker,4.2,35,50.0,0.2,0.2,0.267,2.1,BASEBALL_SAVANT_CURRENT_SEASON,2026-08-20T23:43:02.137578+00:00,SAVANT_ARSENAL_SCHEMA_V1,CURRENT
680742,"Bowlan, Jonathan",2026.0,187.0,58.0,31.0,7.0,32.4,49.7,0.254,0.195,0.3,36.0,5.3,71.4,20.4,8.0,27.3,ST,Sweeper,9.2,71,12.1,0.25,0.25,0.225,-1.3,BASEBALL_SAVANT_CURRENT_SEASON,2026-08-20T23:43:02.137578+00:00,SAVANT_ARSENAL_SCHEMA_V1,CURRENT
695684,"Rodríguez, Elmer",2026.0,83.0,10.0,12.0,13.3,27.0,39.6,0.366,0.272,0.385,34.5,5.2,72.1,26.5,2.0,41.5,CH,Changeup,10.1,32,6.7,0.2,0.3,0.296,0.1,BASEBALL_SAVANT_CURRENT_SEASON,2026-08-20T23:43:02.137578+00:00,SAVANT_ARSENAL_SCHEMA_V1,CURRENT
687209,"Maxwell, Zach",2026.0,65.0,11.0,16.9,15.4,15.9,43.8,0.368,0.274,0.457,38.1,11.6,72.2,23.8,4.0,28.0,FC,Cutter,19.9,57,0.0,0.286,0.429,0.413,-1.4,BASEBALL_SAVANT_CURRENT_SEASON,2026-08-20T23:43:02.137578+00:00,SAVANT_ARSENAL_SCHEMA_V1,CURRENT
592836,"Walker, Taijuan",2026.0,115.0,17.0,14.8,9.6,16.8,45.0,0.411,0.312,0.582,36.0,12.9,71.5,21.3,2.0,35.9,CU,Curveball,12.7,54,21.4,0.167,0.417,0.242,-1.6,BASEBALL_SAVANT_CURRENT_SEASON,2026-08-20T23:43:02.137578+00:00,SAVANT_ARSENAL_SCHEMA_V1,CURRENT
693313,"Seymour, Carson",2026.0,59.0,9.0,15.3,10.2,21.7,46.5,0.404,0.334,0.518,41.9,9.3,72.2,23.7,3.0,34.7,FF,4-Seam Fastball,19.7,45,10.0,0.3,0.4,0.371,-0.6,BASEBALL_SAVANT_CURRENT_SEASON,2026-08-20T23:43:02.137578+00:00,SAVANT_ARSENAL_SCHEMA_V1,CURRENT
594798,"deGrom, Jacob",2026.0,498.0,147.0,29.5,6.2,33.4,51.7,0.297,0.238,0.402,45.6,8.8,72.4,27.8,28.0,31.6,SI,Sinker,2.2,44,0.0,0.5,0.833,0.646,-5.7,BASEBALL_SAVANT_CURRENT_SEASON,2026-08-20T23:43:02.137578+00:00,SAVANT_ARSENAL_SCHEMA_V1,CURRENT
665665,"Sanmartin, Reiver",2026.0,46.0,10.0,21.7,6.5,23.0,44.6,0.354,0.292,0.5,48.5,15.2,71.1,16.2,1.0,41.5,SL,Slider,30.7,51,23.5,0.25,0.667,0.375,-2.9,BASEBALL_SAVANT_CURRENT_SEASON,2026-08-20T23:43:02.137578+00:00,SAVANT_ARSENAL_SCHEMA_V1,CURRENT
694680,"Martin, Trevor",2026.0,54.0,7.0,13.0,7.4,23.3,47.8,0.385,0.274,0.54,48.8,12.2,72.3,29.1,2.0,41.3,FC,Cutter,23.3,42,0.0,0.583,1.167,0.738,-9.2,BASEBALL_SAVANT_CURRENT_SEASON,2026-08-20T23:43:02.137578+00:00,SAVANT_ARSENAL_SCHEMA_V1,CURRENT
682610,"Muñoz, Roddery",2026.0,25.0,6.0,24.0,24.0,43.5,41.1,0.44,0.291,0.556,76.9,15.4,70.9,22.0,1.0,47.8,SL,Slider,41.1,46,21.1,0.3,1.0,0.554,-7.8,BASEBALL_SAVANT_CURRENT_SEASON,2026-08-20T23:43:02.137578+00:00,SAVANT_ARSENAL_SCHEMA_V1,CURRENT
680604,"Castaño, Blas",2026.0,85.0,17.0,20.0,7.1,19.7,45.8,0.367,0.288,0.502,50.0,10.2,72.4,27.6,3.0,40.6,CH,Changeup,10.8,37,6.7,0.333,0.417,0.329,-0.5,BASEBALL_SAVANT_CURRENT_SEASON,2026-08-20T23:43:02.137578+00:00,SAVANT_ARSENAL_SCHEMA_V1,CURRENT
669298,"Shook, TJ",2026.0,36.0,7.0,19.4,5.6,21.9,47.8,0.319,0.253,0.451,40.7,7.4,70.3,12.3,0.0,47.8,FF,4-Seam Fastball,44.0,59,23.1,0.182,0.455,0.3,-0.5,BASEBALL_SAVANT_CURRENT_SEASON,2026-08-20T23:43:02.137578+00:00,SAVANT_ARSENAL_SCHEMA_V1,CURRENT
702047,"Cook, Alex",2026.0,17.0,2.0,11.8,11.8,17.2,40.3,0.293,0.201,0.373,46.2,7.7,72.3,30.8,0.0,47.6,FF,4-Seam Fastball,72.2,52,0.0,0.3,0.7,0.463,-0.7,BASEBALL_SAVANT_CURRENT_SEASON,2026-08-20T23:43:02.137578+00:00,SAVANT_ARSENAL_SCHEMA_V1,CURRENT
681168,"Curvelo, Luis",2026.0,54.0,6.0,11.1,11.1,21.8,54.0,0.387,0.307,0.544,50.0,9.5,73.3,33.3,0.0,41.7,SL,Slider,28.9,54,0.0,0.545,1.182,0.721,-8.4,BASEBALL_SAVANT_CURRENT_SEASON,2026-08-20T23:43:02.137578+00:00,SAVANT_ARSENAL_SCHEMA_V1,CURRENT
677865,"Bruihl, Justin",2026.0,274.0,42.0,15.3,8.8,17.4,45.1,0.304,0.248,0.337,34.5,4.0,72.1,26.2,5.0,28.9,FF,4-Seam Fastball,5.6,58,10.0,0.333,0.667,0.433,-5.6,BASEBALL_SAVANT_CURRENT_SEASON,2026-08-20T23:43:02.137578+00:00,SAVANT_ARSENAL_SCHEMA_V1,CURRENT
664991,"Wolfram, Grant",2026.0,169.0,43.0,25.4,7.7,25.2,48.1,0.301,0.237,0.368,35.8,6.5,71.3,22.8,9.0,28.9,ST,Sweeper,8.4,55,24.0,0.182,0.182,0.208,-1.6,BASEBALL_SAVANT_CURRENT_SEASON,2026-08-20T23:43:02.137578+00:00,SAVANT_ARSENAL_SCHEMA_V1,CURRENT
660787,"De los Santos, Yerry",2026.0,58.0,11.0,19.0,8.6,16.5,50.2,0.293,0.261,0.342,40.5,0.0,71.9,25.5,3.0,37.5,CH,Changeup,23.0,50,16.0,0.25,0.25,0.225,-0.5,BASEBALL_SAVANT_CURRENT_SEASON,2026-08-20T23:43:02.137578+00:00,SAVANT_ARSENAL_SCHEMA_V1,CURRENT
592866,"Williams, Trevor",2026.0,59.0,19.0,32.2,5.1,24.6,50.8,0.253,0.208,0.306,33.3,5.6,71.3,18.5,2.0,24.5,ST,Sweeper,27.3,72,23.8,0.083,0.083,0.15,2.7,BASEBALL_SAVANT_CURRENT_SEASON,2026-08-20T23:43:02.137578+00:00,SAVANT_ARSENAL_SCHEMA_V1,CURRENT
657265,"Strzelecki, Peter",2026.0,47.0,6.0,12.8,8.5,17.1,43.4,0.267,0.176,0.298,38.9,5.6,72.2,21.7,1.0,36.2,CU,Curveball,28.6,54,9.1,0.091,0.091,0.133,1.5,BASEBALL_SAVANT_CURRENT_SEASON,2026-08-20T23:43:02.137578+00:00,SAVANT_ARSENAL_SCHEMA_V1,CURRENT
472610,"García, Luis",2026.0,74.0,6.0,8.1,8.1,20.9,52.5,0.397,0.329,0.522,44.3,5.2,72.3,31.7,1.0,37.4,ST,Sweeper,20.0,53,6.3,0.333,0.583,0.388,-2.9,BASEBALL_SAVANT_CURRENT_SEASON,2026-08-20T23:43:02.137578+00:00,SAVANT_ARSENAL_SCHEMA_V1,CURRENT
687209,"Maxwell, Zach",2026.0,65.0,11.0,16.9,15.4,15.9,43.8,0.368,0.274,0.457,38.1,11.6,72.2,23.8,4.0,28.0,ST,Sweeper,22.0,63,13.3,0.182,0.455,0.245,-1.3,BASEBALL_SAVANT_CURRENT_SEASON,2026-08-20T23:43:02.137578+00:00,SAVANT_ARSENAL_SCHEMA_V1,CURRENT
641312,"Anderson, Shaun",2026.0,93.0,17.0,18.3,10.8,26.6,45.0,0.391,0.303,0.515,38.5,9.2,73.0,30.5,3.0,32.4,ST,Sweeper,13.4,47,23.5,0.167,0.167,0.15,2.8,BASEBALL_SAVANT_CURRENT_SEASON,2026-08-20T23:43:02.137578+00:00,SAVANT_ARSENAL_SCHEMA_V1,CURRENT
642759,"Fernández, Julian",2026.0,18.0,3.0,16.7,11.1,27.6,40.8,0.301,0.204,0.414,53.8,7.7,72.6,33.3,0.0,40.0,FF,4-Seam Fastball,59.2,42,0.0,0.3,0.6,0.45,0.5,BASEBALL_SAVANT_CURRENT_SEASON,2026-08-20T23:43:02.137578+00:00,SAVANT_ARSENAL_SCHEMA_V1,CURRENT
471911,"Carrasco, Carlos",2026.0,73.0,7.0,9.6,4.1,19.0,55.7,0.431,0.371,0.586,41.0,9.8,72.4,32.2,3.0,37.4,FF,4-Seam Fastball,12.6,31,0.0,0.091,0.091,0.082,7.9,BASEBALL_SAVANT_CURRENT_SEASON,2026-08-20T23:43:02.137578+00:00,SAVANT_ARSENAL_SCHEMA_V1,CURRENT
621345,"Minter, A.J.",2026.0,125.0,25.0,20.0,3.2,23.2,52.9,0.285,0.233,0.401,30.5,9.5,73.2,35.7,0.0,26.4,CH,Changeup,9.8,44,11.1,0.167,0.167,0.225,0.9,BASEBALL_SAVANT_CURRENT_SEASON,2026-08-20T23:43:02.137578+00:00,SAVANT_ARSENAL_SCHEMA_V1,CURRENT
669020,"Rolison, Ryan",2026.0,202.0,47.0,23.3,11.4,21.3,44.3,0.316,0.241,0.377,41.5,6.8,72.5,28.8,9.0,31.4,SI,Sinker,9.2,72,33.3,0.1,0.1,0.192,3.3,BASEBALL_SAVANT_CURRENT_SEASON,2026-08-20T23:43:02.137578+00:00,SAVANT_ARSENAL_SCHEMA_V1,CURRENT
675919,"Raquet, Nick",2026.0,17.0,1.0,5.9,11.8,6.3,42.7,0.416,0.328,0.498,30.8,7.7,70.1,18.5,0.0,37.0,ST,Sweeper,41.3,31,5.9,0.273,0.636,0.404,-5.7,BASEBALL_SAVANT_CURRENT_SEASON,2026-08-20T23:43:02.137578+00:00,SAVANT_ARSENAL_SCHEMA_V1,CURRENT
672021,"Cerantola, Eric",2026.0,28.0,7.0,25.0,39.3,40.5,30.3,0.402,0.181,0.315,60.0,20.0,69.9,18.8,0.0,35.0,SL,Slider,40.2,49,26.3,0.3,0.6,0.433,-6.2,BASEBALL_SAVANT_CURRENT_SEASON,2026-08-20T23:43:02.137578+00:00,SAVANT_ARSENAL_SCHEMA_V1,CURRENT
801139,"Tolle, Payton",2026.0,483.0,134.0,27.7,6.8,27.1,55.3,0.255,0.2,0.315,33.5,6.5,71.7,23.8,15.0,26.3,CH,Changeup,3.2,58,12.5,0.083,0.333,0.167,2.0,BASEBALL_SAVANT_CURRENT_SEASON,2026-08-20T23:43:02.137578+00:00,SAVANT_ARSENAL_SCHEMA_V1,CURRENT
681916,"Smith, Dylan",2026.0,112.0,33.0,29.5,10.7,28.1,49.4,0.287,0.206,0.353,44.6,7.7,72.5,27.1,5.0,26.8,SI,Sinker,7.8,35,20.0,0.286,0.286,0.442,-2.0,BASEBALL_SAVANT_CURRENT_SEASON,2026-08-20T23:43:02.137578+00:00,SAVANT_ARSENAL_SCHEMA_V1,CURRENT
592779,"Stewart, Brock",2026.0,58.0,16.0,27.6,8.6,30.6,48.7,0.214,0.157,0.236,21.6,2.7,71.8,23.8,1.0,23.9,SI,Sinker,14.5,33,0.0,0.091,0.091,0.133,7.8,BASEBALL_SAVANT_CURRENT_SEASON,2026-08-20T23:43:02.137578+00:00,SAVANT_ARSENAL_SCHEMA_V1,CURRENT
695549,"Jobe, Jackson",2026.0,61.0,11.0,18.0,8.2,19.5,48.9,0.378,0.282,0.482,40.5,12.2,71.8,27.0,2.0,31.0,SL,Slider,23.8,55,0.0,0.3,0.3,0.373,0.5,BASEBALL_SAVANT_CURRENT_SEASON,2026-08-20T23:43:02.137578+00:00,SAVANT_ARSENAL_SCHEMA_V1,CURRENT
671162,"Thomas, Connor",2026.0,43.0,5.0,11.6,14.0,24.3,47.0,0.405,0.297,0.559,46.9,9.4,72.7,31.3,1.0,40.0,SI,Sinker,24.2,36,0.0,0.5,1.1,0.675,-9.0,BASEBALL_SAVANT_CURRENT_SEASON,2026-08-20T23:43:02.137578+00:00,SAVANT_ARSENAL_SCHEMA_V1,CURRENT
621381,"Strahm, Matt",2026.0,161.0,30.0,18.6,8.7,23.2,49.8,0.316,0.225,0.428,39.1,11.3,72.0,24.9,3.0,31.9,FC,Cutter,7.3,46,50.0,0.3,0.6,0.433,-2.2,BASEBALL_SAVANT_CURRENT_SEASON,2026-08-20T23:43:02.137578+00:00,SAVANT_ARSENAL_SCHEMA_V1,CURRENT
694462,"Waldrep, Hurston",2026.0,56.0,9.0,16.1,17.9,23.3,40.0,0.359,0.231,0.389,34.3,8.6,74.0,46.8,2.0,33.9,FS,Split-Finger,19.1,41,10.5,0.2,0.5,0.358,-2.7,BASEBALL_SAVANT_CURRENT_SEASON,2026-08-20T23:43:02.137578+00:00,SAVANT_ARSENAL_SCHEMA_V1,CURRENT
805673,"Matthews, Zebby",2026.0,410.0,81.0,19.8,7.6,21.3,46.6,0.332,0.257,0.44,42.7,11.6,72.5,31.5,7.0,38.1,SI,Sinker,4.3,68,12.5,0.4,0.8,0.586,-2.2,BASEBALL_SAVANT_CURRENT_SEASON,2026-08-20T23:43:02.137578+00:00,SAVANT_ARSENAL_SCHEMA_V1,CURRENT
643410,"Leiter Jr., Mark",2026.0,144.0,38.0,26.4,7.6,30.3,46.1,0.316,0.269,0.365,31.9,3.3,72.5,28.4,2.0,29.9,FC,Cutter,9.3,51,40.0,0.556,0.556,0.55,-3.0,BASEBALL_SAVANT_CURRENT_SEASON,2026-08-20T23:43:02.137578+00:00,SAVANT_ARSENAL_SCHEMA_V1,CURRENT
678368,"Bellozo, Valente",2026.0,48.0,8.0,16.7,14.6,29.5,45.9,0.475,0.316,0.737,50.0,15.6,71.9,22.9,1.0,47.1,FC,Cutter,23.5,40,25.0,0.4,1.0,0.6,-4.8,BASEBALL_SAVANT_CURRENT_SEASON,2026-08-20T23:43:02.137578+00:00,SAVANT_ARSENAL_SCHEMA_V1,CURRENT
606303,"Payamps, Joel",2026.0,36.0,9.0,25.0,11.1,22.9,46.4,0.377,0.252,0.548,39.1,17.4,71.4,19.0,0.0,28.8,FF,4-Seam Fastball,40.4,61,25.0,0.091,0.273,0.192,2.2,BASEBALL_SAVANT_CURRENT_SEASON,2026-08-20T23:43:02.137578+00:00,SAVANT_ARSENAL_SCHEMA_V1,CURRENT
683352,"Bratt, Mitch",2026.0,159.0,25.0,15.7,13.8,15.6,47.8,0.311,0.218,0.365,35.1,8.1,72.6,29.2,2.0,25.9,SI,Sinker,8.6,52,0.0,0.25,0.75,0.408,-1.1,BASEBALL_SAVANT_CURRENT_SEASON,2026-08-20T23:43:02.137578+00:00,SAVANT_ARSENAL_SCHEMA_V1,CURRENT
687931,"Whisenhunt, Carson",2026.0,153.0,23.0,15.0,13.1,28.0,46.3,0.378,0.279,0.485,47.7,8.3,72.9,31.9,4.0,42.7,SI,Sinker,7.7,44,33.3,0.364,0.364,0.358,1.1,BASEBALL_SAVANT_CURRENT_SEASON,2026-08-20T23:43:02.137578+00:00,SAVANT_ARSENAL_SCHEMA_V1,CURRENT
671111,"Peralta, Sammy",2026.0,28.0,9.0,32.1,10.7,22.0,41.8,0.413,0.277,0.545,42.9,14.3,71.6,20.6,1.0,25.9,SI,Sinker,35.7,35,75.0,0.5,0.625,0.55,-2.8,BASEBALL_SAVANT_CURRENT_SEASON,2026-08-20T23:43:02.137578+00:00,SAVANT_ARSENAL_SCHEMA_V1,CURRENT
694397,"Raya, Marco",2026.0,25.0,4.0,16.0,12.0,26.2,42.0,0.341,0.274,0.407,27.8,5.6,73.3,27.8,0.0,42.3,FF,4-Seam Fastball,45.0,45,12.5,0.222,0.556,0.391,0.7,BASEBALL_SAVANT_CURRENT_SEASON,2026-08-20T23:43:02.137578+00:00,SAVANT_ARSENAL_SCHEMA_V1,CURRENT
675916,"Karinchak, James",2026.0,37.0,8.0,21.6,13.5,26.6,39.5,0.268,0.158,0.299,33.3,8.3,71.9,25.5,1.0,35.7,CU,Curveball,39.5,64,14.3,0.1,0.4,0.245,0.5,BASEBALL_SAVANT_CURRENT_SEASON,2026-08-20T23:43:02.137578+00:00,SAVANT_ARSENAL_SCHEMA_V1,CURRENT
622694,"Hernández, Elieser",2026.0,28.0,6.0,21.4,14.3,28.8,47.3,0.247,0.184,0.26,27.8,5.6,72.7,28.0,0.0,25.0,FF,4-Seam Fastball,36.4,40,16.7,0.182,0.455,0.264,-0.5,BASEBALL_SAVANT_CURRENT_SEASON,2026-08-20T23:43:02.137578+00:00,SAVANT_ARSENAL_SCHEMA_V1,CURRENT
689690,"Jacob, Alek",2026.0,23.0,6.0,26.1,8.7,37.8,51.7,0.272,0.179,0.305,35.7,7.1,71.7,31.6,1.0,33.3,FF,4-Seam Fastball,42.5,37,25.0,0.333,0.778,0.505,-3.2,BASEBALL_SAVANT_CURRENT_SEASON,2026-08-20T23:43:02.137578+00:00,SAVANT_ARSENAL_SCHEMA_V1,CURRENT
663158,"Suarez, Robert",2026.0,121.0,26.0,21.5,5.0,24.0,53.6,0.282,0.252,0.351,33.0,3.4,71.4,22.7,1.0,26.2,SI,Sinker,6.0,28,,0.182,0.182,0.245,4.0,BASEBALL_SAVANT_CURRENT_SEASON,2026-08-20T23:43:02.137578+00:00,SAVANT_ARSENAL_SCHEMA_V1,CURRENT
681892,"Funderburk, Kody",2026.0,172.0,34.0,19.8,12.8,22.5,43.9,0.301,0.226,0.322,27.2,5.3,70.6,18.6,4.0,29.8,CH,Changeup,5.1,34,0.0,0.556,0.556,0.473,-4.5,BASEBALL_SAVANT_CURRENT_SEASON,2026-08-20T23:43:02.137578+00:00,SAVANT_ARSENAL_SCHEMA_V1,CURRENT
676680,"Cosgrove, Tom",2026.0,51.0,10.0,19.6,5.9,13.2,50.6,0.27,0.22,0.33,35.1,5.4,71.7,17.1,0.0,33.8,FF,4-Seam Fastball,24.4,44,15.4,0.273,0.545,0.345,0.5,BASEBALL_SAVANT_CURRENT_SEASON,2026-08-20T23:43:02.137578+00:00,SAVANT_ARSENAL_SCHEMA_V1,CURRENT
687849,"Kent, Zak",2026.0,69.0,11.0,15.9,10.1,20.9,49.6,0.351,0.261,0.451,45.1,11.8,71.6,18.8,4.0,35.4,CU,Curveball,18.5,48,13.6,0.273,0.364,0.277,-1.6,BASEBALL_SAVANT_CURRENT_SEASON,2026-08-20T23:43:02.137578+00:00,SAVANT_ARSENAL_SCHEMA_V1,CURRENT
661395,"Duran, Jhoan",2026.0,181.0,63.0,34.8,4.4,35.6,51.7,0.231,0.2,0.26,41.1,2.9,71.5,21.2,14.0,27.8,CH,Changeup,5.6,41,23.8,0.0,0.0,0.0,3.5,BASEBALL_SAVANT_CURRENT_SEASON,2026-08-20T23:43:02.137578+00:00,SAVANT_ARSENAL_SCHEMA_V1,CURRENT
471911,"Carrasco, Carlos",2026.0,73.0,7.0,9.6,4.1,19.0,55.7,0.431,0.371,0.586,41.0,9.8,72.4,32.2,3.0,37.4,FC,Cutter,15.4,38,0.0,0.5,0.875,0.618,-5.6,BASEBALL_SAVANT_CURRENT_SEASON,2026-08-20T23:43:02.137578+00:00,SAVANT_ARSENAL_SCHEMA_V1,CURRENT
687606,"Schultz, Paxton",2026.0,153.0,32.0,20.9,7.8,18.7,44.8,0.342,0.276,0.453,39.3,8.4,71.8,27.2,4.0,33.8,SL,Slider,7.2,44,5.6,0.455,0.636,0.473,-4.7,BASEBALL_SAVANT_CURRENT_SEASON,2026-08-20T23:43:02.137578+00:00,SAVANT_ARSENAL_SCHEMA_V1,CURRENT
800600,"Kent, Jackson",2026.0,41.0,9.0,22.0,19.5,17.9,41.4,0.377,0.283,0.412,50.0,4.2,72.5,31.7,1.0,31.4,CH,Changeup,21.0,34,26.7,0.111,0.444,0.309,-1.4,BASEBALL_SAVANT_CURRENT_SEASON,2026-08-20T23:43:02.137578+00:00,SAVANT_ARSENAL_SCHEMA_V1,CURRENT
663893,"Little, Brendon",2026.0,84.0,24.0,28.6,20.2,37.5,42.2,0.335,0.226,0.394,46.5,9.3,72.0,28.1,6.0,35.7,FF,4-Seam Fastball,10.6,36,30.0,0.429,0.714,0.564,-3.5,BASEBALL_SAVANT_CURRENT_SEASON,2026-08-20T23:43:02.137578+00:00,SAVANT_ARSENAL_SCHEMA_V1,CURRENT
671936,"Macko, Adam",2026.0,99.0,23.0,23.2,10.1,32.8,46.5,0.338,0.258,0.435,34.9,6.3,72.4,26.8,2.0,33.9,CH,Changeup,12.8,51,27.8,0.091,0.091,0.082,2.0,BASEBALL_SAVANT_CURRENT_SEASON,2026-08-20T23:43:02.137578+00:00,SAVANT_ARSENAL_SCHEMA_V1,CURRENT
592836,"Walker, Taijuan",2026.0,115.0,17.0,14.8,9.6,16.8,45.0,0.411,0.312,0.582,36.0,12.9,71.5,21.3,2.0,35.9,FF,4-Seam Fastball,9.9,42,6.7,0.571,1.571,0.814,-14.9,BASEBALL_SAVANT_CURRENT_SEASON,2026-08-20T23:43:02.137578+00:00,SAVANT_ARSENAL_SCHEMA_V1,CURRENT
694363,"Shuster, Jared",2026.0,44.0,4.0,9.1,13.6,13.6,39.8,0.311,0.239,0.367,50.0,2.9,72.8,33.9,0.0,40.7,CH,Changeup,20.5,34,20.0,0.333,0.333,0.373,-4.9,BASEBALL_SAVANT_CURRENT_SEASON,2026-08-20T23:43:02.137578+00:00,SAVANT_ARSENAL_SCHEMA_V1,CURRENT
684665,"Murphy, Luke",2026.0,35.0,6.0,17.1,17.1,20.7,39.2,0.259,0.146,0.199,27.3,0.0,71.5,22.4,0.0,23.1,FC,Cutter,23.0,34,0.0,0.0,0.0,0.191,3.2,BASEBALL_SAVANT_CURRENT_SEASON,2026-08-20T23:43:02.137578+00:00,SAVANT_ARSENAL_SCHEMA_V1,CURRENT
804636,"Tong, Jonah",2026.0,47.0,7.0,14.9,14.9,23.4,50.3,0.309,0.206,0.367,30.3,6.1,73.0,30.1,0.0,32.3,CH,Changeup,27.8,52,17.4,0.091,0.091,0.09,2.7,BASEBALL_SAVANT_CURRENT_SEASON,2026-08-20T23:43:02.137578+00:00,SAVANT_ARSENAL_SCHEMA_V1,CURRENT
608371,"Sims, Lucas",2026.0,46.0,10.0,21.7,15.2,21.6,43.3,0.33,0.22,0.356,39.3,7.1,71.3,20.6,0.0,28.0,SL,Slider,24.0,41,18.2,0.5,0.5,0.43,-1.9,BASEBALL_SAVANT_CURRENT_SEASON,2026-08-20T23:43:02.137578+00:00,SAVANT_ARSENAL_SCHEMA_V1,CURRENT
675540,"Curry, Xzavion",2026.0,67.0,10.0,14.9,10.4,20.2,45.2,0.277,0.203,0.332,34.0,6.0,73.5,38.3,0.0,35.3,FS,Split-Finger,16.2,39,30.0,0.2,0.2,0.227,0.7,BASEBALL_SAVANT_CURRENT_SEASON,2026-08-20T23:43:02.137578+00:00,SAVANT_ARSENAL_SCHEMA_V1,CURRENT
605218,"Edwards Jr., Carl",2026.0,25.0,11.0,44.0,16.0,51.2,43.4,0.258,0.159,0.25,40.0,10.0,72.3,27.5,2.0,45.0,FF,4-Seam Fastball,53.5,53,55.6,0.111,0.111,0.209,3.6,BASEBALL_SAVANT_CURRENT_SEASON,2026-08-20T23:43:02.137578+00:00,SAVANT_ARSENAL_SCHEMA_V1,CURRENT
608723,"Voth, Austin",2026.0,56.0,3.0,5.4,10.7,15.6,44.7,0.402,0.338,0.557,40.4,8.5,71.9,25.6,1.0,43.6,ST,Sweeper,18.7,40,0.0,0.273,0.273,0.245,1.2,BASEBALL_SAVANT_CURRENT_SEASON,2026-08-20T23:43:02.137578+00:00,SAVANT_ARSENAL_SCHEMA_V1,CURRENT
605154,"Brebbia, John",2026.0,21.0,2.0,9.5,0.0,17.0,56.4,0.414,0.317,0.673,42.1,10.5,72.5,31.9,0.0,30.8,SL,Slider,47.9,45,6.7,0.364,0.636,0.591,-4.1,BASEBALL_SAVANT_CURRENT_SEASON,2026-08-20T23:43:02.137578+00:00,SAVANT_ARSENAL_SCHEMA_V1,CURRENT
686930,"Barnett, Mason",2026.0,185.0,38.0,20.5,13.0,22.2,43.6,0.349,0.25,0.446,37.2,9.9,72.0,25.3,5.0,33.5,CH,Changeup,7.0,52,25.0,0.182,0.455,0.264,-0.3,BASEBALL_SAVANT_CURRENT_SEASON,2026-08-20T23:43:02.137578+00:00,SAVANT_ARSENAL_SCHEMA_V1,CURRENT
669620,"Basso, Brady",2026.0,100.0,19.0,19.0,3.0,21.2,52.9,0.297,0.267,0.37,41.0,6.4,72.2,29.6,3.0,30.5,FC,Cutter,9.8,35,0.0,0.4,0.7,0.423,-1.3,BASEBALL_SAVANT_CURRENT_SEASON,2026-08-20T23:43:02.137578+00:00,SAVANT_ARSENAL_SCHEMA_V1,CURRENT
678022,"Perkins, Jack",2026.0,387.0,98.0,25.3,8.5,27.0,48.1,0.316,0.238,0.395,37.6,8.9,71.7,26.5,18.0,32.6,SL,Slider,2.8,41,23.5,0.091,0.182,0.114,3.3,BASEBALL_SAVANT_CURRENT_SEASON,2026-08-20T23:43:02.137578+00:00,SAVANT_ARSENAL_SCHEMA_V1,CURRENT
579328,"Kikuchi, Yusei",2026.0,142.0,33.0,23.2,9.9,25.9,48.3,0.34,0.258,0.446,42.6,8.5,72.7,30.0,5.0,31.2,CU,Curveball,8.8,50,14.3,0.125,0.125,0.145,3.8,BASEBALL_SAVANT_CURRENT_SEASON,2026-08-20T23:43:02.137578+00:00,SAVANT_ARSENAL_SCHEMA_V1,CURRENT
690997,"McLean, Nolan",2026.0,594.0,162.0,27.3,9.1,24.6,44.1,0.298,0.221,0.348,35.7,6.9,71.8,23.6,16.0,28.1,SL,Slider,2.5,60,21.4,0.0,0.0,0.191,1.4,BASEBALL_SAVANT_CURRENT_SEASON,2026-08-20T23:43:02.137578+00:00,SAVANT_ARSENAL_SCHEMA_V1,CURRENT
680604,"Castaño, Blas",2026.0,85.0,17.0,20.0,7.1,19.7,45.8,0.367,0.288,0.502,50.0,10.2,72.4,27.6,3.0,40.6,FC,Cutter,14.9,51,11.1,0.75,1.875,0.914,-8.5,BASEBALL_SAVANT_CURRENT_SEASON,2026-08-20T23:43:02.137578+00:00,SAVANT_ARSENAL_SCHEMA_V1,CURRENT
687312,"Hughes, Gabriel",2026.0,164.0,33.0,20.1,7.9,19.7,48.4,0.287,0.232,0.338,28.4,4.3,72.3,28.1,6.0,28.6,ST,Sweeper,7.7,49,9.5,0.3,0.4,0.341,-0.7,BASEBALL_SAVANT_CURRENT_SEASON,2026-08-20T23:43:02.137578+00:00,SAVANT_ARSENAL_SCHEMA_V1,CURRENT
656794,"Newcomb, Sean",2026.0,283.0,64.0,22.6,9.5,24.4,44.4,0.304,0.246,0.348,37.1,5.4,71.2,18.2,9.0,35.0,CH,Changeup,2.7,30,0.0,0.273,0.455,0.391,-2.1,BASEBALL_SAVANT_CURRENT_SEASON,2026-08-20T23:43:02.137578+00:00,SAVANT_ARSENAL_SCHEMA_V1,CURRENT
661563,"Gil, Luis",2026.0,85.0,9.0,10.6,12.9,18.5,38.6,0.385,0.262,0.498,46.8,9.7,72.3,32.5,0.0,45.9,CH,Changeup,20.5,69,14.3,0.091,0.364,0.182,0.5,BASEBALL_SAVANT_CURRENT_SEASON,2026-08-20T23:43:02.137578+00:00,SAVANT_ARSENAL_SCHEMA_V1,CURRENT
687562,"Bennett, Jake",2026.0,323.0,61.0,18.9,5.3,24.0,52.6,0.278,0.229,0.363,36.4,6.2,72.2,29.1,13.0,33.7,CU,Curveball,3.5,40,9.5,0.222,0.222,0.291,-2.0,BASEBALL_SAVANT_CURRENT_SEASON,2026-08-20T23:43:02.137578+00:00,SAVANT_ARSENAL_SCHEMA_V1,CURRENT
702281,"Snelling, Robby",2026.0,22.0,2.0,9.1,18.2,28.6,48.8,0.371,0.261,0.445,43.8,6.3,73.8,48.6,2.0,38.5,CU,Curveball,33.7,29,7.1,0.333,0.444,0.405,-4.2,BASEBALL_SAVANT_CURRENT_SEASON,2026-08-20T23:43:02.137578+00:00,SAVANT_ARSENAL_SCHEMA_V1,CURRENT
666129,"Garrett, Braxton",2026.0,28.0,5.0,17.9,28.6,23.5,39.5,0.386,0.24,0.389,26.7,14.3,74.0,43.8,2.0,18.4,SI,Sinker,28.7,37,28.6,0.5,0.75,0.582,-5.6,BASEBALL_SAVANT_CURRENT_SEASON,2026-08-20T23:43:02.137578+00:00,SAVANT_ARSENAL_SCHEMA_V1,CURRENT
663687,"Harris, Hogan",2026.0,253.0,72.0,28.5,13.8,25.9,42.9,0.301,0.211,0.323,32.1,5.7,71.1,20.8,4.0,27.3,SL,Slider,7.5,81,9.1,0.2,0.2,0.227,-0.4,BASEBALL_SAVANT_CURRENT_SEASON,2026-08-20T23:43:02.137578+00:00,SAVANT_ARSENAL_SCHEMA_V1,CURRENT
547184,"Kelly, Michael",2026.0,32.0,6.0,18.8,18.8,24.1,44.6,0.435,0.349,0.522,45.0,15.0,71.2,15.9,2.0,24.2,ST,Sweeper,41.3,50,0.0,0.444,0.889,0.586,-4.7,BASEBALL_SAVANT_CURRENT_SEASON,2026-08-20T23:43:02.137578+00:00,SAVANT_ARSENAL_SCHEMA_V1,CURRENT
681168,"Curvelo, Luis",2026.0,54.0,6.0,11.1,11.1,21.8,54.0,0.387,0.307,0.544,50.0,9.5,73.3,33.3,0.0,41.7,SI,Sinker,20.3,38,20.0,0.6,1.1,0.718,-9.3,BASEBALL_SAVANT_CURRENT_SEASON,2026-08-20T23:43:02.137578+00:00,SAVANT_ARSENAL_SCHEMA_V1,CURRENT
669620,"Basso, Brady",2026.0,100.0,19.0,19.0,3.0,21.2,52.9,0.297,0.267,0.37,41.0,6.4,72.2,29.6,3.0,30.5,CU,Curveball,18.8,67,22.2,0.2,0.2,0.227,-0.8,BASEBALL_SAVANT_CURRENT_SEASON,2026-08-20T23:43:02.137578+00:00,SAVANT_ARSENAL_SCHEMA_V1,CURRENT
615698,"Quantrill, Cal",2026.0,323.0,54.0,16.7,6.8,18.5,47.5,0.312,0.247,0.407,34.4,7.5,72.2,29.1,7.0,32.7,CU,Curveball,4.4,54,11.1,0.182,0.182,0.164,2.0,BASEBALL_SAVANT_CURRENT_SEASON,2026-08-20T23:43:02.137578+00:00,SAVANT_ARSENAL_SCHEMA_V1,CURRENT
677976,"Dobnak, Randy",2026.0,176.0,25.0,14.2,9.1,18.7,46.0,0.328,0.29,0.385,40.7,3.7,72.7,28.6,11.0,37.1,SL,Slider,4.5,32,17.6,0.3,0.3,0.309,-1.0,BASEBALL_SAVANT_CURRENT_SEASON,2026-08-20T23:43:02.137578+00:00,SAVANT_ARSENAL_SCHEMA_V1,CURRENT
663559,"Falter, Bailey",2026.0,57.0,6.0,10.5,10.5,20.0,44.4,0.415,0.355,0.537,44.4,6.7,72.2,28.4,0.0,53.3,SL,Slider,22.8,41,18.2,0.455,0.727,0.509,-9.8,BASEBALL_SAVANT_CURRENT_SEASON,2026-08-20T23:43:02.137578+00:00,SAVANT_ARSENAL_SCHEMA_V1,CURRENT
669298,"Shook, TJ",2026.0,36.0,7.0,19.4,5.6,21.9,47.8,0.319,0.253,0.451,40.7,7.4,70.3,12.3,0.0,47.8,ST,Sweeper,23.1,31,12.5,0.364,0.818,0.491,-7.2,BASEBALL_SAVANT_CURRENT_SEASON,2026-08-20T23:43:02.137578+00:00,SAVANT_ARSENAL_SCHEMA_V1,CURRENT
605452,"Ross, Joe",2026.0,57.0,7.0,12.3,10.5,30.0,53.7,0.391,0.307,0.524,36.4,11.4,72.7,25.0,2.0,31.4,SI,Sinker,24.4,50,0.0,0.556,1.0,0.668,-4.2,BASEBALL_SAVANT_CURRENT_SEASON,2026-08-20T23:43:02.137578+00:00,SAVANT_ARSENAL_SCHEMA_V1,CURRENT
607625,"Lugo, Seth",2026.0,619.0,111.0,17.9,7.4,18.4,46.0,0.347,0.28,0.457,42.9,7.9,72.1,27.3,14.0,37.7,SV,Slurve,1.5,36,10.0,0.5,0.6,0.505,-4.1,BASEBALL_SAVANT_CURRENT_SEASON,2026-08-20T23:43:02.137578+00:00,SAVANT_ARSENAL_SCHEMA_V1,CURRENT
807743,"Sullivan, Sean",2026.0,114.0,16.0,14.0,9.6,16.2,47.8,0.335,0.241,0.431,34.5,9.5,72.2,28.2,1.0,34.6,FC,Cutter,15.0,62,15.4,0.111,0.222,0.177,1.4,BASEBALL_SAVANT_CURRENT_SEASON,2026-08-20T23:43:02.137578+00:00,SAVANT_ARSENAL_SCHEMA_V1,CURRENT
682445,"Gonzalez, Domingo",2026.0,36.0,5.0,13.9,13.9,19.7,47.3,0.453,0.355,0.618,52.0,12.0,72.7,33.3,1.0,41.3,SL,Slider,35.7,46,28.6,0.2,0.2,0.227,0.4,BASEBALL_SAVANT_CURRENT_SEASON,2026-08-20T23:43:02.137578+00:00,SAVANT_ARSENAL_SCHEMA_V1,CURRENT
689546,"Davila, Nick",2026.0,111.0,13.0,11.7,9.9,15.9,46.7,0.331,0.27,0.384,28.6,4.8,72.4,30.1,3.0,33.8,FF,4-Seam Fastball,11.2,47,7.1,0.5,0.833,0.627,-6.1,BASEBALL_SAVANT_CURRENT_SEASON,2026-08-20T23:43:02.137578+00:00,SAVANT_ARSENAL_SCHEMA_V1,CURRENT
676568,"Vanasco, Ricky",2026.0,40.0,4.0,10.0,15.0,20.6,40.0,0.399,0.294,0.519,43.3,6.7,71.0,19.7,1.0,37.5,CH,Changeup,25.9,44,11.8,0.273,0.364,0.277,0.3,BASEBALL_SAVANT_CURRENT_SEASON,2026-08-20T23:43:02.137578+00:00,SAVANT_ARSENAL_SCHEMA_V1,CURRENT
703615,"Cabrera, Jose",2026.0,81.0,12.0,14.8,8.6,20.2,44.4,0.353,0.268,0.456,35.0,6.7,74.0,39.6,3.0,35.3,SI,Sinker,9.3,26,100.0,0.444,0.778,0.555,-9.6,BASEBALL_SAVANT_CURRENT_SEASON,2026-08-20T23:43:02.137578+00:00,SAVANT_ARSENAL_SCHEMA_V1,CURRENT
675989,"Bolton, Cody",2026.0,95.0,22.0,23.2,14.7,19.6,41.7,0.38,0.276,0.472,48.3,10.3,72.5,32.6,1.0,30.3,ST,Sweeper,10.5,41,20.0,0.222,0.444,0.291,-0.2,BASEBALL_SAVANT_CURRENT_SEASON,2026-08-20T23:43:02.137578+00:00,SAVANT_ARSENAL_SCHEMA_V1,CURRENT
518886,"Kimbrel, Craig",2026.0,154.0,33.0,21.4,11.0,25.3,48.1,0.325,0.248,0.397,38.2,6.9,71.8,25.6,9.0,33.5,CU,Curveball,9.0,56,7.1,0.3,0.4,0.341,-0.9,BASEBALL_SAVANT_CURRENT_SEASON,2026-08-20T23:43:02.137578+00:00,SAVANT_ARSENAL_SCHEMA_V1,CURRENT
595345,"Okert, Steven",2026.0,240.0,64.0,26.7,5.4,30.7,49.6,0.262,0.203,0.334,33.3,4.5,71.5,23.8,5.0,29.7,SI,Sinker,5.3,51,0.0,0.1,0.2,0.177,3.4,BASEBALL_SAVANT_CURRENT_SEASON,2026-08-20T23:43:02.137578+00:00,SAVANT_ARSENAL_SCHEMA_V1,CURRENT
691945,"Baumler, Carter",2026.0,27.0,6.0,22.2,22.2,30.0,42.7,0.359,0.206,0.353,50.0,7.1,72.5,26.2,2.0,30.0,FF,4-Seam Fastball,33.3,39,10.0,0.286,0.714,0.518,-6.7,BASEBALL_SAVANT_CURRENT_SEASON,2026-08-20T23:43:02.137578+00:00,SAVANT_ARSENAL_SCHEMA_V1,CURRENT
685005,"Roa, Christian",2026.0,43.0,6.0,14.0,16.3,24.7,45.5,0.415,0.296,0.491,63.0,7.4,72.0,25.7,1.0,32.1,FF,4-Seam Fastball,25.3,45,16.7,0.125,0.5,0.373,-0.4,BASEBALL_SAVANT_CURRENT_SEASON,2026-08-20T23:43:02.137578+00:00,SAVANT_ARSENAL_SCHEMA_V1,CURRENT
677944,"Cecconi, Slade",2026.0,488.0,88.0,18.0,7.6,20.3,46.8,0.338,0.271,0.452,40.0,8.9,71.9,24.7,9.0,36.4,CH,Changeup,2.2,41,15.8,0.455,0.455,0.409,-5.0,BASEBALL_SAVANT_CURRENT_SEASON,2026-08-20T23:43:02.137578+00:00,SAVANT_ARSENAL_SCHEMA_V1,CURRENT
668881,"Greene, Hunter",2026.0,121.0,33.0,27.3,7.4,27.2,53.3,0.325,0.268,0.429,46.8,5.1,72.3,23.6,8.0,29.4,SI,Sinker,6.1,28,0.0,0.545,0.636,0.523,-5.3,BASEBALL_SAVANT_CURRENT_SEASON,2026-08-20T23:43:02.137578+00:00,SAVANT_ARSENAL_SCHEMA_V1,CURRENT
642528,"Loáisiga, Jonathan",2026.0,202.0,36.0,17.8,5.4,22.5,52.8,0.275,0.23,0.348,33.1,4.5,71.5,22.7,5.0,28.8,FC,Cutter,5.5,42,12.5,0.273,0.364,0.277,2.9,BASEBALL_SAVANT_CURRENT_SEASON,2026-08-20T23:43:02.137578+00:00,SAVANT_ARSENAL_SCHEMA_V1,CURRENT
701121,"VanWey, Logan",2026.0,22.0,5.0,22.7,0.0,25.0,50.0,0.239,0.237,0.344,41.2,5.9,72.2,18.2,0.0,40.0,FF,4-Seam Fastball,50.0,40,30.8,0.2,0.2,0.18,4.6,BASEBALL_SAVANT_CURRENT_SEASON,2026-08-20T23:43:02.137578+00:00,SAVANT_ARSENAL_SCHEMA_V1,CURRENT
676051,"Heuer, Codi",2026.0,46.0,6.0,13.0,10.9,25.3,43.9,0.335,0.269,0.382,52.9,2.9,71.4,24.4,1.0,45.8,SL,Slider,32.3,61,0.0,0.5,0.75,0.6,-4.9,BASEBALL_SAVANT_CURRENT_SEASON,2026-08-20T23:43:02.137578+00:00,SAVANT_ARSENAL_SCHEMA_V1,CURRENT
664299,"Javier, Cristian",2026.0,167.0,30.0,18.0,10.2,25.7,51.8,0.357,0.278,0.452,38.1,8.5,72.4,30.6,3.0,30.2,FC,Cutter,6.0,39,0.0,0.2,0.2,0.164,5.7,BASEBALL_SAVANT_CURRENT_SEASON,2026-08-20T23:43:02.137578+00:00,SAVANT_ARSENAL_SCHEMA_V1,CURRENT
669194,"Nelson, Ryne",2026.0,355.0,62.0,17.5,6.2,21.0,54.2,0.349,0.261,0.5,43.4,10.2,71.7,22.9,17.0,34.1,SI,Sinker,3.7,48,0.0,0.364,1.0,0.559,-3.2,BASEBALL_SAVANT_CURRENT_SEASON,2026-08-20T23:43:02.137578+00:00,SAVANT_ARSENAL_SCHEMA_V1,CURRENT
663465,"Allard, Kolby",2026.0,45.0,9.0,20.0,6.7,17.4,52.0,0.385,0.317,0.533,43.8,15.6,71.1,16.2,2.0,32.8,FC,Cutter,22.6,40,30.0,0.364,0.636,0.423,-0.2,BASEBALL_SAVANT_CURRENT_SEASON,2026-08-20T23:43:02.137578+00:00,SAVANT_ARSENAL_SCHEMA_V1,CURRENT
676508,"Casparius, Ben",2026.0,23.0,4.0,17.4,17.4,35.0,40.4,0.385,0.281,0.467,26.7,13.3,70.7,13.9,0.0,40.9,FF,4-Seam Fastball,41.4,41,22.2,0.375,0.375,0.436,-1.7,BASEBALL_SAVANT_CURRENT_SEASON,2026-08-20T23:43:02.137578+00:00,SAVANT_ARSENAL_SCHEMA_V1,CURRENT
607259,"Martinez, Nick",2026.0,574.0,83.0,14.5,3.8,17.3,50.6,0.326,0.279,0.439,33.0,7.3,72.0,25.0,10.0,35.2,CU,Curveball,5.2,103,0.0,0.364,0.545,0.391,-1.1,BASEBALL_SAVANT_CURRENT_SEASON,2026-08-20T23:43:02.137578+00:00,SAVANT_ARSENAL_SCHEMA_V1,CURRENT
666711,"Peguero, Joel",2026.0,48.0,5.0,10.4,8.3,18.1,55.6,0.256,0.192,0.248,24.3,0.0,70.9,10.0,1.0,28.4,SL,Slider,23.1,39,6.3,0.4,0.6,0.536,-7.3,BASEBALL_SAVANT_CURRENT_SEASON,2026-08-20T23:43:02.137578+00:00,SAVANT_ARSENAL_SCHEMA_V1,CURRENT
592779,"Stewart, Brock",2026.0,58.0,16.0,27.6,8.6,30.6,48.7,0.214,0.157,0.236,21.6,2.7,71.8,23.8,1.0,23.9,ST,Sweeper,24.6,56,9.1,0.182,0.182,0.164,0.7,BASEBALL_SAVANT_CURRENT_SEASON,2026-08-20T23:43:02.137578+00:00,SAVANT_ARSENAL_SCHEMA_V1,CURRENT
642048,"Saucedo, Tayler",2026.0,41.0,12.0,29.3,4.9,38.5,48.4,0.313,0.238,0.426,42.3,11.5,71.9,26.7,6.0,33.3,SI,Sinker,19.9,32,33.3,0.444,0.444,0.455,-3.0,BASEBALL_SAVANT_CURRENT_SEASON,2026-08-20T23:43:02.137578+00:00,SAVANT_ARSENAL_SCHEMA_V1,CURRENT
677161,"Kelly, Zack",2026.0,71.0,14.0,19.7,9.9,21.1,43.5,0.368,0.29,0.432,38.8,8.2,71.5,28.7,2.0,37.3,FF,4-Seam Fastball,13.8,39,17.4,0.143,0.143,0.39,-2.3,BASEBALL_SAVANT_CURRENT_SEASON,2026-08-20T23:43:02.137578+00:00,SAVANT_ARSENAL_SCHEMA_V1,CURRENT
592454,"Kahnle, Tommy",2026.0,43.0,5.0,11.6,14.0,17.4,51.2,0.381,0.285,0.489,56.3,15.6,72.7,34.6,0.0,36.5,FF,4-Seam Fastball,30.4,51,0.0,0.125,0.25,0.305,0.0,BASEBALL_SAVANT_CURRENT_SEASON,2026-08-20T23:43:02.137578+00:00,SAVANT_ARSENAL_SCHEMA_V1,CURRENT
670103,"Burgos, Raymond",2026.0,34.0,5.0,14.7,2.9,15.7,58.8,0.296,0.228,0.447,35.7,7.1,72.4,33.8,1.0,34.5,FC,Cutter,21.8,26,0.0,0.1,0.4,0.245,3.8,BASEBALL_SAVANT_CURRENT_SEASON,2026-08-20T23:43:02.137578+00:00,SAVANT_ARSENAL_SCHEMA_V1,CURRENT
543056,"Coulombe, Danny",2026.0,96.0,10.0,10.4,15.6,17.1,44.0,0.321,0.251,0.311,21.4,1.4,71.1,22.1,2.0,27.9,FF,4-Seam Fastball,9.9,38,0.0,0.286,0.286,0.418,-1.5,BASEBALL_SAVANT_CURRENT_SEASON,2026-08-20T23:43:02.137578+00:00,SAVANT_ARSENAL_SCHEMA_V1,CURRENT
663941,"Beck, Tristan",2026.0,64.0,6.0,9.4,7.8,17.4,49.0,0.33,0.249,0.434,40.4,9.6,71.3,16.7,1.0,38.2,SL,Slider,16.2,40,12.5,0.3,0.3,0.27,2.6,BASEBALL_SAVANT_CURRENT_SEASON,2026-08-20T23:43:02.137578+00:00,SAVANT_ARSENAL_SCHEMA_V1,CURRENT
702153,"Fitzpatrick, Brian",2026.0,30.0,5.0,16.7,10.0,23.2,51.4,0.257,0.212,0.265,22.7,4.5,72.7,27.7,0.0,25.7,CH,Changeup,33.0,36,13.3,0.182,0.182,0.245,0.6,BASEBALL_SAVANT_CURRENT_SEASON,2026-08-20T23:43:02.137578+00:00,SAVANT_ARSENAL_SCHEMA_V1,CURRENT
605135,"Bassitt, Chris",2026.0,309.0,46.0,14.9,8.4,20.9,45.8,0.344,0.286,0.411,35.8,4.4,71.2,22.7,5.0,36.7,CH,Changeup,5.5,64,0.0,0.4,0.5,0.423,-1.7,BASEBALL_SAVANT_CURRENT_SEASON,2026-08-20T23:43:02.137578+00:00,SAVANT_ARSENAL_SCHEMA_V1,CURRENT
702021,"Dion, Will",2026.0,114.0,34.0,29.8,4.4,27.2,52.9,0.279,0.234,0.362,32.4,5.4,71.8,21.9,1.0,32.9,FC,Cutter,8.6,37,0.0,0.556,0.778,0.59,-6.9,BASEBALL_SAVANT_CURRENT_SEASON,2026-08-20T23:43:02.137578+00:00,SAVANT_ARSENAL_SCHEMA_V1,CURRENT
622663,"Severino, Luis",2026.0,271.0,65.0,24.0,11.4,23.0,47.6,0.318,0.231,0.388,38.7,8.7,71.7,23.3,10.0,29.2,CH,Changeup,5.4,59,33.3,0.1,0.3,0.16,0.6,BASEBALL_SAVANT_CURRENT_SEASON,2026-08-20T23:43:02.137578+00:00,SAVANT_ARSENAL_SCHEMA_V1,CURRENT
681252,"Anderson, Jack",2026.0,48.0,12.0,25.0,6.3,30.5,52.8,0.301,0.23,0.418,36.4,9.1,71.7,23.8,2.0,30.4,ST,Sweeper,15.6,28,20.0,0.2,0.2,0.18,2.7,BASEBALL_SAVANT_CURRENT_SEASON,2026-08-20T23:43:02.137578+00:00,SAVANT_ARSENAL_SCHEMA_V1,CURRENT
621016,"Cuas, Jose",2026.0,47.0,13.0,27.7,8.5,25.9,49.3,0.321,0.295,0.387,36.7,3.3,71.1,22.7,3.0,21.2,ST,Sweeper,25.1,55,26.7,0.3,0.3,0.27,0.1,BASEBALL_SAVANT_CURRENT_SEASON,2026-08-20T23:43:02.137578+00:00,SAVANT_ARSENAL_SCHEMA_V1,CURRENT
641585,"France, J.P.",2026.0,31.0,4.0,12.9,16.1,15.1,45.3,0.42,0.293,0.534,42.9,14.3,74.0,50.0,0.0,30.0,FF,4-Seam Fastball,22.2,26,12.5,0.333,0.333,0.46,-3.0,BASEBALL_SAVANT_CURRENT_SEASON,2026-08-20T23:43:02.137578+00:00,SAVANT_ARSENAL_SCHEMA_V1,CURRENT
687941,"Gamboa, Alec",2026.0,72.0,13.0,18.1,6.9,19.0,57.0,0.242,0.177,0.27,29.6,3.8,71.8,23.6,2.0,25.0,SI,Sinker,12.4,31,30.0,0.1,0.1,0.09,6.1,BASEBALL_SAVANT_CURRENT_SEASON,2026-08-20T23:43:02.137578+00:00,SAVANT_ARSENAL_SCHEMA_V1,CURRENT
681006,"Simpson, Josh",2026.0,38.0,10.0,26.3,10.5,20.3,41.8,0.369,0.227,0.532,43.5,17.4,71.9,22.8,2.0,36.7,CU,Curveball,25.5,39,22.2,0.333,0.667,0.45,-1.9,BASEBALL_SAVANT_CURRENT_SEASON,2026-08-20T23:43:02.137578+00:00,SAVANT_ARSENAL_SCHEMA_V1,CURRENT
681343,"Smith, Shane",2026.0,49.0,11.0,22.4,18.4,26.0,42.7,0.332,0.246,0.293,33.3,0.0,71.6,19.4,10.0,29.8,CH,Changeup,18.2,41,13.3,0.5,0.8,0.555,-5.2,BASEBALL_SAVANT_CURRENT_SEASON,2026-08-20T23:43:02.137578+00:00,SAVANT_ARSENAL_SCHEMA_V1,CURRENT
671345,"Foley, Jason",2026.0,42.0,6.0,14.3,11.9,17.5,41.7,0.283,0.221,0.346,29.0,6.5,71.4,23.2,1.0,37.0,SL,Slider,25.2,38,11.1,0.2,0.6,0.325,-0.6,BASEBALL_SAVANT_CURRENT_SEASON,2026-08-20T23:43:02.137578+00:00,SAVANT_ARSENAL_SCHEMA_V1,CURRENT
695684,"Rodríguez, Elmer",2026.0,83.0,10.0,12.0,13.3,27.0,39.6,0.366,0.272,0.385,34.5,5.2,72.1,26.5,2.0,41.5,ST,Sweeper,16.4,52,25.0,0.2,0.2,0.18,0.9,BASEBALL_SAVANT_CURRENT_SEASON,2026-08-20T23:43:02.137578+00:00,SAVANT_ARSENAL_SCHEMA_V1,CURRENT
663903,"Singer, Brady",2026.0,557.0,104.0,18.7,7.5,25.1,44.4,0.343,0.271,0.447,40.5,9.2,72.3,30.6,12.0,38.6,FF,4-Seam Fastball,2.5,54,12.5,0.4,0.7,0.47,-7.1,BASEBALL_SAVANT_CURRENT_SEASON,2026-08-20T23:43:02.137578+00:00,SAVANT_ARSENAL_SCHEMA_V1,CURRENT
455119,"Martin, Chris",2026.0,66.0,9.0,13.6,3.0,15.9,53.2,0.408,0.344,0.568,44.4,11.1,71.5,16.7,2.0,34.0,FS,Split-Finger,9.7,24,8.3,0.6,1.2,0.755,-19.0,BASEBALL_SAVANT_CURRENT_SEASON,2026-08-20T23:43:02.137578+00:00,SAVANT_ARSENAL_SCHEMA_V1,CURRENT
669310,"Van Eyk, CJ",2026.0,31.0,1.0,3.2,3.2,12.9,48.4,0.363,0.309,0.46,46.4,3.6,72.9,31.0,1.0,25.5,FC,Cutter,22.7,29,0.0,0.556,1.111,0.7,-12.8,BASEBALL_SAVANT_CURRENT_SEASON,2026-08-20T23:43:02.137578+00:00,SAVANT_ARSENAL_SCHEMA_V1,CURRENT
656786,"Mushinski, Parker",2026.0,34.0,0.0,0.0,14.7,12.1,41.7,0.39,0.325,0.459,37.9,3.4,70.6,24.0,2.0,44.7,FF,4-Seam Fastball,19.4,27,0.0,0.667,0.833,0.675,-9.8,BASEBALL_SAVANT_CURRENT_SEASON,2026-08-20T23:43:02.137578+00:00,SAVANT_ARSENAL_SCHEMA_V1,CURRENT
592288,"Emanuel, Kent",2026.0,23.0,4.0,17.4,13.0,20.9,44.8,0.307,0.204,0.32,40.0,6.7,74.9,58.5,0.0,27.3,SI,Sinker,28.1,27,0.0,0.25,0.375,0.355,0.3,BASEBALL_SAVANT_CURRENT_SEASON,2026-08-20T23:43:02.137578+00:00,SAVANT_ARSENAL_SCHEMA_V1,CURRENT
687273,"Mathews, Quinn",2026.0,41.0,10.0,24.4,14.6,27.6,45.3,0.273,0.194,0.265,24.0,4.0,71.8,25.0,0.0,22.0,SL,Slider,19.8,38,14.3,0.375,0.75,0.52,-3.2,BASEBALL_SAVANT_CURRENT_SEASON,2026-08-20T23:43:02.137578+00:00,SAVANT_ARSENAL_SCHEMA_V1,CURRENT
689520,"Laweryson, Cody",2026.0,78.0,18.0,23.1,10.3,20.3,46.6,0.329,0.245,0.389,50.0,8.2,71.6,19.8,3.0,37.6,CH,Changeup,14.5,43,6.7,0.333,0.667,0.45,-3.1,BASEBALL_SAVANT_CURRENT_SEASON,2026-08-20T23:43:02.137578+00:00,SAVANT_ARSENAL_SCHEMA_V1,CURRENT
689017,"Knack, Landon",2026.0,35.0,6.0,17.1,5.7,21.7,47.6,0.34,0.22,0.494,46.2,15.4,71.9,26.3,1.0,44.4,SL,Slider,17.5,22,22.2,0.25,0.75,0.465,-5.5,BASEBALL_SAVANT_CURRENT_SEASON,2026-08-20T23:43:02.137578+00:00,SAVANT_ARSENAL_SCHEMA_V1,CURRENT
678391,"Vivas, Jorbit",2026.0,18.0,0.0,0.0,5.6,0.0,53.8,0.542,0.395,0.846,53.3,25.0,72.2,40.0,0.0,60.0,CU,Curveball,57.9,22,,0.7,1.3,0.845,-18.9,BASEBALL_SAVANT_CURRENT_SEASON,2026-08-20T23:43:02.137578+00:00,SAVANT_ARSENAL_SCHEMA_V1,CURRENT
806960,"Morales, Luis",2026.0,90.0,13.0,14.4,15.6,18.5,43.6,0.408,0.303,0.522,40.3,11.3,71.0,21.3,4.0,33.3,SI,Sinker,11.3,39,28.6,0.3,0.3,0.27,0.9,BASEBALL_SAVANT_CURRENT_SEASON,2026-08-20T23:43:02.137578+00:00,SAVANT_ARSENAL_SCHEMA_V1,CURRENT
656876,"Rasmussen, Drew",2026.0,529.0,138.0,26.1,4.7,25.0,50.5,0.275,0.229,0.35,32.9,6.1,71.9,25.5,21.0,28.6,CU,Curveball,3.8,80,27.3,0.0,0.0,0.0,2.7,BASEBALL_SAVANT_CURRENT_SEASON,2026-08-20T23:43:02.137578+00:00,SAVANT_ARSENAL_SCHEMA_V1,CURRENT
672629,"Carrillo, Gerardo",2026.0,55.0,15.0,27.3,14.5,26.1,42.5,0.222,0.147,0.201,19.4,3.2,71.5,22.1,1.0,23.3,SI,Sinker,21.7,45,0.0,0.125,0.125,0.23,3.4,BASEBALL_SAVANT_CURRENT_SEASON,2026-08-20T23:43:02.137578+00:00,SAVANT_ARSENAL_SCHEMA_V1,CURRENT
683618,"Henriquez, Edgardo",2026.0,202.0,54.0,26.7,11.4,29.6,48.5,0.253,0.177,0.241,25.8,2.5,71.9,23.5,9.0,21.9,CU,Curveball,5.1,41,14.3,0.143,0.286,0.335,-2.8,BASEBALL_SAVANT_CURRENT_SEASON,2026-08-20T23:43:02.137578+00:00,SAVANT_ARSENAL_SCHEMA_V1,CURRENT
684974,"Yoho, Craig",2026.0,109.0,24.0,22.0,11.9,28.4,45.3,0.309,0.206,0.358,29.0,7.4,70.7,20.7,2.0,31.9,FC,Cutter,12.9,55,0.0,0.333,0.778,0.485,-2.4,BASEBALL_SAVANT_CURRENT_SEASON,2026-08-20T23:43:02.137578+00:00,SAVANT_ARSENAL_SCHEMA_V1,CURRENT
628452,"Iglesias, Raisel",2026.0,188.0,49.0,26.1,7.4,30.2,52.9,0.286,0.223,0.361,37.1,9.8,71.9,27.6,0.0,26.8,SL,Slider,5.9,42,18.2,0.0,0.0,0.07,2.8,BASEBALL_SAVANT_CURRENT_SEASON,2026-08-20T23:43:02.137578+00:00,SAVANT_ARSENAL_SCHEMA_V1,CURRENT
664129,"Hartlieb, Geoff",2026.0,64.0,6.0,9.4,14.1,24.5,47.0,0.327,0.254,0.389,40.8,8.2,72.0,20.5,5.0,42.6,SI,Sinker,15.7,34,0.0,0.556,0.889,0.625,-5.9,BASEBALL_SAVANT_CURRENT_SEASON,2026-08-20T23:43:02.137578+00:00,SAVANT_ARSENAL_SCHEMA_V1,CURRENT
670103,"Burgos, Raymond",2026.0,34.0,5.0,14.7,2.9,15.7,58.8,0.296,0.228,0.447,35.7,7.1,72.4,33.8,1.0,34.5,SI,Sinker,35.3,42,11.1,0.1,0.1,0.09,5.6,BASEBALL_SAVANT_CURRENT_SEASON,2026-08-20T23:43:02.137578+00:00,SAVANT_ARSENAL_SCHEMA_V1,CURRENT
684320,"Rodríguez, Yariel",2026.0,45.0,6.0,13.3,15.6,15.7,40.7,0.402,0.295,0.495,32.3,12.9,72.7,37.1,1.0,30.2,SI,Sinker,15.1,26,0.0,0.167,0.167,0.46,-2.9,BASEBALL_SAVANT_CURRENT_SEASON,2026-08-20T23:43:02.137578+00:00,SAVANT_ARSENAL_SCHEMA_V1,CURRENT
805326,"Schweitzer, Tyler",2026.0,102.0,13.0,12.7,9.8,23.1,53.6,0.348,0.281,0.44,48.1,9.0,72.3,25.9,1.0,31.8,CH,Changeup,10.3,40,5.3,0.222,0.222,0.25,0.1,BASEBALL_SAVANT_CURRENT_SEASON,2026-08-20T23:43:02.137578+00:00,SAVANT_ARSENAL_SCHEMA_V1,CURRENT
820862,"Fermin, José",2026.0,181.0,49.0,27.1,11.0,30.9,49.1,0.322,0.233,0.391,42.6,9.3,72.5,28.7,4.0,28.8,FF,4-Seam Fastball,6.0,45,6.7,0.4,1.2,0.675,-7.8,BASEBALL_SAVANT_CURRENT_SEASON,2026-08-20T23:43:02.137578+00:00,SAVANT_ARSENAL_SCHEMA_V1,CURRENT
670059,"Holderman, Colin",2026.0,199.0,46.0,23.1,8.5,27.6,43.9,0.296,0.212,0.332,42.5,7.9,71.7,21.3,10.0,33.0,FF,4-Seam Fastball,4.4,34,18.5,0.25,0.25,0.32,-2.5,BASEBALL_SAVANT_CURRENT_SEASON,2026-08-20T23:43:02.137578+00:00,SAVANT_ARSENAL_SCHEMA_V1,CURRENT
689441,"Crow, Coleman",2026.0,85.0,10.0,11.8,7.1,16.3,51.9,0.34,0.269,0.448,36.8,7.4,72.0,31.5,1.0,35.5,ST,Sweeper,7.8,23,0.0,0.2,0.3,0.305,-1.3,BASEBALL_SAVANT_CURRENT_SEASON,2026-08-20T23:43:02.137578+00:00,SAVANT_ARSENAL_SCHEMA_V1,CURRENT
676510,"Hoffman, Nolan",2026.0,21.0,2.0,9.5,14.3,22.9,42.7,0.341,0.3,0.384,31.3,0.0,72.6,41.9,1.0,20.0,FF,4-Seam Fastball,34.1,28,10.0,0.429,0.429,0.41,-0.5,BASEBALL_SAVANT_CURRENT_SEASON,2026-08-20T23:43:02.137578+00:00,SAVANT_ARSENAL_SCHEMA_V1,CURRENT
642048,"Saucedo, Tayler",2026.0,41.0,12.0,29.3,4.9,38.5,48.4,0.313,0.238,0.426,42.3,11.5,71.9,26.7,6.0,33.3,ST,Sweeper,22.4,36,28.6,0.1,0.1,0.09,5.9,BASEBALL_SAVANT_CURRENT_SEASON,2026-08-20T23:43:02.137578+00:00,SAVANT_ARSENAL_SCHEMA_V1,CURRENT
656457,"Gilbert, Tyler",2026.0,22.0,3.0,13.6,18.2,16.7,44.7,0.497,0.343,0.729,46.7,20.0,73.0,32.4,0.0,36.7,SI,Sinker,36.2,34,10.0,0.5,1.0,0.645,-7.6,BASEBALL_SAVANT_CURRENT_SEASON,2026-08-20T23:43:02.137578+00:00,SAVANT_ARSENAL_SCHEMA_V1,CURRENT
663878,"Pearson, Nate",2026.0,122.0,25.0,20.5,13.1,23.0,45.6,0.322,0.227,0.356,37.2,7.8,71.5,21.5,4.0,27.2,CU,Curveball,10.9,53,36.8,0.0,0.0,0.0,3.2,BASEBALL_SAVANT_CURRENT_SEASON,2026-08-20T23:43:02.137578+00:00,SAVANT_ARSENAL_SCHEMA_V1,CURRENT
656212,"Barnes, Charlie",2026.0,63.0,6.0,9.5,11.1,15.1,42.8,0.404,0.321,0.531,46.9,8.2,73.8,38.8,2.0,50.0,SL,Slider,20.9,42,21.4,0.333,0.778,0.485,-4.4,BASEBALL_SAVANT_CURRENT_SEASON,2026-08-20T23:43:02.137578+00:00,SAVANT_ARSENAL_SCHEMA_V1,CURRENT
608344,"Irvin, Cole",2026.0,30.0,5.0,16.7,10.0,18.2,53.9,0.39,0.287,0.512,52.4,9.5,72.8,34.0,0.0,35.7,FC,Cutter,28.4,29,16.7,0.6,0.8,0.61,-8.0,BASEBALL_SAVANT_CURRENT_SEASON,2026-08-20T23:43:02.137578+00:00,SAVANT_ARSENAL_SCHEMA_V1,CURRENT
676051,"Heuer, Codi",2026.0,46.0,6.0,13.0,10.9,25.3,43.9,0.335,0.269,0.382,52.9,2.9,71.4,24.4,1.0,45.8,CH,Changeup,24.3,46,26.7,0.0,0.0,0.21,1.8,BASEBALL_SAVANT_CURRENT_SEASON,2026-08-20T23:43:02.137578+00:00,SAVANT_ARSENAL_SCHEMA_V1,CURRENT
700270,"Díaz, Yilber",2026.0,15.0,3.0,20.0,13.3,17.2,39.2,0.559,0.436,0.83,40.0,20.0,71.1,26.9,0.0,38.1,FF,4-Seam Fastball,54.1,40,6.7,0.667,1.222,0.79,-8.4,BASEBALL_SAVANT_CURRENT_SEASON,2026-08-20T23:43:02.137578+00:00,SAVANT_ARSENAL_SCHEMA_V1,CURRENT
666619,"Santos, Gregory",2026.0,22.0,1.0,4.5,13.6,8.1,43.0,0.376,0.327,0.428,55.6,0.0,72.8,31.4,0.0,40.6,SI,Sinker,33.7,29,0.0,0.222,0.333,0.285,2.1,BASEBALL_SAVANT_CURRENT_SEASON,2026-08-20T23:43:02.137578+00:00,SAVANT_ARSENAL_SCHEMA_V1,CURRENT
675540,"Curry, Xzavion",2026.0,67.0,10.0,14.9,10.4,20.2,45.2,0.277,0.203,0.332,34.0,6.0,73.5,38.3,0.0,35.3,CU,Curveball,11.6,28,0.0,0.3,1.0,0.525,-8.3,BASEBALL_SAVANT_CURRENT_SEASON,2026-08-20T23:43:02.137578+00:00,SAVANT_ARSENAL_SCHEMA_V1,CURRENT
675627,"Grove, Michael",2026.0,28.0,6.0,21.4,0.0,28.9,50.6,0.423,0.289,0.708,36.4,18.2,73.3,31.6,4.0,53.3,SL,Slider,38.2,34,22.2,0.111,0.111,0.09,4.6,BASEBALL_SAVANT_CURRENT_SEASON,2026-08-20T23:43:02.137578+00:00,SAVANT_ARSENAL_SCHEMA_V1,CURRENT
687765,"Spence, Mitch",2026.0,56.0,6.0,10.7,16.1,20.0,45.0,0.361,0.279,0.408,41.5,2.4,72.8,34.9,1.0,34.3,SI,Sinker,17.0,34,0.0,0.444,0.778,0.535,-5.4,BASEBALL_SAVANT_CURRENT_SEASON,2026-08-20T23:43:02.137578+00:00,SAVANT_ARSENAL_SCHEMA_V1,CURRENT
663158,"Suarez, Robert",2026.0,121.0,26.0,21.5,5.0,24.0,53.6,0.282,0.252,0.351,33.0,3.4,71.4,22.7,1.0,26.2,FC,Cutter,14.8,69,0.0,0.5,0.5,0.45,-0.2,BASEBALL_SAVANT_CURRENT_SEASON,2026-08-20T23:43:02.137578+00:00,SAVANT_ARSENAL_SCHEMA_V1,CURRENT
669169,"Heasley, Jonathan",2026.0,19.0,2.0,10.5,0.0,7.9,59.4,0.479,0.352,0.791,58.8,11.8,72.6,34.3,0.0,43.8,FF,4-Seam Fastball,39.1,25,25.0,0.4,0.9,0.54,-4.9,BASEBALL_SAVANT_CURRENT_SEASON,2026-08-20T23:43:02.137578+00:00,SAVANT_ARSENAL_SCHEMA_V1,CURRENT
690978,"Fulton, Dax",2026.0,57.0,12.0,21.1,17.5,28.4,42.7,0.301,0.211,0.289,31.4,5.7,73.0,28.6,2.0,25.8,SL,Slider,16.7,40,18.2,0.2,0.4,0.25,1.5,BASEBALL_SAVANT_CURRENT_SEASON,2026-08-20T23:43:02.137578+00:00,SAVANT_ARSENAL_SCHEMA_V1,CURRENT
669165,"Hurt, Kyle",2026.0,176.0,51.0,29.0,12.5,35.6,52.1,0.292,0.209,0.338,42.2,6.9,72.4,28.1,1.0,30.7,SL,Slider,9.1,59,0.0,0.444,0.556,0.465,-1.6,BASEBALL_SAVANT_CURRENT_SEASON,2026-08-20T23:43:02.137578+00:00,SAVANT_ARSENAL_SCHEMA_V1,CURRENT
622694,"Hernández, Elieser",2026.0,28.0,6.0,21.4,14.3,28.8,47.3,0.247,0.184,0.26,27.8,5.6,72.7,28.0,0.0,25.0,CH,Changeup,34.5,38,22.2,0.25,0.25,0.32,-0.7,BASEBALL_SAVANT_CURRENT_SEASON,2026-08-20T23:43:02.137578+00:00,SAVANT_ARSENAL_SCHEMA_V1,CURRENT
695001,"Santa, Alimber",2026.0,59.0,9.0,15.3,10.2,18.5,45.4,0.267,0.207,0.272,34.1,2.3,72.6,32.3,0.0,30.0,SI,Sinker,23.5,56,0.0,0.111,0.111,0.34,0.1,BASEBALL_SAVANT_CURRENT_SEASON,2026-08-20T23:43:02.137578+00:00,SAVANT_ARSENAL_SCHEMA_V1,CURRENT
678368,"Bellozo, Valente",2026.0,48.0,8.0,16.7,14.6,29.5,45.9,0.475,0.316,0.737,50.0,15.6,71.9,22.9,1.0,47.1,FF,4-Seam Fastball,21.2,36,9.1,0.222,0.556,0.36,0.5,BASEBALL_SAVANT_CURRENT_SEASON,2026-08-20T23:43:02.137578+00:00,SAVANT_ARSENAL_SCHEMA_V1,CURRENT
694851,"Hoffmann, Andrew",2026.0,59.0,12.0,20.3,13.6,19.1,38.7,0.336,0.243,0.399,43.2,8.1,72.2,32.4,1.0,32.1,CH,Changeup,27.9,64,14.3,0.333,0.444,0.375,-1.6,BASEBALL_SAVANT_CURRENT_SEASON,2026-08-20T23:43:02.137578+00:00,SAVANT_ARSENAL_SCHEMA_V1,CURRENT
687562,"Bennett, Jake",2026.0,323.0,61.0,18.9,5.3,24.0,52.6,0.278,0.229,0.363,36.4,6.2,72.2,29.1,13.0,33.7,FC,Cutter,4.2,48,0.0,0.333,0.333,0.34,1.4,BASEBALL_SAVANT_CURRENT_SEASON,2026-08-20T23:43:02.137578+00:00,SAVANT_ARSENAL_SCHEMA_V1,CURRENT
690978,"Fulton, Dax",2026.0,57.0,12.0,21.1,17.5,28.4,42.7,0.301,0.211,0.289,31.4,5.7,73.0,28.6,2.0,25.8,ST,Sweeper,37.7,90,10.0,0.111,0.111,0.16,0.4,BASEBALL_SAVANT_CURRENT_SEASON,2026-08-20T23:43:02.137578+00:00,SAVANT_ARSENAL_SCHEMA_V1,CURRENT
605483,"Snell, Blake",2026.0,63.0,20.0,31.7,9.5,36.6,52.2,0.229,0.189,0.228,10.8,0.0,71.1,18.9,8.0,24.7,CH,Changeup,15.9,40,12.5,0.444,0.556,0.395,-0.8,BASEBALL_SAVANT_CURRENT_SEASON,2026-08-20T23:43:02.137578+00:00,SAVANT_ARSENAL_SCHEMA_V1,CURRENT
601713,"Pivetta, Nick",2026.0,66.0,24.0,36.4,9.1,26.1,48.8,0.212,0.154,0.228,30.6,2.8,71.6,21.5,6.0,23.2,ST,Sweeper,12.4,35,30.0,0.1,0.1,0.09,3.9,BASEBALL_SAVANT_CURRENT_SEASON,2026-08-20T23:43:02.137578+00:00,SAVANT_ARSENAL_SCHEMA_V1,CURRENT
685005,"Roa, Christian",2026.0,43.0,6.0,14.0,16.3,24.7,45.5,0.415,0.296,0.491,63.0,7.4,72.0,25.7,1.0,32.1,SL,Slider,34.8,62,14.3,0.111,0.111,0.16,1.2,BASEBALL_SAVANT_CURRENT_SEASON,2026-08-20T23:43:02.137578+00:00,SAVANT_ARSENAL_SCHEMA_V1,CURRENT
682445,"Gonzalez, Domingo",2026.0,36.0,5.0,13.9,13.9,19.7,47.3,0.453,0.355,0.618,52.0,12.0,72.7,33.3,1.0,41.3,FF,4-Seam Fastball,38.8,50,15.4,0.286,0.857,0.535,-2.4,BASEBALL_SAVANT_CURRENT_SEASON,2026-08-20T23:43:02.137578+00:00,SAVANT_ARSENAL_SCHEMA_V1,CURRENT
687765,"Spence, Mitch",2026.0,56.0,6.0,10.7,16.1,20.0,45.0,0.361,0.279,0.408,41.5,2.4,72.8,34.9,1.0,34.3,SL,Slider,20.0,40,12.5,0.571,1.143,0.715,-9.2,BASEBALL_SAVANT_CURRENT_SEASON,2026-08-20T23:43:02.137578+00:00,SAVANT_ARSENAL_SCHEMA_V1,CURRENT
664192,"Lucchesi, Joey",2026.0,24.0,4.0,16.7,25.0,17.1,36.9,0.441,0.286,0.491,69.2,15.4,69.6,9.7,2.0,39.3,SI,Sinker,51.4,57,12.5,0.375,0.75,0.52,-1.9,BASEBALL_SAVANT_CURRENT_SEASON,2026-08-20T23:43:02.137578+00:00,SAVANT_ARSENAL_SCHEMA_V1,CURRENT
642701,"Santana, Dennis",2026.0,187.0,37.0,19.8,11.2,25.8,49.8,0.35,0.262,0.454,40.9,9.4,72.1,28.2,6.0,34.8,FC,Cutter,7.6,54,16.7,0.333,0.333,0.34,1.3,BASEBALL_SAVANT_CURRENT_SEASON,2026-08-20T23:43:02.137578+00:00,SAVANT_ARSENAL_SCHEMA_V1,CURRENT
666745,"Brito, Jhony",2026.0,20.0,4.0,20.0,5.0,28.3,59.0,0.256,0.206,0.337,33.3,6.7,71.1,22.2,1.0,29.6,CH,Changeup,29.5,23,14.3,0.1,0.2,0.125,5.8,BASEBALL_SAVANT_CURRENT_SEASON,2026-08-20T23:43:02.137578+00:00,SAVANT_ARSENAL_SCHEMA_V1,CURRENT
621053,"Ferguson, Tyler",2026.0,70.0,20.0,28.6,2.9,31.0,50.4,0.332,0.235,0.483,46.7,17.8,72.4,28.3,2.0,42.1,SI,Sinker,9.0,23,33.3,0.25,0.25,0.32,1.2,BASEBALL_SAVANT_CURRENT_SEASON,2026-08-20T23:43:02.137578+00:00,SAVANT_ARSENAL_SCHEMA_V1,CURRENT
684442,"Drake, Kohl",2026.0,77.0,13.0,16.9,7.8,21.5,44.3,0.43,0.317,0.625,49.1,16.4,73.0,38.4,3.0,36.6,CH,Changeup,17.2,56,25.0,0.1,0.1,0.09,2.5,BASEBALL_SAVANT_CURRENT_SEASON,2026-08-20T23:43:02.137578+00:00,SAVANT_ARSENAL_SCHEMA_V1,CURRENT
656786,"Mushinski, Parker",2026.0,34.0,0.0,0.0,14.7,12.1,41.7,0.39,0.325,0.459,37.9,3.4,70.6,24.0,2.0,44.7,ST,Sweeper,28.8,40,0.0,0.1,0.2,0.215,1.9,BASEBALL_SAVANT_CURRENT_SEASON,2026-08-20T23:43:02.137578+00:00,SAVANT_ARSENAL_SCHEMA_V1,CURRENT
657514,"Bernardino, Brennan",2026.0,215.0,37.0,17.2,6.5,21.8,46.4,0.312,0.259,0.399,32.5,5.7,71.4,20.3,7.0,37.7,FF,4-Seam Fastball,5.5,45,8.7,0.375,0.5,0.445,-2.0,BASEBALL_SAVANT_CURRENT_SEASON,2026-08-20T23:43:02.137578+00:00,SAVANT_ARSENAL_SCHEMA_V1,CURRENT
671345,"Foley, Jason",2026.0,42.0,6.0,14.3,11.9,17.5,41.7,0.283,0.221,0.346,29.0,6.5,71.4,23.2,1.0,37.0,FS,Split-Finger,16.6,25,16.7,0.143,0.429,0.3,1.3,BASEBALL_SAVANT_CURRENT_SEASON,2026-08-20T23:43:02.137578+00:00,SAVANT_ARSENAL_SCHEMA_V1,CURRENT
692230,"Rodriguez, Carlos",2026.0,42.0,8.0,19.0,9.5,26.4,50.0,0.282,0.228,0.327,16.7,3.3,71.7,30.8,1.0,25.9,FC,Cutter,26.9,49,0.0,0.2,0.2,0.18,3.8,BASEBALL_SAVANT_CURRENT_SEASON,2026-08-20T23:43:02.137578+00:00,SAVANT_ARSENAL_SCHEMA_V1,CURRENT
592094,"Adam, Jason",2026.0,134.0,22.0,16.4,6.0,28.6,53.4,0.288,0.224,0.371,36.3,6.9,72.7,30.3,3.0,30.8,ST,Sweeper,6.9,38,15.8,0.222,0.222,0.25,-0.3,BASEBALL_SAVANT_CURRENT_SEASON,2026-08-20T23:43:02.137578+00:00,SAVANT_ARSENAL_SCHEMA_V1,CURRENT
657649,"Koenig, Jared",2026.0,41.0,7.0,17.1,17.1,20.6,42.2,0.337,0.246,0.416,46.2,7.7,72.5,29.0,1.0,38.0,FC,Cutter,26.7,43,12.5,0.625,1.25,0.778,-7.0,BASEBALL_SAVANT_CURRENT_SEASON,2026-08-20T23:43:02.137578+00:00,SAVANT_ARSENAL_SCHEMA_V1,CURRENT
666374,"Brash, Matt",2026.0,64.0,15.0,23.4,9.4,32.1,40.5,0.316,0.234,0.347,40.0,5.0,71.8,26.4,3.0,34.9,CH,Changeup,13.4,35,0.0,0.111,0.111,0.1,5.0,BASEBALL_SAVANT_CURRENT_SEASON,2026-08-20T23:43:02.137578+00:00,SAVANT_ARSENAL_SCHEMA_V1,CURRENT
691946,"Klassen, George",2026.0,101.0,21.0,20.8,17.8,33.3,46.4,0.35,0.246,0.381,41.0,9.8,74.3,43.7,8.0,30.2,SI,Sinker,8.2,33,0.0,0.0,0.0,0.389,-0.9,BASEBALL_SAVANT_CURRENT_SEASON,2026-08-20T23:43:02.137578+00:00,SAVANT_ARSENAL_SCHEMA_V1,CURRENT
666129,"Garrett, Braxton",2026.0,28.0,5.0,17.9,28.6,23.5,39.5,0.386,0.24,0.389,26.7,14.3,74.0,43.8,2.0,18.4,ST,Sweeper,20.2,26,22.2,0.25,0.5,0.4,-0.9,BASEBALL_SAVANT_CURRENT_SEASON,2026-08-20T23:43:02.137578+00:00,SAVANT_ARSENAL_SCHEMA_V1,CURRENT
680767,"Vodnik, Victor",2026.0,197.0,31.0,15.7,12.2,23.7,47.1,0.319,0.245,0.368,40.3,5.8,72.2,27.3,6.0,34.4,FC,Cutter,1.8,14,100.0,0.222,0.667,0.361,1.3,BASEBALL_SAVANT_CURRENT_SEASON,2026-08-20T23:43:02.137578+00:00,SAVANT_ARSENAL_SCHEMA_V1,CURRENT
682610,"Muñoz, Roddery",2026.0,25.0,6.0,24.0,24.0,43.5,41.1,0.44,0.291,0.556,76.9,15.4,70.9,22.0,1.0,47.8,FF,4-Seam Fastball,25.9,29,25.0,0.333,1.0,0.594,-6.5,BASEBALL_SAVANT_CURRENT_SEASON,2026-08-20T23:43:02.137578+00:00,SAVANT_ARSENAL_SCHEMA_V1,CURRENT
694360,"Way, Beck",2026.0,105.0,21.0,20.0,9.5,25.9,44.7,0.341,0.257,0.395,42.5,6.8,72.0,22.6,4.0,40.2,ST,Sweeper,15.7,61,11.4,0.222,0.222,0.2,-0.1,BASEBALL_SAVANT_CURRENT_SEASON,2026-08-20T23:43:02.137578+00:00,SAVANT_ARSENAL_SCHEMA_V1,CURRENT
608344,"Irvin, Cole",2026.0,30.0,5.0,16.7,10.0,18.2,53.9,0.39,0.287,0.512,52.4,9.5,72.8,34.0,0.0,35.7,SI,Sinker,22.5,23,50.0,0.167,0.167,0.433,-0.8,BASEBALL_SAVANT_CURRENT_SEASON,2026-08-20T23:43:02.137578+00:00,SAVANT_ARSENAL_SCHEMA_V1,CURRENT
594835,"Gonzales, Marco",2026.0,29.0,3.0,10.3,13.8,17.3,44.1,0.267,0.208,0.294,22.7,4.5,71.0,9.1,1.0,35.1,CH,Changeup,21.2,25,0.0,0.444,0.556,0.439,-6.4,BASEBALL_SAVANT_CURRENT_SEASON,2026-08-20T23:43:02.137578+00:00,SAVANT_ARSENAL_SCHEMA_V1,CURRENT
805123,"Blubaugh, AJ",2026.0,324.0,79.0,24.4,10.2,28.8,49.0,0.306,0.218,0.379,36.7,9.6,71.5,22.2,13.0,28.7,FC,Cutter,4.8,64,0.0,0.25,0.25,0.278,0.2,BASEBALL_SAVANT_CURRENT_SEASON,2026-08-20T23:43:02.137578+00:00,SAVANT_ARSENAL_SCHEMA_V1,CURRENT
676568,"Vanasco, Ricky",2026.0,40.0,4.0,10.0,15.0,20.6,40.0,0.399,0.294,0.519,43.3,6.7,71.0,19.7,1.0,37.5,CU,Curveball,22.9,39,0.0,0.571,0.857,0.733,-9.8,BASEBALL_SAVANT_CURRENT_SEASON,2026-08-20T23:43:02.137578+00:00,SAVANT_ARSENAL_SCHEMA_V1,CURRENT
682982,"Espino, Daniel",2026.0,27.0,12.0,44.4,14.8,43.4,44.2,0.279,0.203,0.278,45.5,9.1,71.7,17.6,1.0,20.0,SL,Slider,24.2,29,14.3,0.333,0.667,0.422,-3.1,BASEBALL_SAVANT_CURRENT_SEASON,2026-08-20T23:43:02.137578+00:00,SAVANT_ARSENAL_SCHEMA_V1,CURRENT
699008,"Kelly, Antwone",2026.0,32.0,4.0,12.5,12.5,11.7,48.8,0.345,0.286,0.395,37.5,4.2,72.0,33.9,1.0,32.0,ST,Sweeper,26.8,33,11.8,0.25,0.625,0.4,-2.4,BASEBALL_SAVANT_CURRENT_SEASON,2026-08-20T23:43:02.137578+00:00,SAVANT_ARSENAL_SCHEMA_V1,CURRENT
689818,"Sandlin, David",2026.0,106.0,24.0,22.6,11.3,22.8,45.0,0.318,0.23,0.39,30.4,10.1,71.1,18.9,2.0,29.7,CH,Changeup,6.6,27,17.6,0.111,0.333,0.178,1.4,BASEBALL_SAVANT_CURRENT_SEASON,2026-08-20T23:43:02.137578+00:00,SAVANT_ARSENAL_SCHEMA_V1,CURRENT
684442,"Drake, Kohl",2026.0,77.0,13.0,16.9,7.8,21.5,44.3,0.43,0.317,0.625,49.1,16.4,73.0,38.4,3.0,36.6,FC,Cutter,12.6,41,0.0,0.571,0.714,0.594,-5.1,BASEBALL_SAVANT_CURRENT_SEASON,2026-08-20T23:43:02.137578+00:00,SAVANT_ARSENAL_SCHEMA_V1,CURRENT
671096,"Abbott, Andrew",2026.0,604.0,108.0,17.9,10.9,22.4,46.6,0.331,0.256,0.415,38.2,7.7,72.6,29.4,25.0,30.9,FC,Cutter,2.7,64,25.0,0.375,0.75,0.5,-0.1,BASEBALL_SAVANT_CURRENT_SEASON,2026-08-20T23:43:02.137578+00:00,SAVANT_ARSENAL_SCHEMA_V1,CURRENT
683627,"Molina, Anthony",2026.0,21.0,2.0,9.5,4.8,17.1,46.6,0.36,0.297,0.504,33.3,5.6,70.8,11.1,0.0,31.0,FF,4-Seam Fastball,36.4,32,0.0,0.375,0.75,0.5,-5.7,BASEBALL_SAVANT_CURRENT_SEASON,2026-08-20T23:43:02.137578+00:00,SAVANT_ARSENAL_SCHEMA_V1,CURRENT
663485,"Sands, Cole",2026.0,56.0,11.0,19.6,8.9,23.3,49.3,0.364,0.268,0.507,56.4,10.3,72.4,29.8,1.0,43.1,CU,Curveball,12.9,27,26.7,0.333,0.333,0.3,-2.3,BASEBALL_SAVANT_CURRENT_SEASON,2026-08-20T23:43:02.137578+00:00,SAVANT_ARSENAL_SCHEMA_V1,CURRENT
607481,"Bummer, Aaron",2026.0,88.0,13.0,14.8,12.5,19.5,47.0,0.382,0.271,0.521,49.2,12.7,71.9,27.1,3.0,40.2,FC,Cutter,10.1,33,0.0,0.0,0.0,0.156,5.1,BASEBALL_SAVANT_CURRENT_SEASON,2026-08-20T23:43:02.137578+00:00,SAVANT_ARSENAL_SCHEMA_V1,CURRENT
623465,"Phillips, Evan",2026.0,60.0,14.0,23.3,6.7,23.9,46.6,0.332,0.243,0.498,38.1,14.3,71.7,24.2,2.0,36.8,FC,Cutter,12.4,29,0.0,0.556,0.667,0.539,-3.3,BASEBALL_SAVANT_CURRENT_SEASON,2026-08-20T23:43:02.137578+00:00,SAVANT_ARSENAL_SCHEMA_V1,CURRENT
668834,"McGee, Easton",2026.0,35.0,7.0,20.0,11.4,22.5,59.7,0.369,0.297,0.463,37.5,12.5,72.5,32.3,0.0,33.3,CU,Curveball,21.0,25,30.0,0.25,0.375,0.317,-1.4,BASEBALL_SAVANT_CURRENT_SEASON,2026-08-20T23:43:02.137578+00:00,SAVANT_ARSENAL_SCHEMA_V1,CURRENT
605488,"Springs, Jeffrey",2026.0,504.0,89.0,17.7,9.3,23.3,46.2,0.344,0.257,0.458,35.3,9.7,71.9,24.4,16.0,34.2,FC,Cutter,1.8,35,13.3,0.125,0.125,0.178,0.6,BASEBALL_SAVANT_CURRENT_SEASON,2026-08-20T23:43:02.137578+00:00,SAVANT_ARSENAL_SCHEMA_V1,CURRENT
696146,"Smith, Hagen",2026.0,21.0,7.0,33.3,28.6,28.6,37.6,0.341,0.183,0.277,62.5,12.5,71.3,31.3,1.0,25.0,FF,4-Seam Fastball,46.2,43,25.0,0.0,0.0,0.233,2.2,BASEBALL_SAVANT_CURRENT_SEASON,2026-08-20T23:43:02.137578+00:00,SAVANT_ARSENAL_SCHEMA_V1,CURRENT
650960,"Duarte, Daniel",2026.0,76.0,19.0,25.0,6.6,22.9,54.5,0.241,0.188,0.282,21.6,5.9,71.9,29.8,3.0,17.8,FF,4-Seam Fastball,14.4,45,18.2,0.0,0.0,0.0,2.5,BASEBALL_SAVANT_CURRENT_SEASON,2026-08-20T23:43:02.137578+00:00,SAVANT_ARSENAL_SCHEMA_V1,CURRENT
623437,"Topa, Justin",2026.0,92.0,12.0,13.0,12.0,14.1,43.5,0.376,0.291,0.491,45.6,9.1,71.8,23.3,1.0,34.8,ST,Sweeper,16.7,60,4.5,0.444,1.222,0.683,-6.6,BASEBALL_SAVANT_CURRENT_SEASON,2026-08-20T23:43:02.137578+00:00,SAVANT_ARSENAL_SCHEMA_V1,CURRENT
656794,"Newcomb, Sean",2026.0,283.0,64.0,22.6,9.5,24.4,44.4,0.304,0.246,0.348,37.1,5.4,71.2,18.2,9.0,35.0,CU,Curveball,2.4,26,10.5,0.0,0.0,0.078,3.5,BASEBALL_SAVANT_CURRENT_SEASON,2026-08-20T23:43:02.137578+00:00,SAVANT_ARSENAL_SCHEMA_V1,CURRENT
605218,"Edwards Jr., Carl",2026.0,25.0,11.0,44.0,16.0,51.2,43.4,0.258,0.159,0.25,40.0,10.0,72.3,27.5,2.0,45.0,CU,Curveball,30.3,30,33.3,0.25,0.625,0.4,-5.4,BASEBALL_SAVANT_CURRENT_SEASON,2026-08-20T23:43:02.137578+00:00,SAVANT_ARSENAL_SCHEMA_V1,CURRENT
814305,"Tur, Yunior",2026.0,34.0,6.0,17.6,11.8,37.3,49.2,0.55,0.379,0.874,34.8,27.3,72.3,24.5,2.0,34.3,FF,4-Seam Fastball,29.2,35,0.0,0.714,1.714,0.939,-13.1,BASEBALL_SAVANT_CURRENT_SEASON,2026-08-20T23:43:02.137578+00:00,SAVANT_ARSENAL_SCHEMA_V1,CURRENT
657044,"Thompson, Ryan",2026.0,186.0,29.0,15.6,7.0,19.2,48.6,0.311,0.275,0.381,34.0,4.3,72.3,29.3,4.0,34.8,FF,4-Seam Fastball,4.3,28,20.0,0.375,0.875,0.539,-7.6,BASEBALL_SAVANT_CURRENT_SEASON,2026-08-20T23:43:02.137578+00:00,SAVANT_ARSENAL_SCHEMA_V1,CURRENT
547184,"Kelly, Michael",2026.0,32.0,6.0,18.8,18.8,24.1,44.6,0.435,0.349,0.522,45.0,15.0,71.2,15.9,2.0,24.2,FF,4-Seam Fastball,22.3,27,30.8,0.429,1.0,0.611,-6.7,BASEBALL_SAVANT_CURRENT_SEASON,2026-08-20T23:43:02.137578+00:00,SAVANT_ARSENAL_SCHEMA_V1,CURRENT
676467,"Gordon, Colton",2026.0,50.0,11.0,22.0,6.0,17.2,49.0,0.41,0.327,0.587,48.6,11.4,70.6,13.2,4.0,25.6,ST,Sweeper,29.7,60,4.3,0.75,1.25,0.761,-3.7,BASEBALL_SAVANT_CURRENT_SEASON,2026-08-20T23:43:02.137578+00:00,SAVANT_ARSENAL_SCHEMA_V1,CURRENT
676105,"Criswell, Jeff",2026.0,18.0,3.0,16.7,16.7,27.0,46.8,0.436,0.3,0.613,25.0,16.7,72.6,26.1,0.0,35.7,SL,Slider,46.8,37,7.7,0.25,0.625,0.4,-2.5,BASEBALL_SAVANT_CURRENT_SEASON,2026-08-20T23:43:02.137578+00:00,SAVANT_ARSENAL_SCHEMA_V1,CURRENT
814305,"Tur, Yunior",2026.0,34.0,6.0,17.6,11.8,37.3,49.2,0.55,0.379,0.874,34.8,27.3,72.3,24.5,2.0,34.3,FC,Cutter,30.0,36,20.0,0.286,0.714,0.478,-2.7,BASEBALL_SAVANT_CURRENT_SEASON,2026-08-20T23:43:02.137578+00:00,SAVANT_ARSENAL_SCHEMA_V1,CURRENT
681751,"Estrada, Lazaro",2026.0,57.0,9.0,15.8,17.5,23.8,44.3,0.333,0.217,0.366,40.5,8.1,71.1,15.9,2.0,34.3,CU,Curveball,16.2,37,20.0,0.0,0.0,0.0,5.2,BASEBALL_SAVANT_CURRENT_SEASON,2026-08-20T23:43:02.137578+00:00,SAVANT_ARSENAL_SCHEMA_V1,CURRENT
701656,"Henderson, Logan",2026.0,240.0,75.0,31.3,5.0,28.1,53.9,0.256,0.204,0.337,37.5,8.6,72.1,26.0,6.0,27.4,ST,Sweeper,3.4,32,19.0,0.222,0.333,0.239,-1.4,BASEBALL_SAVANT_CURRENT_SEASON,2026-08-20T23:43:02.137578+00:00,SAVANT_ARSENAL_SCHEMA_V1,CURRENT
694646,"McDermott, Chayce",2026.0,25.0,4.0,16.0,8.0,23.1,48.6,0.382,0.259,0.59,36.8,21.1,72.1,29.8,0.0,36.1,FC,Cutter,42.1,45,20.0,0.286,1.0,0.538,-1.4,BASEBALL_SAVANT_CURRENT_SEASON,2026-08-20T23:43:02.137578+00:00,SAVANT_ARSENAL_SCHEMA_V1,CURRENT
801403,"Dollander, Chase",2026.0,189.0,47.0,24.9,9.5,28.0,48.0,0.307,0.217,0.387,52.1,9.9,72.2,26.4,5.0,32.8,CU,Curveball,7.9,59,28.6,0.286,0.286,0.278,-1.4,BASEBALL_SAVANT_CURRENT_SEASON,2026-08-20T23:43:02.137578+00:00,SAVANT_ARSENAL_SCHEMA_V1,CURRENT
663855,"Hicks, Jordan",2026.0,168.0,45.0,26.8,14.9,25.2,44.1,0.268,0.207,0.261,33.0,1.0,70.7,19.4,4.0,28.3,FS,Split-Finger,3.2,21,38.5,0.222,0.222,0.2,1.9,BASEBALL_SAVANT_CURRENT_SEASON,2026-08-20T23:43:02.137578+00:00,SAVANT_ARSENAL_SCHEMA_V1,CURRENT
690953,"Abel, Mick",2026.0,93.0,23.0,24.7,10.8,28.8,49.6,0.349,0.274,0.413,40.4,5.3,70.9,15.5,1.0,25.6,ST,Sweeper,10.6,38,5.9,0.125,0.125,0.178,0.6,BASEBALL_SAVANT_CURRENT_SEASON,2026-08-20T23:43:02.137578+00:00,SAVANT_ARSENAL_SCHEMA_V1,CURRENT
621383,"Banks, Tanner",2026.0,146.0,32.0,21.9,8.9,23.2,50.1,0.323,0.262,0.419,33.7,7.0,70.9,18.2,4.0,32.4,CH,Changeup,4.9,27,15.0,0.25,0.625,0.322,-2.0,BASEBALL_SAVANT_CURRENT_SEASON,2026-08-20T23:43:02.137578+00:00,SAVANT_ARSENAL_SCHEMA_V1,CURRENT
670090,"Mills, Wyatt",2026.0,36.0,5.0,13.9,25.0,22.6,41.6,0.368,0.234,0.293,25.0,0.0,71.9,25.9,0.0,30.0,SL,Slider,29.5,44,20.0,0.0,0.0,0.156,4.1,BASEBALL_SAVANT_CURRENT_SEASON,2026-08-20T23:43:02.137578+00:00,SAVANT_ARSENAL_SCHEMA_V1,CURRENT
702752,"Pintaro, Jonathan",2026.0,77.0,18.0,23.4,13.0,25.7,43.7,0.32,0.216,0.364,40.4,6.5,72.1,26.1,2.0,27.5,FF,4-Seam Fastball,10.6,33,35.3,0.143,0.143,0.256,0.2,BASEBALL_SAVANT_CURRENT_SEASON,2026-08-20T23:43:02.137578+00:00,SAVANT_ARSENAL_SCHEMA_V1,CURRENT
693312,"Nicolas, Kyle",2026.0,42.0,7.0,16.7,31.0,23.7,29.8,0.434,0.272,0.444,31.8,5.0,72.1,19.6,0.0,23.3,SL,Slider,33.3,66,0.0,0.167,0.167,0.429,-0.3,BASEBALL_SAVANT_CURRENT_SEASON,2026-08-20T23:43:02.137578+00:00,SAVANT_ARSENAL_SCHEMA_V1,CURRENT
650960,"Duarte, Daniel",2026.0,76.0,19.0,25.0,6.6,22.9,54.5,0.241,0.188,0.282,21.6,5.9,71.9,29.8,3.0,17.8,CH,Changeup,11.9,37,5.9,0.111,0.111,0.1,4.2,BASEBALL_SAVANT_CURRENT_SEASON,2026-08-20T23:43:02.137578+00:00,SAVANT_ARSENAL_SCHEMA_V1,CURRENT
804636,"Tong, Jonah",2026.0,47.0,7.0,14.9,14.9,23.4,50.3,0.309,0.206,0.367,30.3,6.1,73.0,30.1,0.0,32.3,FC,Cutter,20.3,38,0.0,0.286,0.714,0.4,-0.3,BASEBALL_SAVANT_CURRENT_SEASON,2026-08-20T23:43:02.137578+00:00,SAVANT_ARSENAL_SCHEMA_V1,CURRENT
657756,"Seabold, Connor",2026.0,113.0,20.0,17.7,8.0,20.0,47.3,0.308,0.253,0.364,37.0,6.3,71.1,17.9,1.0,30.5,FC,Cutter,10.1,48,0.0,0.286,0.286,0.4,-1.1,BASEBALL_SAVANT_CURRENT_SEASON,2026-08-20T23:43:02.137578+00:00,SAVANT_ARSENAL_SCHEMA_V1,CURRENT
669310,"Van Eyk, CJ",2026.0,31.0,1.0,3.2,3.2,12.9,48.4,0.363,0.309,0.46,46.4,3.6,72.9,31.0,1.0,25.5,CU,Curveball,22.7,29,11.1,0.333,0.333,0.4,-2.1,BASEBALL_SAVANT_CURRENT_SEASON,2026-08-20T23:43:02.137578+00:00,SAVANT_ARSENAL_SCHEMA_V1,CURRENT
676661,"Lazar, Max",2026.0,35.0,5.0,14.3,8.6,19.4,48.4,0.33,0.241,0.453,40.7,11.5,70.9,19.0,2.0,40.0,FC,Cutter,20.3,26,16.7,0.25,0.25,0.2,1.1,BASEBALL_SAVANT_CURRENT_SEASON,2026-08-20T23:43:02.137578+00:00,SAVANT_ARSENAL_SCHEMA_V1,CURRENT
680704,"Sandlin, Nick",2026.0,40.0,6.0,15.0,12.5,31.1,38.9,0.377,0.238,0.463,38.5,7.7,72.4,26.3,0.0,35.9,FS,Split-Finger,23.6,37,16.7,0.375,0.625,0.456,-4.4,BASEBALL_SAVANT_CURRENT_SEASON,2026-08-20T23:43:02.137578+00:00,SAVANT_ARSENAL_SCHEMA_V1,CURRENT
592866,"Williams, Trevor",2026.0,59.0,19.0,32.2,5.1,24.6,50.8,0.253,0.208,0.306,33.3,5.6,71.3,18.5,2.0,24.5,SI,Sinker,14.8,39,0.0,0.625,1.125,0.739,-7.3,BASEBALL_SAVANT_CURRENT_SEASON,2026-08-20T23:43:02.137578+00:00,SAVANT_ARSENAL_SCHEMA_V1,CURRENT
670090,"Mills, Wyatt",2026.0,36.0,5.0,13.9,25.0,22.6,41.6,0.368,0.234,0.293,25.0,0.0,71.9,25.9,0.0,30.0,SI,Sinker,26.8,40,0.0,0.333,0.333,0.433,-3.1,BASEBALL_SAVANT_CURRENT_SEASON,2026-08-20T23:43:02.137578+00:00,SAVANT_ARSENAL_SCHEMA_V1,CURRENT
666974,"Cano, Yennier",2026.0,172.0,38.0,22.1,5.2,26.7,45.2,0.276,0.226,0.337,38.2,5.9,72.2,26.2,3.0,39.1,FF,4-Seam Fastball,5.0,33,25.0,0.286,0.857,0.517,-5.3,BASEBALL_SAVANT_CURRENT_SEASON,2026-08-20T23:43:02.137578+00:00,SAVANT_ARSENAL_SCHEMA_V1,CURRENT
642152,"Trivino III, Lou",2026.0,36.0,7.0,19.4,19.4,31.7,43.8,0.33,0.217,0.323,38.1,4.8,71.8,21.8,4.0,25.6,FC,Cutter,31.3,45,25.0,0.286,0.286,0.356,0.5,BASEBALL_SAVANT_CURRENT_SEASON,2026-08-20T23:43:02.137578+00:00,SAVANT_ARSENAL_SCHEMA_V1,CURRENT
642048,"Saucedo, Tayler",2026.0,41.0,12.0,29.3,4.9,38.5,48.4,0.313,0.238,0.426,42.3,11.5,71.9,26.7,6.0,33.3,FF,4-Seam Fastball,19.3,31,30.8,0.222,0.667,0.361,-1.6,BASEBALL_SAVANT_CURRENT_SEASON,2026-08-20T23:43:02.137578+00:00,SAVANT_ARSENAL_SCHEMA_V1,CURRENT
664854,"Helsley, Ryan",2026.0,68.0,21.0,30.9,13.2,37.9,45.4,0.265,0.185,0.296,47.4,5.3,71.4,18.6,2.0,40.0,FS,Split-Finger,12.1,33,33.3,0.111,0.111,0.1,5.1,BASEBALL_SAVANT_CURRENT_SEASON,2026-08-20T23:43:02.137578+00:00,SAVANT_ARSENAL_SCHEMA_V1,CURRENT
608371,"Sims, Lucas",2026.0,46.0,10.0,21.7,15.2,21.6,43.3,0.33,0.22,0.356,39.3,7.1,71.3,20.6,0.0,28.0,ST,Sweeper,20.5,35,27.3,0.143,0.286,0.294,-0.5,BASEBALL_SAVANT_CURRENT_SEASON,2026-08-20T23:43:02.137578+00:00,SAVANT_ARSENAL_SCHEMA_V1,CURRENT
695049,"Kerry, Brett",2026.0,54.0,12.0,22.2,3.7,26.7,49.5,0.27,0.231,0.361,42.5,5.0,72.7,33.7,2.0,36.4,CH,Changeup,22.2,47,18.8,0.0,0.0,0.0,4.3,BASEBALL_SAVANT_CURRENT_SEASON,2026-08-20T23:43:02.137578+00:00,SAVANT_ARSENAL_SCHEMA_V1,CURRENT
592779,"Stewart, Brock",2026.0,58.0,16.0,27.6,8.6,30.6,48.7,0.214,0.157,0.236,21.6,2.7,71.8,23.8,1.0,23.9,CH,Changeup,17.1,39,33.3,0.0,0.0,0.178,0.9,BASEBALL_SAVANT_CURRENT_SEASON,2026-08-20T23:43:02.137578+00:00,SAVANT_ARSENAL_SCHEMA_V1,CURRENT
678576,"Ramos, Wilkin",2026.0,15.0,1.0,6.7,26.7,26.1,37.7,0.459,0.388,0.47,50.0,0.0,70.9,15.8,2.0,40.0,SI,Sinker,60.7,37,0.0,0.571,0.571,0.556,-4.8,BASEBALL_SAVANT_CURRENT_SEASON,2026-08-20T23:43:02.137578+00:00,SAVANT_ARSENAL_SCHEMA_V1,CURRENT
801434,"Gervase, Paul",2026.0,34.0,8.0,23.5,14.7,28.0,40.3,0.306,0.238,0.313,42.9,4.8,74.1,40.5,0.0,33.3,SL,Slider,38.7,48,12.5,0.25,0.25,0.278,0.9,BASEBALL_SAVANT_CURRENT_SEASON,2026-08-20T23:43:02.137578+00:00,SAVANT_ARSENAL_SCHEMA_V1,CURRENT
679358,"Orze, Eric",2026.0,189.0,36.0,19.0,11.1,21.8,43.4,0.313,0.253,0.367,29.2,7.0,72.0,29.4,2.0,33.7,CU,Curveball,9.3,63,7.1,0.444,0.444,0.4,-0.8,BASEBALL_SAVANT_CURRENT_SEASON,2026-08-20T23:43:02.137578+00:00,SAVANT_ARSENAL_SCHEMA_V1,CURRENT
669711,"Weissert, Greg",2026.0,204.0,47.0,23.0,7.8,23.3,48.9,0.302,0.229,0.388,33.3,6.5,71.9,22.8,3.0,30.5,SL,Slider,8.5,68,22.2,0.25,0.75,0.439,-0.9,BASEBALL_SAVANT_CURRENT_SEASON,2026-08-20T23:43:02.137578+00:00,SAVANT_ARSENAL_SCHEMA_V1,CURRENT
804619,"Klein, John",2026.0,19.0,2.0,10.5,21.1,10.3,47.6,0.352,0.183,0.291,38.5,7.7,71.5,22.9,0.0,15.6,FF,4-Seam Fastball,50.0,41,5.6,0.5,1.167,0.694,-5.3,BASEBALL_SAVANT_CURRENT_SEASON,2026-08-20T23:43:02.137578+00:00,SAVANT_ARSENAL_SCHEMA_V1,CURRENT
608337,"Giolito, Lucas",2026.0,138.0,18.0,13.0,16.7,24.0,40.8,0.357,0.262,0.406,43.8,4.2,72.5,28.2,7.0,38.4,CU,Curveball,6.7,37,0.0,0.222,0.556,0.322,-2.7,BASEBALL_SAVANT_CURRENT_SEASON,2026-08-20T23:43:02.137578+00:00,SAVANT_ARSENAL_SCHEMA_V1,CURRENT
687223,"Palmquist, Carson",2026.0,78.0,15.0,19.2,10.3,22.5,48.2,0.337,0.271,0.374,23.1,3.8,71.7,23.2,1.0,28.4,FF,4-Seam Fastball,15.7,49,13.6,0.333,0.833,0.556,-6.1,BASEBALL_SAVANT_CURRENT_SEASON,2026-08-20T23:43:02.137578+00:00,SAVANT_ARSENAL_SCHEMA_V1,CURRENT
696146,"Smith, Hagen",2026.0,21.0,7.0,33.3,28.6,28.6,37.6,0.341,0.183,0.277,62.5,12.5,71.3,31.3,1.0,25.0,SL,Slider,24.7,23,23.1,0.143,0.571,0.378,-3.2,BASEBALL_SAVANT_CURRENT_SEASON,2026-08-20T23:43:02.137578+00:00,SAVANT_ARSENAL_SCHEMA_V1,CURRENT
681916,"Smith, Dylan",2026.0,112.0,33.0,29.5,10.7,28.1,49.4,0.287,0.206,0.353,44.6,7.7,72.5,27.1,5.0,26.8,FS,Split-Finger,6.0,27,30.0,0.143,0.143,0.256,1.7,BASEBALL_SAVANT_CURRENT_SEASON,2026-08-20T23:43:02.137578+00:00,SAVANT_ARSENAL_SCHEMA_V1,CURRENT
695549,"Jobe, Jackson",2026.0,61.0,11.0,18.0,8.2,19.5,48.9,0.378,0.282,0.482,40.5,12.2,71.8,27.0,2.0,31.0,CH,Changeup,11.7,27,25.0,0.125,0.125,0.178,1.5,BASEBALL_SAVANT_CURRENT_SEASON,2026-08-20T23:43:02.137578+00:00,SAVANT_ARSENAL_SCHEMA_V1,CURRENT
672282,"Detmers, Reid",2026.0,579.0,167.0,28.8,7.4,29.6,49.2,0.283,0.214,0.363,38.2,8.3,72.0,26.2,33.0,33.5,SI,Sinker,1.3,29,14.3,0.167,0.167,0.375,-2.4,BASEBALL_SAVANT_CURRENT_SEASON,2026-08-20T23:43:02.137578+00:00,SAVANT_ARSENAL_SCHEMA_V1,CURRENT
646241,"De Jesus, Enmanuel",2026.0,177.0,39.0,22.0,8.5,24.3,47.5,0.324,0.254,0.409,43.8,7.4,71.6,22.1,4.0,38.9,SL,Slider,5.8,39,9.1,0.429,0.857,0.578,-5.8,BASEBALL_SAVANT_CURRENT_SEASON,2026-08-20T23:43:02.137578+00:00,SAVANT_ARSENAL_SCHEMA_V1,CURRENT
601713,"Pivetta, Nick",2026.0,66.0,24.0,36.4,9.1,26.1,48.8,0.212,0.154,0.228,30.6,2.8,71.6,21.5,6.0,23.2,CU,Curveball,17.7,50,23.1,0.375,0.375,0.378,-0.5,BASEBALL_SAVANT_CURRENT_SEASON,2026-08-20T23:43:02.137578+00:00,SAVANT_ARSENAL_SCHEMA_V1,CURRENT
684007,"Imanaga, Shota",2026.0,578.0,140.0,24.2,5.5,29.4,51.5,0.302,0.235,0.411,35.4,10.0,72.6,31.3,16.0,31.9,SL,Slider,2.0,45,7.7,0.375,0.375,0.378,0.0,BASEBALL_SAVANT_CURRENT_SEASON,2026-08-20T23:43:02.137578+00:00,SAVANT_ARSENAL_SCHEMA_V1,CURRENT
605135,"Bassitt, Chris",2026.0,309.0,46.0,14.9,8.4,20.9,45.8,0.344,0.286,0.411,35.8,4.4,71.2,22.7,5.0,36.7,SL,Slider,2.2,25,0.0,0.125,0.125,0.278,2.4,BASEBALL_SAVANT_CURRENT_SEASON,2026-08-20T23:43:02.137578+00:00,SAVANT_ARSENAL_SCHEMA_V1,CURRENT
666171,"Zeferjahn, Ryan",2026.0,251.0,82.0,32.7,13.5,33.3,40.0,0.281,0.178,0.286,36.8,6.5,71.5,23.2,5.0,30.2,CU,Curveball,2.6,28,18.8,0.286,0.286,0.356,-4.3,BASEBALL_SAVANT_CURRENT_SEASON,2026-08-20T23:43:02.137578+00:00,SAVANT_ARSENAL_SCHEMA_V1,CURRENT
678368,"Bellozo, Valente",2026.0,48.0,8.0,16.7,14.6,29.5,45.9,0.475,0.316,0.737,50.0,15.6,71.9,22.9,1.0,47.1,ST,Sweeper,21.2,36,11.1,0.143,0.571,0.338,-5.0,BASEBALL_SAVANT_CURRENT_SEASON,2026-08-20T23:43:02.137578+00:00,SAVANT_ARSENAL_SCHEMA_V1,CURRENT
693433,"Woo, Bryan",2026.0,563.0,137.0,24.3,5.2,24.8,53.4,0.293,0.237,0.383,43.3,6.9,72.1,26.1,13.0,31.4,CU,Curveball,1.6,34,22.2,0.25,0.375,0.317,-4.0,BASEBALL_SAVANT_CURRENT_SEASON,2026-08-20T23:43:02.137578+00:00,SAVANT_ARSENAL_SCHEMA_V1,CURRENT
678368,"Bellozo, Valente",2026.0,48.0,8.0,16.7,14.6,29.5,45.9,0.475,0.316,0.737,50.0,15.6,71.9,22.9,1.0,47.1,CH,Changeup,18.2,31,23.1,0.143,0.143,0.256,-0.1,BASEBALL_SAVANT_CURRENT_SEASON,2026-08-20T23:43:02.137578+00:00,SAVANT_ARSENAL_SCHEMA_V1,CURRENT
666126,"Cortes, Carlos",2026.0,41.0,1.0,2.4,12.2,5.2,43.6,0.401,0.297,0.544,37.1,12.1,73.0,33.3,0.0,45.7,CH,Changeup,24.1,32,0.0,0.625,1.125,0.739,-8.2,BASEBALL_SAVANT_CURRENT_SEASON,2026-08-20T23:43:02.137578+00:00,SAVANT_ARSENAL_SCHEMA_V1,CURRENT
687765,"Spence, Mitch",2026.0,56.0,6.0,10.7,16.1,20.0,45.0,0.361,0.279,0.408,41.5,2.4,72.8,34.9,1.0,34.3,CU,Curveball,16.5,33,25.0,0.375,0.875,0.539,-9.1,BASEBALL_SAVANT_CURRENT_SEASON,2026-08-20T23:43:02.137578+00:00,SAVANT_ARSENAL_SCHEMA_V1,CURRENT
693313,"Seymour, Carson",2026.0,59.0,9.0,15.3,10.2,21.7,46.5,0.404,0.334,0.518,41.9,9.3,72.2,23.7,3.0,34.7,FC,Cutter,19.7,45,33.3,0.429,0.429,0.456,-2.2,BASEBALL_SAVANT_CURRENT_SEASON,2026-08-20T23:43:02.137578+00:00,SAVANT_ARSENAL_SCHEMA_V1,CURRENT
680604,"Castaño, Blas",2026.0,85.0,17.0,20.0,7.1,19.7,45.8,0.367,0.288,0.502,50.0,10.2,72.4,27.6,3.0,40.6,FF,4-Seam Fastball,8.5,29,6.3,0.25,0.25,0.313,0.7,BASEBALL_SAVANT_CURRENT_SEASON,2026-08-20T23:43:02.137578+00:00,SAVANT_ARSENAL_SCHEMA_V1,CURRENT
683742,"Franco, Jose",2026.0,92.0,15.0,16.3,16.3,20.6,44.5,0.347,0.236,0.391,33.9,10.0,71.6,13.4,5.0,33.6,CH,Changeup,13.5,47,11.1,0.429,0.571,0.469,-2.8,BASEBALL_SAVANT_CURRENT_SEASON,2026-08-20T23:43:02.137578+00:00,SAVANT_ARSENAL_SCHEMA_V1,CURRENT
657097,"Webb, Jacob",2026.0,232.0,63.0,27.2,8.6,33.8,51.2,0.3,0.24,0.369,41.6,6.2,72.0,26.7,7.0,30.0,CU,Curveball,6.7,63,0.0,0.143,0.143,0.2,1.9,BASEBALL_SAVANT_CURRENT_SEASON,2026-08-20T23:43:02.137578+00:00,SAVANT_ARSENAL_SCHEMA_V1,CURRENT
804267,"Thornton, Zac",2026.0,200.0,36.0,18.0,7.0,19.6,51.1,0.337,0.269,0.455,40.9,9.4,72.9,30.4,6.0,33.7,CH,Changeup,3.8,28,15.4,0.5,0.5,0.45,-3.2,BASEBALL_SAVANT_CURRENT_SEASON,2026-08-20T23:43:02.137578+00:00,SAVANT_ARSENAL_SCHEMA_V1,CURRENT
621112,"Blackburn, Paul",2026.0,274.0,57.0,20.8,9.9,22.9,46.3,0.291,0.23,0.345,33.3,5.8,72.0,26.5,9.0,29.4,FF,4-Seam Fastball,3.1,31,11.1,0.4,1.0,0.625,-5.1,BASEBALL_SAVANT_CURRENT_SEASON,2026-08-20T23:43:02.137578+00:00,SAVANT_ARSENAL_SCHEMA_V1,CURRENT
669684,"Murphy, Chris",2026.0,132.0,29.0,22.0,11.4,30.7,51.2,0.294,0.211,0.321,34.5,7.1,71.2,18.9,2.0,28.6,ST,Sweeper,5.7,30,20.0,0.125,0.25,0.156,-0.4,BASEBALL_SAVANT_CURRENT_SEASON,2026-08-20T23:43:02.137578+00:00,SAVANT_ARSENAL_SCHEMA_V1,CURRENT
694462,"Waldrep, Hurston",2026.0,56.0,9.0,16.1,17.9,23.3,40.0,0.359,0.231,0.389,34.3,8.6,74.0,46.8,2.0,33.9,SL,Slider,14.4,31,33.3,0.5,1.0,0.65,-4.7,BASEBALL_SAVANT_CURRENT_SEASON,2026-08-20T23:43:02.137578+00:00,SAVANT_ARSENAL_SCHEMA_V1,CURRENT
621107,"Eflin, Zach",2026.0,17.0,7.0,41.2,11.8,35.3,45.9,0.307,0.202,0.404,75.0,25.0,73.4,36.4,0.0,33.3,CH,Changeup,25.7,19,33.3,0.143,0.286,0.244,4.7,BASEBALL_SAVANT_CURRENT_SEASON,2026-08-20T23:43:02.137578+00:00,SAVANT_ARSENAL_SCHEMA_V1,CURRENT
701121,"VanWey, Logan",2026.0,22.0,5.0,22.7,0.0,25.0,50.0,0.239,0.237,0.344,41.2,5.9,72.2,18.2,0.0,40.0,ST,Sweeper,28.7,23,0.0,0.286,0.286,0.225,2.5,BASEBALL_SAVANT_CURRENT_SEASON,2026-08-20T23:43:02.137578+00:00,SAVANT_ARSENAL_SCHEMA_V1,CURRENT
641329,"Baker, Bryan",2026.0,193.0,56.0,29.0,8.3,29.3,54.3,0.258,0.197,0.303,35.0,6.7,71.9,22.9,4.0,23.9,SL,Slider,3.3,26,16.7,0.375,0.875,0.519,-9.3,BASEBALL_SAVANT_CURRENT_SEASON,2026-08-20T23:43:02.137578+00:00,SAVANT_ARSENAL_SCHEMA_V1,CURRENT
594835,"Gonzales, Marco",2026.0,29.0,3.0,10.3,13.8,17.3,44.1,0.267,0.208,0.294,22.7,4.5,71.0,9.1,1.0,35.1,FF,4-Seam Fastball,32.2,38,27.3,0.143,0.286,0.244,3.9,BASEBALL_SAVANT_CURRENT_SEASON,2026-08-20T23:43:02.137578+00:00,SAVANT_ARSENAL_SCHEMA_V1,CURRENT
689225,"Brieske, Beau",2026.0,39.0,8.0,20.5,10.3,21.3,53.7,0.33,0.241,0.435,48.1,11.1,72.2,28.4,0.0,25.4,SL,Slider,24.2,36,18.8,0.125,0.125,0.113,3.1,BASEBALL_SAVANT_CURRENT_SEASON,2026-08-20T23:43:02.137578+00:00,SAVANT_ARSENAL_SCHEMA_V1,CURRENT
687531,"Kempner, William",2026.0,50.0,14.0,28.0,8.0,34.1,45.7,0.306,0.231,0.355,23.3,3.3,71.0,17.5,3.0,33.9,SI,Sinker,14.6,29,20.0,0.0,0.0,0.0,6.1,BASEBALL_SAVANT_CURRENT_SEASON,2026-08-20T23:43:02.137578+00:00,SAVANT_ARSENAL_SCHEMA_V1,CURRENT
801434,"Gervase, Paul",2026.0,34.0,8.0,23.5,14.7,28.0,40.3,0.306,0.238,0.313,42.9,4.8,74.1,40.5,0.0,33.3,FC,Cutter,15.3,19,0.0,0.286,0.286,0.313,3.0,BASEBALL_SAVANT_CURRENT_SEASON,2026-08-20T23:43:02.137578+00:00,SAVANT_ARSENAL_SCHEMA_V1,CURRENT
663542,"Hudson, Bryan",2026.0,224.0,51.0,22.8,7.6,23.5,47.0,0.278,0.229,0.324,35.8,4.0,71.1,19.9,9.0,32.8,SI,Sinker,4.9,42,28.6,0.5,0.5,0.486,-1.3,BASEBALL_SAVANT_CURRENT_SEASON,2026-08-20T23:43:02.137578+00:00,SAVANT_ARSENAL_SCHEMA_V1,CURRENT
681751,"Estrada, Lazaro",2026.0,57.0,9.0,15.8,17.5,23.8,44.3,0.333,0.217,0.366,40.5,8.1,71.1,15.9,2.0,34.3,FC,Cutter,23.2,53,0.0,0.0,0.0,0.175,3.0,BASEBALL_SAVANT_CURRENT_SEASON,2026-08-20T23:43:02.137578+00:00,SAVANT_ARSENAL_SCHEMA_V1,CURRENT
518585,"Cruz, Fernando",2026.0,224.0,65.0,29.0,13.8,39.4,43.5,0.284,0.188,0.326,26.2,8.7,71.7,24.8,17.0,30.9,SI,Sinker,3.0,27,33.3,0.167,0.667,0.425,-5.4,BASEBALL_SAVANT_CURRENT_SEASON,2026-08-20T23:43:02.137578+00:00,SAVANT_ARSENAL_SCHEMA_V1,CURRENT
669713,"Wesneski, Hayden",2026.0,95.0,18.0,18.9,7.4,27.4,48.9,0.325,0.266,0.408,42.0,7.2,71.9,25.7,2.0,43.1,CH,Changeup,9.3,30,37.5,0.25,0.25,0.225,3.3,BASEBALL_SAVANT_CURRENT_SEASON,2026-08-20T23:43:02.137578+00:00,SAVANT_ARSENAL_SCHEMA_V1,CURRENT
694819,"Misiorowski, Jacob",2026.0,527.0,210.0,39.8,5.9,38.1,51.8,0.216,0.165,0.245,33.6,3.2,71.4,23.2,29.0,25.1,CH,Changeup,1.3,28,33.3,0.0,0.0,0.0,4.9,BASEBALL_SAVANT_CURRENT_SEASON,2026-08-20T23:43:02.137578+00:00,SAVANT_ARSENAL_SCHEMA_V1,CURRENT
684442,"Drake, Kohl",2026.0,77.0,13.0,16.9,7.8,21.5,44.3,0.43,0.317,0.625,49.1,16.4,73.0,38.4,3.0,36.6,CU,Curveball,17.2,56,4.2,0.571,1.714,0.9,-10.4,BASEBALL_SAVANT_CURRENT_SEASON,2026-08-20T23:43:02.137578+00:00,SAVANT_ARSENAL_SCHEMA_V1,CURRENT
678020,"Halvorsen, Seth",2026.0,100.0,17.0,17.0,16.0,22.8,46.6,0.39,0.309,0.483,37.3,6.0,71.5,27.3,3.0,32.1,FS,Split-Finger,7.8,30,27.3,0.286,0.714,0.45,-7.1,BASEBALL_SAVANT_CURRENT_SEASON,2026-08-20T23:43:02.137578+00:00,SAVANT_ARSENAL_SCHEMA_V1,CURRENT
669298,"Shook, TJ",2026.0,36.0,7.0,19.4,5.6,21.9,47.8,0.319,0.253,0.451,40.7,7.4,70.3,12.3,0.0,47.8,CH,Changeup,20.9,28,18.2,0.5,1.125,0.675,-11.3,BASEBALL_SAVANT_CURRENT_SEASON,2026-08-20T23:43:02.137578+00:00,SAVANT_ARSENAL_SCHEMA_V1,CURRENT
689266,"Dodd, Dylan",2026.0,154.0,42.0,27.3,7.8,28.1,53.0,0.267,0.197,0.335,35.7,7.1,72.4,29.7,3.0,23.5,SL,Slider,5.3,34,25.0,0.25,0.375,0.269,-3.0,BASEBALL_SAVANT_CURRENT_SEASON,2026-08-20T23:43:02.137578+00:00,SAVANT_ARSENAL_SCHEMA_V1,CURRENT
682227,"Williamson, Brandon",2026.0,128.0,19.0,14.8,15.6,24.1,43.2,0.389,0.276,0.486,41.9,10.5,72.5,27.6,5.0,33.1,CU,Curveball,9.1,47,0.0,0.0,0.0,0.088,1.1,BASEBALL_SAVANT_CURRENT_SEASON,2026-08-20T23:43:02.137578+00:00,SAVANT_ARSENAL_SCHEMA_V1,CURRENT
680744,"Madden, Ty",2026.0,146.0,37.0,25.3,8.2,24.4,49.2,0.259,0.2,0.302,30.2,5.2,72.0,30.8,10.0,25.1,SI,Sinker,10.7,64,14.3,0.375,0.875,0.631,-2.0,BASEBALL_SAVANT_CURRENT_SEASON,2026-08-20T23:43:02.137578+00:00,SAVANT_ARSENAL_SCHEMA_V1,CURRENT
547184,"Kelly, Michael",2026.0,32.0,6.0,18.8,18.8,24.1,44.6,0.435,0.349,0.522,45.0,15.0,71.2,15.9,2.0,24.2,SL,Slider,26.4,32,25.0,0.571,0.571,0.538,-4.9,BASEBALL_SAVANT_CURRENT_SEASON,2026-08-20T23:43:02.137578+00:00,SAVANT_ARSENAL_SCHEMA_V1,CURRENT
663465,"Allard, Kolby",2026.0,45.0,9.0,20.0,6.7,17.4,52.0,0.385,0.317,0.533,43.8,15.6,71.1,16.2,2.0,32.8,CH,Changeup,18.6,33,5.9,0.25,0.625,0.363,-5.3,BASEBALL_SAVANT_CURRENT_SEASON,2026-08-20T23:43:02.137578+00:00,SAVANT_ARSENAL_SCHEMA_V1,CURRENT
671382,"Foster, Cameron",2026.0,49.0,9.0,18.4,16.3,27.9,45.5,0.336,0.254,0.358,28.1,6.5,71.4,29.9,0.0,24.6,SL,Slider,21.7,41,11.1,0.5,0.625,0.494,-4.3,BASEBALL_SAVANT_CURRENT_SEASON,2026-08-20T23:43:02.137578+00:00,SAVANT_ARSENAL_SCHEMA_V1,CURRENT
676467,"Gordon, Colton",2026.0,50.0,11.0,22.0,6.0,17.2,49.0,0.41,0.327,0.587,48.6,11.4,70.6,13.2,4.0,25.6,CH,Changeup,12.4,25,40.0,0.25,0.25,0.225,2.9,BASEBALL_SAVANT_CURRENT_SEASON,2026-08-20T23:43:02.137578+00:00,SAVANT_ARSENAL_SCHEMA_V1,CURRENT
682995,"Barco, Hunter",2026.0,87.0,14.0,16.1,14.9,16.3,38.5,0.381,0.28,0.466,43.1,7.0,72.0,20.3,2.0,34.9,CH,Changeup,8.5,30,14.3,0.2,0.2,0.375,-2.0,BASEBALL_SAVANT_CURRENT_SEASON,2026-08-20T23:43:02.137578+00:00,SAVANT_ARSENAL_SCHEMA_V1,CURRENT
804267,"Thornton, Zac",2026.0,200.0,36.0,18.0,7.0,19.6,51.1,0.337,0.269,0.455,40.9,9.4,72.9,30.4,6.0,33.7,CU,Curveball,3.0,22,18.2,0.0,0.0,0.088,4.5,BASEBALL_SAVANT_CURRENT_SEASON,2026-08-20T23:43:02.137578+00:00,SAVANT_ARSENAL_SCHEMA_V1,CURRENT
607455,"Banda, Anthony",2026.0,156.0,33.0,21.2,9.6,26.7,44.9,0.325,0.234,0.375,39.0,7.1,71.8,24.8,6.0,33.9,CH,Changeup,6.4,39,0.0,0.0,0.0,0.1,3.7,BASEBALL_SAVANT_CURRENT_SEASON,2026-08-20T23:43:02.137578+00:00,SAVANT_ARSENAL_SCHEMA_V1,CURRENT
681343,"Smith, Shane",2026.0,49.0,11.0,22.4,18.4,26.0,42.7,0.332,0.246,0.293,33.3,0.0,71.6,19.4,10.0,29.8,SL,Slider,11.1,25,0.0,0.5,0.875,0.7,-13.9,BASEBALL_SAVANT_CURRENT_SEASON,2026-08-20T23:43:02.137578+00:00,SAVANT_ARSENAL_SCHEMA_V1,CURRENT
690986,"Harrison, Kyle",2026.0,402.0,122.0,30.3,6.5,29.1,48.4,0.276,0.22,0.344,35.6,6.8,71.9,23.8,17.0,28.4,SI,Sinker,2.0,34,0.0,0.75,1.375,0.9,-10.2,BASEBALL_SAVANT_CURRENT_SEASON,2026-08-20T23:43:02.137578+00:00,SAVANT_ARSENAL_SCHEMA_V1,CURRENT
683155,"Estes, Joey",2026.0,18.0,4.0,22.2,5.6,32.4,52.1,0.263,0.237,0.351,30.8,7.7,,,,,FF,4-Seam Fastball,42.3,30,33.3,0.286,0.714,0.356,-0.2,BASEBALL_SAVANT_CURRENT_SEASON,2026-08-20T23:43:02.137578+00:00,SAVANT_ARSENAL_SCHEMA_V1,CURRENT
669062,"Miller, Erik",2026.0,173.0,57.0,32.9,14.5,35.5,39.5,0.273,0.182,0.274,27.3,5.8,71.8,22.0,15.0,23.3,CH,Changeup,4.6,35,12.5,0.714,1.0,0.738,-10.1,BASEBALL_SAVANT_CURRENT_SEASON,2026-08-20T23:43:02.137578+00:00,SAVANT_ARSENAL_SCHEMA_V1,CURRENT
640451,"Harvey, Hunter",2026.0,18.0,4.0,22.2,5.6,20.0,46.1,0.344,0.216,0.563,38.5,23.1,70.6,18.2,0.0,38.5,FF,4-Seam Fastball,50.0,38,9.1,0.375,0.75,0.475,-3.6,BASEBALL_SAVANT_CURRENT_SEASON,2026-08-20T23:43:02.137578+00:00,SAVANT_ARSENAL_SCHEMA_V1,CURRENT
676702,"Stratton, Hunter",2026.0,15.0,3.0,20.0,0.0,16.7,53.6,0.383,0.403,0.476,25.0,0.0,71.1,27.6,0.0,32.0,FF,4-Seam Fastball,44.6,25,11.1,0.5,0.5,0.45,-2.2,BASEBALL_SAVANT_CURRENT_SEASON,2026-08-20T23:43:02.137578+00:00,SAVANT_ARSENAL_SCHEMA_V1,CURRENT
605400,"Nola, Aaron",2026.0,593.0,146.0,24.6,7.8,28.1,46.0,0.315,0.245,0.42,42.0,9.5,72.3,27.7,14.0,35.4,SL,Slider,0.9,21,0.0,0.286,0.714,0.45,-3.8,BASEBALL_SAVANT_CURRENT_SEASON,2026-08-20T23:43:02.137578+00:00,SAVANT_ARSENAL_SCHEMA_V1,CURRENT
476594,"Stock, Robert",2026.0,81.0,19.0,23.5,13.6,26.8,48.3,0.331,0.227,0.366,27.1,10.4,72.3,23.3,6.0,26.2,CH,Changeup,10.4,33,36.4,0.25,0.25,0.225,-0.2,BASEBALL_SAVANT_CURRENT_SEASON,2026-08-20T23:43:02.137578+00:00,SAVANT_ARSENAL_SCHEMA_V1,CURRENT
694646,"McDermott, Chayce",2026.0,25.0,4.0,16.0,8.0,23.1,48.6,0.382,0.259,0.59,36.8,21.1,72.1,29.8,0.0,36.1,FF,4-Seam Fastball,38.3,41,7.1,0.25,0.25,0.338,0.3,BASEBALL_SAVANT_CURRENT_SEASON,2026-08-20T23:43:02.137578+00:00,SAVANT_ARSENAL_SCHEMA_V1,CURRENT
669438,"Englert, Mason",2026.0,157.0,32.0,20.4,5.1,23.9,52.7,0.365,0.28,0.549,38.1,14.9,72.3,27.5,6.0,29.5,SL,Slider,6.4,37,12.5,0.25,0.375,0.269,-0.1,BASEBALL_SAVANT_CURRENT_SEASON,2026-08-20T23:43:02.137578+00:00,SAVANT_ARSENAL_SCHEMA_V1,CURRENT
668831,"Stallings, Garrett",2026.0,30.0,9.0,30.0,10.0,33.9,48.4,0.182,0.136,0.148,16.7,0.0,72.0,25.5,2.0,35.3,SI,Sinker,24.6,30,20.0,0.143,0.143,0.2,2.4,BASEBALL_SAVANT_CURRENT_SEASON,2026-08-20T23:43:02.137578+00:00,SAVANT_ARSENAL_SCHEMA_V1,CURRENT
642152,"Trivino III, Lou",2026.0,36.0,7.0,19.4,19.4,31.7,43.8,0.33,0.217,0.323,38.1,4.8,71.8,21.8,4.0,25.6,CH,Changeup,17.4,25,0.0,0.5,1.0,0.644,-13.5,BASEBALL_SAVANT_CURRENT_SEASON,2026-08-20T23:43:02.137578+00:00,SAVANT_ARSENAL_SCHEMA_V1,CURRENT
696136,"Wicks, Jordan",2026.0,50.0,8.0,16.0,4.0,23.9,51.1,0.322,0.283,0.408,43.6,7.7,72.9,31.7,2.0,35.9,SL,Slider,20.0,36,0.0,0.571,1.0,0.675,-5.4,BASEBALL_SAVANT_CURRENT_SEASON,2026-08-20T23:43:02.137578+00:00,SAVANT_ARSENAL_SCHEMA_V1,CURRENT
656240,"Blewett, Scott",2026.0,69.0,10.0,14.5,7.2,21.6,54.7,0.312,0.266,0.343,31.5,3.7,71.0,21.4,1.0,28.4,SI,Sinker,10.6,27,0.0,0.375,0.5,0.381,0.5,BASEBALL_SAVANT_CURRENT_SEASON,2026-08-20T23:43:02.137578+00:00,SAVANT_ARSENAL_SCHEMA_V1,CURRENT
700842,"Rivera, Eduardo",2026.0,44.0,10.0,22.7,13.6,25.0,45.7,0.296,0.205,0.341,42.9,3.6,72.6,31.4,0.0,31.8,CH,Changeup,14.8,31,22.2,0.25,0.625,0.363,-2.7,BASEBALL_SAVANT_CURRENT_SEASON,2026-08-20T23:43:02.137578+00:00,SAVANT_ARSENAL_SCHEMA_V1,CURRENT
687931,"Whisenhunt, Carson",2026.0,153.0,23.0,15.0,13.1,28.0,46.3,0.378,0.279,0.485,47.7,8.3,72.9,31.9,4.0,42.7,SV,Slurve,4.6,26,14.3,0.333,0.333,0.4,-4.0,BASEBALL_SAVANT_CURRENT_SEASON,2026-08-20T23:43:02.137578+00:00,SAVANT_ARSENAL_SCHEMA_V1,CURRENT
605483,"Snell, Blake",2026.0,63.0,20.0,31.7,9.5,36.6,52.2,0.229,0.189,0.228,10.8,0.0,71.1,18.9,8.0,24.7,SL,Slider,12.4,31,27.3,0.125,0.125,0.113,1.6,BASEBALL_SAVANT_CURRENT_SEASON,2026-08-20T23:43:02.137578+00:00,SAVANT_ARSENAL_SCHEMA_V1,CURRENT
666619,"Santos, Gregory",2026.0,22.0,1.0,4.5,13.6,8.1,43.0,0.376,0.327,0.428,55.6,0.0,72.8,31.4,0.0,40.6,SL,Slider,51.2,44,7.1,0.143,0.429,0.288,-0.1,BASEBALL_SAVANT_CURRENT_SEASON,2026-08-20T23:43:02.137578+00:00,SAVANT_ARSENAL_SCHEMA_V1,CURRENT
671106,"Allen, Logan",2026.0,42.0,10.0,23.8,9.5,18.5,45.5,0.312,0.226,0.427,53.6,10.7,71.7,19.7,4.0,35.7,SI,Sinker,19.1,34,16.7,0.286,0.286,0.313,1.1,BASEBALL_SAVANT_CURRENT_SEASON,2026-08-20T23:43:02.137578+00:00,SAVANT_ARSENAL_SCHEMA_V1,CURRENT
675660,"Drohan, Shane",2026.0,421.0,99.0,23.5,7.8,27.2,47.9,0.295,0.231,0.367,38.1,8.5,72.5,29.7,13.0,31.5,CH,Changeup,4.8,76,9.1,0.286,0.429,0.356,-2.7,BASEBALL_SAVANT_CURRENT_SEASON,2026-08-20T23:43:02.137578+00:00,SAVANT_ARSENAL_SCHEMA_V1,CURRENT
699151,"Paez, Jedixson",2026.0,16.0,0.0,0.0,18.8,16.7,46.2,0.492,0.352,0.786,46.2,23.1,73.7,41.4,0.0,50.0,FF,4-Seam Fastball,35.4,23,0.0,0.667,1.667,0.813,-15.3,BASEBALL_SAVANT_CURRENT_SEASON,2026-08-20T23:43:02.137578+00:00,SAVANT_ARSENAL_SCHEMA_V1,CURRENT
703615,"Cabrera, Jose",2026.0,81.0,12.0,14.8,8.6,20.2,44.4,0.353,0.268,0.456,35.0,6.7,74.0,39.6,3.0,35.3,CH,Changeup,11.5,32,0.0,0.25,0.375,0.269,0.6,BASEBALL_SAVANT_CURRENT_SEASON,2026-08-20T23:43:02.137578+00:00,SAVANT_ARSENAL_SCHEMA_V1,CURRENT
686678,"Solesky, Chase",2026.0,17.0,4.0,23.5,5.9,9.1,37.9,0.353,0.291,0.488,33.3,8.3,73.9,45.0,0.0,38.9,SI,Sinker,37.9,22,20.0,0.714,1.0,0.738,-10.2,BASEBALL_SAVANT_CURRENT_SEASON,2026-08-20T23:43:02.137578+00:00,SAVANT_ARSENAL_SCHEMA_V1,CURRENT
681151,"Murray, Jayden",2026.0,79.0,14.0,17.7,11.4,27.7,48.7,0.363,0.272,0.494,42.9,14.3,71.7,26.9,0.0,41.7,CH,Changeup,7.6,23,0.0,0.286,0.857,0.494,-5.9,BASEBALL_SAVANT_CURRENT_SEASON,2026-08-20T23:43:02.137578+00:00,SAVANT_ARSENAL_SCHEMA_V1,CURRENT
691008,"Rajcic, Max",2026.0,39.0,8.0,20.5,15.4,23.9,41.1,0.281,0.168,0.318,36.0,8.0,72.7,23.0,1.0,27.7,ST,Sweeper,11.7,19,50.0,0.25,0.75,0.406,-4.5,BASEBALL_SAVANT_CURRENT_SEASON,2026-08-20T23:43:02.137578+00:00,SAVANT_ARSENAL_SCHEMA_V1,CURRENT
689147,"Kerkering, Orion",2026.0,218.0,54.0,24.8,11.9,26.7,43.0,0.275,0.195,0.293,29.1,5.3,71.3,21.2,10.0,26.4,FS,Split-Finger,5.5,50,10.0,0.0,0.0,0.129,-0.8,BASEBALL_SAVANT_CURRENT_SEASON,2026-08-20T23:43:02.137578+00:00,SAVANT_ARSENAL_SCHEMA_V1,CURRENT
455119,"Martin, Chris",2026.0,66.0,9.0,13.6,3.0,15.9,53.2,0.408,0.344,0.568,44.4,11.1,71.5,16.7,2.0,34.0,SI,Sinker,12.1,30,0.0,0.429,1.429,0.744,-7.2,BASEBALL_SAVANT_CURRENT_SEASON,2026-08-20T23:43:02.137578+00:00,SAVANT_ARSENAL_SCHEMA_V1,CURRENT
674841,"Alvarez, Andrew",2026.0,317.0,69.0,21.8,10.4,26.2,44.8,0.326,0.26,0.386,42.5,5.2,72.3,31.7,18.0,36.6,CH,Changeup,3.9,48,0.0,0.25,0.25,0.225,0.6,BASEBALL_SAVANT_CURRENT_SEASON,2026-08-20T23:43:02.137578+00:00,SAVANT_ARSENAL_SCHEMA_V1,CURRENT
621366,"Borucki, Ryan",2026.0,104.0,15.0,14.4,8.7,28.2,49.5,0.31,0.253,0.373,39.7,5.1,72.3,31.1,2.0,38.8,ST,Sweeper,9.5,36,14.3,0.125,0.125,0.113,2.4,BASEBALL_SAVANT_CURRENT_SEASON,2026-08-20T23:43:02.137578+00:00,SAVANT_ARSENAL_SCHEMA_V1,CURRENT
695549,"Jobe, Jackson",2026.0,61.0,11.0,18.0,8.2,19.5,48.9,0.378,0.282,0.482,40.5,12.2,71.8,27.0,2.0,31.0,SI,Sinker,15.2,35,0.0,0.0,0.0,0.175,2.5,BASEBALL_SAVANT_CURRENT_SEASON,2026-08-20T23:43:02.137578+00:00,SAVANT_ARSENAL_SCHEMA_V1,CURRENT
682274,"Hiraldo, Yaramil",2026.0,37.0,13.0,35.1,16.2,44.0,52.1,0.295,0.169,0.32,35.3,11.8,72.0,23.1,6.0,23.1,SL,Slider,25.7,37,33.3,0.286,0.714,0.45,-3.1,BASEBALL_SAVANT_CURRENT_SEASON,2026-08-20T23:43:02.137578+00:00,SAVANT_ARSENAL_SCHEMA_V1,CURRENT
804619,"Klein, John",2026.0,19.0,2.0,10.5,21.1,10.3,47.6,0.352,0.183,0.291,38.5,7.7,71.5,22.9,0.0,15.6,CH,Changeup,28.0,23,12.5,0.0,0.0,0.088,5.7,BASEBALL_SAVANT_CURRENT_SEASON,2026-08-20T23:43:02.137578+00:00,SAVANT_ARSENAL_SCHEMA_V1,CURRENT
605335,"Leibrandt, Brandon",2026.0,30.0,3.0,10.0,10.0,23.4,47.5,0.437,0.323,0.694,29.2,18.2,72.5,27.0,0.0,40.7,CH,Changeup,27.3,27,16.7,0.429,0.571,0.469,-5.1,BASEBALL_SAVANT_CURRENT_SEASON,2026-08-20T23:43:02.137578+00:00,SAVANT_ARSENAL_SCHEMA_V1,CURRENT
672782,"Gómez, Yoendrys",2026.0,243.0,52.0,21.4,11.9,24.9,47.2,0.342,0.247,0.435,44.1,8.8,72.2,27.4,5.0,31.1,CH,Changeup,4.9,45,6.7,0.286,0.286,0.313,-1.2,BASEBALL_SAVANT_CURRENT_SEASON,2026-08-20T23:43:02.137578+00:00,SAVANT_ARSENAL_SCHEMA_V1,CURRENT
660604,"Rangel, Alan",2026.0,123.0,29.0,23.6,10.6,24.4,50.1,0.317,0.249,0.37,30.4,5.1,72.2,25.6,5.0,27.4,CU,Curveball,12.0,59,6.7,0.714,0.857,0.694,-5.0,BASEBALL_SAVANT_CURRENT_SEASON,2026-08-20T23:43:02.137578+00:00,SAVANT_ARSENAL_SCHEMA_V1,CURRENT
642376,"Yan, Jefry",2026.0,26.0,7.0,26.9,19.2,34.9,43.4,0.325,0.26,0.301,42.9,0.0,73.1,33.3,0.0,22.2,SL,Slider,26.3,26,41.7,0.167,0.167,0.288,-0.6,BASEBALL_SAVANT_CURRENT_SEASON,2026-08-20T23:43:02.137578+00:00,SAVANT_ARSENAL_SCHEMA_V1,CURRENT
681252,"Anderson, Jack",2026.0,48.0,12.0,25.0,6.3,30.5,52.8,0.301,0.23,0.418,36.4,9.1,71.7,23.8,2.0,30.4,SL,Slider,22.2,40,100.0,0.375,0.875,0.519,-4.8,BASEBALL_SAVANT_CURRENT_SEASON,2026-08-20T23:43:02.137578+00:00,SAVANT_ARSENAL_SCHEMA_V1,CURRENT
676661,"Lazar, Max",2026.0,35.0,5.0,14.3,8.6,19.4,48.4,0.33,0.241,0.453,40.7,11.5,70.9,19.0,2.0,40.0,FS,Split-Finger,25.0,32,26.7,0.0,0.0,0.0,4.9,BASEBALL_SAVANT_CURRENT_SEASON,2026-08-20T23:43:02.137578+00:00,SAVANT_ARSENAL_SCHEMA_V1,CURRENT
641585,"France, J.P.",2026.0,31.0,4.0,12.9,16.1,15.1,45.3,0.42,0.293,0.534,42.9,14.3,74.0,50.0,0.0,30.0,CU,Curveball,28.2,33,18.8,0.143,0.286,0.244,-0.8,BASEBALL_SAVANT_CURRENT_SEASON,2026-08-20T23:43:02.137578+00:00,SAVANT_ARSENAL_SCHEMA_V1,CURRENT
608723,"Voth, Austin",2026.0,56.0,3.0,5.4,10.7,15.6,44.7,0.402,0.338,0.557,40.4,8.5,71.9,25.6,1.0,43.6,CU,Curveball,15.9,34,8.3,0.4,1.2,0.494,-8.3,BASEBALL_SAVANT_CURRENT_SEASON,2026-08-20T23:43:02.137578+00:00,SAVANT_ARSENAL_SCHEMA_V1,CURRENT
623474,"Herget, Jimmy",2026.0,169.0,36.0,21.3,11.8,27.0,46.8,0.328,0.244,0.41,36.9,9.9,72.4,27.0,7.0,31.3,CH,Changeup,7.8,53,0.0,0.286,0.429,0.307,-2.3,BASEBALL_SAVANT_CURRENT_SEASON,2026-08-20T23:43:02.137578+00:00,SAVANT_ARSENAL_SCHEMA_V1,CURRENT
642048,"Saucedo, Tayler",2026.0,41.0,12.0,29.3,4.9,38.5,48.4,0.313,0.238,0.426,42.3,11.5,71.9,26.7,6.0,33.3,SL,Slider,26.7,43,0.0,0.571,0.714,0.581,-2.8,BASEBALL_SAVANT_CURRENT_SEASON,2026-08-20T23:43:02.137578+00:00,SAVANT_ARSENAL_SCHEMA_V1,CURRENT
669724,"Hanifee, Brenan",2026.0,93.0,10.0,10.8,7.5,14.4,45.5,0.37,0.301,0.5,45.3,8.1,72.7,32.1,0.0,40.9,CH,Changeup,7.8,25,0.0,0.25,1.0,0.5,-5.4,BASEBALL_SAVANT_CURRENT_SEASON,2026-08-20T23:43:02.137578+00:00,SAVANT_ARSENAL_SCHEMA_V1,CURRENT
686894,"Wiemer, Joey",2026.0,16.0,0.0,0.0,12.5,0.0,40.0,0.473,0.423,0.632,30.8,7.7,72.5,23.5,0.0,52.9,SL,Slider,37.2,16,0.0,0.5,0.5,0.457,-3.6,BASEBALL_SAVANT_CURRENT_SEASON,2026-08-20T23:43:02.137578+00:00,SAVANT_ARSENAL_SCHEMA_V1,CURRENT
664192,"Lucchesi, Joey",2026.0,24.0,4.0,16.7,25.0,17.1,36.9,0.441,0.286,0.491,69.2,15.4,69.6,9.7,2.0,39.3,FF,4-Seam Fastball,14.4,16,0.0,0.75,1.0,0.736,-16.8,BASEBALL_SAVANT_CURRENT_SEASON,2026-08-20T23:43:02.137578+00:00,SAVANT_ARSENAL_SCHEMA_V1,CURRENT
671111,"Peralta, Sammy",2026.0,28.0,9.0,32.1,10.7,22.0,41.8,0.413,0.277,0.545,42.9,14.3,71.6,20.6,1.0,25.9,SL,Slider,27.6,27,33.3,0.167,0.667,0.333,-3.7,BASEBALL_SAVANT_CURRENT_SEASON,2026-08-20T23:43:02.137578+00:00,SAVANT_ARSENAL_SCHEMA_V1,CURRENT
641585,"France, J.P.",2026.0,31.0,4.0,12.9,16.1,15.1,45.3,0.42,0.293,0.534,42.9,14.3,74.0,50.0,0.0,30.0,CH,Changeup,15.4,18,0.0,0.333,0.333,0.357,-0.2,BASEBALL_SAVANT_CURRENT_SEASON,2026-08-20T23:43:02.137578+00:00,SAVANT_ARSENAL_SCHEMA_V1,CURRENT
699044,"Ullola, Miguel",2026.0,23.0,9.0,39.1,4.3,27.9,48.9,0.282,0.209,0.418,30.8,15.4,72.7,25.0,0.0,21.4,SL,Slider,19.3,17,50.0,0.333,0.833,0.514,-11.3,BASEBALL_SAVANT_CURRENT_SEASON,2026-08-20T23:43:02.137578+00:00,SAVANT_ARSENAL_SCHEMA_V1,CURRENT
676467,"Gordon, Colton",2026.0,50.0,11.0,22.0,6.0,17.2,49.0,0.41,0.327,0.587,48.6,11.4,70.6,13.2,4.0,25.6,SI,Sinker,13.4,27,0.0,0.429,0.714,0.486,-5.4,BASEBALL_SAVANT_CURRENT_SEASON,2026-08-20T23:43:02.137578+00:00,SAVANT_ARSENAL_SCHEMA_V1,CURRENT
665660,"Alvarado, Elvis",2026.0,164.0,48.0,29.3,11.6,32.0,51.3,0.336,0.208,0.447,49.5,16.8,72.3,28.1,2.0,29.1,FS,Split-Finger,4.7,32,21.1,0.0,0.0,0.0,3.2,BASEBALL_SAVANT_CURRENT_SEASON,2026-08-20T23:43:02.137578+00:00,SAVANT_ARSENAL_SCHEMA_V1,CURRENT
686751,"Johnson, Seth",2026.0,106.0,26.0,24.5,16.0,27.9,44.5,0.361,0.259,0.425,48.4,14.5,72.3,25.3,5.0,32.0,SI,Sinker,8.0,34,100.0,0.333,0.667,0.457,-3.4,BASEBALL_SAVANT_CURRENT_SEASON,2026-08-20T23:43:02.137578+00:00,SAVANT_ARSENAL_SCHEMA_V1,CURRENT
695034,"Morris, Kade",2026.0,53.0,6.0,11.3,11.3,16.5,46.4,0.316,0.252,0.365,48.8,4.9,72.0,27.4,5.0,32.0,ST,Sweeper,12.4,26,15.4,0.143,0.571,0.286,-0.8,BASEBALL_SAVANT_CURRENT_SEASON,2026-08-20T23:43:02.137578+00:00,SAVANT_ARSENAL_SCHEMA_V1,CURRENT
806960,"Morales, Luis",2026.0,90.0,13.0,14.4,15.6,18.5,43.6,0.408,0.303,0.522,40.3,11.3,71.0,21.3,4.0,33.3,CH,Changeup,9.0,31,0.0,0.333,0.333,0.529,-6.5,BASEBALL_SAVANT_CURRENT_SEASON,2026-08-20T23:43:02.137578+00:00,SAVANT_ARSENAL_SCHEMA_V1,CURRENT
663687,"Harris, Hogan",2026.0,253.0,72.0,28.5,13.8,25.9,42.9,0.301,0.211,0.323,32.1,5.7,71.1,20.8,4.0,27.3,CH,Changeup,4.7,51,14.3,0.429,1.286,0.7,-6.5,BASEBALL_SAVANT_CURRENT_SEASON,2026-08-20T23:43:02.137578+00:00,SAVANT_ARSENAL_SCHEMA_V1,CURRENT
680723,"Rom, Drew",2026.0,45.0,15.0,33.3,13.3,31.9,40.1,0.355,0.263,0.435,66.7,16.7,71.1,22.4,0.0,42.4,SI,Sinker,18.0,31,50.0,0.333,0.333,0.357,0.2,BASEBALL_SAVANT_CURRENT_SEASON,2026-08-20T23:43:02.137578+00:00,SAVANT_ARSENAL_SCHEMA_V1,CURRENT
656240,"Blewett, Scott",2026.0,69.0,10.0,14.5,7.2,21.6,54.7,0.312,0.266,0.343,31.5,3.7,71.0,21.4,1.0,28.4,FS,Split-Finger,8.7,22,0.0,0.429,0.429,0.386,-5.0,BASEBALL_SAVANT_CURRENT_SEASON,2026-08-20T23:43:02.137578+00:00,SAVANT_ARSENAL_SCHEMA_V1,CURRENT
453286,"Scherzer, Max",2026.0,202.0,32.0,15.8,9.9,17.9,51.0,0.332,0.248,0.433,32.2,9.4,71.8,25.6,5.0,25.2,FC,Cutter,4.6,38,9.1,0.143,0.571,0.286,0.5,BASEBALL_SAVANT_CURRENT_SEASON,2026-08-20T23:43:02.137578+00:00,SAVANT_ARSENAL_SCHEMA_V1,CURRENT
681751,"Estrada, Lazaro",2026.0,57.0,9.0,15.8,17.5,23.8,44.3,0.333,0.217,0.366,40.5,8.1,71.1,15.9,2.0,34.3,SL,Slider,10.1,23,16.7,0.429,0.429,0.386,-2.6,BASEBALL_SAVANT_CURRENT_SEASON,2026-08-20T23:43:02.137578+00:00,SAVANT_ARSENAL_SCHEMA_V1,CURRENT
683627,"Molina, Anthony",2026.0,21.0,2.0,9.5,4.8,17.1,46.6,0.36,0.297,0.504,33.3,5.6,70.8,11.1,0.0,31.0,CU,Curveball,27.3,24,9.1,0.286,0.286,0.257,3.1,BASEBALL_SAVANT_CURRENT_SEASON,2026-08-20T23:43:02.137578+00:00,SAVANT_ARSENAL_SCHEMA_V1,CURRENT
694462,"Waldrep, Hurston",2026.0,56.0,9.0,16.1,17.9,23.3,40.0,0.359,0.231,0.389,34.3,8.6,74.0,46.8,2.0,33.9,CU,Curveball,12.1,26,50.0,0.167,0.667,0.386,-2.7,BASEBALL_SAVANT_CURRENT_SEASON,2026-08-20T23:43:02.137578+00:00,SAVANT_ARSENAL_SCHEMA_V1,CURRENT
680689,"Richardson, Lyon",2026.0,16.0,4.0,25.0,18.8,32.0,36.8,0.478,0.23,0.727,25.0,28.6,72.0,21.7,1.0,25.0,CH,Changeup,41.2,28,33.3,0.0,0.0,0.2,2.0,BASEBALL_SAVANT_CURRENT_SEASON,2026-08-20T23:43:02.137578+00:00,SAVANT_ARSENAL_SCHEMA_V1,CURRENT
669270,"Kuhnel, Joel",2026.0,157.0,22.0,14.0,7.6,22.6,47.2,0.355,0.297,0.441,39.5,6.0,72.3,26.2,6.0,36.2,FF,4-Seam Fastball,5.5,31,8.7,0.429,1.286,0.7,-11.9,BASEBALL_SAVANT_CURRENT_SEASON,2026-08-20T23:43:02.137578+00:00,SAVANT_ARSENAL_SCHEMA_V1,CURRENT
669270,"Kuhnel, Joel",2026.0,157.0,22.0,14.0,7.6,22.6,47.2,0.355,0.297,0.441,39.5,6.0,72.3,26.2,6.0,36.2,CU,Curveball,3.2,18,40.0,0.286,0.571,0.357,-2.0,BASEBALL_SAVANT_CURRENT_SEASON,2026-08-20T23:43:02.137578+00:00,SAVANT_ARSENAL_SCHEMA_V1,CURRENT
676879,"Ashby, Aaron",2026.0,303.0,97.0,32.0,11.2,32.3,41.1,0.268,0.204,0.289,39.4,4.7,72.0,23.5,21.0,31.0,FF,4-Seam Fastball,2.1,26,5.9,0.333,1.0,0.564,-7.9,BASEBALL_SAVANT_CURRENT_SEASON,2026-08-20T23:43:02.137578+00:00,SAVANT_ARSENAL_SCHEMA_V1,CURRENT
703725,"Gastelum, Luis",2026.0,80.0,22.0,27.5,7.5,35.1,48.7,0.302,0.214,0.414,23.5,9.8,71.8,23.0,2.0,36.3,SI,Sinker,9.2,28,0.0,0.0,0.0,0.1,6.7,BASEBALL_SAVANT_CURRENT_SEASON,2026-08-20T23:43:02.137578+00:00,SAVANT_ARSENAL_SCHEMA_V1,CURRENT
802408,"Mautz, Brycen",2026.0,14.0,2.0,14.3,14.3,17.4,39.0,0.316,0.249,0.339,20.0,0.0,71.9,19.0,0.0,33.3,FF,4-Seam Fastball,45.8,27,0.0,0.333,0.333,0.357,0.3,BASEBALL_SAVANT_CURRENT_SEASON,2026-08-20T23:43:02.137578+00:00,SAVANT_ARSENAL_SCHEMA_V1,CURRENT
691008,"Rajcic, Max",2026.0,39.0,8.0,20.5,15.4,23.9,41.1,0.281,0.168,0.318,36.0,8.0,72.7,23.0,1.0,27.7,CH,Changeup,11.7,19,0.0,0.143,0.143,0.129,5.3,BASEBALL_SAVANT_CURRENT_SEASON,2026-08-20T23:43:02.137578+00:00,SAVANT_ARSENAL_SCHEMA_V1,CURRENT
669145,"Zimmermann, Bruce",2026.0,21.0,2.0,9.5,4.8,10.3,40.3,0.261,0.235,0.324,27.8,0.0,73.6,48.0,0.0,36.4,SI,Sinker,31.9,23,0.0,0.143,0.143,0.129,4.9,BASEBALL_SAVANT_CURRENT_SEASON,2026-08-20T23:43:02.137578+00:00,SAVANT_ARSENAL_SCHEMA_V1,CURRENT
657265,"Strzelecki, Peter",2026.0,47.0,6.0,12.8,8.5,17.1,43.4,0.267,0.176,0.298,38.9,5.6,72.2,21.7,1.0,36.2,FF,4-Seam Fastball,10.6,20,25.0,0.2,0.4,0.379,0.8,BASEBALL_SAVANT_CURRENT_SEASON,2026-08-20T23:43:02.137578+00:00,SAVANT_ARSENAL_SCHEMA_V1,CURRENT
694363,"Shuster, Jared",2026.0,44.0,4.0,9.1,13.6,13.6,39.8,0.311,0.239,0.367,50.0,2.9,72.8,33.9,0.0,40.7,FC,Cutter,16.9,28,0.0,0.286,0.714,0.543,-1.4,BASEBALL_SAVANT_CURRENT_SEASON,2026-08-20T23:43:02.137578+00:00,SAVANT_ARSENAL_SCHEMA_V1,CURRENT
668941,"Romero, JoJo",2026.0,186.0,43.0,23.1,8.6,23.6,39.9,0.337,0.262,0.433,43.1,8.2,71.7,23.6,8.0,42.8,FF,4-Seam Fastball,1.9,14,23.1,0.167,0.667,0.386,-15.2,BASEBALL_SAVANT_CURRENT_SEASON,2026-08-20T23:43:02.137578+00:00,SAVANT_ARSENAL_SCHEMA_V1,CURRENT
690990,"Horton, Cade",2026.0,26.0,4.0,15.4,7.7,23.3,46.7,0.283,0.249,0.321,35.0,5.3,71.5,17.5,0.0,32.3,CH,Changeup,20.7,19,0.0,0.0,0.0,0.0,8.6,BASEBALL_SAVANT_CURRENT_SEASON,2026-08-20T23:43:02.137578+00:00,SAVANT_ARSENAL_SCHEMA_V1,CURRENT
681806,"Wantz, Andrew",2026.0,20.0,1.0,5.0,15.0,14.0,53.1,0.463,0.326,0.582,35.7,7.1,72.0,24.4,0.0,25.7,FF,4-Seam Fastball,34.6,28,0.0,0.75,1.5,0.843,-11.0,BASEBALL_SAVANT_CURRENT_SEASON,2026-08-20T23:43:02.137578+00:00,SAVANT_ARSENAL_SCHEMA_V1,CURRENT
686753,"Jameson, Drey",2026.0,76.0,13.0,17.1,11.8,29.3,46.2,0.322,0.25,0.369,28.3,5.7,71.9,24.6,1.0,34.9,ST,Sweeper,7.5,20,16.7,0.0,0.0,0.2,1.3,BASEBALL_SAVANT_CURRENT_SEASON,2026-08-20T23:43:02.137578+00:00,SAVANT_ARSENAL_SCHEMA_V1,CURRENT
684442,"Drake, Kohl",2026.0,77.0,13.0,16.9,7.8,21.5,44.3,0.43,0.317,0.625,49.1,16.4,73.0,38.4,3.0,36.6,SL,Slider,8.9,29,8.3,0.0,0.0,0.1,3.5,BASEBALL_SAVANT_CURRENT_SEASON,2026-08-20T23:43:02.137578+00:00,SAVANT_ARSENAL_SCHEMA_V1,CURRENT
703615,"Cabrera, Jose",2026.0,81.0,12.0,14.8,8.6,20.2,44.4,0.353,0.268,0.456,35.0,6.7,74.0,39.6,3.0,35.3,ST,Sweeper,16.1,45,20.0,0.167,0.667,0.386,-3.5,BASEBALL_SAVANT_CURRENT_SEASON,2026-08-20T23:43:02.137578+00:00,SAVANT_ARSENAL_SCHEMA_V1,CURRENT
689017,"Knack, Landon",2026.0,35.0,6.0,17.1,5.7,21.7,47.6,0.34,0.22,0.494,46.2,15.4,71.9,26.3,1.0,44.4,CH,Changeup,25.4,32,27.3,0.0,0.0,0.0,5.1,BASEBALL_SAVANT_CURRENT_SEASON,2026-08-20T23:43:02.137578+00:00,SAVANT_ARSENAL_SCHEMA_V1,CURRENT
694361,"Klein, Will",2026.0,189.0,49.0,25.9,11.1,23.9,43.3,0.288,0.235,0.302,37.9,2.6,70.7,17.6,8.0,32.4,SL,Slider,4.6,35,,0.6,0.8,0.636,-3.8,BASEBALL_SAVANT_CURRENT_SEASON,2026-08-20T23:43:02.137578+00:00,SAVANT_ARSENAL_SCHEMA_V1,CURRENT
621366,"Borucki, Ryan",2026.0,104.0,15.0,14.4,8.7,28.2,49.5,0.31,0.253,0.373,39.7,5.1,72.3,31.1,2.0,38.8,FC,Cutter,4.7,18,14.3,0.143,0.571,0.286,-7.5,BASEBALL_SAVANT_CURRENT_SEASON,2026-08-20T23:43:02.137578+00:00,SAVANT_ARSENAL_SCHEMA_V1,CURRENT
805345,"Harris, Trent",2026.0,23.0,10.0,43.5,13.0,34.1,39.8,0.261,0.199,0.252,30.0,0.0,70.1,16.1,0.0,20.0,CU,Curveball,21.4,22,27.3,0.167,0.333,0.279,-1.7,BASEBALL_SAVANT_CURRENT_SEASON,2026-08-20T23:43:02.137578+00:00,SAVANT_ARSENAL_SCHEMA_V1,CURRENT
663465,"Allard, Kolby",2026.0,45.0,9.0,20.0,6.7,17.4,52.0,0.385,0.317,0.533,43.8,15.6,71.1,16.2,2.0,32.8,SI,Sinker,11.3,20,0.0,0.333,0.833,0.514,-5.5,BASEBALL_SAVANT_CURRENT_SEASON,2026-08-20T23:43:02.137578+00:00,SAVANT_ARSENAL_SCHEMA_V1,CURRENT
662253,"Muñoz, Andrés",2026.0,195.0,73.0,37.4,9.2,40.3,47.3,0.28,0.208,0.333,41.7,8.7,71.4,24.0,15.0,28.4,CH,Changeup,4.9,38,38.9,0.0,0.0,0.0,1.6,BASEBALL_SAVANT_CURRENT_SEASON,2026-08-20T23:43:02.137578+00:00,SAVANT_ARSENAL_SCHEMA_V1,CURRENT
645302,"Robles, Victor",2026.0,9.0,0.0,0.0,11.1,0.0,42.3,0.504,0.49,0.618,37.5,0.0,71.7,9.1,0.0,63.6,CU,Curveball,57.7,15,0.0,0.5,0.5,0.486,-6.5,BASEBALL_SAVANT_CURRENT_SEASON,2026-08-20T23:43:02.137578+00:00,SAVANT_ARSENAL_SCHEMA_V1,CURRENT
702281,"Snelling, Robby",2026.0,22.0,2.0,9.1,18.2,28.6,48.8,0.371,0.261,0.445,43.8,6.3,73.8,48.6,2.0,38.5,FF,4-Seam Fastball,32.6,28,10.0,0.333,0.833,0.514,-5.8,BASEBALL_SAVANT_CURRENT_SEASON,2026-08-20T23:43:02.137578+00:00,SAVANT_ARSENAL_SCHEMA_V1,CURRENT
676604,"Zuber, Tyler",2026.0,108.0,30.0,27.8,4.6,24.4,48.5,0.271,0.226,0.333,46.5,2.8,72.1,25.1,5.0,31.0,CU,Curveball,4.9,21,16.7,0.143,0.143,0.129,0.8,BASEBALL_SAVANT_CURRENT_SEASON,2026-08-20T23:43:02.137578+00:00,SAVANT_ARSENAL_SCHEMA_V1,CURRENT
694350,"Brzykcy, Zach",2026.0,12.0,2.0,16.7,16.7,16.7,37.5,0.306,0.246,0.279,37.5,0.0,72.0,40.0,1.0,38.5,FF,4-Seam Fastball,47.9,23,14.3,0.4,0.6,0.507,-3.5,BASEBALL_SAVANT_CURRENT_SEASON,2026-08-20T23:43:02.137578+00:00,SAVANT_ARSENAL_SCHEMA_V1,CURRENT
674073,"Weisenburger, Jack",2026.0,18.0,4.0,22.2,11.1,23.1,49.4,0.257,0.172,0.302,33.3,8.3,72.1,22.9,1.0,40.7,ST,Sweeper,31.6,25,16.7,0.0,0.0,0.0,7.0,BASEBALL_SAVANT_CURRENT_SEASON,2026-08-20T23:43:02.137578+00:00,SAVANT_ARSENAL_SCHEMA_V1,CURRENT
673540,"Senga, Kodai",2026.0,234.0,60.0,25.6,15.0,28.5,45.5,0.34,0.233,0.401,38.2,11.8,72.1,25.3,13.0,31.0,SI,Sinker,3.8,35,33.3,0.333,0.833,0.514,-1.7,BASEBALL_SAVANT_CURRENT_SEASON,2026-08-20T23:43:02.137578+00:00,SAVANT_ARSENAL_SCHEMA_V1,CURRENT
694646,"McDermott, Chayce",2026.0,25.0,4.0,16.0,8.0,23.1,48.6,0.382,0.259,0.59,36.8,21.1,72.1,29.8,0.0,36.1,SL,Slider,15.0,16,22.2,0.167,0.667,0.386,-9.5,BASEBALL_SAVANT_CURRENT_SEASON,2026-08-20T23:43:02.137578+00:00,SAVANT_ARSENAL_SCHEMA_V1,CURRENT
678391,"Vivas, Jorbit",2026.0,18.0,0.0,0.0,5.6,0.0,53.8,0.542,0.395,0.846,53.3,25.0,72.2,40.0,0.0,60.0,SL,Slider,42.1,16,,0.2,0.2,0.329,-2.3,BASEBALL_SAVANT_CURRENT_SEASON,2026-08-20T23:43:02.137578+00:00,SAVANT_ARSENAL_SCHEMA_V1,CURRENT
800600,"Kent, Jackson",2026.0,41.0,9.0,22.0,19.5,17.9,41.4,0.377,0.283,0.412,50.0,4.2,72.5,31.7,1.0,31.4,SL,Slider,24.1,39,10.0,0.571,0.857,0.614,-4.3,BASEBALL_SAVANT_CURRENT_SEASON,2026-08-20T23:43:02.137578+00:00,SAVANT_ARSENAL_SCHEMA_V1,CURRENT
663992,"Lovelady, Richard",2026.0,146.0,27.0,18.5,14.4,22.9,44.5,0.361,0.282,0.423,32.6,6.5,72.1,25.5,5.0,32.9,SL,Slider,5.9,32,100.0,0.571,1.0,0.783,-3.4,BASEBALL_SAVANT_CURRENT_SEASON,2026-08-20T23:43:02.137578+00:00,SAVANT_ARSENAL_SCHEMA_V1,CURRENT
608650,"Enns, Dietrich",2026.0,70.0,13.0,18.6,15.7,23.1,46.0,0.301,0.211,0.335,39.1,6.5,71.5,23.5,1.0,32.2,ST,Sweeper,9.3,27,18.8,0.167,0.167,0.129,0.3,BASEBALL_SAVANT_CURRENT_SEASON,2026-08-20T23:43:02.137578+00:00,SAVANT_ARSENAL_SCHEMA_V1,CURRENT
689690,"Jacob, Alek",2026.0,23.0,6.0,26.1,8.7,37.8,51.7,0.272,0.179,0.305,35.7,7.1,71.7,31.6,1.0,33.3,CH,Changeup,34.5,30,33.3,0.0,0.0,0.1,4.5,BASEBALL_SAVANT_CURRENT_SEASON,2026-08-20T23:43:02.137578+00:00,SAVANT_ARSENAL_SCHEMA_V1,CURRENT
673513,"Matsui, Yuki",2026.0,198.0,50.0,25.3,14.1,35.2,47.3,0.284,0.174,0.325,29.7,8.5,71.9,24.1,11.0,25.3,SI,Sinker,2.9,23,0.0,0.0,0.0,0.2,1.6,BASEBALL_SAVANT_CURRENT_SEASON,2026-08-20T23:43:02.137578+00:00,SAVANT_ARSENAL_SCHEMA_V1,CURRENT
669093,"Estrada, Jeremiah",2026.0,122.0,37.0,30.3,13.1,31.9,47.4,0.287,0.207,0.315,34.8,7.2,70.9,22.4,1.0,26.5,SL,Slider,9.9,49,9.1,0.333,0.833,0.514,-2.4,BASEBALL_SAVANT_CURRENT_SEASON,2026-08-20T23:43:02.137578+00:00,SAVANT_ARSENAL_SCHEMA_V1,CURRENT
647315,"Pop, Zach",2026.0,31.0,6.0,19.4,9.7,15.4,40.0,0.317,0.248,0.358,47.6,4.8,72.4,22.7,1.0,47.4,SL,Slider,26.2,34,16.7,0.333,0.667,0.357,-1.1,BASEBALL_SAVANT_CURRENT_SEASON,2026-08-20T23:43:02.137578+00:00,SAVANT_ARSENAL_SCHEMA_V1,CURRENT
686934,"McFarlane, Alex",2026.0,20.0,4.0,20.0,15.0,27.3,42.3,0.356,0.284,0.399,46.2,7.7,73.6,37.0,2.0,40.9,SI,Sinker,32.1,25,0.0,0.2,0.2,0.329,0.9,BASEBALL_SAVANT_CURRENT_SEASON,2026-08-20T23:43:02.137578+00:00,SAVANT_ARSENAL_SCHEMA_V1,CURRENT
621237,"Alvarado, José",2026.0,211.0,56.0,26.5,10.4,29.4,46.4,0.303,0.224,0.337,28.0,4.8,71.8,23.9,10.0,26.2,CU,Curveball,3.0,27,16.0,0.167,0.333,0.279,-2.8,BASEBALL_SAVANT_CURRENT_SEASON,2026-08-20T23:43:02.137578+00:00,SAVANT_ARSENAL_SCHEMA_V1,CURRENT
668716,"Murdock, Noah",2026.0,14.0,4.0,28.6,21.4,22.7,37.3,0.245,0.145,0.156,57.1,0.0,74.2,33.3,1.0,33.3,SI,Sinker,45.8,27,40.0,0.5,0.5,0.457,-0.9,BASEBALL_SAVANT_CURRENT_SEASON,2026-08-20T23:43:02.137578+00:00,SAVANT_ARSENAL_SCHEMA_V1,CURRENT
676755,"Mattson, Isaac",2026.0,166.0,34.0,20.5,10.8,21.7,49.5,0.373,0.288,0.495,50.4,12.4,71.1,22.3,2.0,36.1,CH,Changeup,9.7,67,8.0,0.429,0.571,0.436,-2.8,BASEBALL_SAVANT_CURRENT_SEASON,2026-08-20T23:43:02.137578+00:00,SAVANT_ARSENAL_SCHEMA_V1,CURRENT
605452,"Ross, Joe",2026.0,57.0,7.0,12.3,10.5,30.0,53.7,0.391,0.307,0.524,36.4,11.4,72.7,25.0,2.0,31.4,FS,Split-Finger,20.5,42,7.7,0.429,0.571,0.436,-2.4,BASEBALL_SAVANT_CURRENT_SEASON,2026-08-20T23:43:02.137578+00:00,SAVANT_ARSENAL_SCHEMA_V1,CURRENT
656756,"Montgomery, Jordan",2026.0,38.0,6.0,15.8,2.6,20.5,45.1,0.368,0.319,0.521,35.5,9.7,72.6,29.0,1.0,33.3,CU,Curveball,25.9,42,27.3,0.143,0.143,0.129,2.5,BASEBALL_SAVANT_CURRENT_SEASON,2026-08-20T23:43:02.137578+00:00,SAVANT_ARSENAL_SCHEMA_V1,CURRENT
692030,"Corniell, Jose",2026.0,28.0,4.0,14.3,14.3,26.9,50.0,0.365,0.273,0.487,45.0,10.0,72.3,23.4,0.0,44.1,FF,4-Seam Fastball,26.0,27,16.7,0.5,1.5,0.764,-9.4,BASEBALL_SAVANT_CURRENT_SEASON,2026-08-20T23:43:02.137578+00:00,SAVANT_ARSENAL_SCHEMA_V1,CURRENT
642121,"Sulser, Cole",2026.0,197.0,48.0,24.4,7.1,26.9,51.3,0.325,0.253,0.461,39.3,11.9,72.3,29.9,8.0,28.3,ST,Sweeper,4.1,32,12.5,0.429,1.286,0.7,-14.1,BASEBALL_SAVANT_CURRENT_SEASON,2026-08-20T23:43:02.137578+00:00,SAVANT_ARSENAL_SCHEMA_V1,CURRENT
670103,"Burgos, Raymond",2026.0,34.0,5.0,14.7,2.9,15.7,58.8,0.296,0.228,0.447,35.7,7.1,72.4,33.8,1.0,34.5,ST,Sweeper,20.2,24,15.4,0.0,0.0,0.0,7.4,BASEBALL_SAVANT_CURRENT_SEASON,2026-08-20T23:43:02.137578+00:00,SAVANT_ARSENAL_SCHEMA_V1,CURRENT
663558,"Morán, Jovani",2026.0,216.0,58.0,26.9,11.6,32.3,45.9,0.277,0.193,0.323,29.0,6.9,71.7,22.4,5.0,35.2,ST,Sweeper,4.4,37,17.4,0.0,0.0,0.0,2.8,BASEBALL_SAVANT_CURRENT_SEASON,2026-08-20T23:43:02.137578+00:00,SAVANT_ARSENAL_SCHEMA_V1,CURRENT
700842,"Rivera, Eduardo",2026.0,44.0,10.0,22.7,13.6,25.0,45.7,0.296,0.205,0.341,42.9,3.6,72.6,31.4,0.0,31.8,SL,Slider,31.0,65,5.3,0.167,0.167,0.357,-1.1,BASEBALL_SAVANT_CURRENT_SEASON,2026-08-20T23:43:02.137578+00:00,SAVANT_ARSENAL_SCHEMA_V1,CURRENT
594027,"Guerrero, Tyron",2026.0,137.0,35.0,25.5,3.6,24.6,57.1,0.25,0.219,0.312,33.7,4.3,71.1,21.2,1.0,26.3,FS,Split-Finger,4.2,21,14.3,0.429,0.857,0.543,-7.1,BASEBALL_SAVANT_CURRENT_SEASON,2026-08-20T23:43:02.137578+00:00,SAVANT_ARSENAL_SCHEMA_V1,CURRENT
669062,"Miller, Erik",2026.0,173.0,57.0,32.9,14.5,35.5,39.5,0.273,0.182,0.274,27.3,5.8,71.8,22.0,15.0,23.3,FF,4-Seam Fastball,7.6,58,3.8,0.25,0.5,0.479,-4.7,BASEBALL_SAVANT_CURRENT_SEASON,2026-08-20T23:43:02.137578+00:00,SAVANT_ARSENAL_SCHEMA_V1,CURRENT
605335,"Leibrandt, Brandon",2026.0,30.0,3.0,10.0,10.0,23.4,47.5,0.437,0.323,0.694,29.2,18.2,72.5,27.0,0.0,40.7,SL,Slider,22.2,22,0.0,0.5,1.0,0.9,-5.4,BASEBALL_SAVANT_CURRENT_SEASON,2026-08-20T23:43:02.137578+00:00,SAVANT_ARSENAL_SCHEMA_V1,CURRENT
807743,"Sullivan, Sean",2026.0,114.0,16.0,14.0,9.6,16.2,47.8,0.335,0.241,0.431,34.5,9.5,72.2,28.2,1.0,34.6,SI,Sinker,5.8,24,,0.5,1.167,0.693,-5.7,BASEBALL_SAVANT_CURRENT_SEASON,2026-08-20T23:43:02.137578+00:00,SAVANT_ARSENAL_SCHEMA_V1,CURRENT
687312,"Hughes, Gabriel",2026.0,164.0,33.0,20.1,7.9,19.7,48.4,0.287,0.232,0.338,28.4,4.3,72.3,28.1,6.0,28.6,SI,Sinker,6.6,42,11.1,0.714,0.857,0.693,-4.5,BASEBALL_SAVANT_CURRENT_SEASON,2026-08-20T23:43:02.137578+00:00,SAVANT_ARSENAL_SCHEMA_V1,CURRENT
700327,"Herrera, Welinton",2026.0,10.0,2.0,20.0,10.0,19.0,46.7,0.333,0.288,0.387,57.1,0.0,71.2,23.8,0.0,35.3,FF,4-Seam Fastball,62.2,28,14.3,0.333,0.333,0.357,1.2,BASEBALL_SAVANT_CURRENT_SEASON,2026-08-20T23:43:02.137578+00:00,SAVANT_ARSENAL_SCHEMA_V1,CURRENT
685299,"Gordon, Tanner",2026.0,312.0,62.0,19.9,4.2,23.0,52.0,0.337,0.266,0.485,45.1,11.1,72.1,24.2,3.0,38.9,SI,Sinker,3.4,38,0.0,0.571,1.429,0.821,-8.0,BASEBALL_SAVANT_CURRENT_SEASON,2026-08-20T23:43:02.137578+00:00,SAVANT_ARSENAL_SCHEMA_V1,CURRENT
676105,"Criswell, Jeff",2026.0,18.0,3.0,16.7,16.7,27.0,46.8,0.436,0.3,0.613,25.0,16.7,72.6,26.1,0.0,35.7,FF,4-Seam Fastball,41.8,33,28.6,0.333,0.833,0.514,-1.6,BASEBALL_SAVANT_CURRENT_SEASON,2026-08-20T23:43:02.137578+00:00,SAVANT_ARSENAL_SCHEMA_V1,CURRENT
605154,"Brebbia, John",2026.0,21.0,2.0,9.5,0.0,17.0,56.4,0.414,0.317,0.673,42.1,10.5,72.5,31.9,0.0,30.8,FF,4-Seam Fastball,39.4,37,0.0,0.286,0.714,0.414,-1.2,BASEBALL_SAVANT_CURRENT_SEASON,2026-08-20T23:43:02.137578+00:00,SAVANT_ARSENAL_SCHEMA_V1,CURRENT
518886,"Kimbrel, Craig",2026.0,154.0,33.0,21.4,11.0,25.3,48.1,0.325,0.248,0.397,38.2,6.9,71.8,25.6,9.0,33.5,SI,Sinker,6.3,39,8.3,0.0,0.0,0.2,3.1,BASEBALL_SAVANT_CURRENT_SEASON,2026-08-20T23:43:02.137578+00:00,SAVANT_ARSENAL_SCHEMA_V1,CURRENT
696131,"Black, Mason",2026.0,130.0,19.0,14.6,14.6,19.2,40.5,0.387,0.283,0.475,46.7,10.0,72.0,22.8,0.0,42.4,FC,Cutter,7.8,40,0.0,0.4,0.4,0.457,-3.4,BASEBALL_SAVANT_CURRENT_SEASON,2026-08-20T23:43:02.137578+00:00,SAVANT_ARSENAL_SCHEMA_V1,CURRENT
696131,"Black, Mason",2026.0,130.0,19.0,14.6,14.6,19.2,40.5,0.387,0.283,0.475,46.7,10.0,72.0,22.8,0.0,42.4,CU,Curveball,6.2,32,11.1,0.286,0.286,0.257,0.5,BASEBALL_SAVANT_CURRENT_SEASON,2026-08-20T23:43:02.137578+00:00,SAVANT_ARSENAL_SCHEMA_V1,CURRENT
671162,"Thomas, Connor",2026.0,43.0,5.0,11.6,14.0,24.3,47.0,0.405,0.297,0.559,46.9,9.4,72.7,31.3,1.0,40.0,ST,Sweeper,16.1,24,0.0,0.6,1.2,0.643,-8.0,BASEBALL_SAVANT_CURRENT_SEASON,2026-08-20T23:43:02.137578+00:00,SAVANT_ARSENAL_SCHEMA_V1,CURRENT
668834,"McGee, Easton",2026.0,35.0,7.0,20.0,11.4,22.5,59.7,0.369,0.297,0.463,37.5,12.5,72.5,32.3,0.0,33.3,SI,Sinker,18.5,22,16.7,0.4,0.4,0.457,-2.8,BASEBALL_SAVANT_CURRENT_SEASON,2026-08-20T23:43:02.137578+00:00,SAVANT_ARSENAL_SCHEMA_V1,CURRENT
668834,"McGee, Easton",2026.0,35.0,7.0,20.0,11.4,22.5,59.7,0.369,0.297,0.463,37.5,12.5,72.5,32.3,0.0,33.3,FF,4-Seam Fastball,23.5,28,20.0,0.429,1.0,0.593,-9.5,BASEBALL_SAVANT_CURRENT_SEASON,2026-08-20T23:43:02.137578+00:00,SAVANT_ARSENAL_SCHEMA_V1,CURRENT
663738,"Lynch IV, Daniel",2026.0,218.0,41.0,18.8,7.3,27.3,47.1,0.295,0.236,0.37,35.8,5.7,72.1,25.8,7.0,36.0,CU,Curveball,7.2,57,0.0,0.143,0.286,0.179,2.3,BASEBALL_SAVANT_CURRENT_SEASON,2026-08-20T23:43:02.137578+00:00,SAVANT_ARSENAL_SCHEMA_V1,CURRENT
669724,"Hanifee, Brenan",2026.0,93.0,10.0,10.8,7.5,14.4,45.5,0.37,0.301,0.5,45.3,8.1,72.7,32.1,0.0,40.9,FF,4-Seam Fastball,8.4,27,14.3,0.0,0.0,0.1,2.8,BASEBALL_SAVANT_CURRENT_SEASON,2026-08-20T23:43:02.137578+00:00,SAVANT_ARSENAL_SCHEMA_V1,CURRENT
676684,"Vest, Will",2026.0,116.0,27.0,23.3,8.6,27.5,48.1,0.307,0.244,0.365,35.1,5.3,71.5,25.2,1.0,32.9,CH,Changeup,11.4,55,14.3,0.0,0.0,0.1,1.0,BASEBALL_SAVANT_CURRENT_SEASON,2026-08-20T23:43:02.137578+00:00,SAVANT_ARSENAL_SCHEMA_V1,CURRENT
663947,"Holton, Tyler",2026.0,246.0,47.0,19.1,5.7,22.8,47.0,0.294,0.246,0.36,38.1,6.1,72.0,23.4,9.0,31.6,CU,Curveball,4.0,37,5.6,0.5,1.25,0.714,-8.4,BASEBALL_SAVANT_CURRENT_SEASON,2026-08-20T23:43:02.137578+00:00,SAVANT_ARSENAL_SCHEMA_V1,CURRENT
434378,"Verlander, Justin",2026.0,19.0,1.0,5.3,10.5,15.4,48.8,0.474,0.365,0.69,56.3,12.5,71.6,24.3,0.0,37.5,FF,4-Seam Fastball,42.5,34,0.0,0.286,0.714,0.407,0.4,BASEBALL_SAVANT_CURRENT_SEASON,2026-08-20T23:43:02.137578+00:00,SAVANT_ARSENAL_SCHEMA_V1,CURRENT
676428,"Hurter, Brant",2026.0,101.0,18.0,17.8,11.9,20.5,43.3,0.304,0.235,0.332,32.9,4.3,71.6,20.9,2.0,33.6,FF,4-Seam Fastball,4.2,15,16.7,0.5,0.667,0.536,-10.9,BASEBALL_SAVANT_CURRENT_SEASON,2026-08-20T23:43:02.137578+00:00,SAVANT_ARSENAL_SCHEMA_V1,CURRENT
701519,"Adams, Travis",2026.0,174.0,46.0,26.4,9.8,27.5,47.7,0.309,0.229,0.399,30.6,8.2,71.8,26.7,6.0,30.6,SI,Sinker,6.0,41,20.0,0.0,0.0,0.117,3.8,BASEBALL_SAVANT_CURRENT_SEASON,2026-08-20T23:43:02.137578+00:00,SAVANT_ARSENAL_SCHEMA_V1,CURRENT
808970,"Go, Woo-Suk",2026.0,22.0,5.0,22.7,9.1,25.0,51.2,0.386,0.28,0.559,53.3,20.0,71.4,26.2,0.0,41.9,SL,Slider,33.7,29,16.7,0.571,1.286,0.771,-7.7,BASEBALL_SAVANT_CURRENT_SEASON,2026-08-20T23:43:02.137578+00:00,SAVANT_ARSENAL_SCHEMA_V1,CURRENT
663485,"Sands, Cole",2026.0,56.0,11.0,19.6,8.9,23.3,49.3,0.364,0.268,0.507,56.4,10.3,72.4,29.8,1.0,43.1,SI,Sinker,7.7,16,,0.714,1.143,0.793,-15.7,BASEBALL_SAVANT_CURRENT_SEASON,2026-08-20T23:43:02.137578+00:00,SAVANT_ARSENAL_SCHEMA_V1,CURRENT
808970,"Go, Woo-Suk",2026.0,22.0,5.0,22.7,9.1,25.0,51.2,0.386,0.28,0.559,53.3,20.0,71.4,26.2,0.0,41.9,FF,4-Seam Fastball,39.5,34,12.5,0.6,1.4,0.793,-7.4,BASEBALL_SAVANT_CURRENT_SEASON,2026-08-20T23:43:02.137578+00:00,SAVANT_ARSENAL_SCHEMA_V1,CURRENT
608723,"Voth, Austin",2026.0,56.0,3.0,5.4,10.7,15.6,44.7,0.402,0.338,0.557,40.4,8.5,71.9,25.6,1.0,43.6,SI,Sinker,13.1,28,0.0,0.75,0.75,0.686,-4.4,BASEBALL_SAVANT_CURRENT_SEASON,2026-08-20T23:43:02.137578+00:00,SAVANT_ARSENAL_SCHEMA_V1,CURRENT
689818,"Sandlin, David",2026.0,106.0,24.0,22.6,11.3,22.8,45.0,0.318,0.23,0.39,30.4,10.1,71.1,18.9,2.0,29.7,ST,Sweeper,4.9,20,18.8,0.143,0.143,0.129,1.4,BASEBALL_SAVANT_CURRENT_SEASON,2026-08-20T23:43:02.137578+00:00,SAVANT_ARSENAL_SCHEMA_V1,CURRENT
702273,"Schultz, Noah",2026.0,291.0,59.0,20.3,10.7,21.0,44.5,0.364,0.273,0.454,40.4,9.4,72.3,28.9,9.0,29.9,CU,Curveball,2.3,26,13.3,0.286,0.429,0.307,-0.7,BASEBALL_SAVANT_CURRENT_SEASON,2026-08-20T23:43:02.137578+00:00,SAVANT_ARSENAL_SCHEMA_V1,CURRENT
664353,"Urquidy, José",2026.0,71.0,17.0,23.9,2.8,27.3,51.0,0.257,0.226,0.346,34.6,7.8,71.3,17.7,2.0,40.5,CU,Curveball,15.9,40,33.3,0.286,0.286,0.257,-1.8,BASEBALL_SAVANT_CURRENT_SEASON,2026-08-20T23:43:02.137578+00:00,SAVANT_ARSENAL_SCHEMA_V1,CURRENT
680732,"Burke, Sean",2026.0,571.0,154.0,27.0,7.4,25.8,48.9,0.294,0.226,0.37,36.9,7.7,71.6,25.4,26.0,30.9,CH,Changeup,2.1,48,0.0,0.286,0.429,0.307,-0.7,BASEBALL_SAVANT_CURRENT_SEASON,2026-08-20T23:43:02.137578+00:00,SAVANT_ARSENAL_SCHEMA_V1,CURRENT
699823,"Davis, Tyler",2026.0,106.0,22.0,20.8,14.2,23.4,50.0,0.288,0.219,0.324,43.5,4.3,71.0,20.1,3.0,32.1,FS,Split-Finger,6.3,25,21.4,0.429,0.571,0.436,-4.7,BASEBALL_SAVANT_CURRENT_SEASON,2026-08-20T23:43:02.137578+00:00,SAVANT_ARSENAL_SCHEMA_V1,CURRENT
665645,"Castro, Kervin",2026.0,23.0,8.0,34.8,8.7,25.0,51.1,0.235,0.195,0.245,30.8,0.0,72.6,31.0,0.0,33.3,FC,Cutter,19.1,18,25.0,0.143,0.143,0.129,5.4,BASEBALL_SAVANT_CURRENT_SEASON,2026-08-20T23:43:02.137578+00:00,SAVANT_ARSENAL_SCHEMA_V1,CURRENT
665645,"Castro, Kervin",2026.0,23.0,8.0,34.8,8.7,25.0,51.1,0.235,0.195,0.245,30.8,0.0,72.6,31.0,0.0,33.3,SI,Sinker,17.0,16,37.5,0.167,0.167,0.229,5.3,BASEBALL_SAVANT_CURRENT_SEASON,2026-08-20T23:43:02.137578+00:00,SAVANT_ARSENAL_SCHEMA_V1,CURRENT
665645,"Castro, Kervin",2026.0,23.0,8.0,34.8,8.7,25.0,51.1,0.235,0.195,0.245,30.8,0.0,72.6,31.0,0.0,33.3,FF,4-Seam Fastball,52.1,49,13.3,0.167,0.333,0.279,0.9,BASEBALL_SAVANT_CURRENT_SEASON,2026-08-20T23:43:02.137578+00:00,SAVANT_ARSENAL_SCHEMA_V1,CURRENT
656756,"Montgomery, Jordan",2026.0,38.0,6.0,15.8,2.6,20.5,45.1,0.368,0.319,0.521,35.5,9.7,72.6,29.0,1.0,33.3,CH,Changeup,14.2,23,11.1,0.333,0.833,0.483,-2.4,BASEBALL_SAVANT_CURRENT_SEASON,2026-08-20T23:43:02.137578+00:00,SAVANT_ARSENAL_SCHEMA_V1,CURRENT
806960,"Morales, Luis",2026.0,90.0,13.0,14.4,15.6,18.5,43.6,0.408,0.303,0.522,40.3,11.3,71.0,21.3,4.0,33.3,ST,Sweeper,6.9,24,10.0,0.4,0.6,0.475,-6.4,BASEBALL_SAVANT_CURRENT_SEASON,2026-08-20T23:43:02.137578+00:00,SAVANT_ARSENAL_SCHEMA_V1,CURRENT
675627,"Grove, Michael",2026.0,28.0,6.0,21.4,0.0,28.9,50.6,0.423,0.289,0.708,36.4,18.2,73.3,31.6,4.0,53.3,FF,4-Seam Fastball,18.0,16,50.0,0.5,1.167,0.692,-11.1,BASEBALL_SAVANT_CURRENT_SEASON,2026-08-20T23:43:02.137578+00:00,SAVANT_ARSENAL_SCHEMA_V1,CURRENT
670062,"Garcia, Julian",2026.0,104.0,28.0,26.9,10.6,31.5,46.0,0.261,0.179,0.306,32.8,6.3,72.9,30.6,16.0,30.6,SL,Slider,13.8,60,25.0,0.0,0.0,0.117,2.5,BASEBALL_SAVANT_CURRENT_SEASON,2026-08-20T23:43:02.137578+00:00,SAVANT_ARSENAL_SCHEMA_V1,CURRENT
695034,"Morris, Kade",2026.0,53.0,6.0,11.3,11.3,16.5,46.4,0.316,0.252,0.365,48.8,4.9,72.0,27.4,5.0,32.0,SL,Slider,15.8,33,14.3,0.4,0.6,0.358,-0.8,BASEBALL_SAVANT_CURRENT_SEASON,2026-08-20T23:43:02.137578+00:00,SAVANT_ARSENAL_SCHEMA_V1,CURRENT
694397,"Raya, Marco",2026.0,25.0,4.0,16.0,12.0,26.2,42.0,0.341,0.274,0.407,27.8,5.6,73.3,27.8,0.0,42.3,CH,Changeup,17.0,17,25.0,0.167,0.167,0.15,2.6,BASEBALL_SAVANT_CURRENT_SEASON,2026-08-20T23:43:02.137578+00:00,SAVANT_ARSENAL_SCHEMA_V1,CURRENT
663559,"Falter, Bailey",2026.0,57.0,6.0,10.5,10.5,20.0,44.4,0.415,0.355,0.537,44.4,6.7,72.2,28.4,0.0,53.3,CU,Curveball,9.4,17,25.0,0.5,1.0,0.633,-10.2,BASEBALL_SAVANT_CURRENT_SEASON,2026-08-20T23:43:02.137578+00:00,SAVANT_ARSENAL_SCHEMA_V1,CURRENT
605335,"Leibrandt, Brandon",2026.0,30.0,3.0,10.0,10.0,23.4,47.5,0.437,0.323,0.694,29.2,18.2,72.5,27.0,0.0,40.7,FF,4-Seam Fastball,23.2,23,20.0,0.2,0.8,0.333,-5.1,BASEBALL_SAVANT_CURRENT_SEASON,2026-08-20T23:43:02.137578+00:00,SAVANT_ARSENAL_SCHEMA_V1,CURRENT
689818,"Sandlin, David",2026.0,106.0,24.0,22.6,11.3,22.8,45.0,0.318,0.23,0.39,30.4,10.1,71.1,18.9,2.0,29.7,SI,Sinker,8.8,36,25.0,0.0,0.0,0.233,0.2,BASEBALL_SAVANT_CURRENT_SEASON,2026-08-20T23:43:02.137578+00:00,SAVANT_ARSENAL_SCHEMA_V1,CURRENT
666142,"Ragans, Cole",2026.0,151.0,45.0,29.8,15.2,31.7,45.4,0.344,0.218,0.452,39.8,15.7,72.3,28.3,4.0,29.9,CU,Curveball,8.5,54,0.0,0.8,2.6,1.267,-6.9,BASEBALL_SAVANT_CURRENT_SEASON,2026-08-20T23:43:02.137578+00:00,SAVANT_ARSENAL_SCHEMA_V1,CURRENT
680951,"Nikhazy, Doug",2026.0,9.0,1.0,11.1,22.2,33.3,30.8,0.291,0.19,0.208,33.3,0.0,74.1,33.3,0.0,62.5,FF,4-Seam Fastball,46.2,18,,0.2,0.2,0.267,3.5,BASEBALL_SAVANT_CURRENT_SEASON,2026-08-20T23:43:02.137578+00:00,SAVANT_ARSENAL_SCHEMA_V1,CURRENT
684007,"Imanaga, Shota",2026.0,578.0,140.0,24.2,5.5,29.4,51.5,0.302,0.235,0.411,35.4,10.0,72.6,31.3,16.0,31.9,CU,Curveball,2.7,61,0.0,0.2,0.2,0.267,0.9,BASEBALL_SAVANT_CURRENT_SEASON,2026-08-20T23:43:02.137578+00:00,SAVANT_ARSENAL_SCHEMA_V1,CURRENT
675989,"Bolton, Cody",2026.0,95.0,22.0,23.2,14.7,19.6,41.7,0.38,0.276,0.472,48.3,10.3,72.5,32.6,1.0,30.3,CH,Changeup,10.7,42,0.0,0.167,0.167,0.15,0.1,BASEBALL_SAVANT_CURRENT_SEASON,2026-08-20T23:43:02.137578+00:00,SAVANT_ARSENAL_SCHEMA_V1,CURRENT
669684,"Murphy, Chris",2026.0,132.0,29.0,22.0,11.4,30.7,51.2,0.294,0.211,0.321,34.5,7.1,71.2,18.9,2.0,28.6,CH,Changeup,3.6,19,30.0,0.167,0.167,0.15,1.3,BASEBALL_SAVANT_CURRENT_SEASON,2026-08-20T23:43:02.137578+00:00,SAVANT_ARSENAL_SCHEMA_V1,CURRENT
691548,"Muñoz, Rolddy",2026.0,12.0,3.0,25.0,8.3,33.3,42.9,0.428,0.315,0.639,62.5,25.0,73.0,35.0,0.0,46.2,SI,Sinker,30.6,15,0.0,0.6,1.2,0.75,-10.9,BASEBALL_SAVANT_CURRENT_SEASON,2026-08-20T23:43:02.137578+00:00,SAVANT_ARSENAL_SCHEMA_V1,CURRENT
702566,"Murphy, Owen",2026.0,29.0,6.0,20.7,6.9,17.1,60.3,0.353,0.28,0.451,55.0,10.0,72.3,29.7,1.0,31.5,CH,Changeup,20.7,24,0.0,0.333,0.333,0.3,0.2,BASEBALL_SAVANT_CURRENT_SEASON,2026-08-20T23:43:02.137578+00:00,SAVANT_ARSENAL_SCHEMA_V1,CURRENT
605335,"Leibrandt, Brandon",2026.0,30.0,3.0,10.0,10.0,23.4,47.5,0.437,0.323,0.694,29.2,18.2,72.5,27.0,0.0,40.7,SI,Sinker,14.1,14,0.0,0.5,0.667,0.508,-3.3,BASEBALL_SAVANT_CURRENT_SEASON,2026-08-20T23:43:02.137578+00:00,SAVANT_ARSENAL_SCHEMA_V1,CURRENT
666201,"Manoah, Alek",2026.0,39.0,5.0,12.8,20.5,19.7,37.9,0.379,0.228,0.473,34.6,11.5,72.4,32.0,1.0,25.0,FF,4-Seam Fastball,11.8,19,0.0,0.167,0.333,0.208,3.5,BASEBALL_SAVANT_CURRENT_SEASON,2026-08-20T23:43:02.137578+00:00,SAVANT_ARSENAL_SCHEMA_V1,CURRENT
668716,"Murdock, Noah",2026.0,14.0,4.0,28.6,21.4,22.7,37.3,0.245,0.145,0.156,57.1,0.0,74.2,33.3,1.0,33.3,CU,Curveball,33.9,20,20.0,0.167,0.167,0.15,1.4,BASEBALL_SAVANT_CURRENT_SEASON,2026-08-20T23:43:02.137578+00:00,SAVANT_ARSENAL_SCHEMA_V1,CURRENT
682995,"Barco, Hunter",2026.0,87.0,14.0,16.1,14.9,16.3,38.5,0.381,0.28,0.466,43.1,7.0,72.0,20.3,2.0,34.9,ST,Sweeper,6.3,22,16.7,0.167,0.167,0.15,2.7,BASEBALL_SAVANT_CURRENT_SEASON,2026-08-20T23:43:02.137578+00:00,SAVANT_ARSENAL_SCHEMA_V1,CURRENT
806188,"Gibson, Cade",2026.0,163.0,30.0,18.4,10.4,21.5,44.4,0.307,0.25,0.321,39.1,2.7,71.1,24.8,4.0,33.7,FF,4-Seam Fastball,4.0,26,33.3,0.2,0.4,0.325,1.9,BASEBALL_SAVANT_CURRENT_SEASON,2026-08-20T23:43:02.137578+00:00,SAVANT_ARSENAL_SCHEMA_V1,CURRENT
676508,"Casparius, Ben",2026.0,23.0,4.0,17.4,17.4,35.0,40.4,0.385,0.281,0.467,26.7,13.3,70.7,13.9,0.0,40.9,ST,Sweeper,27.3,27,10.0,0.167,0.167,0.15,1.3,BASEBALL_SAVANT_CURRENT_SEASON,2026-08-20T23:43:02.137578+00:00,SAVANT_ARSENAL_SCHEMA_V1,CURRENT
805345,"Harris, Trent",2026.0,23.0,10.0,43.5,13.0,34.1,39.8,0.261,0.199,0.252,30.0,0.0,70.1,16.1,0.0,20.0,SI,Sinker,24.3,25,44.4,0.333,0.333,0.3,3.4,BASEBALL_SAVANT_CURRENT_SEASON,2026-08-20T23:43:02.137578+00:00,SAVANT_ARSENAL_SCHEMA_V1,CURRENT
666201,"Manoah, Alek",2026.0,39.0,5.0,12.8,20.5,19.7,37.9,0.379,0.228,0.473,34.6,11.5,72.4,32.0,1.0,25.0,SL,Slider,14.3,23,9.1,0.0,0.0,0.35,-2.1,BASEBALL_SAVANT_CURRENT_SEASON,2026-08-20T23:43:02.137578+00:00,SAVANT_ARSENAL_SCHEMA_V1,CURRENT
669330,"Wells, Tyler",2026.0,241.0,61.0,25.3,6.6,30.4,52.1,0.277,0.21,0.365,32.7,7.4,72.0,27.1,8.0,28.6,CU,Curveball,4.5,42,25.0,0.167,0.167,0.15,1.0,BASEBALL_SAVANT_CURRENT_SEASON,2026-08-20T23:43:02.137578+00:00,SAVANT_ARSENAL_SCHEMA_V1,CURRENT
682997,"Callihan, Tyler",2026.0,15.0,1.0,6.7,20.0,0.0,35.8,0.38,0.282,0.415,54.5,0.0,70.6,29.4,0.0,47.1,SL,Slider,34.0,18,0.0,0.2,0.2,0.267,1.9,BASEBALL_SAVANT_CURRENT_SEASON,2026-08-20T23:43:02.137578+00:00,SAVANT_ARSENAL_SCHEMA_V1,CURRENT
696062,"Dotel, Wilber",2026.0,123.0,31.0,25.2,10.6,25.0,46.8,0.304,0.241,0.36,48.1,3.8,71.7,22.7,5.0,31.2,CH,Changeup,8.0,39,7.7,0.167,0.167,0.15,1.1,BASEBALL_SAVANT_CURRENT_SEASON,2026-08-20T23:43:02.137578+00:00,SAVANT_ARSENAL_SCHEMA_V1,CURRENT
608650,"Enns, Dietrich",2026.0,70.0,13.0,18.6,15.7,23.1,46.0,0.301,0.211,0.335,39.1,6.5,71.5,23.5,1.0,32.2,FC,Cutter,10.0,29,0.0,1.0,1.0,0.68,-3.9,BASEBALL_SAVANT_CURRENT_SEASON,2026-08-20T23:43:02.137578+00:00,SAVANT_ARSENAL_SCHEMA_V1,CURRENT
681151,"Murray, Jayden",2026.0,79.0,14.0,17.7,11.4,27.7,48.7,0.363,0.272,0.494,42.9,14.3,71.7,26.9,0.0,41.7,SI,Sinker,9.5,29,0.0,0.5,0.5,0.533,-0.5,BASEBALL_SAVANT_CURRENT_SEASON,2026-08-20T23:43:02.137578+00:00,SAVANT_ARSENAL_SCHEMA_V1,CURRENT
694357,"Tiedemann, Ricky",2026.0,7.0,2.0,28.6,0.0,25.0,44.4,0.332,0.321,0.458,40.0,0.0,72.1,11.1,1.0,37.5,ST,Sweeper,59.3,16,33.3,0.333,0.333,0.3,0.9,BASEBALL_SAVANT_CURRENT_SEASON,2026-08-20T23:43:02.137578+00:00,SAVANT_ARSENAL_SCHEMA_V1,CURRENT
606965,"Devenski, Chris",2026.0,12.0,3.0,25.0,0.0,21.1,48.7,0.297,0.274,0.425,55.6,22.2,73.0,25.0,1.0,50.0,FF,4-Seam Fastball,38.5,15,14.3,0.333,0.333,0.3,-1.2,BASEBALL_SAVANT_CURRENT_SEASON,2026-08-20T23:43:02.137578+00:00,SAVANT_ARSENAL_SCHEMA_V1,CURRENT
663969,"Phillips, Tyler",2026.0,434.0,79.0,18.2,9.7,25.8,46.0,0.336,0.264,0.423,44.3,8.1,72.8,32.9,28.0,37.9,SL,Slider,1.2,20,0.0,0.167,0.667,0.333,0.9,BASEBALL_SAVANT_CURRENT_SEASON,2026-08-20T23:43:02.137578+00:00,SAVANT_ARSENAL_SCHEMA_V1,CURRENT
680755,"Fisher, Braydon",2026.0,260.0,58.0,22.3,13.1,26.9,44.2,0.312,0.223,0.36,37.0,10.3,71.7,25.5,14.0,31.6,FC,Cutter,3.0,30,0.0,0.6,0.8,0.625,-4.8,BASEBALL_SAVANT_CURRENT_SEASON,2026-08-20T23:43:02.137578+00:00,SAVANT_ARSENAL_SCHEMA_V1,CURRENT
656288,"Canning, Griffin",2026.0,319.0,72.0,22.6,10.3,25.3,45.1,0.332,0.249,0.421,47.1,9.5,72.5,30.4,13.0,33.2,ST,Sweeper,3.5,44,25.0,0.0,0.0,0.117,1.4,BASEBALL_SAVANT_CURRENT_SEASON,2026-08-20T23:43:02.137578+00:00,SAVANT_ARSENAL_SCHEMA_V1,CURRENT
595978,"Hedges, Austin",2026.0,12.0,1.0,8.3,0.0,6.7,50.0,0.275,0.284,0.355,27.3,0.0,71.0,7.1,0.0,69.2,CH,Changeup,50.0,15,0.0,0.167,0.167,0.15,5.9,BASEBALL_SAVANT_CURRENT_SEASON,2026-08-20T23:43:02.137578+00:00,SAVANT_ARSENAL_SCHEMA_V1,CURRENT
601713,"Pivetta, Nick",2026.0,66.0,24.0,36.4,9.1,26.1,48.8,0.212,0.154,0.228,30.6,2.8,71.6,21.5,6.0,23.2,FC,Cutter,10.2,29,16.7,0.333,0.5,0.358,0.5,BASEBALL_SAVANT_CURRENT_SEASON,2026-08-20T23:43:02.137578+00:00,SAVANT_ARSENAL_SCHEMA_V1,CURRENT
814490,"Pecko, Ethan",2026.0,18.0,4.0,22.2,16.7,30.0,44.9,0.301,0.173,0.261,20.0,0.0,70.5,21.1,0.0,23.1,SI,Sinker,30.3,27,33.3,0.25,0.25,0.383,1.1,BASEBALL_SAVANT_CURRENT_SEASON,2026-08-20T23:43:02.137578+00:00,SAVANT_ARSENAL_SCHEMA_V1,CURRENT
805345,"Harris, Trent",2026.0,23.0,10.0,43.5,13.0,34.1,39.8,0.261,0.199,0.252,30.0,0.0,70.1,16.1,0.0,20.0,FC,Cutter,27.2,28,28.6,0.4,0.4,0.417,-0.4,BASEBALL_SAVANT_CURRENT_SEASON,2026-08-20T23:43:02.137578+00:00,SAVANT_ARSENAL_SCHEMA_V1,CURRENT
680736,"Wrobleski, Justin",2026.0,516.0,100.0,19.4,5.4,20.0,50.1,0.331,0.27,0.448,43.9,9.4,72.6,31.6,7.0,35.1,FC,Cutter,1.3,24,0.0,0.8,2.2,1.142,-18.6,BASEBALL_SAVANT_CURRENT_SEASON,2026-08-20T23:43:02.137578+00:00,SAVANT_ARSENAL_SCHEMA_V1,CURRENT
669684,"Murphy, Chris",2026.0,132.0,29.0,22.0,11.4,30.7,51.2,0.294,0.211,0.321,34.5,7.1,71.2,18.9,2.0,28.6,SI,Sinker,3.2,17,0.0,0.5,1.0,0.633,-6.2,BASEBALL_SAVANT_CURRENT_SEASON,2026-08-20T23:43:02.137578+00:00,SAVANT_ARSENAL_SCHEMA_V1,CURRENT
676596,"Fleming, Josh",2026.0,18.0,1.0,5.6,11.1,13.5,48.1,0.47,0.36,0.632,64.3,7.1,72.1,17.2,1.0,40.0,SI,Sinker,37.7,29,0.0,0.6,1.2,0.633,-4.3,BASEBALL_SAVANT_CURRENT_SEASON,2026-08-20T23:43:02.137578+00:00,SAVANT_ARSENAL_SCHEMA_V1,CURRENT
663485,"Sands, Cole",2026.0,56.0,11.0,19.6,8.9,23.3,49.3,0.364,0.268,0.507,56.4,10.3,72.4,29.8,1.0,43.1,FS,Split-Finger,16.3,34,10.0,0.2,0.8,0.4,-3.2,BASEBALL_SAVANT_CURRENT_SEASON,2026-08-20T23:43:02.137578+00:00,SAVANT_ARSENAL_SCHEMA_V1,CURRENT
683232,"Mears, Nick",2026.0,83.0,15.0,18.1,13.3,18.7,44.0,0.382,0.298,0.506,50.9,12.5,72.2,25.6,5.0,33.9,CU,Curveball,13.5,46,22.2,0.333,0.333,0.3,0.2,BASEBALL_SAVANT_CURRENT_SEASON,2026-08-20T23:43:02.137578+00:00,SAVANT_ARSENAL_SCHEMA_V1,CURRENT
656457,"Gilbert, Tyler",2026.0,22.0,3.0,13.6,18.2,16.7,44.7,0.497,0.343,0.729,46.7,20.0,73.0,32.4,0.0,36.7,ST,Sweeper,36.2,34,12.5,0.2,0.4,0.325,-1.4,BASEBALL_SAVANT_CURRENT_SEASON,2026-08-20T23:43:02.137578+00:00,SAVANT_ARSENAL_SCHEMA_V1,CURRENT
679775,"Backhus, Kyle",2026.0,94.0,20.0,21.3,6.4,19.6,43.2,0.308,0.247,0.385,30.3,4.6,71.1,22.4,2.0,34.3,CH,Changeup,10.5,37,6.3,0.167,0.167,0.15,0.1,BASEBALL_SAVANT_CURRENT_SEASON,2026-08-20T23:43:02.137578+00:00,SAVANT_ARSENAL_SCHEMA_V1,CURRENT
806188,"Gibson, Cade",2026.0,163.0,30.0,18.4,10.4,21.5,44.4,0.307,0.25,0.321,39.1,2.7,71.1,24.8,4.0,33.7,CH,Changeup,6.5,42,7.7,0.5,0.667,0.508,-3.1,BASEBALL_SAVANT_CURRENT_SEASON,2026-08-20T23:43:02.137578+00:00,SAVANT_ARSENAL_SCHEMA_V1,CURRENT
641835,"Mayza, Tim",2026.0,224.0,56.0,25.0,6.3,24.3,45.0,0.279,0.227,0.367,43.8,7.2,72.3,27.4,7.0,32.5,FS,Split-Finger,2.6,23,14.3,0.333,0.5,0.358,-4.8,BASEBALL_SAVANT_CURRENT_SEASON,2026-08-20T23:43:02.137578+00:00,SAVANT_ARSENAL_SCHEMA_V1,CURRENT
686934,"McFarlane, Alex",2026.0,20.0,4.0,20.0,15.0,27.3,42.3,0.356,0.284,0.399,46.2,7.7,73.6,37.0,2.0,40.9,SL,Slider,19.2,15,40.0,0.2,0.2,0.267,0.2,BASEBALL_SAVANT_CURRENT_SEASON,2026-08-20T23:43:02.137578+00:00,SAVANT_ARSENAL_SCHEMA_V1,CURRENT
676596,"Fleming, Josh",2026.0,18.0,1.0,5.6,11.1,13.5,48.1,0.47,0.36,0.632,64.3,7.1,72.1,17.2,1.0,40.0,CU,Curveball,33.8,26,0.0,0.333,0.333,0.5,-2.1,BASEBALL_SAVANT_CURRENT_SEASON,2026-08-20T23:43:02.137578+00:00,SAVANT_ARSENAL_SCHEMA_V1,CURRENT
676510,"Hoffman, Nolan",2026.0,21.0,2.0,9.5,14.3,22.9,42.7,0.341,0.3,0.384,31.3,0.0,72.6,41.9,1.0,20.0,FC,Cutter,34.1,28,0.0,0.333,0.333,0.3,-0.2,BASEBALL_SAVANT_CURRENT_SEASON,2026-08-20T23:43:02.137578+00:00,SAVANT_ARSENAL_SCHEMA_V1,CURRENT
640451,"Harvey, Hunter",2026.0,18.0,4.0,22.2,5.6,20.0,46.1,0.344,0.216,0.563,38.5,23.1,70.6,18.2,0.0,38.5,FS,Split-Finger,32.9,25,14.3,0.0,0.0,0.117,1.9,BASEBALL_SAVANT_CURRENT_SEASON,2026-08-20T23:43:02.137578+00:00,SAVANT_ARSENAL_SCHEMA_V1,CURRENT
690155,"Pushard, Matt",2026.0,32.0,6.0,18.8,12.5,16.0,41.7,0.347,0.278,0.39,50.0,0.0,71.4,23.3,2.0,37.5,ST,Sweeper,12.5,15,12.5,0.167,0.333,0.358,-4.4,BASEBALL_SAVANT_CURRENT_SEASON,2026-08-20T23:43:02.137578+00:00,SAVANT_ARSENAL_SCHEMA_V1,CURRENT
681035,"Scott, Christian",2026.0,367.0,105.0,28.6,9.5,26.6,49.8,0.304,0.229,0.356,34.7,6.8,72.2,27.5,14.0,25.7,SI,Sinker,1.8,28,0.0,0.4,0.4,0.417,-2.7,BASEBALL_SAVANT_CURRENT_SEASON,2026-08-20T23:43:02.137578+00:00,SAVANT_ARSENAL_SCHEMA_V1,CURRENT
666129,"Garrett, Braxton",2026.0,28.0,5.0,17.9,28.6,23.5,39.5,0.386,0.24,0.389,26.7,14.3,74.0,43.8,2.0,18.4,FF,4-Seam Fastball,21.7,28,14.3,0.0,0.0,0.35,-0.4,BASEBALL_SAVANT_CURRENT_SEASON,2026-08-20T23:43:02.137578+00:00,SAVANT_ARSENAL_SCHEMA_V1,CURRENT
695001,"Santa, Alimber",2026.0,59.0,9.0,15.3,10.2,18.5,45.4,0.267,0.207,0.272,34.1,2.3,72.6,32.3,0.0,30.0,FF,4-Seam Fastball,7.6,18,20.0,0.167,0.167,0.15,1.3,BASEBALL_SAVANT_CURRENT_SEASON,2026-08-20T23:43:02.137578+00:00,SAVANT_ARSENAL_SCHEMA_V1,CURRENT
676428,"Hurter, Brant",2026.0,101.0,18.0,17.8,11.9,20.5,43.3,0.304,0.235,0.332,32.9,4.3,71.6,20.9,2.0,33.6,CH,Changeup,11.1,40,7.7,0.2,0.2,0.267,0.0,BASEBALL_SAVANT_CURRENT_SEASON,2026-08-20T23:43:02.137578+00:00,SAVANT_ARSENAL_SCHEMA_V1,CURRENT
688497,"Rashi, Taylor",2026.0,15.0,4.0,26.7,6.7,43.3,66.7,0.326,0.257,0.444,40.0,10.0,71.8,26.1,2.0,31.3,FF,4-Seam Fastball,31.1,14,33.3,0.2,0.2,0.267,0.9,BASEBALL_SAVANT_CURRENT_SEASON,2026-08-20T23:43:02.137578+00:00,SAVANT_ARSENAL_SCHEMA_V1,CURRENT
694397,"Raya, Marco",2026.0,25.0,4.0,16.0,12.0,26.2,42.0,0.341,0.274,0.407,27.8,5.6,73.3,27.8,0.0,42.3,ST,Sweeper,27.0,27,25.0,0.333,0.333,0.3,0.1,BASEBALL_SAVANT_CURRENT_SEASON,2026-08-20T23:43:02.137578+00:00,SAVANT_ARSENAL_SCHEMA_V1,CURRENT
672629,"Carrillo, Gerardo",2026.0,55.0,15.0,27.3,14.5,26.1,42.5,0.222,0.147,0.201,19.4,3.2,71.5,22.1,1.0,23.3,ST,Sweeper,9.7,20,40.0,0.167,0.167,0.15,5.1,BASEBALL_SAVANT_CURRENT_SEASON,2026-08-20T23:43:02.137578+00:00,SAVANT_ARSENAL_SCHEMA_V1,CURRENT
669704,"Strowd, Kade",2026.0,7.0,1.0,14.3,42.9,0.0,25.0,0.509,0.386,0.456,33.3,0.0,75.6,62.5,0.0,25.0,FC,Cutter,71.9,23,20.0,0.333,0.333,0.5,-4.2,BASEBALL_SAVANT_CURRENT_SEASON,2026-08-20T23:43:02.137578+00:00,SAVANT_ARSENAL_SCHEMA_V1,CURRENT
676910,"Seelinger, Matt",2026.0,15.0,2.0,13.3,26.7,29.2,46.2,0.409,0.226,0.495,44.4,22.2,74.1,42.1,1.0,42.9,FC,Cutter,42.3,22,16.7,0.4,0.6,0.475,-4.3,BASEBALL_SAVANT_CURRENT_SEASON,2026-08-20T23:43:02.137578+00:00,SAVANT_ARSENAL_SCHEMA_V1,CURRENT
605130,"Barlow, Scott",2026.0,153.0,29.0,19.0,13.1,33.1,42.7,0.358,0.236,0.448,36.1,9.3,71.8,26.0,5.0,37.7,SL,Slider,4.0,23,0.0,0.0,0.0,0.35,-1.7,BASEBALL_SAVANT_CURRENT_SEASON,2026-08-20T23:43:02.137578+00:00,SAVANT_ARSENAL_SCHEMA_V1,CURRENT
668834,"McGee, Easton",2026.0,35.0,7.0,20.0,11.4,22.5,59.7,0.369,0.297,0.463,37.5,12.5,72.5,32.3,0.0,33.3,ST,Sweeper,18.5,22,0.0,0.667,1.333,0.842,-9.5,BASEBALL_SAVANT_CURRENT_SEASON,2026-08-20T23:43:02.137578+00:00,SAVANT_ARSENAL_SCHEMA_V1,CURRENT
668390,"Winn, Cole",2026.0,197.0,42.0,21.3,7.6,27.1,53.9,0.336,0.271,0.44,42.4,6.5,72.3,29.7,6.0,32.7,SI,Sinker,1.5,11,0.0,0.667,1.667,0.967,-23.6,BASEBALL_SAVANT_CURRENT_SEASON,2026-08-20T23:43:02.137578+00:00,SAVANT_ARSENAL_SCHEMA_V1,CURRENT
696136,"Wicks, Jordan",2026.0,50.0,8.0,16.0,4.0,23.9,51.1,0.322,0.283,0.408,43.6,7.7,72.9,31.7,2.0,35.9,SI,Sinker,8.3,15,0.0,0.6,0.6,0.567,-9.2,BASEBALL_SAVANT_CURRENT_SEASON,2026-08-20T23:43:02.137578+00:00,SAVANT_ARSENAL_SCHEMA_V1,CURRENT
669467,"Pallante, Andre",2026.0,564.0,97.0,17.2,7.3,21.4,44.9,0.305,0.25,0.374,34.5,5.3,72.1,26.7,24.0,34.2,FS,Split-Finger,2.8,61,7.1,0.0,0.0,0.0,0.8,BASEBALL_SAVANT_CURRENT_SEASON,2026-08-20T23:43:02.137578+00:00,SAVANT_ARSENAL_SCHEMA_V1,CURRENT
688497,"Rashi, Taylor",2026.0,15.0,4.0,26.7,6.7,43.3,66.7,0.326,0.257,0.444,40.0,10.0,71.8,26.1,2.0,31.3,SL,Slider,31.1,14,50.0,0.167,0.667,0.333,2.5,BASEBALL_SAVANT_CURRENT_SEASON,2026-08-20T23:43:02.137578+00:00,SAVANT_ARSENAL_SCHEMA_V1,CURRENT
656756,"Montgomery, Jordan",2026.0,38.0,6.0,15.8,2.6,20.5,45.1,0.368,0.319,0.521,35.5,9.7,72.6,29.0,1.0,33.3,FF,4-Seam Fastball,16.0,26,0.0,0.333,0.5,0.358,-0.4,BASEBALL_SAVANT_CURRENT_SEASON,2026-08-20T23:43:02.137578+00:00,SAVANT_ARSENAL_SCHEMA_V1,CURRENT
686580,"Slaten, Justin",2026.0,137.0,39.0,28.5,5.8,25.2,50.8,0.266,0.223,0.332,36.7,4.4,71.8,26.9,7.0,26.7,CU,Curveball,3.3,17,44.4,0.167,0.167,0.15,4.6,BASEBALL_SAVANT_CURRENT_SEASON,2026-08-20T23:43:02.137578+00:00,SAVANT_ARSENAL_SCHEMA_V1,CURRENT
692030,"Corniell, Jose",2026.0,28.0,4.0,14.3,14.3,26.9,50.0,0.365,0.273,0.487,45.0,10.0,72.3,23.4,0.0,44.1,CH,Changeup,26.0,27,25.0,0.5,1.167,0.692,-7.2,BASEBALL_SAVANT_CURRENT_SEASON,2026-08-20T23:43:02.137578+00:00,SAVANT_ARSENAL_SCHEMA_V1,CURRENT
691008,"Rajcic, Max",2026.0,39.0,8.0,20.5,15.4,23.9,41.1,0.281,0.168,0.318,36.0,8.0,72.7,23.0,1.0,27.7,CU,Curveball,25.8,42,16.7,0.0,0.0,0.233,0.8,BASEBALL_SAVANT_CURRENT_SEASON,2026-08-20T23:43:02.137578+00:00,SAVANT_ARSENAL_SCHEMA_V1,CURRENT
660787,"De los Santos, Yerry",2026.0,58.0,11.0,19.0,8.6,16.5,50.2,0.293,0.261,0.342,40.5,0.0,71.9,25.5,3.0,37.5,FF,4-Seam Fastball,10.6,23,25.0,0.167,0.167,0.15,4.5,BASEBALL_SAVANT_CURRENT_SEASON,2026-08-20T23:43:02.137578+00:00,SAVANT_ARSENAL_SCHEMA_V1,CURRENT
694363,"Shuster, Jared",2026.0,44.0,4.0,9.1,13.6,13.6,39.8,0.311,0.239,0.367,50.0,2.9,72.8,33.9,0.0,40.7,SL,Slider,20.5,34,11.1,0.0,0.0,0.0,3.3,BASEBALL_SAVANT_CURRENT_SEASON,2026-08-20T23:43:02.137578+00:00,SAVANT_ARSENAL_SCHEMA_V1,CURRENT
671162,"Thomas, Connor",2026.0,43.0,5.0,11.6,14.0,24.3,47.0,0.405,0.297,0.559,46.9,9.4,72.7,31.3,1.0,40.0,FC,Cutter,14.1,21,0.0,0.667,1.167,0.783,-7.6,BASEBALL_SAVANT_CURRENT_SEASON,2026-08-20T23:43:02.137578+00:00,SAVANT_ARSENAL_SCHEMA_V1,CURRENT
663559,"Falter, Bailey",2026.0,57.0,6.0,10.5,10.5,20.0,44.4,0.415,0.355,0.537,44.4,6.7,72.2,28.4,0.0,53.3,FS,Split-Finger,10.0,18,75.0,0.333,0.5,0.358,-3.7,BASEBALL_SAVANT_CURRENT_SEASON,2026-08-20T23:43:02.137578+00:00,SAVANT_ARSENAL_SCHEMA_V1,CURRENT
642759,"Fernández, Julian",2026.0,18.0,3.0,16.7,11.1,27.6,40.8,0.301,0.204,0.414,53.8,7.7,72.6,33.3,0.0,40.0,CH,Changeup,40.8,29,21.4,0.0,0.0,0.117,0.6,BASEBALL_SAVANT_CURRENT_SEASON,2026-08-20T23:43:02.137578+00:00,SAVANT_ARSENAL_SCHEMA_V1,CURRENT
680689,"Richardson, Lyon",2026.0,16.0,4.0,25.0,18.8,32.0,36.8,0.478,0.23,0.727,25.0,28.6,72.0,21.7,1.0,25.0,SI,Sinker,35.3,24,33.3,0.25,1.0,0.68,-8.8,BASEBALL_SAVANT_CURRENT_SEASON,2026-08-20T23:43:02.137578+00:00,SAVANT_ARSENAL_SCHEMA_V1,CURRENT
680704,"Sandlin, Nick",2026.0,40.0,6.0,15.0,12.5,31.1,38.9,0.377,0.238,0.463,38.5,7.7,72.4,26.3,0.0,35.9,FF,4-Seam Fastball,13.4,21,10.0,0.0,0.0,0.117,4.4,BASEBALL_SAVANT_CURRENT_SEASON,2026-08-20T23:43:02.137578+00:00,SAVANT_ARSENAL_SCHEMA_V1,CURRENT
702021,"Dion, Will",2026.0,114.0,34.0,29.8,4.4,27.2,52.9,0.279,0.234,0.362,32.4,5.4,71.8,21.9,1.0,32.9,SI,Sinker,4.9,21,25.0,0.333,0.333,0.3,-0.6,BASEBALL_SAVANT_CURRENT_SEASON,2026-08-20T23:43:02.137578+00:00,SAVANT_ARSENAL_SCHEMA_V1,CURRENT
701719,"Samaniego, Tyler",2026.0,90.0,17.0,18.9,8.9,21.6,44.3,0.331,0.268,0.398,36.5,3.2,71.6,25.9,2.0,44.9,FC,Cutter,7.6,24,,0.5,1.0,0.633,-3.8,BASEBALL_SAVANT_CURRENT_SEASON,2026-08-20T23:43:02.137578+00:00,SAVANT_ARSENAL_SCHEMA_V1,CURRENT
692230,"Rodriguez, Carlos",2026.0,42.0,8.0,19.0,9.5,26.4,50.0,0.282,0.228,0.327,16.7,3.3,71.7,30.8,1.0,25.9,FF,4-Seam Fastball,26.9,49,0.0,0.333,0.5,0.358,-1.3,BASEBALL_SAVANT_CURRENT_SEASON,2026-08-20T23:43:02.137578+00:00,SAVANT_ARSENAL_SCHEMA_V1,CURRENT
693308,"Frasso, Nick",2026.0,28.0,7.0,25.0,3.6,27.8,48.6,0.356,0.282,0.485,26.3,10.5,70.5,21.3,3.0,28.6,CH,Changeup,22.5,25,25.0,0.167,0.167,0.15,1.9,BASEBALL_SAVANT_CURRENT_SEASON,2026-08-20T23:43:02.137578+00:00,SAVANT_ARSENAL_SCHEMA_V1,CURRENT
641386,"Bowden, Ben",2026.0,8.0,0.0,0.0,25.0,14.3,35.0,0.538,0.387,0.632,40.0,20.0,71.3,21.4,0.0,25.0,FF,4-Seam Fastball,70.0,28,0.0,0.333,0.667,0.558,-2.1,BASEBALL_SAVANT_CURRENT_SEASON,2026-08-20T23:43:02.137578+00:00,SAVANT_ARSENAL_SCHEMA_V1,CURRENT
624431,"Trevino, Jose",2026.0,29.0,1.0,3.4,3.4,2.8,50.0,0.436,0.396,0.57,53.8,11.5,73.9,44.8,0.0,57.1,KN,Knuckleball,36.1,26,25.0,0.667,0.833,0.658,-7.7,BASEBALL_SAVANT_CURRENT_SEASON,2026-08-20T23:43:02.137578+00:00,SAVANT_ARSENAL_SCHEMA_V1,CURRENT
683363,"Wilkinson, Matt",2026.0,7.0,0.0,0.0,0.0,0.0,44.0,0.201,0.22,0.237,14.3,0.0,69.5,9.1,0.0,36.4,FF,4-Seam Fastball,72.0,18,0.0,0.167,0.167,0.15,6.8,BASEBALL_SAVANT_CURRENT_SEASON,2026-08-20T23:43:02.137578+00:00,SAVANT_ARSENAL_SCHEMA_V1,CURRENT
702303,"Martin, Riley",2026.0,32.0,10.0,31.3,9.4,20.3,50.0,0.25,0.169,0.312,42.1,5.3,73.8,37.3,0.0,26.2,SL,Slider,15.3,18,50.0,0.333,0.833,0.483,-9.6,BASEBALL_SAVANT_CURRENT_SEASON,2026-08-20T23:43:02.137578+00:00,SAVANT_ARSENAL_SCHEMA_V1,CURRENT
701552,"Granillo, Andre",2026.0,50.0,3.0,6.0,16.0,9.5,37.4,0.394,0.295,0.44,39.5,13.2,71.7,29.9,0.0,45.0,SI,Sinker,13.1,26,0.0,0.5,0.75,0.592,-5.6,BASEBALL_SAVANT_CURRENT_SEASON,2026-08-20T23:43:02.137578+00:00,SAVANT_ARSENAL_SCHEMA_V1,CURRENT
592288,"Emanuel, Kent",2026.0,23.0,4.0,17.4,13.0,20.9,44.8,0.307,0.204,0.32,40.0,6.7,74.9,58.5,0.0,27.3,ST,Sweeper,27.1,26,15.4,0.25,0.25,0.383,-2.8,BASEBALL_SAVANT_CURRENT_SEASON,2026-08-20T23:43:02.137578+00:00,SAVANT_ARSENAL_SCHEMA_V1,CURRENT
670912,"Oviedo, Johan",2026.0,18.0,3.0,16.7,5.6,13.5,51.4,0.484,0.338,0.767,61.5,23.1,72.6,25.0,0.0,33.3,FF,4-Seam Fastball,34.7,25,11.1,0.5,1.167,0.692,-9.7,BASEBALL_SAVANT_CURRENT_SEASON,2026-08-20T23:43:02.137578+00:00,SAVANT_ARSENAL_SCHEMA_V1,CURRENT
676680,"Cosgrove, Tom",2026.0,51.0,10.0,19.6,5.9,13.2,50.6,0.27,0.22,0.33,35.1,5.4,71.7,17.1,0.0,33.8,SI,Sinker,8.3,15,0.0,0.4,0.6,0.475,-5.2,BASEBALL_SAVANT_CURRENT_SEASON,2026-08-20T23:43:02.137578+00:00,SAVANT_ARSENAL_SCHEMA_V1,CURRENT
702153,"Fitzpatrick, Brian",2026.0,30.0,5.0,16.7,10.0,23.2,51.4,0.257,0.212,0.265,22.7,4.5,72.7,27.7,0.0,25.7,SI,Sinker,18.3,20,33.3,0.333,0.5,0.358,0.3,BASEBALL_SAVANT_CURRENT_SEASON,2026-08-20T23:43:02.137578+00:00,SAVANT_ARSENAL_SCHEMA_V1,CURRENT
657649,"Koenig, Jared",2026.0,41.0,7.0,17.1,17.1,20.6,42.2,0.337,0.246,0.416,46.2,7.7,72.5,29.0,1.0,38.0,CH,Changeup,19.3,31,22.2,0.333,0.667,0.417,-2.0,BASEBALL_SAVANT_CURRENT_SEASON,2026-08-20T23:43:02.137578+00:00,SAVANT_ARSENAL_SCHEMA_V1,CURRENT
669923,"Kirby, George",2026.0,567.0,114.0,20.1,5.5,21.9,51.9,0.303,0.253,0.397,41.1,7.2,72.0,26.1,18.0,32.0,FS,Split-Finger,1.0,21,20.0,0.167,0.167,0.15,-0.3,BASEBALL_SAVANT_CURRENT_SEASON,2026-08-20T23:43:02.137578+00:00,SAVANT_ARSENAL_SCHEMA_V1,CURRENT
607481,"Bummer, Aaron",2026.0,88.0,13.0,14.8,12.5,19.5,47.0,0.382,0.271,0.521,49.2,12.7,71.9,27.1,3.0,40.2,FF,4-Seam Fastball,8.2,27,10.0,0.5,1.167,0.692,-5.9,BASEBALL_SAVANT_CURRENT_SEASON,2026-08-20T23:43:02.137578+00:00,SAVANT_ARSENAL_SCHEMA_V1,CURRENT
694795,"Ekness, Josh",2026.0,53.0,9.0,17.0,13.2,20.7,39.5,0.329,0.259,0.378,35.1,8.1,70.4,11.4,2.0,30.4,CU,Curveball,9.1,20,12.5,0.0,0.0,0.15,-0.5,BASEBALL_SAVANT_CURRENT_SEASON,2026-08-20T23:43:02.137578+00:00,SAVANT_ARSENAL_SCHEMA_V1,CURRENT
669371,"Henry, Cole",2026.0,71.0,15.0,21.1,11.3,23.3,47.2,0.374,0.256,0.478,40.9,13.6,71.9,22.7,3.0,32.3,SI,Sinker,9.9,28,18.2,0.667,1.167,0.783,-5.3,BASEBALL_SAVANT_CURRENT_SEASON,2026-08-20T23:43:02.137578+00:00,SAVANT_ARSENAL_SCHEMA_V1,CURRENT
605540,"Woodruff, Brandon",2026.0,174.0,47.0,27.0,5.7,23.6,51.0,0.263,0.2,0.358,34.5,7.8,72.4,27.2,3.0,29.4,CU,Curveball,4.4,28,28.6,0.0,0.0,0.15,2.1,BASEBALL_SAVANT_CURRENT_SEASON,2026-08-20T23:43:02.137578+00:00,SAVANT_ARSENAL_SCHEMA_V1,CURRENT
666142,"Ragans, Cole",2026.0,151.0,45.0,29.8,15.2,31.7,45.4,0.344,0.218,0.452,39.8,15.7,72.3,28.3,4.0,29.9,FC,Cutter,5.6,36,0.0,0.4,0.4,0.567,-1.0,BASEBALL_SAVANT_CURRENT_SEASON,2026-08-20T23:43:02.137578+00:00,SAVANT_ARSENAL_SCHEMA_V1,CURRENT
681867,"Criswell, Cooper",2026.0,121.0,23.0,19.0,6.6,22.0,48.3,0.286,0.24,0.358,36.0,4.5,71.1,16.9,4.0,31.8,FF,4-Seam Fastball,6.1,28,20.0,0.0,0.0,0.0,3.0,BASEBALL_SAVANT_CURRENT_SEASON,2026-08-20T23:43:02.137578+00:00,SAVANT_ARSENAL_SCHEMA_V1,CURRENT
671111,"Peralta, Sammy",2026.0,28.0,9.0,32.1,10.7,22.0,41.8,0.413,0.277,0.545,42.9,14.3,71.6,20.6,1.0,25.9,CH,Changeup,15.3,15,66.7,0.0,0.0,0.14,6.1,BASEBALL_SAVANT_CURRENT_SEASON,2026-08-20T23:43:02.137578+00:00,SAVANT_ARSENAL_SCHEMA_V1,CURRENT
663465,"Allard, Kolby",2026.0,45.0,9.0,20.0,6.7,17.4,52.0,0.385,0.317,0.533,43.8,15.6,71.1,16.2,2.0,32.8,CU,Curveball,13.6,24,11.1,0.6,0.8,0.61,-6.8,BASEBALL_SAVANT_CURRENT_SEASON,2026-08-20T23:43:02.137578+00:00,SAVANT_ARSENAL_SCHEMA_V1,CURRENT
608032,"Estévez, Carlos",2026.0,,,,,,,,,,,,,,,,FF,4-Seam Fastball,55.6,15,0.0,1.0,2.0,1.04,-15.0,BASEBALL_SAVANT_CURRENT_SEASON,2026-08-20T23:43:02.137578+00:00,SAVANT_ARSENAL_SCHEMA_V1,CURRENT
621139,"Kriske, Brooks",2026.0,10.0,2.0,20.0,0.0,22.2,47.4,0.244,0.249,0.319,37.5,12.5,72.1,18.8,1.0,38.5,FS,Split-Finger,50.0,19,33.3,0.0,0.0,0.0,6.4,BASEBALL_SAVANT_CURRENT_SEASON,2026-08-20T23:43:02.137578+00:00,SAVANT_ARSENAL_SCHEMA_V1,CURRENT
680728,"Del Castillo, Adrian",2026.0,10.0,0.0,0.0,0.0,0.0,64.7,0.551,0.496,0.749,66.7,11.1,69.0,0.0,0.0,33.3,CU,Curveball,43.8,7,,0.6,0.6,0.54,-10.6,BASEBALL_SAVANT_CURRENT_SEASON,2026-08-20T23:43:02.137578+00:00,SAVANT_ARSENAL_SCHEMA_V1,CURRENT
641401,"Brogdon, Connor",2026.0,67.0,14.0,20.9,4.5,26.7,49.1,0.345,0.258,0.514,44.0,14.0,71.8,25.9,2.0,36.4,FC,Cutter,10.1,27,0.0,0.2,0.8,0.4,0.2,BASEBALL_SAVANT_CURRENT_SEASON,2026-08-20T23:43:02.137578+00:00,SAVANT_ARSENAL_SCHEMA_V1,CURRENT
700270,"Díaz, Yilber",2026.0,15.0,3.0,20.0,13.3,17.2,39.2,0.559,0.436,0.83,40.0,20.0,71.1,26.9,0.0,38.1,SL,Slider,40.5,30,20.0,0.5,0.75,0.57,-4.1,BASEBALL_SAVANT_CURRENT_SEASON,2026-08-20T23:43:02.137578+00:00,SAVANT_ARSENAL_SCHEMA_V1,CURRENT
686228,"Burgos, Juan",2026.0,12.0,0.0,0.0,0.0,13.6,57.9,0.208,0.149,0.213,18.2,0.0,73.9,36.8,0.0,31.3,SI,Sinker,42.1,16,0.0,0.25,0.5,0.39,-3.4,BASEBALL_SAVANT_CURRENT_SEASON,2026-08-20T23:43:02.137578+00:00,SAVANT_ARSENAL_SCHEMA_V1,CURRENT
592779,"Stewart, Brock",2026.0,58.0,16.0,27.6,8.6,30.6,48.7,0.214,0.157,0.236,21.6,2.7,71.8,23.8,1.0,23.9,FC,Cutter,9.6,22,50.0,0.0,0.0,0.28,2.2,BASEBALL_SAVANT_CURRENT_SEASON,2026-08-20T23:43:02.137578+00:00,SAVANT_ARSENAL_SCHEMA_V1,CURRENT
434378,"Verlander, Justin",2026.0,19.0,1.0,5.3,10.5,15.4,48.8,0.474,0.365,0.69,56.3,12.5,71.6,24.3,0.0,37.5,CU,Curveball,17.5,14,12.5,0.5,0.5,0.5,-6.6,BASEBALL_SAVANT_CURRENT_SEASON,2026-08-20T23:43:02.137578+00:00,SAVANT_ARSENAL_SCHEMA_V1,CURRENT
676130,"Buttó, José",2026.0,16.0,5.0,31.3,25.0,40.9,34.9,0.494,0.319,0.689,42.9,14.3,73.6,40.0,4.0,27.3,SI,Sinker,39.7,25,,0.75,1.5,0.9,-8.3,BASEBALL_SAVANT_CURRENT_SEASON,2026-08-20T23:43:02.137578+00:00,SAVANT_ARSENAL_SCHEMA_V1,CURRENT
676130,"Buttó, José",2026.0,16.0,5.0,31.3,25.0,40.9,34.9,0.494,0.319,0.689,42.9,14.3,73.6,40.0,4.0,27.3,FF,4-Seam Fastball,25.4,16,66.7,0.333,0.667,0.53,-4.4,BASEBALL_SAVANT_CURRENT_SEASON,2026-08-20T23:43:02.137578+00:00,SAVANT_ARSENAL_SCHEMA_V1,CURRENT
608344,"Irvin, Cole",2026.0,30.0,5.0,16.7,10.0,18.2,53.9,0.39,0.287,0.512,52.4,9.5,72.8,34.0,0.0,35.7,FF,4-Seam Fastball,20.6,21,12.5,0.0,0.0,0.14,3.8,BASEBALL_SAVANT_CURRENT_SEASON,2026-08-20T23:43:02.137578+00:00,SAVANT_ARSENAL_SCHEMA_V1,CURRENT
676254,"Walker, Ryan",2026.0,125.0,19.0,15.2,12.0,15.2,43.1,0.324,0.26,0.389,35.6,6.7,71.3,21.9,4.0,28.6,FF,4-Seam Fastball,2.9,14,0.0,0.25,0.25,0.32,-2.3,BASEBALL_SAVANT_CURRENT_SEASON,2026-08-20T23:43:02.137578+00:00,SAVANT_ARSENAL_SCHEMA_V1,CURRENT
595014,"Treinen, Blake",2026.0,100.0,25.0,25.0,10.0,25.7,47.9,0.348,0.261,0.475,42.2,12.7,71.9,27.0,2.0,26.7,FC,Cutter,9.4,35,22.2,0.2,0.2,0.18,4.8,BASEBALL_SAVANT_CURRENT_SEASON,2026-08-20T23:43:02.137578+00:00,SAVANT_ARSENAL_SCHEMA_V1,CURRENT
623454,"Anderson, Drew",2026.0,328.0,87.0,26.5,9.1,28.4,48.2,0.292,0.217,0.354,37.7,8.3,71.8,25.9,16.0,32.0,SI,Sinker,1.6,20,,0.4,0.4,0.54,-5.5,BASEBALL_SAVANT_CURRENT_SEASON,2026-08-20T23:43:02.137578+00:00,SAVANT_ARSENAL_SCHEMA_V1,CURRENT
663941,"Beck, Tristan",2026.0,64.0,6.0,9.4,7.8,17.4,49.0,0.33,0.249,0.434,40.4,9.6,71.3,16.7,1.0,38.2,CU,Curveball,5.3,13,0.0,0.75,0.75,0.54,-10.3,BASEBALL_SAVANT_CURRENT_SEASON,2026-08-20T23:43:02.137578+00:00,SAVANT_ARSENAL_SCHEMA_V1,CURRENT
702352,"Bivens, Spencer",2026.0,10.0,3.0,30.0,10.0,18.2,48.9,0.25,0.204,0.255,33.3,0.0,69.2,15.0,0.0,37.5,SI,Sinker,60.0,27,28.6,0.2,0.2,0.18,3.9,BASEBALL_SAVANT_CURRENT_SEASON,2026-08-20T23:43:02.137578+00:00,SAVANT_ARSENAL_SCHEMA_V1,CURRENT
681544,"Olds, Wyatt",2026.0,6.0,3.0,50.0,0.0,46.2,56.5,0.2,0.223,0.231,0.0,0.0,70.0,16.7,0.0,14.3,SL,Slider,39.1,9,60.0,0.0,0.0,0.0,12.8,BASEBALL_SAVANT_CURRENT_SEASON,2026-08-20T23:43:02.137578+00:00,SAVANT_ARSENAL_SCHEMA_V1,CURRENT
695549,"Jobe, Jackson",2026.0,61.0,11.0,18.0,8.2,19.5,48.9,0.378,0.282,0.482,40.5,12.2,71.8,27.0,2.0,31.0,CU,Curveball,9.1,21,14.3,0.5,0.75,0.57,-7.1,BASEBALL_SAVANT_CURRENT_SEASON,2026-08-20T23:43:02.137578+00:00,SAVANT_ARSENAL_SCHEMA_V1,CURRENT
689225,"Brieske, Beau",2026.0,39.0,8.0,20.5,10.3,21.3,53.7,0.33,0.241,0.435,48.1,11.1,72.2,28.4,0.0,25.4,SI,Sinker,14.8,22,16.7,0.2,0.2,0.18,4.5,BASEBALL_SAVANT_CURRENT_SEASON,2026-08-20T23:43:02.137578+00:00,SAVANT_ARSENAL_SCHEMA_V1,CURRENT
693645,"Schlittler, Cam",2026.0,602.0,189.0,31.4,5.6,28.8,52.7,0.266,0.21,0.34,40.1,8.1,71.8,26.1,27.0,27.0,SL,Slider,1.2,28,7.7,0.0,0.0,0.0,2.1,BASEBALL_SAVANT_CURRENT_SEASON,2026-08-20T23:43:02.137578+00:00,SAVANT_ARSENAL_SCHEMA_V1,CURRENT
686751,"Johnson, Seth",2026.0,106.0,26.0,24.5,16.0,27.9,44.5,0.361,0.259,0.425,48.4,14.5,72.3,25.3,5.0,32.0,ST,Sweeper,2.6,11,28.6,0.0,0.0,0.0,7.8,BASEBALL_SAVANT_CURRENT_SEASON,2026-08-20T23:43:02.137578+00:00,SAVANT_ARSENAL_SCHEMA_V1,CURRENT
695034,"Morris, Kade",2026.0,53.0,6.0,11.3,11.3,16.5,46.4,0.316,0.252,0.365,48.8,4.9,72.0,27.4,5.0,32.0,CH,Changeup,9.1,19,0.0,0.8,1.4,0.94,-11.3,BASEBALL_SAVANT_CURRENT_SEASON,2026-08-20T23:43:02.137578+00:00,SAVANT_ARSENAL_SCHEMA_V1,CURRENT
592288,"Emanuel, Kent",2026.0,23.0,4.0,17.4,13.0,20.9,44.8,0.307,0.204,0.32,40.0,6.7,74.9,58.5,0.0,27.3,CH,Changeup,24.0,23,50.0,0.2,0.6,0.32,0.8,BASEBALL_SAVANT_CURRENT_SEASON,2026-08-20T23:43:02.137578+00:00,SAVANT_ARSENAL_SCHEMA_V1,CURRENT
678368,"Bellozo, Valente",2026.0,48.0,8.0,16.7,14.6,29.5,45.9,0.475,0.316,0.737,50.0,15.6,71.9,22.9,1.0,47.1,SI,Sinker,11.2,19,0.0,0.4,1.0,0.58,-6.3,BASEBALL_SAVANT_CURRENT_SEASON,2026-08-20T23:43:02.137578+00:00,SAVANT_ARSENAL_SCHEMA_V1,CURRENT
695239,"Ahlstrom, Robby",2026.0,118.0,26.0,22.0,6.8,27.6,49.0,0.311,0.255,0.392,33.3,6.2,72.5,29.6,1.0,24.5,CU,Curveball,5.1,24,0.0,0.5,0.5,0.5,-5.1,BASEBALL_SAVANT_CURRENT_SEASON,2026-08-20T23:43:02.137578+00:00,SAVANT_ARSENAL_SCHEMA_V1,CURRENT
692030,"Corniell, Jose",2026.0,28.0,4.0,14.3,14.3,26.9,50.0,0.365,0.273,0.487,45.0,10.0,72.3,23.4,0.0,44.1,FC,Cutter,14.4,15,0.0,0.4,0.6,0.43,-4.1,BASEBALL_SAVANT_CURRENT_SEASON,2026-08-20T23:43:02.137578+00:00,SAVANT_ARSENAL_SCHEMA_V1,CURRENT
656222,"Beeks, Jalen",2026.0,113.0,21.0,18.6,7.1,23.4,47.2,0.363,0.282,0.522,42.9,10.7,72.4,30.9,3.0,42.1,FC,Cutter,9.1,37,20.0,0.4,1.6,0.8,-4.5,BASEBALL_SAVANT_CURRENT_SEASON,2026-08-20T23:43:02.137578+00:00,SAVANT_ARSENAL_SCHEMA_V1,CURRENT
664353,"Urquidy, José",2026.0,71.0,17.0,23.9,2.8,27.3,51.0,0.257,0.226,0.346,34.6,7.8,71.3,17.7,2.0,40.5,ST,Sweeper,12.7,32,20.0,0.5,0.75,0.57,-3.1,BASEBALL_SAVANT_CURRENT_SEASON,2026-08-20T23:43:02.137578+00:00,SAVANT_ARSENAL_SCHEMA_V1,CURRENT
594835,"Gonzales, Marco",2026.0,29.0,3.0,10.3,13.8,17.3,44.1,0.267,0.208,0.294,22.7,4.5,71.0,9.1,1.0,35.1,SV,Slurve,21.2,25,0.0,0.2,0.2,0.18,2.3,BASEBALL_SAVANT_CURRENT_SEASON,2026-08-20T23:43:02.137578+00:00,SAVANT_ARSENAL_SCHEMA_V1,CURRENT
674003,"Bradford, Cody",2026.0,65.0,10.0,15.4,6.2,21.6,49.1,0.369,0.298,0.511,42.0,10.2,72.2,33.7,2.0,44.9,SL,Slider,7.5,17,0.0,0.25,1.0,0.4,-4.3,BASEBALL_SAVANT_CURRENT_SEASON,2026-08-20T23:43:02.137578+00:00,SAVANT_ARSENAL_SCHEMA_V1,CURRENT
692437,"Santos, Winston",2026.0,9.0,1.0,11.1,11.1,15.4,39.4,0.387,0.285,0.545,14.3,14.3,72.7,30.8,0.0,27.3,FF,4-Seam Fastball,54.5,18,0.0,0.25,1.0,0.54,-3.4,BASEBALL_SAVANT_CURRENT_SEASON,2026-08-20T23:43:02.137578+00:00,SAVANT_ARSENAL_SCHEMA_V1,CURRENT
693713,"Teodo, Emiliano",2026.0,10.0,1.0,10.0,20.0,20.0,46.5,0.38,0.287,0.413,42.9,0.0,71.7,26.3,0.0,33.3,SL,Slider,34.9,15,20.0,0.0,0.0,0.14,3.9,BASEBALL_SAVANT_CURRENT_SEASON,2026-08-20T23:43:02.137578+00:00,SAVANT_ARSENAL_SCHEMA_V1,CURRENT
670912,"Oviedo, Johan",2026.0,18.0,3.0,16.7,5.6,13.5,51.4,0.484,0.338,0.767,61.5,23.1,72.6,25.0,0.0,33.3,SL,Slider,19.4,14,66.7,0.25,1.0,0.54,-4.1,BASEBALL_SAVANT_CURRENT_SEASON,2026-08-20T23:43:02.137578+00:00,SAVANT_ARSENAL_SCHEMA_V1,CURRENT
676620,"Weiman, Blake",2026.0,24.0,5.0,20.8,0.0,21.4,44.2,0.238,0.238,0.309,21.1,5.3,73.3,45.7,1.0,37.0,SL,Slider,31.6,30,14.3,0.2,0.2,0.18,3.7,BASEBALL_SAVANT_CURRENT_SEASON,2026-08-20T23:43:02.137578+00:00,SAVANT_ARSENAL_SCHEMA_V1,CURRENT
675848,"Mejia, Juan",2026.0,240.0,50.0,20.8,12.5,25.3,47.3,0.336,0.265,0.392,38.0,3.8,71.6,22.3,10.0,30.4,CH,Changeup,2.7,27,16.7,0.25,0.5,0.39,-0.9,BASEBALL_SAVANT_CURRENT_SEASON,2026-08-20T23:43:02.137578+00:00,SAVANT_ARSENAL_SCHEMA_V1,CURRENT
624522,"Thompson, Keegan",2026.0,57.0,11.0,19.3,3.5,21.6,49.7,0.407,0.343,0.623,50.0,13.6,72.7,35.3,2.0,45.6,ST,Sweeper,9.7,19,50.0,0.2,0.4,0.25,-0.1,BASEBALL_SAVANT_CURRENT_SEASON,2026-08-20T23:43:02.137578+00:00,SAVANT_ARSENAL_SCHEMA_V1,CURRENT
682254,"Montgomery, Mason",2026.0,210.0,82.0,39.0,10.0,32.9,49.7,0.247,0.183,0.288,40.2,8.4,71.5,22.5,12.0,24.8,CH,Changeup,2.6,23,33.3,0.2,0.2,0.18,3.7,BASEBALL_SAVANT_CURRENT_SEASON,2026-08-20T23:43:02.137578+00:00,SAVANT_ARSENAL_SCHEMA_V1,CURRENT
695445,"Lee, Chase",2026.0,37.0,2.0,5.4,21.6,18.4,38.6,0.35,0.26,0.376,33.3,11.1,71.1,16.7,1.0,41.7,FF,4-Seam Fastball,13.4,17,12.5,0.0,0.0,0.42,-1.4,BASEBALL_SAVANT_CURRENT_SEASON,2026-08-20T23:43:02.137578+00:00,SAVANT_ARSENAL_SCHEMA_V1,CURRENT
543056,"Coulombe, Danny",2026.0,96.0,10.0,10.4,15.6,17.1,44.0,0.321,0.251,0.311,21.4,1.4,71.1,22.1,2.0,27.9,CU,Curveball,6.2,24,9.1,0.0,0.0,0.0,3.8,BASEBALL_SAVANT_CURRENT_SEASON,2026-08-20T23:43:02.137578+00:00,SAVANT_ARSENAL_SCHEMA_V1,CURRENT
804668,"Flores Jr., Rafael",2026.0,,,,,,,,,,,,,,,,SL,Slider,87.5,7,,0.4,0.4,0.36,-1.1,BASEBALL_SAVANT_CURRENT_SEASON,2026-08-20T23:43:02.137578+00:00,SAVANT_ARSENAL_SCHEMA_V1,CURRENT
666808,"Doval, Camilo",2026.0,217.0,48.0,22.1,12.0,26.4,46.4,0.297,0.214,0.332,47.9,6.5,72.1,24.1,8.0,33.9,CH,Changeup,2.9,24,23.1,0.0,0.0,0.0,2.3,BASEBALL_SAVANT_CURRENT_SEASON,2026-08-20T23:43:02.137578+00:00,SAVANT_ARSENAL_SCHEMA_V1,CURRENT
694753,"Curtis, Khristian",2026.0,17.0,4.0,23.5,11.8,25.8,45.6,0.327,0.246,0.399,27.3,9.1,69.2,3.4,0.0,38.1,FC,Cutter,32.4,22,33.3,0.0,0.0,0.28,3.2,BASEBALL_SAVANT_CURRENT_SEASON,2026-08-20T23:43:02.137578+00:00,SAVANT_ARSENAL_SCHEMA_V1,CURRENT
695445,"Lee, Chase",2026.0,37.0,2.0,5.4,21.6,18.4,38.6,0.35,0.26,0.376,33.3,11.1,71.1,16.7,1.0,41.7,CH,Changeup,10.2,13,0.0,0.4,0.4,0.36,-3.3,BASEBALL_SAVANT_CURRENT_SEASON,2026-08-20T23:43:02.137578+00:00,SAVANT_ARSENAL_SCHEMA_V1,CURRENT
684320,"Rodríguez, Yariel",2026.0,45.0,6.0,13.3,15.6,15.7,40.7,0.402,0.295,0.495,32.3,12.9,72.7,37.1,1.0,30.2,FF,4-Seam Fastball,20.9,36,0.0,0.667,0.667,0.64,-3.6,BASEBALL_SAVANT_CURRENT_SEASON,2026-08-20T23:43:02.137578+00:00,SAVANT_ARSENAL_SCHEMA_V1,CURRENT
669310,"Van Eyk, CJ",2026.0,31.0,1.0,3.2,3.2,12.9,48.4,0.363,0.309,0.46,46.4,3.6,72.9,31.0,1.0,25.5,CH,Changeup,22.7,29,0.0,0.2,0.2,0.18,2.4,BASEBALL_SAVANT_CURRENT_SEASON,2026-08-20T23:43:02.137578+00:00,SAVANT_ARSENAL_SCHEMA_V1,CURRENT
681084,"Andrews, Tanner",2026.0,11.0,1.0,9.1,18.2,22.2,41.9,0.273,0.135,0.289,25.0,12.5,72.5,38.5,0.0,30.0,FS,Split-Finger,41.9,18,20.0,0.25,0.25,0.32,-2.6,BASEBALL_SAVANT_CURRENT_SEASON,2026-08-20T23:43:02.137578+00:00,SAVANT_ARSENAL_SCHEMA_V1,CURRENT
686934,"McFarlane, Alex",2026.0,20.0,4.0,20.0,15.0,27.3,42.3,0.356,0.284,0.399,46.2,7.7,73.6,37.0,2.0,40.9,FF,4-Seam Fastball,30.8,24,10.0,0.4,0.4,0.36,-0.4,BASEBALL_SAVANT_CURRENT_SEASON,2026-08-20T23:43:02.137578+00:00,SAVANT_ARSENAL_SCHEMA_V1,CURRENT
662144,"Keller, Brian",2026.0,11.0,3.0,27.3,0.0,16.0,64.1,0.361,0.252,0.616,37.5,25.0,70.7,23.8,0.0,38.9,FC,Cutter,33.3,13,0.0,0.2,0.2,0.18,6.2,BASEBALL_SAVANT_CURRENT_SEASON,2026-08-20T23:43:02.137578+00:00,SAVANT_ARSENAL_SCHEMA_V1,CURRENT
685112,"McCambley, Zach",2026.0,43.0,9.0,20.9,14.0,27.2,46.8,0.366,0.292,0.429,48.1,7.4,72.2,30.3,5.0,38.0,ST,Sweeper,22.1,38,11.1,0.4,0.4,0.36,-3.1,BASEBALL_SAVANT_CURRENT_SEASON,2026-08-20T23:43:02.137578+00:00,SAVANT_ARSENAL_SCHEMA_V1,CURRENT
592791,"Taillon, Jameson",2026.0,362.0,75.0,20.7,8.8,26.8,46.4,0.363,0.257,0.525,38.7,14.6,72.8,30.4,12.0,34.0,SL,Slider,1.0,14,10.0,0.2,0.4,0.25,-0.1,BASEBALL_SAVANT_CURRENT_SEASON,2026-08-20T23:43:02.137578+00:00,SAVANT_ARSENAL_SCHEMA_V1,CURRENT
697812,"Rock, Joe",2026.0,53.0,12.0,22.6,20.8,27.4,43.1,0.39,0.267,0.402,57.1,3.6,71.7,22.4,1.0,43.8,SI,Sinker,10.3,20,100.0,0.25,0.5,0.39,0.6,BASEBALL_SAVANT_CURRENT_SEASON,2026-08-20T23:43:02.137578+00:00,SAVANT_ARSENAL_SCHEMA_V1,CURRENT
693312,"Nicolas, Kyle",2026.0,42.0,7.0,16.7,31.0,23.7,29.8,0.434,0.272,0.444,31.8,5.0,72.1,19.6,0.0,23.3,CU,Curveball,16.2,32,22.2,0.2,0.2,0.18,-0.1,BASEBALL_SAVANT_CURRENT_SEASON,2026-08-20T23:43:02.137578+00:00,SAVANT_ARSENAL_SCHEMA_V1,CURRENT
686973,"Varland, Louis",2026.0,249.0,79.0,31.7,6.8,29.4,52.4,0.231,0.197,0.266,37.3,4.6,71.6,22.4,14.0,25.0,SI,Sinker,2.6,26,0.0,0.5,0.5,0.5,-3.2,BASEBALL_SAVANT_CURRENT_SEASON,2026-08-20T23:43:02.137578+00:00,SAVANT_ARSENAL_SCHEMA_V1,CURRENT
673513,"Matsui, Yuki",2026.0,198.0,50.0,25.3,14.1,35.2,47.3,0.284,0.174,0.325,29.7,8.5,71.9,24.1,11.0,25.3,ST,Sweeper,3.9,31,17.6,0.2,0.8,0.4,-2.9,BASEBALL_SAVANT_CURRENT_SEASON,2026-08-20T23:43:02.137578+00:00,SAVANT_ARSENAL_SCHEMA_V1,CURRENT
666745,"Brito, Jhony",2026.0,20.0,4.0,20.0,5.0,28.3,59.0,0.256,0.206,0.337,33.3,6.7,71.1,22.2,1.0,29.6,SI,Sinker,21.8,17,0.0,0.6,1.2,0.76,-5.7,BASEBALL_SAVANT_CURRENT_SEASON,2026-08-20T23:43:02.137578+00:00,SAVANT_ARSENAL_SCHEMA_V1,CURRENT
676596,"Fleming, Josh",2026.0,18.0,1.0,5.6,11.1,13.5,48.1,0.47,0.36,0.632,64.3,7.1,72.1,17.2,1.0,40.0,CH,Changeup,23.4,18,20.0,0.4,0.4,0.36,-0.5,BASEBALL_SAVANT_CURRENT_SEASON,2026-08-20T23:43:02.137578+00:00,SAVANT_ARSENAL_SCHEMA_V1,CURRENT
681343,"Smith, Shane",2026.0,49.0,11.0,22.4,18.4,26.0,42.7,0.332,0.246,0.293,33.3,0.0,71.6,19.4,10.0,29.8,SI,Sinker,14.2,32,16.7,0.5,0.75,0.57,-2.1,BASEBALL_SAVANT_CURRENT_SEASON,2026-08-20T23:43:02.137578+00:00,SAVANT_ARSENAL_SCHEMA_V1,CURRENT
694462,"Waldrep, Hurston",2026.0,56.0,9.0,16.1,17.9,23.3,40.0,0.359,0.231,0.389,34.3,8.6,74.0,46.8,2.0,33.9,FC,Cutter,15.8,34,0.0,0.0,0.0,0.14,2.0,BASEBALL_SAVANT_CURRENT_SEASON,2026-08-20T23:43:02.137578+00:00,SAVANT_ARSENAL_SCHEMA_V1,CURRENT
682989,"Mederos, Victor",2026.0,92.0,20.0,21.7,7.6,32.0,50.4,0.291,0.233,0.341,42.9,4.8,72.9,33.5,3.0,32.4,CH,Changeup,9.2,33,12.5,0.4,0.4,0.36,-3.2,BASEBALL_SAVANT_CURRENT_SEASON,2026-08-20T23:43:02.137578+00:00,SAVANT_ARSENAL_SCHEMA_V1,CURRENT
691548,"Muñoz, Rolddy",2026.0,12.0,3.0,25.0,8.3,33.3,42.9,0.428,0.315,0.639,62.5,25.0,73.0,35.0,0.0,46.2,SL,Slider,57.1,28,16.7,0.4,0.4,0.36,-1.4,BASEBALL_SAVANT_CURRENT_SEASON,2026-08-20T23:43:02.137578+00:00,SAVANT_ARSENAL_SCHEMA_V1,CURRENT
686678,"Solesky, Chase",2026.0,17.0,4.0,23.5,5.9,9.1,37.9,0.353,0.291,0.488,33.3,8.3,73.9,45.0,0.0,38.9,ST,Sweeper,25.9,15,25.0,0.0,0.0,0.18,2.7,BASEBALL_SAVANT_CURRENT_SEASON,2026-08-20T23:43:02.137578+00:00,SAVANT_ARSENAL_SCHEMA_V1,CURRENT
678061,"Kerr, Ray",2026.0,10.0,0.0,0.0,0.0,20.0,58.8,0.283,0.225,0.301,22.2,0.0,72.6,30.8,0.0,54.5,CU,Curveball,52.9,18,0.0,0.333,0.333,0.4,-2.2,BASEBALL_SAVANT_CURRENT_SEASON,2026-08-20T23:43:02.137578+00:00,SAVANT_ARSENAL_SCHEMA_V1,CURRENT
641656,"Hamilton, Ian",2026.0,23.0,4.0,17.4,13.0,28.6,45.7,0.342,0.307,0.356,50.0,0.0,72.2,27.8,1.0,42.3,FF,4-Seam Fastball,27.2,25,16.7,0.25,0.25,0.32,1.4,BASEBALL_SAVANT_CURRENT_SEASON,2026-08-20T23:43:02.137578+00:00,SAVANT_ARSENAL_SCHEMA_V1,CURRENT
675627,"Grove, Michael",2026.0,28.0,6.0,21.4,0.0,28.9,50.6,0.423,0.289,0.708,36.4,18.2,73.3,31.6,4.0,53.3,SI,Sinker,20.2,18,0.0,0.2,0.8,0.4,-0.1,BASEBALL_SAVANT_CURRENT_SEASON,2026-08-20T23:43:02.137578+00:00,SAVANT_ARSENAL_SCHEMA_V1,CURRENT
675627,"Grove, Michael",2026.0,28.0,6.0,21.4,0.0,28.9,50.6,0.423,0.289,0.708,36.4,18.2,73.3,31.6,4.0,53.3,FC,Cutter,15.7,14,0.0,0.4,1.0,0.58,-16.4,BASEBALL_SAVANT_CURRENT_SEASON,2026-08-20T23:43:02.137578+00:00,SAVANT_ARSENAL_SCHEMA_V1,CURRENT
664192,"Lucchesi, Joey",2026.0,24.0,4.0,16.7,25.0,17.1,36.9,0.441,0.286,0.491,69.2,15.4,69.6,9.7,2.0,39.3,CU,Curveball,27.0,30,10.0,0.25,0.25,0.32,-0.5,BASEBALL_SAVANT_CURRENT_SEASON,2026-08-20T23:43:02.137578+00:00,SAVANT_ARSENAL_SCHEMA_V1,CURRENT
621107,"Eflin, Zach",2026.0,17.0,7.0,41.2,11.8,35.3,45.9,0.307,0.202,0.404,75.0,25.0,73.4,36.4,0.0,33.3,SI,Sinker,18.9,14,40.0,0.5,0.5,0.5,-2.4,BASEBALL_SAVANT_CURRENT_SEASON,2026-08-20T23:43:02.137578+00:00,SAVANT_ARSENAL_SCHEMA_V1,CURRENT
699151,"Paez, Jedixson",2026.0,16.0,0.0,0.0,18.8,16.7,46.2,0.492,0.352,0.786,46.2,23.1,73.7,41.4,0.0,50.0,CH,Changeup,23.1,15,0.0,0.0,0.0,0.28,-0.6,BASEBALL_SAVANT_CURRENT_SEASON,2026-08-20T23:43:02.137578+00:00,SAVANT_ARSENAL_SCHEMA_V1,CURRENT
668831,"Stallings, Garrett",2026.0,30.0,9.0,30.0,10.0,33.9,48.4,0.182,0.136,0.148,16.7,0.0,72.0,25.5,2.0,35.3,FC,Cutter,28.7,35,25.0,0.0,0.0,0.14,3.3,BASEBALL_SAVANT_CURRENT_SEASON,2026-08-20T23:43:02.137578+00:00,SAVANT_ARSENAL_SCHEMA_V1,CURRENT
622608,"Senzatela, Antonio",2026.0,243.0,51.0,21.0,7.4,24.0,49.8,0.303,0.254,0.372,41.3,6.4,71.0,17.9,12.0,33.1,SL,Slider,2.3,21,0.0,0.0,0.0,0.18,-0.7,BASEBALL_SAVANT_CURRENT_SEASON,2026-08-20T23:43:02.137578+00:00,SAVANT_ARSENAL_SCHEMA_V1,CURRENT
702153,"Fitzpatrick, Brian",2026.0,30.0,5.0,16.7,10.0,23.2,51.4,0.257,0.212,0.265,22.7,4.5,72.7,27.7,0.0,25.7,SL,Slider,18.3,20,0.0,0.333,0.333,0.46,-1.1,BASEBALL_SAVANT_CURRENT_SEASON,2026-08-20T23:43:02.137578+00:00,SAVANT_ARSENAL_SCHEMA_V1,CURRENT
692230,"Rodriguez, Carlos",2026.0,42.0,8.0,19.0,9.5,26.4,50.0,0.282,0.228,0.327,16.7,3.3,71.7,30.8,1.0,25.9,ST,Sweeper,8.2,15,12.5,0.2,0.2,0.18,4.6,BASEBALL_SAVANT_CURRENT_SEASON,2026-08-20T23:43:02.137578+00:00,SAVANT_ARSENAL_SCHEMA_V1,CURRENT
681982,"Anderson, Grant",2026.0,201.0,45.0,22.4,10.0,25.7,49.3,0.274,0.205,0.333,37.8,7.4,71.6,21.7,10.0,35.7,CH,Changeup,2.5,19,12.5,0.4,1.0,0.58,-8.2,BASEBALL_SAVANT_CURRENT_SEASON,2026-08-20T23:43:02.137578+00:00,SAVANT_ARSENAL_SCHEMA_V1,CURRENT
671131,"Rutledge, Jackson",2026.0,12.0,2.0,16.7,16.7,34.8,52.3,0.418,0.315,0.527,37.5,12.5,75.2,47.6,0.0,21.4,FC,Cutter,45.5,20,16.7,0.6,0.6,0.54,-4.7,BASEBALL_SAVANT_CURRENT_SEASON,2026-08-20T23:43:02.137578+00:00,SAVANT_ARSENAL_SCHEMA_V1,CURRENT
702153,"Fitzpatrick, Brian",2026.0,30.0,5.0,16.7,10.0,23.2,51.4,0.257,0.212,0.265,22.7,4.5,72.7,27.7,0.0,25.7,FF,4-Seam Fastball,21.1,23,18.2,0.25,0.25,0.32,0.0,BASEBALL_SAVANT_CURRENT_SEASON,2026-08-20T23:43:02.137578+00:00,SAVANT_ARSENAL_SCHEMA_V1,CURRENT
621121,"McCullers Jr., Lance",2026.0,195.0,48.0,24.6,13.8,27.9,41.6,0.328,0.236,0.378,47.5,7.6,73.2,33.3,8.0,34.4,FF,4-Seam Fastball,3.7,29,0.0,0.4,1.2,0.83,-6.6,BASEBALL_SAVANT_CURRENT_SEASON,2026-08-20T23:43:02.137578+00:00,SAVANT_ARSENAL_SCHEMA_V1,CURRENT
672442,"Cruz, Yovanny",2026.0,44.0,10.0,22.7,13.6,27.0,46.0,0.353,0.275,0.391,51.9,0.0,71.5,21.2,0.0,35.4,FS,Split-Finger,9.3,15,36.4,0.0,0.0,0.0,5.1,BASEBALL_SAVANT_CURRENT_SEASON,2026-08-20T23:43:02.137578+00:00,SAVANT_ARSENAL_SCHEMA_V1,CURRENT
676910,"Seelinger, Matt",2026.0,15.0,2.0,13.3,26.7,29.2,46.2,0.409,0.226,0.495,44.4,22.2,74.1,42.1,1.0,42.9,FF,4-Seam Fastball,38.5,20,33.3,0.5,1.5,0.79,-7.5,BASEBALL_SAVANT_CURRENT_SEASON,2026-08-20T23:43:02.137578+00:00,SAVANT_ARSENAL_SCHEMA_V1,CURRENT
675540,"Curry, Xzavion",2026.0,67.0,10.0,14.9,10.4,20.2,45.2,0.277,0.203,0.332,34.0,6.0,73.5,38.3,0.0,35.3,SI,Sinker,7.9,19,100.0,0.25,0.5,0.39,0.9,BASEBALL_SAVANT_CURRENT_SEASON,2026-08-20T23:43:02.137578+00:00,SAVANT_ARSENAL_SCHEMA_V1,CURRENT
674073,"Weisenburger, Jack",2026.0,18.0,4.0,22.2,11.1,23.1,49.4,0.257,0.172,0.302,33.3,8.3,72.1,22.9,1.0,40.7,FC,Cutter,19.0,15,0.0,0.667,0.667,0.64,-4.1,BASEBALL_SAVANT_CURRENT_SEASON,2026-08-20T23:43:02.137578+00:00,SAVANT_ARSENAL_SCHEMA_V1,CURRENT
694363,"Shuster, Jared",2026.0,44.0,4.0,9.1,13.6,13.6,39.8,0.311,0.239,0.367,50.0,2.9,72.8,33.9,0.0,40.7,SI,Sinker,12.7,21,0.0,0.667,1.0,0.71,-7.2,BASEBALL_SAVANT_CURRENT_SEASON,2026-08-20T23:43:02.137578+00:00,SAVANT_ARSENAL_SCHEMA_V1,CURRENT
605218,"Edwards Jr., Carl",2026.0,25.0,11.0,44.0,16.0,51.2,43.4,0.258,0.159,0.25,40.0,10.0,72.3,27.5,2.0,45.0,CH,Changeup,16.2,16,50.0,0.0,0.0,0.14,4.6,BASEBALL_SAVANT_CURRENT_SEASON,2026-08-20T23:43:02.137578+00:00,SAVANT_ARSENAL_SCHEMA_V1,CURRENT
621389,"Blach, Ty",2026.0,9.0,2.0,22.2,0.0,28.6,46.7,0.269,0.292,0.338,57.1,0.0,69.0,15.4,0.0,60.0,SI,Sinker,63.3,19,33.3,0.0,0.0,0.0,7.4,BASEBALL_SAVANT_CURRENT_SEASON,2026-08-20T23:43:02.137578+00:00,SAVANT_ARSENAL_SCHEMA_V1,CURRENT
664299,"Javier, Cristian",2026.0,167.0,30.0,18.0,10.2,25.7,51.8,0.357,0.278,0.452,38.1,8.5,72.4,30.6,3.0,30.2,SI,Sinker,1.8,12,,0.25,0.25,0.32,1.8,BASEBALL_SAVANT_CURRENT_SEASON,2026-08-20T23:43:02.137578+00:00,SAVANT_ARSENAL_SCHEMA_V1,CURRENT
681320,"Lavender, Nate",2026.0,21.0,8.0,38.1,9.5,35.0,54.8,0.164,0.085,0.171,36.4,9.1,71.7,29.7,0.0,25.0,SL,Slider,21.9,16,0.0,0.0,0.0,0.28,4.4,BASEBALL_SAVANT_CURRENT_SEASON,2026-08-20T23:43:02.137578+00:00,SAVANT_ARSENAL_SCHEMA_V1,CURRENT
642376,"Yan, Jefry",2026.0,26.0,7.0,26.9,19.2,34.9,43.4,0.325,0.26,0.301,42.9,0.0,73.1,33.3,0.0,22.2,FF,4-Seam Fastball,21.2,21,28.6,0.0,0.0,0.0,6.5,BASEBALL_SAVANT_CURRENT_SEASON,2026-08-20T23:43:02.137578+00:00,SAVANT_ARSENAL_SCHEMA_V1,CURRENT
641927,"Ober, Bailey",2026.0,435.0,71.0,16.3,6.0,19.6,48.8,0.333,0.257,0.467,35.5,10.1,72.9,32.2,8.0,34.5,CU,Curveball,1.6,26,0.0,0.25,0.5,0.39,-0.9,BASEBALL_SAVANT_CURRENT_SEASON,2026-08-20T23:43:02.137578+00:00,SAVANT_ARSENAL_SCHEMA_V1,CURRENT
671162,"Thomas, Connor",2026.0,43.0,5.0,11.6,14.0,24.3,47.0,0.405,0.297,0.559,46.9,9.4,72.7,31.3,1.0,40.0,CH,Changeup,20.8,31,0.0,0.5,0.5,0.5,-3.8,BASEBALL_SAVANT_CURRENT_SEASON,2026-08-20T23:43:02.137578+00:00,SAVANT_ARSENAL_SCHEMA_V1,CURRENT
680704,"Sandlin, Nick",2026.0,40.0,6.0,15.0,12.5,31.1,38.9,0.377,0.238,0.463,38.5,7.7,72.4,26.3,0.0,35.9,SI,Sinker,8.9,14,0.0,0.333,1.333,0.54,-10.6,BASEBALL_SAVANT_CURRENT_SEASON,2026-08-20T23:43:02.137578+00:00,SAVANT_ARSENAL_SCHEMA_V1,CURRENT
621053,"Ferguson, Tyler",2026.0,70.0,20.0,28.6,2.9,31.0,50.4,0.332,0.235,0.483,46.7,17.8,72.4,28.3,2.0,42.1,FC,Cutter,7.8,20,0.0,0.2,0.2,0.18,4.2,BASEBALL_SAVANT_CURRENT_SEASON,2026-08-20T23:43:02.137578+00:00,SAVANT_ARSENAL_SCHEMA_V1,CURRENT
696131,"Black, Mason",2026.0,130.0,19.0,14.6,14.6,19.2,40.5,0.387,0.283,0.475,46.7,10.0,72.0,22.8,0.0,42.4,CH,Changeup,4.3,22,16.7,0.4,0.4,0.36,-1.1,BASEBALL_SAVANT_CURRENT_SEASON,2026-08-20T23:43:02.137578+00:00,SAVANT_ARSENAL_SCHEMA_V1,CURRENT
808970,"Go, Woo-Suk",2026.0,22.0,5.0,22.7,9.1,25.0,51.2,0.386,0.28,0.559,53.3,20.0,71.4,26.2,0.0,41.9,CU,Curveball,15.1,13,40.0,0.2,0.2,0.18,3.5,BASEBALL_SAVANT_CURRENT_SEASON,2026-08-20T23:43:02.137578+00:00,SAVANT_ARSENAL_SCHEMA_V1,CURRENT
676620,"Weiman, Blake",2026.0,24.0,5.0,20.8,0.0,21.4,44.2,0.238,0.238,0.309,21.1,5.3,73.3,45.7,1.0,37.0,SI,Sinker,11.6,11,0.0,0.8,0.8,0.72,-14.0,BASEBALL_SAVANT_CURRENT_SEASON,2026-08-20T23:43:02.137578+00:00,SAVANT_ARSENAL_SCHEMA_V1,CURRENT
690978,"Fulton, Dax",2026.0,57.0,12.0,21.1,17.5,28.4,42.7,0.301,0.211,0.289,31.4,5.7,73.0,28.6,2.0,25.8,CH,Changeup,6.3,15,0.0,0.2,0.2,0.18,3.6,BASEBALL_SAVANT_CURRENT_SEASON,2026-08-20T23:43:02.137578+00:00,SAVANT_ARSENAL_SCHEMA_V1,CURRENT
669920,"Alexander, Jason",2026.0,84.0,14.0,16.7,9.5,20.3,44.5,0.332,0.257,0.415,37.7,10.0,71.5,16.0,2.0,36.7,ST,Sweeper,6.0,18,50.0,0.4,1.2,0.65,-6.4,BASEBALL_SAVANT_CURRENT_SEASON,2026-08-20T23:43:02.137578+00:00,SAVANT_ARSENAL_SCHEMA_V1,CURRENT
592332,"Gausman, Kevin",2026.0,609.0,143.0,23.5,6.6,27.4,50.3,0.31,0.251,0.406,39.3,7.3,72.1,26.7,20.0,30.3,CH,Changeup,1.0,24,16.7,0.2,0.2,0.18,2.8,BASEBALL_SAVANT_CURRENT_SEASON,2026-08-20T23:43:02.137578+00:00,SAVANT_ARSENAL_SCHEMA_V1,CURRENT
668970,"Hollowell, Gavin",2026.0,62.0,13.0,21.0,12.9,27.8,42.7,0.351,0.24,0.447,35.0,15.0,71.8,22.8,2.0,36.2,CH,Changeup,9.1,23,25.0,0.2,0.4,0.25,1.1,BASEBALL_SAVANT_CURRENT_SEASON,2026-08-20T23:43:02.137578+00:00,SAVANT_ARSENAL_SCHEMA_V1,CURRENT
621053,"Ferguson, Tyler",2026.0,70.0,20.0,28.6,2.9,31.0,50.4,0.332,0.235,0.483,46.7,17.8,72.4,28.3,2.0,42.1,SL,Slider,9.0,23,0.0,0.2,0.4,0.25,-1.8,BASEBALL_SAVANT_CURRENT_SEASON,2026-08-20T23:43:02.137578+00:00,SAVANT_ARSENAL_SCHEMA_V1,CURRENT
681892,"Funderburk, Kody",2026.0,172.0,34.0,19.8,12.8,22.5,43.9,0.301,0.226,0.322,27.2,5.3,70.6,18.6,4.0,29.8,SL,Slider,5.4,36,0.0,0.0,0.0,0.0,2.2,BASEBALL_SAVANT_CURRENT_SEASON,2026-08-20T23:43:02.137578+00:00,SAVANT_ARSENAL_SCHEMA_V1,CURRENT
621345,"Minter, A.J.",2026.0,125.0,25.0,20.0,3.2,23.2,52.9,0.285,0.233,0.401,30.5,9.5,73.2,35.7,0.0,26.4,SI,Sinker,4.5,20,0.0,0.0,0.0,0.0,5.3,BASEBALL_SAVANT_CURRENT_SEASON,2026-08-20T23:43:02.137578+00:00,SAVANT_ARSENAL_SCHEMA_V1,CURRENT
547184,"Kelly, Michael",2026.0,32.0,6.0,18.8,18.8,24.1,44.6,0.435,0.349,0.522,45.0,15.0,71.2,15.9,2.0,24.2,SI,Sinker,9.1,11,25.0,0.333,0.333,0.4,-0.8,BASEBALL_SAVANT_CURRENT_SEASON,2026-08-20T23:43:02.137578+00:00,SAVANT_ARSENAL_SCHEMA_V1,CURRENT
805345,"Harris, Trent",2026.0,23.0,10.0,43.5,13.0,34.1,39.8,0.261,0.199,0.252,30.0,0.0,70.1,16.1,0.0,20.0,ST,Sweeper,27.2,28,10.0,0.333,0.667,0.488,-2.8,BASEBALL_SAVANT_CURRENT_SEASON,2026-08-20T23:43:02.137578+00:00,SAVANT_ARSENAL_SCHEMA_V1,CURRENT
663574,"Santillan, Tony",2026.0,134.0,28.0,20.9,10.4,22.4,45.8,0.348,0.253,0.476,46.7,11.1,72.2,28.4,4.0,36.3,SL,Slider,2.4,12,20.0,0.0,0.0,0.175,-0.2,BASEBALL_SAVANT_CURRENT_SEASON,2026-08-20T23:43:02.137578+00:00,SAVANT_ARSENAL_SCHEMA_V1,CURRENT
623381,"Pannone, Thomas",2026.0,14.0,2.0,14.3,14.3,10.7,50.0,0.4,0.316,0.507,30.0,10.0,70.2,11.5,0.0,30.4,SI,Sinker,17.9,10,0.0,0.0,0.0,0.175,7.8,BASEBALL_SAVANT_CURRENT_SEASON,2026-08-20T23:43:02.137578+00:00,SAVANT_ARSENAL_SCHEMA_V1,CURRENT
684665,"Murphy, Luke",2026.0,35.0,6.0,17.1,17.1,20.7,39.2,0.259,0.146,0.199,27.3,0.0,71.5,22.4,0.0,23.1,SL,Slider,6.8,10,50.0,0.0,0.0,0.0,8.3,BASEBALL_SAVANT_CURRENT_SEASON,2026-08-20T23:43:02.137578+00:00,SAVANT_ARSENAL_SCHEMA_V1,CURRENT
608344,"Irvin, Cole",2026.0,30.0,5.0,16.7,10.0,18.2,53.9,0.39,0.287,0.512,52.4,9.5,72.8,34.0,0.0,35.7,CH,Changeup,21.6,22,0.0,0.25,1.0,0.5,-1.4,BASEBALL_SAVANT_CURRENT_SEASON,2026-08-20T23:43:02.137578+00:00,SAVANT_ARSENAL_SCHEMA_V1,CURRENT
691951,"Aldegheri, Sam",2026.0,151.0,22.0,14.6,11.3,20.4,45.7,0.355,0.271,0.45,35.1,9.0,73.2,37.4,2.0,29.7,SL,Slider,4.6,28,0.0,0.75,1.5,0.95,-8.8,BASEBALL_SAVANT_CURRENT_SEASON,2026-08-20T23:43:02.137578+00:00,SAVANT_ARSENAL_SCHEMA_V1,CURRENT
685801,"Bigge, Hunter",2026.0,85.0,14.0,16.5,16.5,25.9,43.6,0.311,0.23,0.341,36.8,5.3,72.6,27.4,2.0,38.5,FS,Split-Finger,5.3,17,22.2,0.0,0.0,0.0,3.1,BASEBALL_SAVANT_CURRENT_SEASON,2026-08-20T23:43:02.137578+00:00,SAVANT_ARSENAL_SCHEMA_V1,CURRENT
676534,"Faucher, Calvin",2026.0,231.0,61.0,26.4,13.4,27.0,42.6,0.305,0.231,0.325,39.7,5.1,71.9,25.1,12.0,26.9,SL,Slider,2.7,25,11.1,0.25,0.25,0.225,-0.6,BASEBALL_SAVANT_CURRENT_SEASON,2026-08-20T23:43:02.137578+00:00,SAVANT_ARSENAL_SCHEMA_V1,CURRENT
669298,"Shook, TJ",2026.0,36.0,7.0,19.4,5.6,21.9,47.8,0.319,0.253,0.451,40.7,7.4,70.3,12.3,0.0,47.8,FC,Cutter,11.9,16,0.0,0.667,1.0,0.713,-3.8,BASEBALL_SAVANT_CURRENT_SEASON,2026-08-20T23:43:02.137578+00:00,SAVANT_ARSENAL_SCHEMA_V1,CURRENT
685005,"Roa, Christian",2026.0,43.0,6.0,14.0,16.3,24.7,45.5,0.415,0.296,0.491,63.0,7.4,72.0,25.7,1.0,32.1,CH,Changeup,7.9,14,0.0,0.75,0.75,0.675,-10.9,BASEBALL_SAVANT_CURRENT_SEASON,2026-08-20T23:43:02.137578+00:00,SAVANT_ARSENAL_SCHEMA_V1,CURRENT
628708,"Marte, Yunior",2026.0,,,,,,,,,,,,,,,,SL,Slider,57.1,12,14.3,0.75,1.0,0.763,-11.3,BASEBALL_SAVANT_CURRENT_SEASON,2026-08-20T23:43:02.137578+00:00,SAVANT_ARSENAL_SCHEMA_V1,CURRENT
663776,"Sandoval, Patrick",2026.0,160.0,35.0,21.9,10.0,25.5,47.3,0.334,0.277,0.412,32.4,5.6,72.4,29.3,3.0,32.6,ST,Sweeper,1.9,11,12.5,0.75,1.5,0.95,-18.9,BASEBALL_SAVANT_CURRENT_SEASON,2026-08-20T23:43:02.137578+00:00,SAVANT_ARSENAL_SCHEMA_V1,CURRENT
686790,"McDonald, Trevor",2026.0,310.0,57.0,18.4,7.4,21.3,44.5,0.312,0.246,0.359,37.8,4.2,72.4,26.7,20.0,38.0,FF,4-Seam Fastball,1.0,11,12.5,0.667,1.667,0.9,-16.2,BASEBALL_SAVANT_CURRENT_SEASON,2026-08-20T23:43:02.137578+00:00,SAVANT_ARSENAL_SCHEMA_V1,CURRENT
676130,"Buttó, José",2026.0,16.0,5.0,31.3,25.0,40.9,34.9,0.494,0.319,0.689,42.9,14.3,73.6,40.0,4.0,27.3,SL,Slider,20.6,13,33.3,0.5,1.25,0.725,-12.9,BASEBALL_SAVANT_CURRENT_SEASON,2026-08-20T23:43:02.137578+00:00,SAVANT_ARSENAL_SCHEMA_V1,CURRENT
670912,"Oviedo, Johan",2026.0,18.0,3.0,16.7,5.6,13.5,51.4,0.484,0.338,0.767,61.5,23.1,72.6,25.0,0.0,33.3,CU,Curveball,25.0,18,0.0,0.0,0.0,0.175,1.3,BASEBALL_SAVANT_CURRENT_SEASON,2026-08-20T23:43:02.137578+00:00,SAVANT_ARSENAL_SCHEMA_V1,CURRENT
683175,"Phillips, Connor",2026.0,133.0,28.0,21.1,21.1,26.8,40.3,0.377,0.24,0.407,40.5,9.5,71.2,16.7,1.0,34.0,CU,Curveball,2.9,16,14.3,0.25,1.0,0.5,-11.7,BASEBALL_SAVANT_CURRENT_SEASON,2026-08-20T23:43:02.137578+00:00,SAVANT_ARSENAL_SCHEMA_V1,CURRENT
693713,"Teodo, Emiliano",2026.0,10.0,1.0,10.0,20.0,20.0,46.5,0.38,0.287,0.413,42.9,0.0,71.7,26.3,0.0,33.3,SI,Sinker,58.1,25,0.0,0.667,0.667,0.625,-4.3,BASEBALL_SAVANT_CURRENT_SEASON,2026-08-20T23:43:02.137578+00:00,SAVANT_ARSENAL_SCHEMA_V1,CURRENT
656786,"Mushinski, Parker",2026.0,34.0,0.0,0.0,14.7,12.1,41.7,0.39,0.325,0.459,37.9,3.4,70.6,24.0,2.0,44.7,CU,Curveball,16.5,23,0.0,0.25,0.25,0.225,-0.9,BASEBALL_SAVANT_CURRENT_SEASON,2026-08-20T23:43:02.137578+00:00,SAVANT_ARSENAL_SCHEMA_V1,CURRENT
678906,"Teng, Kai-Wei",2026.0,301.0,67.0,22.3,10.0,25.2,44.1,0.334,0.245,0.398,39.4,7.8,71.9,23.8,13.0,36.5,SL,Slider,1.8,21,50.0,0.0,0.0,0.35,-0.6,BASEBALL_SAVANT_CURRENT_SEASON,2026-08-20T23:43:02.137578+00:00,SAVANT_ARSENAL_SCHEMA_V1,CURRENT
675848,"Mejia, Juan",2026.0,240.0,50.0,20.8,12.5,25.3,47.3,0.336,0.265,0.392,38.0,3.8,71.6,22.3,10.0,30.4,SL,Slider,2.5,25,0.0,0.25,0.25,0.225,0.2,BASEBALL_SAVANT_CURRENT_SEASON,2026-08-20T23:43:02.137578+00:00,SAVANT_ARSENAL_SCHEMA_V1,CURRENT
687985,"White, Josh",2026.0,,,,,,,,,,,,,,,,SL,Slider,23.3,10,33.3,0.5,2.0,0.85,-13.4,BASEBALL_SAVANT_CURRENT_SEASON,2026-08-20T23:43:02.137578+00:00,SAVANT_ARSENAL_SCHEMA_V1,CURRENT
683000,"Cornelio, Riley",2026.0,96.0,20.0,20.8,20.8,31.7,48.5,0.318,0.192,0.291,42.9,10.7,71.6,25.1,3.0,25.7,FC,Cutter,4.1,17,0.0,0.5,0.5,0.575,-3.7,BASEBALL_SAVANT_CURRENT_SEASON,2026-08-20T23:43:02.137578+00:00,SAVANT_ARSENAL_SCHEMA_V1,CURRENT
594835,"Gonzales, Marco",2026.0,29.0,3.0,10.3,13.8,17.3,44.1,0.267,0.208,0.294,22.7,4.5,71.0,9.1,1.0,35.1,FC,Cutter,16.9,20,0.0,0.333,0.333,0.4,-0.4,BASEBALL_SAVANT_CURRENT_SEASON,2026-08-20T23:43:02.137578+00:00,SAVANT_ARSENAL_SCHEMA_V1,CURRENT
656756,"Montgomery, Jordan",2026.0,38.0,6.0,15.8,2.6,20.5,45.1,0.368,0.319,0.521,35.5,9.7,72.6,29.0,1.0,33.3,SL,Slider,12.3,20,12.5,0.25,0.25,0.225,-0.8,BASEBALL_SAVANT_CURRENT_SEASON,2026-08-20T23:43:02.137578+00:00,SAVANT_ARSENAL_SCHEMA_V1,CURRENT
814490,"Pecko, Ethan",2026.0,18.0,4.0,22.2,16.7,30.0,44.9,0.301,0.173,0.261,20.0,0.0,70.5,21.1,0.0,23.1,FF,4-Seam Fastball,31.5,28,0.0,0.0,0.0,0.0,2.1,BASEBALL_SAVANT_CURRENT_SEASON,2026-08-20T23:43:02.137578+00:00,SAVANT_ARSENAL_SCHEMA_V1,CURRENT
656786,"Mushinski, Parker",2026.0,34.0,0.0,0.0,14.7,12.1,41.7,0.39,0.325,0.459,37.9,3.4,70.6,24.0,2.0,44.7,FC,Cutter,15.8,22,0.0,0.333,0.333,0.4,1.0,BASEBALL_SAVANT_CURRENT_SEASON,2026-08-20T23:43:02.137578+00:00,SAVANT_ARSENAL_SCHEMA_V1,CURRENT
694037,"Palencia, Daniel",2026.0,71.0,19.0,26.8,8.5,29.6,52.6,0.3,0.244,0.386,30.4,6.5,71.7,25.6,3.0,30.2,SI,Sinker,2.4,7,50.0,0.25,0.25,0.225,2.2,BASEBALL_SAVANT_CURRENT_SEASON,2026-08-20T23:43:02.137578+00:00,SAVANT_ARSENAL_SCHEMA_V1,CURRENT
692030,"Corniell, Jose",2026.0,28.0,4.0,14.3,14.3,26.9,50.0,0.365,0.273,0.487,45.0,10.0,72.3,23.4,0.0,44.1,SL,Slider,7.7,8,100.0,0.333,0.667,0.417,-3.7,BASEBALL_SAVANT_CURRENT_SEASON,2026-08-20T23:43:02.137578+00:00,SAVANT_ARSENAL_SCHEMA_V1,CURRENT
687223,"Palmquist, Carson",2026.0,78.0,15.0,19.2,10.3,22.5,48.2,0.337,0.271,0.374,23.1,3.8,71.7,23.2,1.0,28.4,FC,Cutter,9.9,31,0.0,0.333,0.333,0.4,2.1,BASEBALL_SAVANT_CURRENT_SEASON,2026-08-20T23:43:02.137578+00:00,SAVANT_ARSENAL_SCHEMA_V1,CURRENT
686610,"Waldichuk, Ken",2026.0,40.0,8.0,20.0,12.5,27.4,41.6,0.397,0.243,0.577,38.5,19.2,72.4,31.3,2.0,36.1,FC,Cutter,18.1,27,0.0,0.25,1.0,0.5,-2.1,BASEBALL_SAVANT_CURRENT_SEASON,2026-08-20T23:43:02.137578+00:00,SAVANT_ARSENAL_SCHEMA_V1,CURRENT
592866,"Williams, Trevor",2026.0,59.0,19.0,32.2,5.1,24.6,50.8,0.253,0.208,0.306,33.3,5.6,71.3,18.5,2.0,24.5,CH,Changeup,9.1,24,0.0,0.667,0.667,0.625,-3.9,BASEBALL_SAVANT_CURRENT_SEASON,2026-08-20T23:43:02.137578+00:00,SAVANT_ARSENAL_SCHEMA_V1,CURRENT
676395,"Garcia, Robert",2026.0,34.0,6.0,17.6,20.6,30.6,40.5,0.333,0.239,0.31,33.3,0.0,71.6,25.0,0.0,29.7,SL,Slider,23.5,36,0.0,0.5,1.0,0.663,-3.0,BASEBALL_SAVANT_CURRENT_SEASON,2026-08-20T23:43:02.137578+00:00,SAVANT_ARSENAL_SCHEMA_V1,CURRENT
656457,"Gilbert, Tyler",2026.0,22.0,3.0,13.6,18.2,16.7,44.7,0.497,0.343,0.729,46.7,20.0,73.0,32.4,0.0,36.7,FC,Cutter,18.1,17,0.0,0.667,2.0,0.988,-8.9,BASEBALL_SAVANT_CURRENT_SEASON,2026-08-20T23:43:02.137578+00:00,SAVANT_ARSENAL_SCHEMA_V1,CURRENT
671131,"Rutledge, Jackson",2026.0,12.0,2.0,16.7,16.7,34.8,52.3,0.418,0.315,0.527,37.5,12.5,75.2,47.6,0.0,21.4,FS,Split-Finger,27.3,12,16.7,0.5,1.5,0.75,-11.4,BASEBALL_SAVANT_CURRENT_SEASON,2026-08-20T23:43:02.137578+00:00,SAVANT_ARSENAL_SCHEMA_V1,CURRENT
621139,"Kriske, Brooks",2026.0,10.0,2.0,20.0,0.0,22.2,47.4,0.244,0.249,0.319,37.5,12.5,72.1,18.8,1.0,38.5,FF,4-Seam Fastball,31.6,12,0.0,0.25,0.25,0.225,3.7,BASEBALL_SAVANT_CURRENT_SEASON,2026-08-20T23:43:02.137578+00:00,SAVANT_ARSENAL_SCHEMA_V1,CURRENT
680802,"Weiss, Ryan",2026.0,131.0,30.0,22.9,15.3,23.7,44.5,0.379,0.269,0.488,49.4,11.1,71.4,21.0,5.0,31.3,CU,Curveball,3.4,18,0.0,0.25,0.25,0.225,0.8,BASEBALL_SAVANT_CURRENT_SEASON,2026-08-20T23:43:02.137578+00:00,SAVANT_ARSENAL_SCHEMA_V1,CURRENT
690155,"Pushard, Matt",2026.0,32.0,6.0,18.8,12.5,16.0,41.7,0.347,0.278,0.39,50.0,0.0,71.4,23.3,2.0,37.5,CH,Changeup,7.5,9,33.3,0.0,0.0,0.0,9.4,BASEBALL_SAVANT_CURRENT_SEASON,2026-08-20T23:43:02.137578+00:00,SAVANT_ARSENAL_SCHEMA_V1,CURRENT
605452,"Ross, Joe",2026.0,57.0,7.0,12.3,10.5,30.0,53.7,0.391,0.307,0.524,36.4,11.4,72.7,25.0,2.0,31.4,CU,Curveball,6.3,13,50.0,0.25,0.25,0.225,0.4,BASEBALL_SAVANT_CURRENT_SEASON,2026-08-20T23:43:02.137578+00:00,SAVANT_ARSENAL_SCHEMA_V1,CURRENT
683155,"Estes, Joey",2026.0,18.0,4.0,22.2,5.6,32.4,52.1,0.263,0.237,0.351,30.8,7.7,,,,,SL,Slider,21.1,15,0.0,0.25,0.5,0.313,0.8,BASEBALL_SAVANT_CURRENT_SEASON,2026-08-20T23:43:02.137578+00:00,SAVANT_ARSENAL_SCHEMA_V1,CURRENT
686228,"Burgos, Juan",2026.0,12.0,0.0,0.0,0.0,13.6,57.9,0.208,0.149,0.213,18.2,0.0,73.9,36.8,0.0,31.3,FC,Cutter,36.8,14,0.0,0.667,0.667,0.6,-4.4,BASEBALL_SAVANT_CURRENT_SEASON,2026-08-20T23:43:02.137578+00:00,SAVANT_ARSENAL_SCHEMA_V1,CURRENT
686751,"Johnson, Seth",2026.0,106.0,26.0,24.5,16.0,27.9,44.5,0.361,0.259,0.425,48.4,14.5,72.3,25.3,5.0,32.0,CU,Curveball,6.3,27,15.4,0.333,0.333,0.4,-2.9,BASEBALL_SAVANT_CURRENT_SEASON,2026-08-20T23:43:02.137578+00:00,SAVANT_ARSENAL_SCHEMA_V1,CURRENT
666126,"Cortes, Carlos",2026.0,41.0,1.0,2.4,12.2,5.2,43.6,0.401,0.297,0.544,37.1,12.1,73.0,33.3,0.0,45.7,SL,Slider,11.3,15,0.0,0.25,1.0,0.5,-3.6,BASEBALL_SAVANT_CURRENT_SEASON,2026-08-20T23:43:02.137578+00:00,SAVANT_ARSENAL_SCHEMA_V1,CURRENT
518886,"Kimbrel, Craig",2026.0,154.0,33.0,21.4,11.0,25.3,48.1,0.325,0.248,0.397,38.2,6.9,71.8,25.6,9.0,33.5,CH,Changeup,3.0,19,25.0,0.25,0.5,0.313,-5.3,BASEBALL_SAVANT_CURRENT_SEASON,2026-08-20T23:43:02.137578+00:00,SAVANT_ARSENAL_SCHEMA_V1,CURRENT
687273,"Mathews, Quinn",2026.0,41.0,10.0,24.4,14.6,27.6,45.3,0.273,0.194,0.265,24.0,4.0,71.8,25.0,0.0,22.0,CU,Curveball,13.5,26,11.1,0.0,0.0,0.0,3.4,BASEBALL_SAVANT_CURRENT_SEASON,2026-08-20T23:43:02.137578+00:00,SAVANT_ARSENAL_SCHEMA_V1,CURRENT
695684,"Rodríguez, Elmer",2026.0,83.0,10.0,12.0,13.3,27.0,39.6,0.366,0.272,0.385,34.5,5.2,72.1,26.5,2.0,41.5,CU,Curveball,9.1,29,28.6,0.25,0.25,0.225,-0.6,BASEBALL_SAVANT_CURRENT_SEASON,2026-08-20T23:43:02.137578+00:00,SAVANT_ARSENAL_SCHEMA_V1,CURRENT
687859,"Johnston, Troy",2026.0,5.0,0.0,0.0,20.0,10.0,47.6,0.376,0.165,0.184,66.7,0.0,67.6,0.0,0.0,33.3,SL,Slider,57.1,12,0.0,0.0,0.0,0.175,1.8,BASEBALL_SAVANT_CURRENT_SEASON,2026-08-20T23:43:02.137578+00:00,SAVANT_ARSENAL_SCHEMA_V1,CURRENT
687985,"White, Josh",2026.0,,,,,,,,,,,,,,,,FF,4-Seam Fastball,51.2,22,0.0,0.0,0.0,0.525,-2.2,BASEBALL_SAVANT_CURRENT_SEASON,2026-08-20T23:43:02.137578+00:00,SAVANT_ARSENAL_SCHEMA_V1,CURRENT
676910,"Seelinger, Matt",2026.0,15.0,2.0,13.3,26.7,29.2,46.2,0.409,0.226,0.495,44.4,22.2,74.1,42.1,1.0,42.9,CU,Curveball,19.2,10,0.0,0.5,1.0,0.663,-13.7,BASEBALL_SAVANT_CURRENT_SEASON,2026-08-20T23:43:02.137578+00:00,SAVANT_ARSENAL_SCHEMA_V1,CURRENT
689225,"Brieske, Beau",2026.0,39.0,8.0,20.5,10.3,21.3,53.7,0.33,0.241,0.435,48.1,11.1,72.2,28.4,0.0,25.4,CH,Changeup,12.8,19,0.0,0.25,0.25,0.225,-0.3,BASEBALL_SAVANT_CURRENT_SEASON,2026-08-20T23:43:02.137578+00:00,SAVANT_ARSENAL_SCHEMA_V1,CURRENT
681293,"Arrighetti, Spencer",2026.0,386.0,87.0,22.5,13.0,25.4,42.1,0.345,0.238,0.395,30.6,7.7,71.9,24.7,8.0,31.8,SL,Slider,1.1,16,0.0,0.333,0.333,0.4,-0.4,BASEBALL_SAVANT_CURRENT_SEASON,2026-08-20T23:43:02.137578+00:00,SAVANT_ARSENAL_SCHEMA_V1,CURRENT
681676,"Fernandez, Ryan",2026.0,59.0,20.0,33.9,11.9,36.0,47.0,0.291,0.213,0.339,34.4,6.3,71.8,25.0,5.0,24.2,CH,Changeup,11.9,28,11.1,0.333,0.333,0.625,-3.5,BASEBALL_SAVANT_CURRENT_SEASON,2026-08-20T23:43:02.137578+00:00,SAVANT_ARSENAL_SCHEMA_V1,CURRENT
623465,"Phillips, Evan",2026.0,60.0,14.0,23.3,6.7,23.9,46.6,0.332,0.243,0.498,38.1,14.3,71.7,24.2,2.0,36.8,SI,Sinker,4.7,11,20.0,0.5,1.25,0.725,-8.5,BASEBALL_SAVANT_CURRENT_SEASON,2026-08-20T23:43:02.137578+00:00,SAVANT_ARSENAL_SCHEMA_V1,CURRENT
476594,"Stock, Robert",2026.0,81.0,19.0,23.5,13.6,26.8,48.3,0.331,0.227,0.366,27.1,10.4,72.3,23.3,6.0,26.2,ST,Sweeper,10.1,32,0.0,0.333,0.333,0.4,-1.6,BASEBALL_SAVANT_CURRENT_SEASON,2026-08-20T23:43:02.137578+00:00,SAVANT_ARSENAL_SCHEMA_V1,CURRENT
608331,"Fried, Max",2026.0,332.0,79.0,23.8,8.1,24.6,45.4,0.248,0.2,0.264,31.3,1.8,71.7,22.4,10.0,30.3,SL,Slider,1.2,16,18.2,0.0,0.0,0.175,-1.3,BASEBALL_SAVANT_CURRENT_SEASON,2026-08-20T23:43:02.137578+00:00,SAVANT_ARSENAL_SCHEMA_V1,CURRENT
678576,"Ramos, Wilkin",2026.0,15.0,1.0,6.7,26.7,26.1,37.7,0.459,0.388,0.47,50.0,0.0,70.9,15.8,2.0,40.0,FF,4-Seam Fastball,21.3,13,14.3,0.0,0.0,0.35,-0.3,BASEBALL_SAVANT_CURRENT_SEASON,2026-08-20T23:43:02.137578+00:00,SAVANT_ARSENAL_SCHEMA_V1,CURRENT
665665,"Sanmartin, Reiver",2026.0,46.0,10.0,21.7,6.5,23.0,44.6,0.354,0.292,0.5,48.5,15.2,71.1,16.2,1.0,41.5,FF,4-Seam Fastball,9.6,16,10.0,0.75,1.5,0.95,-14.6,BASEBALL_SAVANT_CURRENT_SEASON,2026-08-20T23:43:02.137578+00:00,SAVANT_ARSENAL_SCHEMA_V1,CURRENT
670090,"Mills, Wyatt",2026.0,36.0,5.0,13.9,25.0,22.6,41.6,0.368,0.234,0.293,25.0,0.0,71.9,25.9,0.0,30.0,ST,Sweeper,15.4,23,10.0,0.333,0.333,0.4,-0.9,BASEBALL_SAVANT_CURRENT_SEASON,2026-08-20T23:43:02.137578+00:00,SAVANT_ARSENAL_SCHEMA_V1,CURRENT
669145,"Zimmermann, Bruce",2026.0,21.0,2.0,9.5,4.8,10.3,40.3,0.261,0.235,0.324,27.8,0.0,73.6,48.0,0.0,36.4,CU,Curveball,12.5,9,0.0,0.5,0.5,0.45,-6.2,BASEBALL_SAVANT_CURRENT_SEASON,2026-08-20T23:43:02.137578+00:00,SAVANT_ARSENAL_SCHEMA_V1,CURRENT
802408,"Mautz, Brycen",2026.0,14.0,2.0,14.3,14.3,17.4,39.0,0.316,0.249,0.339,20.0,0.0,71.9,19.0,0.0,33.3,SL,Slider,15.3,9,66.7,0.333,0.667,0.488,-10.3,BASEBALL_SAVANT_CURRENT_SEASON,2026-08-20T23:43:02.137578+00:00,SAVANT_ARSENAL_SCHEMA_V1,CURRENT
687911,"King, Bryan",2026.0,228.0,43.0,18.9,8.3,18.5,49.5,0.305,0.243,0.363,37.3,5.7,71.4,19.3,8.0,30.2,CH,Changeup,1.0,9,0.0,0.0,0.0,0.225,1.3,BASEBALL_SAVANT_CURRENT_SEASON,2026-08-20T23:43:02.137578+00:00,SAVANT_ARSENAL_SCHEMA_V1,CURRENT
685801,"Bigge, Hunter",2026.0,85.0,14.0,16.5,16.5,25.9,43.6,0.311,0.23,0.341,36.8,5.3,72.6,27.4,2.0,38.5,CU,Curveball,2.2,7,0.0,0.25,0.5,0.313,-4.6,BASEBALL_SAVANT_CURRENT_SEASON,2026-08-20T23:43:02.137578+00:00,SAVANT_ARSENAL_SCHEMA_V1,CURRENT
681806,"Wantz, Andrew",2026.0,20.0,1.0,5.0,15.0,14.0,53.1,0.463,0.326,0.582,35.7,7.1,72.0,24.4,0.0,25.7,ST,Sweeper,12.3,10,0.0,0.25,0.5,0.313,-3.7,BASEBALL_SAVANT_CURRENT_SEASON,2026-08-20T23:43:02.137578+00:00,SAVANT_ARSENAL_SCHEMA_V1,CURRENT
676510,"Hoffman, Nolan",2026.0,21.0,2.0,9.5,14.3,22.9,42.7,0.341,0.3,0.384,31.3,0.0,72.6,41.9,1.0,20.0,SI,Sinker,14.6,12,100.0,0.333,0.333,0.4,-1.3,BASEBALL_SAVANT_CURRENT_SEASON,2026-08-20T23:43:02.137578+00:00,SAVANT_ARSENAL_SCHEMA_V1,CURRENT
661527,"Martinez, Seth",2026.0,6.0,1.0,16.7,0.0,36.4,50.0,0.36,0.283,0.38,50.0,0.0,68.6,12.5,1.0,60.0,ST,Sweeper,40.9,9,20.0,0.25,0.5,0.313,-3.7,BASEBALL_SAVANT_CURRENT_SEASON,2026-08-20T23:43:02.137578+00:00,SAVANT_ARSENAL_SCHEMA_V1,CURRENT
801403,"Dollander, Chase",2026.0,189.0,47.0,24.9,9.5,28.0,48.0,0.307,0.217,0.387,52.1,9.9,72.2,26.4,5.0,32.8,ST,Sweeper,5.4,40,25.0,0.0,0.0,0.0,1.7,BASEBALL_SAVANT_CURRENT_SEASON,2026-08-20T23:43:02.137578+00:00,SAVANT_ARSENAL_SCHEMA_V1,CURRENT
662144,"Keller, Brian",2026.0,11.0,3.0,27.3,0.0,16.0,64.1,0.361,0.252,0.616,37.5,25.0,70.7,23.8,0.0,38.9,ST,Sweeper,25.6,10,25.0,0.0,0.0,0.0,7.9,BASEBALL_SAVANT_CURRENT_SEASON,2026-08-20T23:43:02.137578+00:00,SAVANT_ARSENAL_SCHEMA_V1,CURRENT
621237,"Alvarado, José",2026.0,211.0,56.0,26.5,10.4,29.4,46.4,0.303,0.224,0.337,28.0,4.8,71.8,23.9,10.0,26.2,FF,4-Seam Fastball,2.0,18,13.3,0.25,0.25,0.225,-3.0,BASEBALL_SAVANT_CURRENT_SEASON,2026-08-20T23:43:02.137578+00:00,SAVANT_ARSENAL_SCHEMA_V1,CURRENT
676661,"Lazar, Max",2026.0,35.0,5.0,14.3,8.6,19.4,48.4,0.33,0.241,0.453,40.7,11.5,70.9,19.0,2.0,40.0,CU,Curveball,18.8,24,,0.0,0.0,0.0,5.2,BASEBALL_SAVANT_CURRENT_SEASON,2026-08-20T23:43:02.137578+00:00,SAVANT_ARSENAL_SCHEMA_V1,CURRENT
694341,"Beck, Brendan",2026.0,31.0,4.0,12.9,16.1,33.9,42.4,0.448,0.3,0.656,59.1,27.3,74.5,54.0,4.0,45.7,FS,Split-Finger,7.2,10,16.7,0.0,0.0,0.0,7.5,BASEBALL_SAVANT_CURRENT_SEASON,2026-08-20T23:43:02.137578+00:00,SAVANT_ARSENAL_SCHEMA_V1,CURRENT
701474,"Davitt, Duncan",2026.0,8.0,1.0,12.5,12.5,7.7,46.4,0.448,0.357,0.614,83.3,16.7,71.4,16.7,0.0,45.5,SL,Slider,42.9,12,0.0,0.333,0.667,0.488,-2.4,BASEBALL_SAVANT_CURRENT_SEASON,2026-08-20T23:43:02.137578+00:00,SAVANT_ARSENAL_SCHEMA_V1,CURRENT
805326,"Schweitzer, Tyler",2026.0,102.0,13.0,12.7,9.8,23.1,53.6,0.348,0.281,0.44,48.1,9.0,72.3,25.9,1.0,31.8,SI,Sinker,3.4,13,0.0,0.5,0.5,0.575,-5.6,BASEBALL_SAVANT_CURRENT_SEASON,2026-08-20T23:43:02.137578+00:00,SAVANT_ARSENAL_SCHEMA_V1,CURRENT
621053,"Ferguson, Tyler",2026.0,70.0,20.0,28.6,2.9,31.0,50.4,0.332,0.235,0.483,46.7,17.8,72.4,28.3,2.0,42.1,CH,Changeup,5.9,15,0.0,0.0,0.0,0.0,6.8,BASEBALL_SAVANT_CURRENT_SEASON,2026-08-20T23:43:02.137578+00:00,SAVANT_ARSENAL_SCHEMA_V1,CURRENT
682769,"Castellano, Eiberson",2026.0,12.0,2.0,16.7,0.0,31.6,54.3,0.376,0.354,0.445,44.4,0.0,,,,,SI,Sinker,22.9,8,0.0,0.75,1.0,0.763,-16.0,BASEBALL_SAVANT_CURRENT_SEASON,2026-08-20T23:43:02.137578+00:00,SAVANT_ARSENAL_SCHEMA_V1,CURRENT
608566,"Márquez, Germán",2026.0,236.0,37.0,15.7,10.2,19.0,47.5,0.362,0.267,0.484,43.9,9.8,72.4,31.1,10.0,30.1,CH,Changeup,3.2,29,25.0,0.5,1.5,0.813,-11.9,BASEBALL_SAVANT_CURRENT_SEASON,2026-08-20T23:43:02.137578+00:00,SAVANT_ARSENAL_SCHEMA_V1,CURRENT
623211,"Brazobán, Huascar",2026.0,238.0,52.0,21.8,10.9,25.3,49.4,0.277,0.211,0.306,28.9,3.8,72.6,31.0,6.0,22.9,SL,Slider,0.6,6,40.0,0.25,0.25,0.225,3.3,BASEBALL_SAVANT_CURRENT_SEASON,2026-08-20T23:43:02.137578+00:00,SAVANT_ARSENAL_SCHEMA_V1,CURRENT
689690,"Jacob, Alek",2026.0,23.0,6.0,26.1,8.7,37.8,51.7,0.272,0.179,0.305,35.7,7.1,71.7,31.6,1.0,33.3,SI,Sinker,19.5,17,0.0,0.5,0.5,0.45,-2.8,BASEBALL_SAVANT_CURRENT_SEASON,2026-08-20T23:43:02.137578+00:00,SAVANT_ARSENAL_SCHEMA_V1,CURRENT
656786,"Mushinski, Parker",2026.0,34.0,0.0,0.0,14.7,12.1,41.7,0.39,0.325,0.459,37.9,3.4,70.6,24.0,2.0,44.7,SI,Sinker,15.8,22,0.0,0.5,0.5,0.45,-3.5,BASEBALL_SAVANT_CURRENT_SEASON,2026-08-20T23:43:02.137578+00:00,SAVANT_ARSENAL_SCHEMA_V1,CURRENT
669920,"Alexander, Jason",2026.0,84.0,14.0,16.7,9.5,20.3,44.5,0.332,0.257,0.415,37.7,10.0,71.5,16.0,2.0,36.7,FC,Cutter,7.4,22,0.0,0.75,1.25,0.85,-7.0,BASEBALL_SAVANT_CURRENT_SEASON,2026-08-20T23:43:02.137578+00:00,SAVANT_ARSENAL_SCHEMA_V1,CURRENT
681432,"Little, Luke",2026.0,5.0,1.0,20.0,0.0,30.0,52.6,0.527,0.338,0.932,50.0,25.0,71.8,33.3,0.0,28.6,FF,4-Seam Fastball,73.7,14,0.0,0.5,1.25,0.725,-9.4,BASEBALL_SAVANT_CURRENT_SEASON,2026-08-20T23:43:02.137578+00:00,SAVANT_ARSENAL_SCHEMA_V1,CURRENT
702752,"Pintaro, Jonathan",2026.0,77.0,18.0,23.4,13.0,25.7,43.7,0.32,0.216,0.364,40.4,6.5,72.1,26.1,2.0,27.5,CH,Changeup,6.4,20,7.1,0.0,0.0,0.0,2.9,BASEBALL_SAVANT_CURRENT_SEASON,2026-08-20T23:43:02.137578+00:00,SAVANT_ARSENAL_SCHEMA_V1,CURRENT
640451,"Harvey, Hunter",2026.0,18.0,4.0,22.2,5.6,20.0,46.1,0.344,0.216,0.563,38.5,23.1,70.6,18.2,0.0,38.5,SL,Slider,13.2,10,33.3,0.5,1.25,0.95,-23.6,BASEBALL_SAVANT_CURRENT_SEASON,2026-08-20T23:43:02.137578+00:00,SAVANT_ARSENAL_SCHEMA_V1,CURRENT
702303,"Martin, Riley",2026.0,32.0,10.0,31.3,9.4,20.3,50.0,0.25,0.169,0.312,42.1,5.3,73.8,37.3,0.0,26.2,CU,Curveball,29.7,35,12.5,0.0,0.0,0.175,0.4,BASEBALL_SAVANT_CURRENT_SEASON,2026-08-20T23:43:02.137578+00:00,SAVANT_ARSENAL_SCHEMA_V1,CURRENT
694753,"Curtis, Khristian",2026.0,17.0,4.0,23.5,11.8,25.8,45.6,0.327,0.246,0.399,27.3,9.1,69.2,3.4,0.0,38.1,CH,Changeup,20.6,14,0.0,0.0,0.0,0.0,5.8,BASEBALL_SAVANT_CURRENT_SEASON,2026-08-20T23:43:02.137578+00:00,SAVANT_ARSENAL_SCHEMA_V1,CURRENT
694753,"Curtis, Khristian",2026.0,17.0,4.0,23.5,11.8,25.8,45.6,0.327,0.246,0.399,27.3,9.1,69.2,3.4,0.0,38.1,SL,Slider,13.2,9,60.0,0.0,0.0,0.0,10.7,BASEBALL_SAVANT_CURRENT_SEASON,2026-08-20T23:43:02.137578+00:00,SAVANT_ARSENAL_SCHEMA_V1,CURRENT
656686,"Martin, Corbin",2026.0,25.0,4.0,16.0,20.0,34.0,47.7,0.396,0.248,0.509,56.3,12.5,72.6,21.7,2.0,31.3,CU,Curveball,24.3,27,0.0,0.667,0.667,0.625,-3.9,BASEBALL_SAVANT_CURRENT_SEASON,2026-08-20T23:43:02.137578+00:00,SAVANT_ARSENAL_SCHEMA_V1,CURRENT
678061,"Kerr, Ray",2026.0,10.0,0.0,0.0,0.0,20.0,58.8,0.283,0.225,0.301,22.2,0.0,72.6,30.8,0.0,54.5,FF,4-Seam Fastball,41.2,14,0.0,0.0,0.0,0.0,6.7,BASEBALL_SAVANT_CURRENT_SEASON,2026-08-20T23:43:02.137578+00:00,SAVANT_ARSENAL_SCHEMA_V1,CURRENT
434378,"Verlander, Justin",2026.0,19.0,1.0,5.3,10.5,15.4,48.8,0.474,0.365,0.69,56.3,12.5,71.6,24.3,0.0,37.5,SL,Slider,27.5,22,0.0,0.5,1.25,0.725,-7.7,BASEBALL_SAVANT_CURRENT_SEASON,2026-08-20T23:43:02.137578+00:00,SAVANT_ARSENAL_SCHEMA_V1,CURRENT
680728,"Del Castillo, Adrian",2026.0,10.0,0.0,0.0,0.0,0.0,64.7,0.551,0.496,0.749,66.7,11.1,69.0,0.0,0.0,33.3,SL,Slider,56.3,9,0.0,0.25,0.25,0.225,2.0,BASEBALL_SAVANT_CURRENT_SEASON,2026-08-20T23:43:02.137578+00:00,SAVANT_ARSENAL_SCHEMA_V1,CURRENT
681084,"Andrews, Tanner",2026.0,11.0,1.0,9.1,18.2,22.2,41.9,0.273,0.135,0.289,25.0,12.5,72.5,38.5,0.0,30.0,FF,4-Seam Fastball,37.2,16,0.0,0.0,0.0,0.175,6.0,BASEBALL_SAVANT_CURRENT_SEASON,2026-08-20T23:43:02.137578+00:00,SAVANT_ARSENAL_SCHEMA_V1,CURRENT
656427,"Flaherty, Jack",2026.0,389.0,102.0,26.2,10.8,27.1,45.1,0.323,0.236,0.394,46.2,8.4,73.0,32.9,16.0,28.9,CH,Changeup,2.6,42,0.0,0.0,0.0,0.175,-1.8,BASEBALL_SAVANT_CURRENT_SEASON,2026-08-20T23:43:02.137578+00:00,SAVANT_ARSENAL_SCHEMA_V1,CURRENT
622694,"Hernández, Elieser",2026.0,28.0,6.0,21.4,14.3,28.8,47.3,0.247,0.184,0.26,27.8,5.6,72.7,28.0,0.0,25.0,FC,Cutter,18.2,20,0.0,0.333,0.333,0.4,-1.8,BASEBALL_SAVANT_CURRENT_SEASON,2026-08-20T23:43:02.137578+00:00,SAVANT_ARSENAL_SCHEMA_V1,CURRENT
572143,"Smith, Burch",2026.0,73.0,20.0,27.4,9.6,22.7,46.0,0.287,0.217,0.347,47.8,4.4,72.0,25.6,0.0,31.2,CH,Changeup,9.4,27,9.1,0.0,0.0,0.0,0.9,BASEBALL_SAVANT_CURRENT_SEASON,2026-08-20T23:43:02.137578+00:00,SAVANT_ARSENAL_SCHEMA_V1,CURRENT
699008,"Kelly, Antwone",2026.0,32.0,4.0,12.5,12.5,11.7,48.8,0.345,0.286,0.395,37.5,4.2,72.0,33.9,1.0,32.0,CH,Changeup,8.9,11,22.2,0.25,1.0,0.5,-7.1,BASEBALL_SAVANT_CURRENT_SEASON,2026-08-20T23:43:02.137578+00:00,SAVANT_ARSENAL_SCHEMA_V1,CURRENT
625643,"López, Reynaldo",2026.0,306.0,66.0,21.6,9.5,21.8,45.6,0.33,0.256,0.426,36.4,7.7,71.7,23.4,12.0,32.7,CH,Changeup,3.5,43,14.3,0.25,0.25,0.225,-1.6,BASEBALL_SAVANT_CURRENT_SEASON,2026-08-20T23:43:02.137578+00:00,SAVANT_ARSENAL_SCHEMA_V1,CURRENT
671345,"Foley, Jason",2026.0,42.0,6.0,14.3,11.9,17.5,41.7,0.283,0.221,0.346,29.0,6.5,71.4,23.2,1.0,37.0,FF,4-Seam Fastball,13.2,20,25.0,0.0,0.0,0.175,1.4,BASEBALL_SAVANT_CURRENT_SEASON,2026-08-20T23:43:02.137578+00:00,SAVANT_ARSENAL_SCHEMA_V1,CURRENT
695076,"Lowder, Rhett",2026.0,452.0,82.0,18.1,9.3,19.9,45.1,0.346,0.265,0.454,37.8,9.6,72.3,26.7,17.0,34.0,CU,Curveball,2.2,37,0.0,0.5,1.25,0.725,-2.7,BASEBALL_SAVANT_CURRENT_SEASON,2026-08-20T23:43:02.137578+00:00,SAVANT_ARSENAL_SCHEMA_V1,CURRENT
624522,"Thompson, Keegan",2026.0,57.0,11.0,19.3,3.5,21.6,49.7,0.407,0.343,0.623,50.0,13.6,72.7,35.3,2.0,45.6,CU,Curveball,8.2,16,100.0,0.5,1.0,0.417,-2.5,BASEBALL_SAVANT_CURRENT_SEASON,2026-08-20T23:43:02.137578+00:00,SAVANT_ARSENAL_SCHEMA_V1,CURRENT
671936,"Macko, Adam",2026.0,99.0,23.0,23.2,10.1,32.8,46.5,0.338,0.258,0.435,34.9,6.3,72.4,26.8,2.0,33.9,CU,Curveball,7.5,30,14.3,0.0,0.0,0.35,-1.9,BASEBALL_SAVANT_CURRENT_SEASON,2026-08-20T23:43:02.137578+00:00,SAVANT_ARSENAL_SCHEMA_V1,CURRENT
606965,"Devenski, Chris",2026.0,12.0,3.0,25.0,0.0,21.1,48.7,0.297,0.274,0.425,55.6,22.2,73.0,25.0,1.0,50.0,CH,Changeup,46.2,18,28.6,0.25,0.25,0.225,1.9,BASEBALL_SAVANT_CURRENT_SEASON,2026-08-20T23:43:02.137578+00:00,SAVANT_ARSENAL_SCHEMA_V1,CURRENT
664126,"Fairbanks, Pete",2026.0,166.0,54.0,32.5,9.6,32.1,46.2,0.317,0.21,0.43,44.1,13.0,71.1,19.6,7.0,31.7,CH,Changeup,2.0,14,0.0,0.0,0.0,0.0,3.1,BASEBALL_SAVANT_CURRENT_SEASON,2026-08-20T23:43:02.137578+00:00,SAVANT_ARSENAL_SCHEMA_V1,CURRENT
683232,"Mears, Nick",2026.0,83.0,15.0,18.1,13.3,18.7,44.0,0.382,0.298,0.506,50.9,12.5,72.2,25.6,5.0,33.9,CH,Changeup,10.6,36,6.7,0.0,0.0,0.175,-0.5,BASEBALL_SAVANT_CURRENT_SEASON,2026-08-20T23:43:02.137578+00:00,SAVANT_ARSENAL_SCHEMA_V1,CURRENT
668834,"McGee, Easton",2026.0,35.0,7.0,20.0,11.4,22.5,59.7,0.369,0.297,0.463,37.5,12.5,72.5,32.3,0.0,33.3,FC,Cutter,14.3,17,0.0,0.0,0.0,0.175,5.6,BASEBALL_SAVANT_CURRENT_SEASON,2026-08-20T23:43:02.137578+00:00,SAVANT_ARSENAL_SCHEMA_V1,CURRENT
656794,"Newcomb, Sean",2026.0,283.0,64.0,22.6,9.5,24.4,44.4,0.304,0.246,0.348,37.1,5.4,71.2,18.2,9.0,35.0,FC,Cutter,1.4,15,0.0,0.333,0.333,0.4,-5.3,BASEBALL_SAVANT_CURRENT_SEASON,2026-08-20T23:43:02.137578+00:00,SAVANT_ARSENAL_SCHEMA_V1,CURRENT
676702,"Stratton, Hunter",2026.0,15.0,3.0,20.0,0.0,16.7,53.6,0.383,0.403,0.476,25.0,0.0,71.1,27.6,0.0,32.0,SL,Slider,32.1,18,33.3,0.25,0.25,0.225,1.8,BASEBALL_SAVANT_CURRENT_SEASON,2026-08-20T23:43:02.137578+00:00,SAVANT_ARSENAL_SCHEMA_V1,CURRENT
694753,"Curtis, Khristian",2026.0,17.0,4.0,23.5,11.8,25.8,45.6,0.327,0.246,0.399,27.3,9.1,69.2,3.4,0.0,38.1,FF,4-Seam Fastball,29.4,20,0.0,0.5,0.5,0.45,-2.5,BASEBALL_SAVANT_CURRENT_SEASON,2026-08-20T23:43:02.137578+00:00,SAVANT_ARSENAL_SCHEMA_V1,CURRENT
681806,"Wantz, Andrew",2026.0,20.0,1.0,5.0,15.0,14.0,53.1,0.463,0.326,0.582,35.7,7.1,72.0,24.4,0.0,25.7,FC,Cutter,27.2,22,33.3,0.333,0.333,0.4,1.8,BASEBALL_SAVANT_CURRENT_SEASON,2026-08-20T23:43:02.137578+00:00,SAVANT_ARSENAL_SCHEMA_V1,CURRENT
669620,"Basso, Brady",2026.0,100.0,19.0,19.0,3.0,21.2,52.9,0.297,0.267,0.37,41.0,6.4,72.2,29.6,3.0,30.5,SI,Sinker,7.0,25,0.0,0.75,1.5,0.95,-8.3,BASEBALL_SAVANT_CURRENT_SEASON,2026-08-20T23:43:02.137578+00:00,SAVANT_ARSENAL_SCHEMA_V1,CURRENT
656212,"Barnes, Charlie",2026.0,63.0,6.0,9.5,11.1,15.1,42.8,0.404,0.321,0.531,46.9,8.2,73.8,38.8,2.0,50.0,ST,Sweeper,6.5,13,0.0,0.5,0.75,0.538,-6.9,BASEBALL_SAVANT_CURRENT_SEASON,2026-08-20T23:43:02.137578+00:00,SAVANT_ARSENAL_SCHEMA_V1,CURRENT
682989,"Mederos, Victor",2026.0,92.0,20.0,21.7,7.6,32.0,50.4,0.291,0.233,0.341,42.9,4.8,72.9,33.5,3.0,32.4,ST,Sweeper,4.2,15,10.0,0.5,0.75,0.538,-3.6,BASEBALL_SAVANT_CURRENT_SEASON,2026-08-20T23:43:02.137578+00:00,SAVANT_ARSENAL_SCHEMA_V1,CURRENT
694918,"Tidwell, Blade",2026.0,110.0,20.0,18.2,9.1,27.1,46.0,0.306,0.256,0.354,41.8,6.3,71.1,18.4,4.0,39.0,CH,Changeup,5.7,25,0.0,0.25,0.25,0.225,-1.4,BASEBALL_SAVANT_CURRENT_SEASON,2026-08-20T23:43:02.137578+00:00,SAVANT_ARSENAL_SCHEMA_V1,CURRENT
669169,"Heasley, Jonathan",2026.0,19.0,2.0,10.5,0.0,7.9,59.4,0.479,0.352,0.791,58.8,11.8,72.6,34.3,0.0,43.8,SL,Slider,32.8,21,0.0,0.0,0.0,0.0,5.0,BASEBALL_SAVANT_CURRENT_SEASON,2026-08-20T23:43:02.137578+00:00,SAVANT_ARSENAL_SCHEMA_V1,CURRENT
672629,"Carrillo, Gerardo",2026.0,55.0,15.0,27.3,14.5,26.1,42.5,0.222,0.147,0.201,19.4,3.2,71.5,22.1,1.0,23.3,FF,4-Seam Fastball,11.1,23,12.5,0.5,0.5,0.45,-3.7,BASEBALL_SAVANT_CURRENT_SEASON,2026-08-20T23:43:02.137578+00:00,SAVANT_ARSENAL_SCHEMA_V1,CURRENT
694680,"Martin, Trevor",2026.0,54.0,7.0,13.0,7.4,23.3,47.8,0.385,0.274,0.54,48.8,12.2,72.3,29.1,2.0,41.3,SI,Sinker,7.2,13,,0.0,0.0,0.35,-2.1,BASEBALL_SAVANT_CURRENT_SEASON,2026-08-20T23:43:02.137578+00:00,SAVANT_ARSENAL_SCHEMA_V1,CURRENT
673929,"Leasure, Jordan",2026.0,78.0,18.0,23.1,10.3,26.5,51.8,0.406,0.269,0.624,44.2,25.0,71.6,23.5,4.0,36.5,SI,Sinker,3.5,11,0.0,0.0,0.0,0.0,9.1,BASEBALL_SAVANT_CURRENT_SEASON,2026-08-20T23:43:02.137578+00:00,SAVANT_ARSENAL_SCHEMA_V1,CURRENT
700413,"Uberstine, Tyler",2026.0,11.0,2.0,18.2,9.1,30.8,57.8,0.378,0.274,0.551,37.5,12.5,72.3,27.3,1.0,18.8,SI,Sinker,22.2,10,0.0,0.0,0.0,0.0,7.0,BASEBALL_SAVANT_CURRENT_SEASON,2026-08-20T23:43:02.137578+00:00,SAVANT_ARSENAL_SCHEMA_V1,CURRENT
670103,"Burgos, Raymond",2026.0,34.0,5.0,14.7,2.9,15.7,58.8,0.296,0.228,0.447,35.7,7.1,72.4,33.8,1.0,34.5,CH,Changeup,17.6,21,12.5,0.0,0.0,0.0,2.6,BASEBALL_SAVANT_CURRENT_SEASON,2026-08-20T23:43:02.137578+00:00,SAVANT_ARSENAL_SCHEMA_V1,CURRENT
669169,"Heasley, Jonathan",2026.0,19.0,2.0,10.5,0.0,7.9,59.4,0.479,0.352,0.791,58.8,11.8,72.6,34.3,0.0,43.8,CH,Changeup,18.8,12,12.5,0.667,1.667,0.967,-12.6,BASEBALL_SAVANT_CURRENT_SEASON,2026-08-20T23:43:02.137578+00:00,SAVANT_ARSENAL_SCHEMA_V1,CURRENT
688297,"Roycroft, Chris",2026.0,116.0,17.0,14.7,9.5,17.9,47.9,0.398,0.31,0.539,45.9,12.9,71.6,20.7,2.0,39.3,ST,Sweeper,4.2,17,0.0,0.667,2.667,1.333,-24.9,BASEBALL_SAVANT_CURRENT_SEASON,2026-08-20T23:43:02.137578+00:00,SAVANT_ARSENAL_SCHEMA_V1,CURRENT
694680,"Martin, Trevor",2026.0,54.0,7.0,13.0,7.4,23.3,47.8,0.385,0.274,0.54,48.8,12.2,72.3,29.1,2.0,41.3,CU,Curveball,4.4,8,0.0,0.5,1.0,0.65,-7.6,BASEBALL_SAVANT_CURRENT_SEASON,2026-08-20T23:43:02.137578+00:00,SAVANT_ARSENAL_SCHEMA_V1,CURRENT
702047,"Cook, Alex",2026.0,17.0,2.0,11.8,11.8,17.2,40.3,0.293,0.201,0.373,46.2,7.7,72.3,30.8,0.0,47.6,CH,Changeup,12.5,9,66.7,0.0,0.0,0.0,6.2,BASEBALL_SAVANT_CURRENT_SEASON,2026-08-20T23:43:02.137578+00:00,SAVANT_ARSENAL_SCHEMA_V1,CURRENT
592155,"Booser, Cam",2026.0,114.0,38.0,33.3,5.3,28.6,55.0,0.246,0.182,0.342,41.4,7.1,72.2,27.7,2.0,31.3,CH,Changeup,1.6,7,14.3,0.0,0.0,0.0,7.1,BASEBALL_SAVANT_CURRENT_SEASON,2026-08-20T23:43:02.137578+00:00,SAVANT_ARSENAL_SCHEMA_V1,CURRENT
682769,"Castellano, Eiberson",2026.0,12.0,2.0,16.7,0.0,31.6,54.3,0.376,0.354,0.445,44.4,0.0,,,,,CU,Curveball,37.1,13,50.0,0.0,0.0,0.0,5.7,BASEBALL_SAVANT_CURRENT_SEASON,2026-08-20T23:43:02.137578+00:00,SAVANT_ARSENAL_SCHEMA_V1,CURRENT
682769,"Castellano, Eiberson",2026.0,12.0,2.0,16.7,0.0,31.6,54.3,0.376,0.354,0.445,44.4,0.0,,,,,FF,4-Seam Fastball,34.3,12,0.0,0.0,0.0,0.233,2.1,BASEBALL_SAVANT_CURRENT_SEASON,2026-08-20T23:43:02.137578+00:00,SAVANT_ARSENAL_SCHEMA_V1,CURRENT
692030,"Corniell, Jose",2026.0,28.0,4.0,14.3,14.3,26.9,50.0,0.365,0.273,0.487,45.0,10.0,72.3,23.4,0.0,44.1,ST,Sweeper,17.3,18,0.0,0.667,1.667,0.95,-10.8,BASEBALL_SAVANT_CURRENT_SEASON,2026-08-20T23:43:02.137578+00:00,SAVANT_ARSENAL_SCHEMA_V1,CURRENT
660787,"De los Santos, Yerry",2026.0,58.0,11.0,19.0,8.6,16.5,50.2,0.293,0.261,0.342,40.5,0.0,71.9,25.5,3.0,37.5,SL,Slider,6.0,13,50.0,0.333,0.333,0.3,-0.8,BASEBALL_SAVANT_CURRENT_SEASON,2026-08-20T23:43:02.137578+00:00,SAVANT_ARSENAL_SCHEMA_V1,CURRENT
677958,"Rocker, Kumar",2026.0,528.0,109.0,20.6,9.1,25.8,47.9,0.333,0.259,0.43,40.6,7.9,72.2,30.0,29.0,33.4,FS,Split-Finger,1.0,20,0.0,0.5,2.0,0.9,-14.5,BASEBALL_SAVANT_CURRENT_SEASON,2026-08-20T23:43:02.137578+00:00,SAVANT_ARSENAL_SCHEMA_V1,CURRENT
543135,"Eovaldi, Nathan",2026.0,555.0,137.0,24.7,5.8,30.5,52.2,0.316,0.25,0.421,41.5,8.7,73.1,35.9,7.0,33.1,SL,Slider,0.8,17,0.0,0.5,0.5,0.3,0.2,BASEBALL_SAVANT_CURRENT_SEASON,2026-08-20T23:43:02.137578+00:00,SAVANT_ARSENAL_SCHEMA_V1,CURRENT
687239,"Peoples, Ben",2026.0,57.0,8.0,14.0,10.5,24.2,53.1,0.305,0.217,0.369,26.2,7.1,72.3,26.4,2.0,23.3,CH,Changeup,4.1,10,0.0,0.333,0.333,0.3,-1.7,BASEBALL_SAVANT_CURRENT_SEASON,2026-08-20T23:43:02.137578+00:00,SAVANT_ARSENAL_SCHEMA_V1,CURRENT
455119,"Martin, Chris",2026.0,66.0,9.0,13.6,3.0,15.9,53.2,0.408,0.344,0.568,44.4,11.1,71.5,16.7,2.0,34.0,ST,Sweeper,4.4,11,0.0,0.667,0.667,0.6,-5.9,BASEBALL_SAVANT_CURRENT_SEASON,2026-08-20T23:43:02.137578+00:00,SAVANT_ARSENAL_SCHEMA_V1,CURRENT
455119,"Martin, Chris",2026.0,66.0,9.0,13.6,3.0,15.9,53.2,0.408,0.344,0.568,44.4,11.1,71.5,16.7,2.0,34.0,CU,Curveball,5.6,14,0.0,0.667,0.667,0.6,-4.7,BASEBALL_SAVANT_CURRENT_SEASON,2026-08-20T23:43:02.137578+00:00,SAVANT_ARSENAL_SCHEMA_V1,CURRENT
663884,"Kingham, Nolan",2026.0,6.0,1.0,16.7,33.3,25.0,36.4,0.333,0.152,0.175,0.0,0.0,70.6,0.0,0.0,25.0,FF,4-Seam Fastball,59.1,13,0.0,,,0.467,-2.7,BASEBALL_SAVANT_CURRENT_SEASON,2026-08-20T23:43:02.137578+00:00,SAVANT_ARSENAL_SCHEMA_V1,CURRENT
691946,"Klassen, George",2026.0,101.0,21.0,20.8,17.8,33.3,46.4,0.35,0.246,0.381,41.0,9.8,74.3,43.7,8.0,30.2,CU,Curveball,4.7,19,33.3,0.333,0.333,0.3,-0.5,BASEBALL_SAVANT_CURRENT_SEASON,2026-08-20T23:43:02.137578+00:00,SAVANT_ARSENAL_SCHEMA_V1,CURRENT
693308,"Frasso, Nick",2026.0,28.0,7.0,25.0,3.6,27.8,48.6,0.356,0.282,0.485,26.3,10.5,70.5,21.3,3.0,28.6,FC,Cutter,6.3,7,0.0,0.667,1.0,0.717,-14.8,BASEBALL_SAVANT_CURRENT_SEASON,2026-08-20T23:43:02.137578+00:00,SAVANT_ARSENAL_SCHEMA_V1,CURRENT
684049,"Bidois, Brandan",2026.0,80.0,20.0,25.0,15.0,37.7,48.9,0.363,0.253,0.468,46.8,17.0,71.1,20.9,7.0,38.8,CH,Changeup,3.4,11,14.3,0.333,0.333,0.533,-8.7,BASEBALL_SAVANT_CURRENT_SEASON,2026-08-20T23:43:02.137578+00:00,SAVANT_ARSENAL_SCHEMA_V1,CURRENT
676702,"Stratton, Hunter",2026.0,15.0,3.0,20.0,0.0,16.7,53.6,0.383,0.403,0.476,25.0,0.0,71.1,27.6,0.0,32.0,FC,Cutter,19.6,11,0.0,0.333,0.667,0.417,-0.3,BASEBALL_SAVANT_CURRENT_SEASON,2026-08-20T23:43:02.137578+00:00,SAVANT_ARSENAL_SCHEMA_V1,CURRENT
605242,"Fulmer, Michael",2026.0,11.0,4.0,36.4,9.1,33.3,41.9,0.337,0.353,0.418,16.7,0.0,72.1,35.7,1.0,30.0,FC,Cutter,32.6,14,33.3,0.667,0.667,0.6,-1.5,BASEBALL_SAVANT_CURRENT_SEASON,2026-08-20T23:43:02.137578+00:00,SAVANT_ARSENAL_SCHEMA_V1,CURRENT
647315,"Pop, Zach",2026.0,31.0,6.0,19.4,9.7,15.4,40.0,0.317,0.248,0.358,47.6,4.8,72.4,22.7,1.0,47.4,FC,Cutter,11.5,15,0.0,1.0,1.0,0.767,-7.0,BASEBALL_SAVANT_CURRENT_SEASON,2026-08-20T23:43:02.137578+00:00,SAVANT_ARSENAL_SCHEMA_V1,CURRENT
642152,"Trivino III, Lou",2026.0,36.0,7.0,19.4,19.4,31.7,43.8,0.33,0.217,0.323,38.1,4.8,71.8,21.8,4.0,25.6,FF,4-Seam Fastball,4.9,7,25.0,0.5,2.0,0.9,-14.4,BASEBALL_SAVANT_CURRENT_SEASON,2026-08-20T23:43:02.137578+00:00,SAVANT_ARSENAL_SCHEMA_V1,CURRENT
642152,"Trivino III, Lou",2026.0,36.0,7.0,19.4,19.4,31.7,43.8,0.33,0.217,0.323,38.1,4.8,71.8,21.8,4.0,25.6,ST,Sweeper,16.7,24,22.2,0.0,0.0,0.233,1.9,BASEBALL_SAVANT_CURRENT_SEASON,2026-08-20T23:43:02.137578+00:00,SAVANT_ARSENAL_SCHEMA_V1,CURRENT
694346,"Gibson, Trey",2026.0,161.0,30.0,18.6,15.5,22.7,41.2,0.391,0.291,0.487,47.6,9.6,72.5,28.3,8.0,34.6,ST,Sweeper,1.9,12,0.0,0.667,2.0,1.083,-24.7,BASEBALL_SAVANT_CURRENT_SEASON,2026-08-20T23:43:02.137578+00:00,SAVANT_ARSENAL_SCHEMA_V1,CURRENT
668674,"Erceg, Lucas",2026.0,208.0,31.0,14.9,13.9,20.8,47.2,0.34,0.263,0.361,38.7,4.9,71.3,19.6,4.0,29.8,FC,Cutter,0.7,6,33.3,0.0,0.0,0.233,-1.6,BASEBALL_SAVANT_CURRENT_SEASON,2026-08-20T23:43:02.137578+00:00,SAVANT_ARSENAL_SCHEMA_V1,CURRENT
663878,"Pearson, Nate",2026.0,122.0,25.0,20.5,13.1,23.0,45.6,0.322,0.227,0.356,37.2,7.8,71.5,21.5,4.0,27.2,CH,Changeup,3.5,17,14.3,0.0,0.0,0.0,2.9,BASEBALL_SAVANT_CURRENT_SEASON,2026-08-20T23:43:02.137578+00:00,SAVANT_ARSENAL_SCHEMA_V1,CURRENT
672021,"Cerantola, Eric",2026.0,28.0,7.0,25.0,39.3,40.5,30.3,0.402,0.181,0.315,60.0,20.0,69.9,18.8,0.0,35.0,FC,Cutter,23.0,28,20.0,0.0,0.0,0.233,-0.2,BASEBALL_SAVANT_CURRENT_SEASON,2026-08-20T23:43:02.137578+00:00,SAVANT_ARSENAL_SCHEMA_V1,CURRENT
608650,"Enns, Dietrich",2026.0,70.0,13.0,18.6,15.7,23.1,46.0,0.301,0.211,0.335,39.1,6.5,71.5,23.5,1.0,32.2,CU,Curveball,5.5,16,16.7,0.667,0.667,0.6,-8.6,BASEBALL_SAVANT_CURRENT_SEASON,2026-08-20T23:43:02.137578+00:00,SAVANT_ARSENAL_SCHEMA_V1,CURRENT
677020,"Walker, Josh",2026.0,70.0,15.0,21.4,8.6,19.4,50.4,0.275,0.226,0.326,39.6,4.2,71.9,29.4,0.0,31.6,CH,Changeup,7.1,19,0.0,0.333,0.333,0.3,-0.5,BASEBALL_SAVANT_CURRENT_SEASON,2026-08-20T23:43:02.137578+00:00,SAVANT_ARSENAL_SCHEMA_V1,CURRENT
664991,"Wolfram, Grant",2026.0,169.0,43.0,25.4,7.7,25.2,48.1,0.301,0.237,0.368,35.8,6.5,71.3,22.8,9.0,28.9,FC,Cutter,1.4,9,0.0,0.0,0.0,0.0,8.8,BASEBALL_SAVANT_CURRENT_SEASON,2026-08-20T23:43:02.137578+00:00,SAVANT_ARSENAL_SCHEMA_V1,CURRENT
675919,"Raquet, Nick",2026.0,17.0,1.0,5.9,11.8,6.3,42.7,0.416,0.328,0.498,30.8,7.7,70.1,18.5,0.0,37.0,SI,Sinker,26.7,20,0.0,0.0,0.0,0.467,1.1,BASEBALL_SAVANT_CURRENT_SEASON,2026-08-20T23:43:02.137578+00:00,SAVANT_ARSENAL_SCHEMA_V1,CURRENT
679922,"Duran, Carlos",2026.0,4.0,1.0,25.0,0.0,33.3,50.0,0.114,0.126,0.146,0.0,0.0,68.5,20.0,0.0,0.0,SI,Sinker,50.0,6,,0.333,0.333,0.3,3.6,BASEBALL_SAVANT_CURRENT_SEASON,2026-08-20T23:43:02.137578+00:00,SAVANT_ARSENAL_SCHEMA_V1,CURRENT
641312,"Anderson, Shaun",2026.0,93.0,17.0,18.3,10.8,26.6,45.0,0.391,0.303,0.515,38.5,9.2,73.0,30.5,3.0,32.4,SI,Sinker,7.4,26,0.0,0.333,0.333,0.3,-0.1,BASEBALL_SAVANT_CURRENT_SEASON,2026-08-20T23:43:02.137578+00:00,SAVANT_ARSENAL_SCHEMA_V1,CURRENT
681402,"Varland, Gus",2026.0,151.0,30.0,19.9,9.9,21.6,49.9,0.4,0.303,0.579,50.0,16.2,72.1,29.7,3.0,39.1,CH,Changeup,2.3,13,0.0,0.667,1.667,0.967,-9.6,BASEBALL_SAVANT_CURRENT_SEASON,2026-08-20T23:43:02.137578+00:00,SAVANT_ARSENAL_SCHEMA_V1,CURRENT
669371,"Henry, Cole",2026.0,71.0,15.0,21.1,11.3,23.3,47.2,0.374,0.256,0.478,40.9,13.6,71.9,22.7,3.0,32.3,FC,Cutter,7.1,20,0.0,0.667,1.667,0.967,-8.4,BASEBALL_SAVANT_CURRENT_SEASON,2026-08-20T23:43:02.137578+00:00,SAVANT_ARSENAL_SCHEMA_V1,CURRENT
668820,"Kranick, Max",2026.0,61.0,7.0,11.5,9.8,27.0,51.6,0.345,0.271,0.42,29.8,6.4,71.8,25.5,1.0,35.1,ST,Sweeper,3.7,8,20.0,0.667,1.333,0.833,-12.7,BASEBALL_SAVANT_CURRENT_SEASON,2026-08-20T23:43:02.137578+00:00,SAVANT_ARSENAL_SCHEMA_V1,CURRENT
671131,"Rutledge, Jackson",2026.0,12.0,2.0,16.7,16.7,34.8,52.3,0.418,0.315,0.527,37.5,12.5,75.2,47.6,0.0,21.4,SI,Sinker,27.3,12,0.0,0.667,1.0,0.717,-6.4,BASEBALL_SAVANT_CURRENT_SEASON,2026-08-20T23:43:02.137578+00:00,SAVANT_ARSENAL_SCHEMA_V1,CURRENT
686610,"Waldichuk, Ken",2026.0,40.0,8.0,20.0,12.5,27.4,41.6,0.397,0.243,0.577,38.5,19.2,72.4,31.3,2.0,36.1,ST,Sweeper,6.7,10,100.0,0.333,1.333,0.667,-21.7,BASEBALL_SAVANT_CURRENT_SEASON,2026-08-20T23:43:02.137578+00:00,SAVANT_ARSENAL_SCHEMA_V1,CURRENT
668964,"Myers, Tobias",2026.0,198.0,33.0,16.7,6.6,17.8,52.3,0.332,0.277,0.439,46.1,6.0,71.9,24.2,3.0,37.6,ST,Sweeper,1.4,10,12.5,0.667,1.0,0.717,-16.0,BASEBALL_SAVANT_CURRENT_SEASON,2026-08-20T23:43:02.137578+00:00,SAVANT_ARSENAL_SCHEMA_V1,CURRENT
674073,"Weisenburger, Jack",2026.0,18.0,4.0,22.2,11.1,23.1,49.4,0.257,0.172,0.302,33.3,8.3,72.1,22.9,1.0,40.7,FF,4-Seam Fastball,25.3,20,9.1,0.333,0.667,0.417,-2.4,BASEBALL_SAVANT_CURRENT_SEASON,2026-08-20T23:43:02.137578+00:00,SAVANT_ARSENAL_SCHEMA_V1,CURRENT
702752,"Pintaro, Jonathan",2026.0,77.0,18.0,23.4,13.0,25.7,43.7,0.32,0.216,0.364,40.4,6.5,72.1,26.1,2.0,27.5,CU,Curveball,5.5,17,20.0,0.333,0.333,0.3,-1.3,BASEBALL_SAVANT_CURRENT_SEASON,2026-08-20T23:43:02.137578+00:00,SAVANT_ARSENAL_SCHEMA_V1,CURRENT
670871,"Zuñiga, Guillo",2026.0,4.0,1.0,25.0,25.0,25.0,44.4,0.187,0.019,0.019,0.0,0.0,70.8,12.5,0.0,0.0,FF,4-Seam Fastball,38.9,7,0.0,0.0,0.0,0.233,3.2,BASEBALL_SAVANT_CURRENT_SEASON,2026-08-20T23:43:02.137578+00:00,SAVANT_ARSENAL_SCHEMA_V1,CURRENT
681320,"Lavender, Nate",2026.0,21.0,8.0,38.1,9.5,35.0,54.8,0.164,0.085,0.171,36.4,9.1,71.7,29.7,0.0,25.0,ST,Sweeper,11.0,8,25.0,0.0,0.0,0.0,7.3,BASEBALL_SAVANT_CURRENT_SEASON,2026-08-20T23:43:02.137578+00:00,SAVANT_ARSENAL_SCHEMA_V1,CURRENT
680767,"Vodnik, Victor",2026.0,197.0,31.0,15.7,12.2,23.7,47.1,0.319,0.245,0.368,40.3,5.8,72.2,27.3,6.0,34.4,SI,Sinker,2.2,17,,0.667,0.667,0.6,-2.1,BASEBALL_SAVANT_CURRENT_SEASON,2026-08-20T23:43:02.137578+00:00,SAVANT_ARSENAL_SCHEMA_V1,CURRENT
677053,"Nardi, Andrew",2026.0,99.0,27.0,27.3,11.1,30.4,47.9,0.348,0.241,0.466,45.0,13.3,71.0,22.2,4.0,35.1,SI,Sinker,1.9,7,0.0,0.0,0.0,0.233,1.3,BASEBALL_SAVANT_CURRENT_SEASON,2026-08-20T23:43:02.137578+00:00,SAVANT_ARSENAL_SCHEMA_V1,CURRENT
684665,"Murphy, Luke",2026.0,35.0,6.0,17.1,17.1,20.7,39.2,0.259,0.146,0.199,27.3,0.0,71.5,22.4,0.0,23.1,CH,Changeup,8.8,13,0.0,0.667,0.667,0.6,-9.5,BASEBALL_SAVANT_CURRENT_SEASON,2026-08-20T23:43:02.137578+00:00,SAVANT_ARSENAL_SCHEMA_V1,CURRENT
687531,"Kempner, William",2026.0,50.0,14.0,28.0,8.0,34.1,45.7,0.306,0.231,0.355,23.3,3.3,71.0,17.5,3.0,33.9,FC,Cutter,12.6,25,50.0,0.0,0.0,0.0,4.5,BASEBALL_SAVANT_CURRENT_SEASON,2026-08-20T23:43:02.137578+00:00,SAVANT_ARSENAL_SCHEMA_V1,CURRENT
660825,"Bazardo, Eduard",2026.0,239.0,57.0,23.8,6.7,21.6,46.2,0.316,0.253,0.416,37.6,8.5,72.0,25.3,8.0,33.2,FS,Split-Finger,2.1,19,0.0,0.0,0.0,0.0,1.6,BASEBALL_SAVANT_CURRENT_SEASON,2026-08-20T23:43:02.137578+00:00,SAVANT_ARSENAL_SCHEMA_V1,CURRENT
671106,"Allen, Logan",2026.0,42.0,10.0,23.8,9.5,18.5,45.5,0.312,0.226,0.427,53.6,10.7,71.7,19.7,4.0,35.7,ST,Sweeper,16.9,30,0.0,0.667,2.0,1.083,-6.7,BASEBALL_SAVANT_CURRENT_SEASON,2026-08-20T23:43:02.137578+00:00,SAVANT_ARSENAL_SCHEMA_V1,CURRENT
671106,"Allen, Logan",2026.0,42.0,10.0,23.8,9.5,18.5,45.5,0.312,0.226,0.427,53.6,10.7,71.7,19.7,4.0,35.7,CH,Changeup,7.9,14,16.7,0.333,0.333,0.3,-2.3,BASEBALL_SAVANT_CURRENT_SEASON,2026-08-20T23:43:02.137578+00:00,SAVANT_ARSENAL_SCHEMA_V1,CURRENT
682982,"Espino, Daniel",2026.0,27.0,12.0,44.4,14.8,43.4,44.2,0.279,0.203,0.278,45.5,9.1,71.7,17.6,1.0,20.0,CU,Curveball,10.8,13,66.7,0.0,0.0,0.0,4.9,BASEBALL_SAVANT_CURRENT_SEASON,2026-08-20T23:43:02.137578+00:00,SAVANT_ARSENAL_SCHEMA_V1,CURRENT
680916,"Aleman, Franco",2026.0,82.0,22.0,26.8,9.8,27.3,44.9,0.277,0.203,0.305,40.0,4.0,72.1,28.5,2.0,26.8,CH,Changeup,7.5,25,0.0,0.0,0.0,0.0,2.7,BASEBALL_SAVANT_CURRENT_SEASON,2026-08-20T23:43:02.137578+00:00,SAVANT_ARSENAL_SCHEMA_V1,CURRENT
693313,"Seymour, Carson",2026.0,59.0,9.0,15.3,10.2,21.7,46.5,0.404,0.334,0.518,41.9,9.3,72.2,23.7,3.0,34.7,FS,Split-Finger,4.4,10,0.0,0.667,1.667,0.967,-13.4,BASEBALL_SAVANT_CURRENT_SEASON,2026-08-20T23:43:02.137578+00:00,SAVANT_ARSENAL_SCHEMA_V1,CURRENT
694918,"Tidwell, Blade",2026.0,110.0,20.0,18.2,9.1,27.1,46.0,0.306,0.256,0.354,41.8,6.3,71.1,18.4,4.0,39.0,CU,Curveball,1.4,6,0.0,0.0,0.0,0.0,7.5,BASEBALL_SAVANT_CURRENT_SEASON,2026-08-20T23:43:02.137578+00:00,SAVANT_ARSENAL_SCHEMA_V1,CURRENT
681916,"Smith, Dylan",2026.0,112.0,33.0,29.5,10.7,28.1,49.4,0.287,0.206,0.353,44.6,7.7,72.5,27.1,5.0,26.8,CU,Curveball,6.7,30,0.0,0.0,0.0,0.233,1.7,BASEBALL_SAVANT_CURRENT_SEASON,2026-08-20T23:43:02.137578+00:00,SAVANT_ARSENAL_SCHEMA_V1,CURRENT
676508,"Casparius, Ben",2026.0,23.0,4.0,17.4,17.4,35.0,40.4,0.385,0.281,0.467,26.7,13.3,70.7,13.9,0.0,40.9,CU,Curveball,16.2,16,0.0,0.667,1.667,0.967,-15.5,BASEBALL_SAVANT_CURRENT_SEASON,2026-08-20T23:43:02.137578+00:00,SAVANT_ARSENAL_SCHEMA_V1,CURRENT
660271,"Ohtani, Shohei",2026.0,340.0,95.0,27.9,7.6,30.4,47.5,0.257,0.201,0.288,33.8,3.8,71.2,21.5,10.0,27.8,FC,Cutter,0.7,9,,0.5,0.5,0.533,-3.1,BASEBALL_SAVANT_CURRENT_SEASON,2026-08-20T23:43:02.137578+00:00,SAVANT_ARSENAL_SCHEMA_V1,CURRENT
642546,"Hernández, Jonathan",2026.0,109.0,22.0,20.2,11.9,19.9,43.8,0.32,0.255,0.389,40.5,5.5,72.9,29.8,2.0,29.5,FS,Split-Finger,1.5,6,40.0,0.333,1.333,0.667,-15.2,BASEBALL_SAVANT_CURRENT_SEASON,2026-08-20T23:43:02.137578+00:00,SAVANT_ARSENAL_SCHEMA_V1,CURRENT
663432,"Rainey, Tanner",2026.0,15.0,4.0,26.7,26.7,40.0,35.7,0.31,0.162,0.231,28.6,0.0,72.4,36.8,0.0,36.4,SL,Slider,39.3,22,0.0,0.5,0.5,0.533,-2.9,BASEBALL_SAVANT_CURRENT_SEASON,2026-08-20T23:43:02.137578+00:00,SAVANT_ARSENAL_SCHEMA_V1,CURRENT
660271,"Ohtani, Shohei",2026.0,340.0,95.0,27.9,7.6,30.4,47.5,0.257,0.201,0.288,33.8,3.8,71.2,21.5,10.0,27.8,SL,Slider,1.1,15,0.0,0.0,0.0,0.0,1.8,BASEBALL_SAVANT_CURRENT_SEASON,2026-08-20T23:43:02.137578+00:00,SAVANT_ARSENAL_SCHEMA_V1,CURRENT
686228,"Burgos, Juan",2026.0,12.0,0.0,0.0,0.0,13.6,57.9,0.208,0.149,0.213,18.2,0.0,73.9,36.8,0.0,31.3,ST,Sweeper,21.1,8,0.0,0.0,0.0,0.0,8.2,BASEBALL_SAVANT_CURRENT_SEASON,2026-08-20T23:43:02.137578+00:00,SAVANT_ARSENAL_SCHEMA_V1,CURRENT
679885,"Martinez, Justin",2026.0,5.0,0.0,0.0,20.0,0.0,36.8,0.396,0.164,0.268,0.0,0.0,68.6,16.7,0.0,16.7,FF,4-Seam Fastball,57.9,11,0.0,0.0,0.0,0.233,3.0,BASEBALL_SAVANT_CURRENT_SEASON,2026-08-20T23:43:02.137578+00:00,SAVANT_ARSENAL_SCHEMA_V1,CURRENT
545121,"Vargas, Ildemaro",2026.0,,,,,,,,,,,,,,,,CU,Curveball,14.6,7,0.0,0.0,0.0,0.233,0.1,BASEBALL_SAVANT_CURRENT_SEASON,2026-08-20T23:43:02.137578+00:00,SAVANT_ARSENAL_SCHEMA_V1,CURRENT
683352,"Bratt, Mitch",2026.0,159.0,25.0,15.7,13.8,15.6,47.8,0.311,0.218,0.365,35.1,8.1,72.6,29.2,2.0,25.9,CU,Curveball,3.6,22,,0.0,0.0,0.233,2.0,BASEBALL_SAVANT_CURRENT_SEASON,2026-08-20T23:43:02.137578+00:00,SAVANT_ARSENAL_SCHEMA_V1,CURRENT
691951,"Aldegheri, Sam",2026.0,151.0,22.0,14.6,11.3,20.4,45.7,0.355,0.271,0.45,35.1,9.0,73.2,37.4,2.0,29.7,CU,Curveball,7.5,46,16.7,0.0,0.0,0.233,1.3,BASEBALL_SAVANT_CURRENT_SEASON,2026-08-20T23:43:02.137578+00:00,SAVANT_ARSENAL_SCHEMA_V1,CURRENT
606115,"Arcia, Orlando",2026.0,5.0,0.0,0.0,40.0,0.0,21.4,0.411,0.234,0.286,0.0,0.0,72.4,33.3,0.0,100.0,CU,Curveball,57.1,8,,0.0,0.0,0.233,-1.9,BASEBALL_SAVANT_CURRENT_SEASON,2026-08-20T23:43:02.137578+00:00,SAVANT_ARSENAL_SCHEMA_V1,CURRENT
808970,"Go, Woo-Suk",2026.0,22.0,5.0,22.7,9.1,25.0,51.2,0.386,0.28,0.559,53.3,20.0,71.4,26.2,0.0,41.9,FS,Split-Finger,11.6,10,14.3,0.0,0.0,0.0,8.1,BASEBALL_SAVANT_CURRENT_SEASON,2026-08-20T23:43:02.137578+00:00,SAVANT_ARSENAL_SCHEMA_V1,CURRENT
694037,"Palencia, Daniel",2026.0,71.0,19.0,26.8,8.5,29.6,52.6,0.3,0.244,0.386,30.4,6.5,71.7,25.6,3.0,30.2,FS,Split-Finger,6.2,18,0.0,0.667,1.667,0.967,-10.2,BASEBALL_SAVANT_CURRENT_SEASON,2026-08-20T23:43:02.137578+00:00,SAVANT_ARSENAL_SCHEMA_V1,CURRENT
681151,"Murray, Jayden",2026.0,79.0,14.0,17.7,11.4,27.7,48.7,0.363,0.272,0.494,42.9,14.3,71.7,26.9,0.0,41.7,FC,Cutter,4.6,14,,0.333,0.333,0.3,0.1,BASEBALL_SAVANT_CURRENT_SEASON,2026-08-20T23:43:02.137578+00:00,SAVANT_ARSENAL_SCHEMA_V1,CURRENT
592826,"Velasquez, Vince",2026.0,11.0,1.0,9.1,0.0,14.3,48.8,0.154,0.151,0.199,30.0,0.0,71.3,25.0,1.0,33.3,FC,Cutter,18.6,8,0.0,0.0,0.0,0.0,11.6,BASEBALL_SAVANT_CURRENT_SEASON,2026-08-20T23:43:02.137578+00:00,SAVANT_ARSENAL_SCHEMA_V1,CURRENT
681806,"Wantz, Andrew",2026.0,20.0,1.0,5.0,15.0,14.0,53.1,0.463,0.326,0.582,35.7,7.1,72.0,24.4,0.0,25.7,SI,Sinker,18.5,15,0.0,0.0,0.0,0.233,1.4,BASEBALL_SAVANT_CURRENT_SEASON,2026-08-20T23:43:02.137578+00:00,SAVANT_ARSENAL_SCHEMA_V1,CURRENT
642048,"Saucedo, Tayler",2026.0,41.0,12.0,29.3,4.9,38.5,48.4,0.313,0.238,0.426,42.3,11.5,71.9,26.7,6.0,33.3,CH,Changeup,11.8,19,25.0,0.0,0.0,0.0,2.5,BASEBALL_SAVANT_CURRENT_SEASON,2026-08-20T23:43:02.137578+00:00,SAVANT_ARSENAL_SCHEMA_V1,CURRENT
592826,"Velasquez, Vince",2026.0,11.0,1.0,9.1,0.0,14.3,48.8,0.154,0.151,0.199,30.0,0.0,71.3,25.0,1.0,33.3,FF,4-Seam Fastball,48.8,21,0.0,0.0,0.0,0.0,4.1,BASEBALL_SAVANT_CURRENT_SEASON,2026-08-20T23:43:02.137578+00:00,SAVANT_ARSENAL_SCHEMA_V1,CURRENT
690829,"Joyce, Ben",2026.0,19.0,8.0,42.1,5.3,36.8,46.3,0.122,0.092,0.12,20.0,0.0,73.2,33.3,1.0,19.0,SI,Sinker,30.5,25,0.0,0.0,0.0,0.0,1.6,BASEBALL_SAVANT_CURRENT_SEASON,2026-08-20T23:43:02.137578+00:00,SAVANT_ARSENAL_SCHEMA_V1,CURRENT
592826,"Velasquez, Vince",2026.0,11.0,1.0,9.1,0.0,14.3,48.8,0.154,0.151,0.199,30.0,0.0,71.3,25.0,1.0,33.3,CU,Curveball,14.0,6,0.0,0.0,0.0,0.0,10.6,BASEBALL_SAVANT_CURRENT_SEASON,2026-08-20T23:43:02.137578+00:00,SAVANT_ARSENAL_SCHEMA_V1,CURRENT
656686,"Martin, Corbin",2026.0,25.0,4.0,16.0,20.0,34.0,47.7,0.396,0.248,0.509,56.3,12.5,72.6,21.7,2.0,31.3,ST,Sweeper,11.7,13,40.0,0.0,0.0,0.0,4.8,BASEBALL_SAVANT_CURRENT_SEASON,2026-08-20T23:43:02.137578+00:00,SAVANT_ARSENAL_SCHEMA_V1,CURRENT
690990,"Horton, Cade",2026.0,26.0,4.0,15.4,7.7,23.3,46.7,0.283,0.249,0.321,35.0,5.3,71.5,17.5,0.0,32.3,ST,Sweeper,12.0,11,25.0,0.0,0.0,0.233,0.1,BASEBALL_SAVANT_CURRENT_SEASON,2026-08-20T23:43:02.137578+00:00,SAVANT_ARSENAL_SCHEMA_V1,CURRENT
691008,"Rajcic, Max",2026.0,39.0,8.0,20.5,15.4,23.9,41.1,0.281,0.168,0.318,36.0,8.0,72.7,23.0,1.0,27.7,SI,Sinker,7.4,12,50.0,0.333,0.667,0.417,-0.9,BASEBALL_SAVANT_CURRENT_SEASON,2026-08-20T23:43:02.137578+00:00,SAVANT_ARSENAL_SCHEMA_V1,CURRENT
669145,"Zimmermann, Bruce",2026.0,21.0,2.0,9.5,4.8,10.3,40.3,0.261,0.235,0.324,27.8,0.0,73.6,48.0,0.0,36.4,SL,Slider,16.7,12,0.0,0.667,1.333,0.833,-8.0,BASEBALL_SAVANT_CURRENT_SEASON,2026-08-20T23:43:02.137578+00:00,SAVANT_ARSENAL_SCHEMA_V1,CURRENT
677865,"Bruihl, Justin",2026.0,274.0,42.0,15.3,8.8,17.4,45.1,0.304,0.248,0.337,34.5,4.0,72.1,26.2,5.0,28.9,FC,Cutter,1.1,12,,1.0,1.333,1.017,-12.5,BASEBALL_SAVANT_CURRENT_SEASON,2026-08-20T23:43:02.137578+00:00,SAVANT_ARSENAL_SCHEMA_V1,CURRENT
690155,"Pushard, Matt",2026.0,32.0,6.0,18.8,12.5,16.0,41.7,0.347,0.278,0.39,50.0,0.0,71.4,23.3,2.0,37.5,SL,Slider,21.7,26,0.0,0.5,0.5,0.3,-0.1,BASEBALL_SAVANT_CURRENT_SEASON,2026-08-20T23:43:02.137578+00:00,SAVANT_ARSENAL_SCHEMA_V1,CURRENT
669145,"Zimmermann, Bruce",2026.0,21.0,2.0,9.5,4.8,10.3,40.3,0.261,0.235,0.324,27.8,0.0,73.6,48.0,0.0,36.4,FS,Split-Finger,15.3,11,33.3,0.0,0.0,0.0,6.2,BASEBALL_SAVANT_CURRENT_SEASON,2026-08-20T23:43:02.137578+00:00,SAVANT_ARSENAL_SCHEMA_V1,CURRENT
657265,"Strzelecki, Peter",2026.0,47.0,6.0,12.8,8.5,17.1,43.4,0.267,0.176,0.298,38.9,5.6,72.2,21.7,1.0,36.2,ST,Sweeper,8.5,16,,0.0,0.0,0.0,5.8,BASEBALL_SAVANT_CURRENT_SEASON,2026-08-20T23:43:02.137578+00:00,SAVANT_ARSENAL_SCHEMA_V1,CURRENT
669145,"Zimmermann, Bruce",2026.0,21.0,2.0,9.5,4.8,10.3,40.3,0.261,0.235,0.324,27.8,0.0,73.6,48.0,0.0,36.4,FC,Cutter,12.5,9,33.3,0.0,0.0,0.233,-0.5,BASEBALL_SAVANT_CURRENT_SEASON,2026-08-20T23:43:02.137578+00:00,SAVANT_ARSENAL_SCHEMA_V1,CURRENT
690953,"Abel, Mick",2026.0,93.0,23.0,24.7,10.8,28.8,49.6,0.349,0.274,0.413,40.4,5.3,70.9,15.5,1.0,25.6,SI,Sinker,3.4,12,,0.5,0.5,0.533,-4.0,BASEBALL_SAVANT_CURRENT_SEASON,2026-08-20T23:43:02.137578+00:00,SAVANT_ARSENAL_SCHEMA_V1,CURRENT
696147,"Bachman, Sam",2026.0,198.0,46.0,23.2,13.6,33.1,44.0,0.298,0.213,0.318,32.0,7.5,71.9,24.6,7.0,30.7,FF,4-Seam Fastball,3.2,24,28.6,0.0,0.0,0.0,1.1,BASEBALL_SAVANT_CURRENT_SEASON,2026-08-20T23:43:02.137578+00:00,SAVANT_ARSENAL_SCHEMA_V1,CURRENT
694477,"Patrick, Chad",2026.0,359.0,78.0,21.7,9.5,26.1,49.2,0.309,0.242,0.383,37.1,6.1,72.3,27.7,8.0,29.3,CH,Changeup,0.6,8,0.0,0.5,1.0,0.65,-12.8,BASEBALL_SAVANT_CURRENT_SEASON,2026-08-20T23:43:02.137578+00:00,SAVANT_ARSENAL_SCHEMA_V1,CURRENT
672582,"Zerpa, Angel",2026.0,55.0,8.0,14.5,10.9,17.8,41.7,0.405,0.328,0.53,51.2,7.3,71.6,21.1,2.0,41.3,FF,4-Seam Fastball,5.1,11,10.0,0.5,0.5,0.533,-7.6,BASEBALL_SAVANT_CURRENT_SEASON,2026-08-20T23:43:02.137578+00:00,SAVANT_ARSENAL_SCHEMA_V1,CURRENT
623381,"Pannone, Thomas",2026.0,14.0,2.0,14.3,14.3,10.7,50.0,0.4,0.316,0.507,30.0,10.0,70.2,11.5,0.0,30.4,ST,Sweeper,7.1,4,50.0,0.0,0.0,0.3,-1.8,BASEBALL_SAVANT_CURRENT_SEASON,2026-08-20T23:43:02.137578+00:00,SAVANT_ARSENAL_SCHEMA_V1,CURRENT
702153,"Fitzpatrick, Brian",2026.0,30.0,5.0,16.7,10.0,23.2,51.4,0.257,0.212,0.265,22.7,4.5,72.7,27.7,0.0,25.7,ST,Sweeper,9.2,10,0.0,0.333,0.333,0.3,0.3,BASEBALL_SAVANT_CURRENT_SEASON,2026-08-20T23:43:02.137578+00:00,SAVANT_ARSENAL_SCHEMA_V1,CURRENT
623381,"Pannone, Thomas",2026.0,14.0,2.0,14.3,14.3,10.7,50.0,0.4,0.316,0.507,30.0,10.0,70.2,11.5,0.0,30.4,FC,Cutter,44.6,25,0.0,0.333,0.333,0.3,1.2,BASEBALL_SAVANT_CURRENT_SEASON,2026-08-20T23:43:02.137578+00:00,SAVANT_ARSENAL_SCHEMA_V1,CURRENT
472610,"García, Luis",2026.0,74.0,6.0,8.1,8.1,20.9,52.5,0.397,0.329,0.522,44.3,5.2,72.3,31.7,1.0,37.4,FF,4-Seam Fastball,1.9,5,0.0,0.333,1.333,0.667,-44.2,BASEBALL_SAVANT_CURRENT_SEASON,2026-08-20T23:43:02.137578+00:00,SAVANT_ARSENAL_SCHEMA_V1,CURRENT
657649,"Koenig, Jared",2026.0,41.0,7.0,17.1,17.1,20.6,42.2,0.337,0.246,0.416,46.2,7.7,72.5,29.0,1.0,38.0,CU,Curveball,5.0,8,0.0,0.0,0.0,0.0,4.9,BASEBALL_SAVANT_CURRENT_SEASON,2026-08-20T23:43:02.137578+00:00,SAVANT_ARSENAL_SCHEMA_V1,CURRENT
701780,"McDougal, Tanner",2026.0,,,,,,,,,,,,,,,,FF,4-Seam Fastball,80.0,20,0.0,,,0.7,-5.6,BASEBALL_SAVANT_CURRENT_SEASON,2026-08-20T23:43:02.137578+00:00,SAVANT_ARSENAL_SCHEMA_V1,CURRENT
669684,"Murphy, Chris",2026.0,132.0,29.0,22.0,11.4,30.7,51.2,0.294,0.211,0.321,34.5,7.1,71.2,18.9,2.0,28.6,SV,Slurve,2.1,11,11.1,0.0,0.0,0.233,1.7,BASEBALL_SAVANT_CURRENT_SEASON,2026-08-20T23:43:02.137578+00:00,SAVANT_ARSENAL_SCHEMA_V1,CURRENT
696146,"Smith, Hagen",2026.0,21.0,7.0,33.3,28.6,28.6,37.6,0.341,0.183,0.277,62.5,12.5,71.3,31.3,1.0,25.0,FC,Cutter,24.7,23,50.0,0.0,0.0,0.233,2.0,BASEBALL_SAVANT_CURRENT_SEASON,2026-08-20T23:43:02.137578+00:00,SAVANT_ARSENAL_SCHEMA_V1,CURRENT
674370,"Bido, Osvaldo",2026.0,81.0,11.0,13.6,12.3,23.4,45.7,0.377,0.273,0.449,41.1,8.9,71.3,17.2,7.0,36.2,CH,Changeup,6.3,20,0.0,0.0,0.0,0.0,1.3,BASEBALL_SAVANT_CURRENT_SEASON,2026-08-20T23:43:02.137578+00:00,SAVANT_ARSENAL_SCHEMA_V1,CURRENT
608371,"Sims, Lucas",2026.0,46.0,10.0,21.7,15.2,21.6,43.3,0.33,0.22,0.356,39.3,7.1,71.3,20.6,0.0,28.0,CU,Curveball,7.0,12,40.0,0.0,0.0,0.0,2.1,BASEBALL_SAVANT_CURRENT_SEASON,2026-08-20T23:43:02.137578+00:00,SAVANT_ARSENAL_SCHEMA_V1,CURRENT
700363,"Smith-Shawver, AJ",2026.0,40.0,7.0,17.5,12.5,21.4,48.6,0.363,0.292,0.441,35.7,7.1,72.1,29.0,2.0,30.0,SI,Sinker,8.3,12,,0.667,1.0,0.717,-6.0,BASEBALL_SAVANT_CURRENT_SEASON,2026-08-20T23:43:02.137578+00:00,SAVANT_ARSENAL_SCHEMA_V1,CURRENT
606303,"Payamps, Joel",2026.0,36.0,9.0,25.0,11.1,22.9,46.4,0.377,0.252,0.548,39.1,17.4,71.4,19.0,0.0,28.8,SI,Sinker,10.6,16,0.0,0.5,2.0,0.9,-6.3,BASEBALL_SAVANT_CURRENT_SEASON,2026-08-20T23:43:02.137578+00:00,SAVANT_ARSENAL_SCHEMA_V1,CURRENT
683627,"Molina, Anthony",2026.0,21.0,2.0,9.5,4.8,17.1,46.6,0.36,0.297,0.504,33.3,5.6,70.8,11.1,0.0,31.0,CH,Changeup,27.3,24,0.0,0.333,0.333,0.3,-0.5,BASEBALL_SAVANT_CURRENT_SEASON,2026-08-20T23:43:02.137578+00:00,SAVANT_ARSENAL_SCHEMA_V1,CURRENT
700363,"Smith-Shawver, AJ",2026.0,40.0,7.0,17.5,12.5,21.4,48.6,0.363,0.292,0.441,35.7,7.1,72.1,29.0,2.0,30.0,CU,Curveball,10.4,15,0.0,0.0,0.0,0.233,2.0,BASEBALL_SAVANT_CURRENT_SEASON,2026-08-20T23:43:02.137578+00:00,SAVANT_ARSENAL_SCHEMA_V1,CURRENT
681751,"Estrada, Lazaro",2026.0,57.0,9.0,15.8,17.5,23.8,44.3,0.333,0.217,0.366,40.5,8.1,71.1,15.9,2.0,34.3,FS,Split-Finger,6.1,14,0.0,0.333,1.333,0.667,-17.4,BASEBALL_SAVANT_CURRENT_SEASON,2026-08-20T23:43:02.137578+00:00,SAVANT_ARSENAL_SCHEMA_V1,CURRENT
669310,"Van Eyk, CJ",2026.0,31.0,1.0,3.2,3.2,12.9,48.4,0.363,0.309,0.46,46.4,3.6,72.9,31.0,1.0,25.5,FF,4-Seam Fastball,10.2,13,0.0,0.333,0.333,0.3,-0.2,BASEBALL_SAVANT_CURRENT_SEASON,2026-08-20T23:43:02.137578+00:00,SAVANT_ARSENAL_SCHEMA_V1,CURRENT
605242,"Fulmer, Michael",2026.0,11.0,4.0,36.4,9.1,33.3,41.9,0.337,0.353,0.418,16.7,0.0,72.1,35.7,1.0,30.0,CU,Curveball,16.3,7,0.0,0.0,0.0,0.0,11.1,BASEBALL_SAVANT_CURRENT_SEASON,2026-08-20T23:43:02.137578+00:00,SAVANT_ARSENAL_SCHEMA_V1,CURRENT
623211,"Brazobán, Huascar",2026.0,238.0,52.0,21.8,10.9,25.3,49.4,0.277,0.211,0.306,28.9,3.8,72.6,31.0,6.0,22.9,FC,Cutter,3.0,28,16.7,0.333,0.667,0.417,-0.4,BASEBALL_SAVANT_CURRENT_SEASON,2026-08-20T23:43:02.137578+00:00,SAVANT_ARSENAL_SCHEMA_V1,CURRENT
664074,"Ponce, Cody",2026.0,10.0,3.0,30.0,10.0,51.7,61.7,0.243,0.177,0.277,33.3,0.0,71.9,28.0,2.0,30.8,CH,Changeup,25.5,12,33.3,0.0,0.0,0.0,6.8,BASEBALL_SAVANT_CURRENT_SEASON,2026-08-20T23:43:02.137578+00:00,SAVANT_ARSENAL_SCHEMA_V1,CURRENT
664074,"Ponce, Cody",2026.0,10.0,3.0,30.0,10.0,51.7,61.7,0.243,0.177,0.277,33.3,0.0,71.9,28.0,2.0,30.8,SL,Slider,36.2,17,16.7,0.0,0.0,0.233,1.5,BASEBALL_SAVANT_CURRENT_SEASON,2026-08-20T23:43:02.137578+00:00,SAVANT_ARSENAL_SCHEMA_V1,CURRENT
643410,"Leiter Jr., Mark",2026.0,144.0,38.0,26.4,7.6,30.3,46.1,0.316,0.269,0.365,31.9,3.3,72.5,28.4,2.0,29.9,SL,Slider,0.9,5,,0.667,1.667,0.967,-28.1,BASEBALL_SAVANT_CURRENT_SEASON,2026-08-20T23:43:02.137578+00:00,SAVANT_ARSENAL_SCHEMA_V1,CURRENT
695034,"Morris, Kade",2026.0,53.0,6.0,11.3,11.3,16.5,46.4,0.316,0.252,0.365,48.8,4.9,72.0,27.4,5.0,32.0,CU,Curveball,8.1,17,14.3,0.0,0.0,0.233,-2.0,BASEBALL_SAVANT_CURRENT_SEASON,2026-08-20T23:43:02.137578+00:00,SAVANT_ARSENAL_SCHEMA_V1,CURRENT
641585,"France, J.P.",2026.0,31.0,4.0,12.9,16.1,15.1,45.3,0.42,0.293,0.534,42.9,14.3,74.0,50.0,0.0,30.0,SI,Sinker,5.1,6,0.0,0.333,1.333,0.667,-26.4,BASEBALL_SAVANT_CURRENT_SEASON,2026-08-20T23:43:02.137578+00:00,SAVANT_ARSENAL_SCHEMA_V1,CURRENT
680474,"Schuemann, Max",2026.0,5.0,0.0,0.0,20.0,0.0,35.7,0.43,0.387,0.447,0.0,0.0,72.7,20.0,0.0,60.0,CU,Curveball,64.3,9,0.0,0.333,0.333,0.3,-1.0,BASEBALL_SAVANT_CURRENT_SEASON,2026-08-20T23:43:02.137578+00:00,SAVANT_ARSENAL_SCHEMA_V1,CURRENT
690440,"Hanner, Bradley",2026.0,4.0,2.0,50.0,0.0,25.0,66.7,0.255,0.161,0.454,50.0,50.0,74.7,60.0,0.0,33.3,FF,4-Seam Fastball,66.7,8,50.0,0.333,1.333,0.667,-31.3,BASEBALL_SAVANT_CURRENT_SEASON,2026-08-20T23:43:02.137578+00:00,SAVANT_ARSENAL_SCHEMA_V1,CURRENT
656986,"Sousa, Bennett",2026.0,67.0,17.0,25.4,11.9,30.9,48.0,0.253,0.172,0.28,31.0,9.5,72.0,35.8,3.0,35.1,SI,Sinker,7.0,18,0.0,0.333,0.333,0.3,0.8,BASEBALL_SAVANT_CURRENT_SEASON,2026-08-20T23:43:02.137578+00:00,SAVANT_ARSENAL_SCHEMA_V1,CURRENT
676694,"Meyers, Jake",2026.0,,,,,,,,,,,,,,,,SL,Slider,100.0,9,,0.0,0.0,0.0,8.7,BASEBALL_SAVANT_CURRENT_SEASON,2026-08-20T23:43:02.137578+00:00,SAVANT_ARSENAL_SCHEMA_V1,CURRENT
641585,"France, J.P.",2026.0,31.0,4.0,12.9,16.1,15.1,45.3,0.42,0.293,0.534,42.9,14.3,74.0,50.0,0.0,30.0,FC,Cutter,23.1,27,0.0,0.0,0.0,0.0,3.5,BASEBALL_SAVANT_CURRENT_SEASON,2026-08-20T23:43:02.137578+00:00,SAVANT_ARSENAL_SCHEMA_V1,CURRENT
814490,"Pecko, Ethan",2026.0,18.0,4.0,22.2,16.7,30.0,44.9,0.301,0.173,0.261,20.0,0.0,70.5,21.1,0.0,23.1,CU,Curveball,11.2,10,16.7,0.0,0.0,0.0,5.1,BASEBALL_SAVANT_CURRENT_SEASON,2026-08-20T23:43:02.137578+00:00,SAVANT_ARSENAL_SCHEMA_V1,CURRENT
669920,"Alexander, Jason",2026.0,84.0,14.0,16.7,9.5,20.3,44.5,0.332,0.257,0.415,37.7,10.0,71.5,16.0,2.0,36.7,SL,Slider,5.0,15,20.0,0.0,0.0,0.0,5.3,BASEBALL_SAVANT_CURRENT_SEASON,2026-08-20T23:43:02.137578+00:00,SAVANT_ARSENAL_SCHEMA_V1,CURRENT
671111,"Peralta, Sammy",2026.0,28.0,9.0,32.1,10.7,22.0,41.8,0.413,0.277,0.545,42.9,14.3,71.6,20.6,1.0,25.9,ST,Sweeper,13.3,13,0.0,0.667,2.0,1.083,-24.5,BASEBALL_SAVANT_CURRENT_SEASON,2026-08-20T23:43:02.137578+00:00,SAVANT_ARSENAL_SCHEMA_V1,CURRENT
622088,"Antone, Tejay",2026.0,175.0,38.0,21.7,7.4,25.9,47.3,0.293,0.221,0.362,34.7,7.1,72.1,25.5,6.0,34.5,SL,Slider,1.2,8,20.0,0.333,1.0,0.533,-7.2,BASEBALL_SAVANT_CURRENT_SEASON,2026-08-20T23:43:02.137578+00:00,SAVANT_ARSENAL_SCHEMA_V1,CURRENT
669711,"Weissert, Greg",2026.0,204.0,47.0,23.0,7.8,23.3,48.9,0.302,0.229,0.388,33.3,6.5,71.9,22.8,3.0,30.5,CU,Curveball,2.5,20,7.7,0.5,1.0,0.65,-6.4,BASEBALL_SAVANT_CURRENT_SEASON,2026-08-20T23:43:02.137578+00:00,SAVANT_ARSENAL_SCHEMA_V1,CURRENT
670103,"Burgos, Raymond",2026.0,34.0,5.0,14.7,2.9,15.7,58.8,0.296,0.228,0.447,35.7,7.1,72.4,33.8,1.0,34.5,FF,4-Seam Fastball,5.0,6,25.0,0.667,1.667,0.967,-36.5,BASEBALL_SAVANT_CURRENT_SEASON,2026-08-20T23:43:02.137578+00:00,SAVANT_ARSENAL_SCHEMA_V1,CURRENT
700413,"Uberstine, Tyler",2026.0,11.0,2.0,18.2,9.1,30.8,57.8,0.378,0.274,0.551,37.5,12.5,72.3,27.3,1.0,18.8,FF,4-Seam Fastball,22.2,10,14.3,0.667,1.667,0.967,-12.2,BASEBALL_SAVANT_CURRENT_SEASON,2026-08-20T23:43:02.137578+00:00,SAVANT_ARSENAL_SCHEMA_V1,CURRENT
700413,"Uberstine, Tyler",2026.0,11.0,2.0,18.2,9.1,30.8,57.8,0.378,0.274,0.551,37.5,12.5,72.3,27.3,1.0,18.8,ST,Sweeper,24.4,11,16.7,0.333,0.667,0.417,-5.1,BASEBALL_SAVANT_CURRENT_SEASON,2026-08-20T23:43:02.137578+00:00,SAVANT_ARSENAL_SCHEMA_V1,CURRENT
670912,"Oviedo, Johan",2026.0,18.0,3.0,16.7,5.6,13.5,51.4,0.484,0.338,0.767,61.5,23.1,72.6,25.0,0.0,33.3,SI,Sinker,19.4,14,0.0,0.667,1.0,0.717,-6.1,BASEBALL_SAVANT_CURRENT_SEASON,2026-08-20T23:43:02.137578+00:00,SAVANT_ARSENAL_SCHEMA_V1,CURRENT
680474,"Schuemann, Max",2026.0,5.0,0.0,0.0,20.0,0.0,35.7,0.43,0.387,0.447,0.0,0.0,72.7,20.0,0.0,60.0,SL,Slider,35.7,5,0.0,0.0,0.0,0.35,3.9,BASEBALL_SAVANT_CURRENT_SEASON,2026-08-20T23:43:02.137578+00:00,SAVANT_ARSENAL_SCHEMA_V1,CURRENT
667463,"King, John",2026.0,197.0,33.0,16.8,8.6,21.7,47.2,0.31,0.229,0.404,37.8,8.5,72.4,32.0,4.0,37.1,FF,4-Seam Fastball,1.3,9,0.0,1.0,4.0,1.35,-14.1,BASEBALL_SAVANT_CURRENT_SEASON,2026-08-20T23:43:02.137578+00:00,SAVANT_ARSENAL_SCHEMA_V1,CURRENT
666129,"Garrett, Braxton",2026.0,28.0,5.0,17.9,28.6,23.5,39.5,0.386,0.24,0.389,26.7,14.3,74.0,43.8,2.0,18.4,SL,Slider,16.3,21,0.0,1.0,1.0,0.8,-4.6,BASEBALL_SAVANT_CURRENT_SEASON,2026-08-20T23:43:02.137578+00:00,SAVANT_ARSENAL_SCHEMA_V1,CURRENT
592288,"Emanuel, Kent",2026.0,23.0,4.0,17.4,13.0,20.9,44.8,0.307,0.204,0.32,40.0,6.7,74.9,58.5,0.0,27.3,SL,Slider,20.8,20,0.0,0.5,1.0,0.625,-2.4,BASEBALL_SAVANT_CURRENT_SEASON,2026-08-20T23:43:02.137578+00:00,SAVANT_ARSENAL_SCHEMA_V1,CURRENT
694795,"Ekness, Josh",2026.0,53.0,9.0,17.0,13.2,20.7,39.5,0.329,0.259,0.378,35.1,8.1,70.4,11.4,2.0,30.4,SI,Sinker,9.1,20,0.0,0.5,0.5,0.45,-0.6,BASEBALL_SAVANT_CURRENT_SEASON,2026-08-20T23:43:02.137578+00:00,SAVANT_ARSENAL_SCHEMA_V1,CURRENT
687765,"Spence, Mitch",2026.0,56.0,6.0,10.7,16.1,20.0,45.0,0.361,0.279,0.408,41.5,2.4,72.8,34.9,1.0,34.3,CH,Changeup,8.5,17,0.0,0.5,0.5,0.45,-4.1,BASEBALL_SAVANT_CURRENT_SEASON,2026-08-20T23:43:02.137578+00:00,SAVANT_ARSENAL_SCHEMA_V1,CURRENT
656686,"Martin, Corbin",2026.0,25.0,4.0,16.0,20.0,34.0,47.7,0.396,0.248,0.509,56.3,12.5,72.6,21.7,2.0,31.3,SI,Sinker,3.6,4,,0.0,0.0,0.0,11.0,BASEBALL_SAVANT_CURRENT_SEASON,2026-08-20T23:43:02.137578+00:00,SAVANT_ARSENAL_SCHEMA_V1,CURRENT
605242,"Fulmer, Michael",2026.0,11.0,4.0,36.4,9.1,33.3,41.9,0.337,0.353,0.418,16.7,0.0,72.1,35.7,1.0,30.0,ST,Sweeper,18.6,8,40.0,0.0,0.0,0.0,3.8,BASEBALL_SAVANT_CURRENT_SEASON,2026-08-20T23:43:02.137578+00:00,SAVANT_ARSENAL_SCHEMA_V1,CURRENT
606115,"Arcia, Orlando",2026.0,5.0,0.0,0.0,40.0,0.0,21.4,0.411,0.234,0.286,0.0,0.0,72.4,33.3,0.0,100.0,SL,Slider,42.9,6,,1.0,1.0,0.8,-10.5,BASEBALL_SAVANT_CURRENT_SEASON,2026-08-20T23:43:02.137578+00:00,SAVANT_ARSENAL_SCHEMA_V1,CURRENT
643361,"Herget, Kevin",2026.0,3.0,0.0,0.0,0.0,0.0,45.5,0.128,0.125,0.178,33.3,0.0,73.4,40.0,0.0,60.0,FC,Cutter,27.3,3,0.0,0.0,0.0,0.0,11.9,BASEBALL_SAVANT_CURRENT_SEASON,2026-08-20T23:43:02.137578+00:00,SAVANT_ARSENAL_SCHEMA_V1,CURRENT
837227,"Imai, Tatsuya",2026.0,288.0,80.0,27.8,14.6,32.3,43.7,0.338,0.228,0.402,46.3,10.5,72.2,29.0,8.0,32.5,CH,Changeup,2.3,29,16.7,0.5,2.0,1.0,-4.8,BASEBALL_SAVANT_CURRENT_SEASON,2026-08-20T23:43:02.137578+00:00,SAVANT_ARSENAL_SCHEMA_V1,CURRENT
663765,"Woodford, Jake",2026.0,126.0,23.0,18.3,5.6,19.5,46.0,0.369,0.333,0.484,49.0,8.3,71.8,23.7,0.0,41.9,CU,Curveball,0.9,4,33.3,0.0,0.0,0.0,10.2,BASEBALL_SAVANT_CURRENT_SEASON,2026-08-20T23:43:02.137578+00:00,SAVANT_ARSENAL_SCHEMA_V1,CURRENT
605441,"Ríos, Yacksel",2026.0,5.0,2.0,40.0,0.0,33.3,46.2,0.335,0.345,0.43,33.3,0.0,72.8,16.7,0.0,50.0,SI,Sinker,38.5,5,100.0,0.0,0.0,0.0,9.2,BASEBALL_SAVANT_CURRENT_SEASON,2026-08-20T23:43:02.137578+00:00,SAVANT_ARSENAL_SCHEMA_V1,CURRENT
605441,"Ríos, Yacksel",2026.0,5.0,2.0,40.0,0.0,33.3,46.2,0.335,0.345,0.43,33.3,0.0,72.8,16.7,0.0,50.0,FF,4-Seam Fastball,38.5,5,0.0,0.0,0.0,0.0,12.4,BASEBALL_SAVANT_CURRENT_SEASON,2026-08-20T23:43:02.137578+00:00,SAVANT_ARSENAL_SCHEMA_V1,CURRENT
621389,"Blach, Ty",2026.0,9.0,2.0,22.2,0.0,28.6,46.7,0.269,0.292,0.338,57.1,0.0,69.0,15.4,0.0,60.0,FC,Cutter,26.7,8,25.0,0.0,0.0,0.0,4.8,BASEBALL_SAVANT_CURRENT_SEASON,2026-08-20T23:43:02.137578+00:00,SAVANT_ARSENAL_SCHEMA_V1,CURRENT
663765,"Woodford, Jake",2026.0,126.0,23.0,18.3,5.6,19.5,46.0,0.369,0.333,0.484,49.0,8.3,71.8,23.7,0.0,41.9,SL,Slider,1.5,7,0.0,0.0,0.0,0.35,-0.5,BASEBALL_SAVANT_CURRENT_SEASON,2026-08-20T23:43:02.137578+00:00,SAVANT_ARSENAL_SCHEMA_V1,CURRENT
674073,"Weisenburger, Jack",2026.0,18.0,4.0,22.2,11.1,23.1,49.4,0.257,0.172,0.302,33.3,8.3,72.1,22.9,1.0,40.7,SI,Sinker,19.0,15,0.0,0.0,0.0,0.0,4.5,BASEBALL_SAVANT_CURRENT_SEASON,2026-08-20T23:43:02.137578+00:00,SAVANT_ARSENAL_SCHEMA_V1,CURRENT
663765,"Woodford, Jake",2026.0,126.0,23.0,18.3,5.6,19.5,46.0,0.369,0.333,0.484,49.0,8.3,71.8,23.7,0.0,41.9,FF,4-Seam Fastball,0.9,4,25.0,0.0,0.0,0.0,12.2,BASEBALL_SAVANT_CURRENT_SEASON,2026-08-20T23:43:02.137578+00:00,SAVANT_ARSENAL_SCHEMA_V1,CURRENT
681520,"Kelly, Antoine",2026.0,4.0,1.0,25.0,25.0,14.3,38.9,0.454,0.396,0.448,100.0,0.0,72.1,14.3,0.0,33.3,SL,Slider,38.9,7,25.0,0.0,0.0,0.0,5.5,BASEBALL_SAVANT_CURRENT_SEASON,2026-08-20T23:43:02.137578+00:00,SAVANT_ARSENAL_SCHEMA_V1,CURRENT
676467,"Gordon, Colton",2026.0,50.0,11.0,22.0,6.0,17.2,49.0,0.41,0.327,0.587,48.6,11.4,70.6,13.2,4.0,25.6,SL,Slider,5.4,11,0.0,1.0,4.0,2.0,-48.7,BASEBALL_SAVANT_CURRENT_SEASON,2026-08-20T23:43:02.137578+00:00,SAVANT_ARSENAL_SCHEMA_V1,CURRENT
656686,"Martin, Corbin",2026.0,25.0,4.0,16.0,20.0,34.0,47.7,0.396,0.248,0.509,56.3,12.5,72.6,21.7,2.0,31.3,CH,Changeup,7.2,8,0.0,0.0,0.0,0.0,3.3,BASEBALL_SAVANT_CURRENT_SEASON,2026-08-20T23:43:02.137578+00:00,SAVANT_ARSENAL_SCHEMA_V1,CURRENT
702193,"Morris, Andrew",2026.0,252.0,56.0,22.2,8.7,21.9,47.0,0.268,0.217,0.309,33.1,3.5,71.5,26.4,7.0,26.1,CU,Curveball,1.7,17,0.0,0.5,1.0,0.625,-4.5,BASEBALL_SAVANT_CURRENT_SEASON,2026-08-20T23:43:02.137578+00:00,SAVANT_ARSENAL_SCHEMA_V1,CURRENT
802408,"Mautz, Brycen",2026.0,14.0,2.0,14.3,14.3,17.4,39.0,0.316,0.249,0.339,20.0,0.0,71.9,19.0,0.0,33.3,SI,Sinker,16.9,10,,0.5,0.5,0.45,-0.1,BASEBALL_SAVANT_CURRENT_SEASON,2026-08-20T23:43:02.137578+00:00,SAVANT_ARSENAL_SCHEMA_V1,CURRENT
680702,"Gerber, Joey",2026.0,34.0,8.0,23.5,11.8,23.5,39.5,0.309,0.23,0.373,54.5,9.1,72.8,29.8,0.0,41.7,CH,Changeup,1.6,2,50.0,0.0,0.0,0.0,25.6,BASEBALL_SAVANT_CURRENT_SEASON,2026-08-20T23:43:02.137578+00:00,SAVANT_ARSENAL_SCHEMA_V1,CURRENT
681810,"Warren, Austin",2026.0,160.0,39.0,24.4,11.3,26.9,40.5,0.344,0.256,0.428,42.0,13.3,72.2,26.5,9.0,32.6,FC,Cutter,1.3,9,0.0,0.0,0.0,0.0,3.9,BASEBALL_SAVANT_CURRENT_SEASON,2026-08-20T23:43:02.137578+00:00,SAVANT_ARSENAL_SCHEMA_V1,CURRENT
690155,"Pushard, Matt",2026.0,32.0,6.0,18.8,12.5,16.0,41.7,0.347,0.278,0.39,50.0,0.0,71.4,23.3,2.0,37.5,CU,Curveball,12.5,15,16.7,0.5,0.5,0.45,-2.1,BASEBALL_SAVANT_CURRENT_SEASON,2026-08-20T23:43:02.137578+00:00,SAVANT_ARSENAL_SCHEMA_V1,CURRENT
621112,"Blackburn, Paul",2026.0,274.0,57.0,20.8,9.9,22.9,46.3,0.291,0.23,0.345,33.3,5.8,72.0,26.5,9.0,29.4,SL,Slider,0.6,6,0.0,0.5,0.5,0.45,-6.4,BASEBALL_SAVANT_CURRENT_SEASON,2026-08-20T23:43:02.137578+00:00,SAVANT_ARSENAL_SCHEMA_V1,CURRENT
804636,"Tong, Jonah",2026.0,47.0,7.0,14.9,14.9,23.4,50.3,0.309,0.206,0.367,30.3,6.1,73.0,30.1,0.0,32.3,CU,Curveball,6.4,12,0.0,0.5,0.5,0.45,-3.6,BASEBALL_SAVANT_CURRENT_SEASON,2026-08-20T23:43:02.137578+00:00,SAVANT_ARSENAL_SCHEMA_V1,CURRENT
668834,"McGee, Easton",2026.0,35.0,7.0,20.0,11.4,22.5,59.7,0.369,0.297,0.463,37.5,12.5,72.5,32.3,0.0,33.3,CH,Changeup,4.2,5,,0.5,1.0,0.625,-7.5,BASEBALL_SAVANT_CURRENT_SEASON,2026-08-20T23:43:02.137578+00:00,SAVANT_ARSENAL_SCHEMA_V1,CURRENT
675627,"Grove, Michael",2026.0,28.0,6.0,21.4,0.0,28.9,50.6,0.423,0.289,0.708,36.4,18.2,73.3,31.6,4.0,53.3,CU,Curveball,7.9,7,100.0,0.0,0.0,0.0,8.1,BASEBALL_SAVANT_CURRENT_SEASON,2026-08-20T23:43:02.137578+00:00,SAVANT_ARSENAL_SCHEMA_V1,CURRENT
681810,"Warren, Austin",2026.0,160.0,39.0,24.4,11.3,26.9,40.5,0.344,0.256,0.428,42.0,13.3,72.2,26.5,9.0,32.6,CH,Changeup,1.0,7,0.0,0.5,0.5,0.45,-4.4,BASEBALL_SAVANT_CURRENT_SEASON,2026-08-20T23:43:02.137578+00:00,SAVANT_ARSENAL_SCHEMA_V1,CURRENT
680730,"Parker, Mitchell",2026.0,178.0,34.0,19.1,7.3,28.1,50.3,0.347,0.272,0.462,41.9,8.5,71.8,22.0,5.0,39.3,FS,Split-Finger,0.6,4,50.0,0.0,0.0,0.0,5.0,BASEBALL_SAVANT_CURRENT_SEASON,2026-08-20T23:43:02.137578+00:00,SAVANT_ARSENAL_SCHEMA_V1,CURRENT
694335,"Svanson, Matt",2026.0,207.0,41.0,19.8,10.1,18.8,48.7,0.369,0.301,0.467,44.8,7.0,72.3,29.5,8.0,34.2,FF,4-Seam Fastball,1.1,9,0.0,0.0,0.0,0.35,-3.8,BASEBALL_SAVANT_CURRENT_SEASON,2026-08-20T23:43:02.137578+00:00,SAVANT_ARSENAL_SCHEMA_V1,CURRENT
596142,"Sánchez, Gary",2026.0,,,,,,,,,,,,,,,,SL,Slider,13.3,4,,0.5,0.5,0.45,5.0,BASEBALL_SAVANT_CURRENT_SEASON,2026-08-20T23:43:02.137578+00:00,SAVANT_ARSENAL_SCHEMA_V1,CURRENT
623381,"Pannone, Thomas",2026.0,14.0,2.0,14.3,14.3,10.7,50.0,0.4,0.316,0.507,30.0,10.0,70.2,11.5,0.0,30.4,FF,4-Seam Fastball,7.1,4,0.0,0.5,0.5,0.45,-8.8,BASEBALL_SAVANT_CURRENT_SEASON,2026-08-20T23:43:02.137578+00:00,SAVANT_ARSENAL_SCHEMA_V1,CURRENT
623381,"Pannone, Thomas",2026.0,14.0,2.0,14.3,14.3,10.7,50.0,0.4,0.316,0.507,30.0,10.0,70.2,11.5,0.0,30.4,CH,Changeup,10.7,6,0.0,1.0,4.0,1.35,-18.1,BASEBALL_SAVANT_CURRENT_SEASON,2026-08-20T23:43:02.137578+00:00,SAVANT_ARSENAL_SCHEMA_V1,CURRENT
680689,"Richardson, Lyon",2026.0,16.0,4.0,25.0,18.8,32.0,36.8,0.478,0.23,0.727,25.0,28.6,72.0,21.7,1.0,25.0,ST,Sweeper,2.9,2,0.0,0.0,0.0,0.0,19.2,BASEBALL_SAVANT_CURRENT_SEASON,2026-08-20T23:43:02.137578+00:00,SAVANT_ARSENAL_SCHEMA_V1,CURRENT
682842,"Uribe, Abner",2026.0,191.0,48.0,25.1,9.4,26.4,43.4,0.26,0.217,0.281,31.5,1.6,71.4,21.2,10.0,29.7,FF,4-Seam Fastball,0.3,2,0.0,0.0,0.0,0.0,26.4,BASEBALL_SAVANT_CURRENT_SEASON,2026-08-20T23:43:02.137578+00:00,SAVANT_ARSENAL_SCHEMA_V1,CURRENT
693855,"Seymour, Ian",2026.0,399.0,115.0,28.8,7.8,29.5,49.9,0.296,0.223,0.392,37.8,10.0,72.0,28.3,9.0,30.2,CU,Curveball,0.9,14,0.0,0.0,0.0,0.35,-2.8,BASEBALL_SAVANT_CURRENT_SEASON,2026-08-20T23:43:02.137578+00:00,SAVANT_ARSENAL_SCHEMA_V1,CURRENT
686563,"Cannon, Jonathan",2026.0,,,,,,,,,,,,,,,,FF,4-Seam Fastball,57.1,8,,,,0.7,-6.8,BASEBALL_SAVANT_CURRENT_SEASON,2026-08-20T23:43:02.137578+00:00,SAVANT_ARSENAL_SCHEMA_V1,CURRENT
686678,"Solesky, Chase",2026.0,17.0,4.0,23.5,5.9,9.1,37.9,0.353,0.291,0.488,33.3,8.3,73.9,45.0,0.0,38.9,FF,4-Seam Fastball,10.3,6,33.3,0.0,0.0,0.0,5.7,BASEBALL_SAVANT_CURRENT_SEASON,2026-08-20T23:43:02.137578+00:00,SAVANT_ARSENAL_SCHEMA_V1,CURRENT
663542,"Hudson, Bryan",2026.0,224.0,51.0,22.8,7.6,23.5,47.0,0.278,0.229,0.324,35.8,4.0,71.1,19.9,9.0,32.8,FC,Cutter,1.5,13,0.0,0.0,0.0,0.0,3.0,BASEBALL_SAVANT_CURRENT_SEASON,2026-08-20T23:43:02.137578+00:00,SAVANT_ARSENAL_SCHEMA_V1,CURRENT
686678,"Solesky, Chase",2026.0,17.0,4.0,23.5,5.9,9.1,37.9,0.353,0.291,0.488,33.3,8.3,73.9,45.0,0.0,38.9,FC,Cutter,15.5,9,,0.5,2.0,1.0,-13.4,BASEBALL_SAVANT_CURRENT_SEASON,2026-08-20T23:43:02.137578+00:00,SAVANT_ARSENAL_SCHEMA_V1,CURRENT
680951,"Nikhazy, Doug",2026.0,9.0,1.0,11.1,22.2,33.3,30.8,0.291,0.19,0.208,33.3,0.0,74.1,33.3,0.0,62.5,SI,Sinker,15.4,6,50.0,0.0,0.0,0.0,8.1,BASEBALL_SAVANT_CURRENT_SEASON,2026-08-20T23:43:02.137578+00:00,SAVANT_ARSENAL_SCHEMA_V1,CURRENT
656457,"Gilbert, Tyler",2026.0,22.0,3.0,13.6,18.2,16.7,44.7,0.497,0.343,0.729,46.7,20.0,73.0,32.4,0.0,36.7,FF,4-Seam Fastball,7.4,7,0.0,0.0,0.0,0.0,7.3,BASEBALL_SAVANT_CURRENT_SEASON,2026-08-20T23:43:02.137578+00:00,SAVANT_ARSENAL_SCHEMA_V1,CURRENT
699151,"Paez, Jedixson",2026.0,16.0,0.0,0.0,18.8,16.7,46.2,0.492,0.352,0.786,46.2,23.1,73.7,41.4,0.0,50.0,SI,Sinker,13.8,9,,0.0,0.0,0.0,7.2,BASEBALL_SAVANT_CURRENT_SEASON,2026-08-20T23:43:02.137578+00:00,SAVANT_ARSENAL_SCHEMA_V1,CURRENT
701474,"Davitt, Duncan",2026.0,8.0,1.0,12.5,12.5,7.7,46.4,0.448,0.357,0.614,83.3,16.7,71.4,16.7,0.0,45.5,FF,4-Seam Fastball,28.6,8,25.0,0.0,0.0,0.0,6.0,BASEBALL_SAVANT_CURRENT_SEASON,2026-08-20T23:43:02.137578+00:00,SAVANT_ARSENAL_SCHEMA_V1,CURRENT
664744,"Espada, Jose",2026.0,4.0,0.0,0.0,0.0,14.3,46.7,0.34,0.364,0.413,50.0,0.0,71.9,16.7,0.0,60.0,FF,4-Seam Fastball,40.0,6,0.0,0.0,0.0,0.0,13.2,BASEBALL_SAVANT_CURRENT_SEASON,2026-08-20T23:43:02.137578+00:00,SAVANT_ARSENAL_SCHEMA_V1,CURRENT
669169,"Heasley, Jonathan",2026.0,19.0,2.0,10.5,0.0,7.9,59.4,0.479,0.352,0.791,58.8,11.8,72.6,34.3,0.0,43.8,CU,Curveball,9.4,6,0.0,1.0,1.0,0.9,-14.3,BASEBALL_SAVANT_CURRENT_SEASON,2026-08-20T23:43:02.137578+00:00,SAVANT_ARSENAL_SCHEMA_V1,CURRENT
621107,"Eflin, Zach",2026.0,17.0,7.0,41.2,11.8,35.3,45.9,0.307,0.202,0.404,75.0,25.0,73.4,36.4,0.0,33.3,ST,Sweeper,9.5,7,33.3,0.5,2.0,1.0,-14.0,BASEBALL_SAVANT_CURRENT_SEASON,2026-08-20T23:43:02.137578+00:00,SAVANT_ARSENAL_SCHEMA_V1,CURRENT
673929,"Leasure, Jordan",2026.0,78.0,18.0,23.1,10.3,26.5,51.8,0.406,0.269,0.624,44.2,25.0,71.6,23.5,4.0,36.5,FS,Split-Finger,2.9,9,25.0,0.0,0.0,0.0,2.9,BASEBALL_SAVANT_CURRENT_SEASON,2026-08-20T23:43:02.137578+00:00,SAVANT_ARSENAL_SCHEMA_V1,CURRENT
682668,"Acuña, Luisangel",2026.0,,,,,,,,,,,,,,,,SL,Slider,16.0,4,,0.0,0.0,0.0,13.7,BASEBALL_SAVANT_CURRENT_SEASON,2026-08-20T23:43:02.137578+00:00,SAVANT_ARSENAL_SCHEMA_V1,CURRENT
800311,"Fuentes, Didier",2026.0,223.0,70.0,31.4,6.7,30.4,52.9,0.274,0.221,0.344,37.5,6.7,71.9,24.9,8.0,24.7,CU,Curveball,0.4,4,,1.0,2.0,1.25,-39.4,BASEBALL_SAVANT_CURRENT_SEASON,2026-08-20T23:43:02.137578+00:00,SAVANT_ARSENAL_SCHEMA_V1,CURRENT
622694,"Hernández, Elieser",2026.0,28.0,6.0,21.4,14.3,28.8,47.3,0.247,0.184,0.26,27.8,5.6,72.7,28.0,0.0,25.0,SL,Slider,10.9,12,0.0,0.5,0.5,0.45,-1.3,BASEBALL_SAVANT_CURRENT_SEASON,2026-08-20T23:43:02.137578+00:00,SAVANT_ARSENAL_SCHEMA_V1,CURRENT
641656,"Hamilton, Ian",2026.0,23.0,4.0,17.4,13.0,28.6,45.7,0.342,0.307,0.356,50.0,0.0,72.2,27.8,1.0,42.3,SI,Sinker,10.9,10,,0.5,0.5,0.45,-2.8,BASEBALL_SAVANT_CURRENT_SEASON,2026-08-20T23:43:02.137578+00:00,SAVANT_ARSENAL_SCHEMA_V1,CURRENT
702566,"Murphy, Owen",2026.0,29.0,6.0,20.7,6.9,17.1,60.3,0.353,0.28,0.451,55.0,10.0,72.3,29.7,1.0,31.5,CU,Curveball,10.3,12,0.0,0.5,1.0,0.625,-5.7,BASEBALL_SAVANT_CURRENT_SEASON,2026-08-20T23:43:02.137578+00:00,SAVANT_ARSENAL_SCHEMA_V1,CURRENT
606303,"Payamps, Joel",2026.0,36.0,9.0,25.0,11.1,22.9,46.4,0.377,0.252,0.548,39.1,17.4,71.4,19.0,0.0,28.8,CH,Changeup,2.6,4,,0.5,1.0,0.625,-11.0,BASEBALL_SAVANT_CURRENT_SEASON,2026-08-20T23:43:02.137578+00:00,SAVANT_ARSENAL_SCHEMA_V1,CURRENT
700363,"Smith-Shawver, AJ",2026.0,40.0,7.0,17.5,12.5,21.4,48.6,0.363,0.292,0.441,35.7,7.1,72.1,29.0,2.0,30.0,SL,Slider,4.9,7,0.0,1.0,1.0,0.8,-11.2,BASEBALL_SAVANT_CURRENT_SEASON,2026-08-20T23:43:02.137578+00:00,SAVANT_ARSENAL_SCHEMA_V1,CURRENT
702566,"Murphy, Owen",2026.0,29.0,6.0,20.7,6.9,17.1,60.3,0.353,0.28,0.451,55.0,10.0,72.3,29.7,1.0,31.5,SL,Slider,11.2,13,25.0,0.0,0.0,0.45,-2.1,BASEBALL_SAVANT_CURRENT_SEASON,2026-08-20T23:43:02.137578+00:00,SAVANT_ARSENAL_SCHEMA_V1,CURRENT
664854,"Helsley, Ryan",2026.0,68.0,21.0,30.9,13.2,37.9,45.4,0.265,0.185,0.296,47.4,5.3,71.4,18.6,2.0,40.0,CU,Curveball,4.0,11,33.3,0.5,0.5,0.45,-4.0,BASEBALL_SAVANT_CURRENT_SEASON,2026-08-20T23:43:02.137578+00:00,SAVANT_ARSENAL_SCHEMA_V1,CURRENT
694360,"Way, Beck",2026.0,105.0,21.0,20.0,9.5,25.9,44.7,0.341,0.257,0.395,42.5,6.8,72.0,22.6,4.0,40.2,CH,Changeup,3.3,13,20.0,0.0,0.0,0.0,3.2,BASEBALL_SAVANT_CURRENT_SEASON,2026-08-20T23:43:02.137578+00:00,SAVANT_ARSENAL_SCHEMA_V1,CURRENT
702047,"Cook, Alex",2026.0,17.0,2.0,11.8,11.8,17.2,40.3,0.293,0.201,0.373,46.2,7.7,72.3,30.8,0.0,47.6,SL,Slider,15.3,11,0.0,0.5,0.5,0.45,-3.1,BASEBALL_SAVANT_CURRENT_SEASON,2026-08-20T23:43:02.137578+00:00,SAVANT_ARSENAL_SCHEMA_V1,CURRENT
621016,"Cuas, Jose",2026.0,47.0,13.0,27.7,8.5,25.9,49.3,0.321,0.295,0.387,36.7,3.3,71.1,22.7,3.0,21.2,FC,Cutter,7.8,17,0.0,0.0,0.0,0.35,-0.2,BASEBALL_SAVANT_CURRENT_SEASON,2026-08-20T23:43:02.137578+00:00,SAVANT_ARSENAL_SCHEMA_V1,CURRENT
664744,"Espada, Jose",2026.0,4.0,0.0,0.0,0.0,14.3,46.7,0.34,0.364,0.413,50.0,0.0,71.9,16.7,0.0,60.0,SL,Slider,53.3,8,0.0,1.0,1.0,0.9,-12.7,BASEBALL_SAVANT_CURRENT_SEASON,2026-08-20T23:43:02.137578+00:00,SAVANT_ARSENAL_SCHEMA_V1,CURRENT
666745,"Brito, Jhony",2026.0,20.0,4.0,20.0,5.0,28.3,59.0,0.256,0.206,0.337,33.3,6.7,71.1,22.2,1.0,29.6,ST,Sweeper,23.1,18,20.0,0.0,0.0,0.0,1.8,BASEBALL_SAVANT_CURRENT_SEASON,2026-08-20T23:43:02.137578+00:00,SAVANT_ARSENAL_SCHEMA_V1,CURRENT
683627,"Molina, Anthony",2026.0,21.0,2.0,9.5,4.8,17.1,46.6,0.36,0.297,0.504,33.3,5.6,70.8,11.1,0.0,31.0,SL,Slider,9.1,8,50.0,0.0,0.0,0.0,9.4,BASEBALL_SAVANT_CURRENT_SEASON,2026-08-20T23:43:02.137578+00:00,SAVANT_ARSENAL_SCHEMA_V1,CURRENT
605335,"Leibrandt, Brandon",2026.0,30.0,3.0,10.0,10.0,23.4,47.5,0.437,0.323,0.694,29.2,18.2,72.5,27.0,0.0,40.7,ST,Sweeper,9.1,9,0.0,0.0,0.0,0.0,4.6,BASEBALL_SAVANT_CURRENT_SEASON,2026-08-20T23:43:02.137578+00:00,SAVANT_ARSENAL_SCHEMA_V1,CURRENT
693855,"Seymour, Ian",2026.0,399.0,115.0,28.8,7.8,29.5,49.9,0.296,0.223,0.392,37.8,10.0,72.0,28.3,9.0,30.2,FC,Cutter,0.7,11,0.0,1.0,2.0,1.25,-12.6,BASEBALL_SAVANT_CURRENT_SEASON,2026-08-20T23:43:02.137578+00:00,SAVANT_ARSENAL_SCHEMA_V1,CURRENT
695243,"Miller, Mason",2026.0,199.0,95.0,47.7,9.5,47.0,46.8,0.188,0.129,0.174,27.7,3.6,70.5,18.3,15.0,24.4,CH,Changeup,2.2,19,25.0,0.0,0.0,0.0,0.6,BASEBALL_SAVANT_CURRENT_SEASON,2026-08-20T23:43:02.137578+00:00,SAVANT_ARSENAL_SCHEMA_V1,CURRENT
666745,"Brito, Jhony",2026.0,20.0,4.0,20.0,5.0,28.3,59.0,0.256,0.206,0.337,33.3,6.7,71.1,22.2,1.0,29.6,FF,4-Seam Fastball,9.0,7,0.0,0.0,0.0,0.35,-0.7,BASEBALL_SAVANT_CURRENT_SEASON,2026-08-20T23:43:02.137578+00:00,SAVANT_ARSENAL_SCHEMA_V1,CURRENT
669310,"Van Eyk, CJ",2026.0,31.0,1.0,3.2,3.2,12.9,48.4,0.363,0.309,0.46,46.4,3.6,72.9,31.0,1.0,25.5,ST,Sweeper,7.0,9,0.0,0.5,0.5,0.45,-4.6,BASEBALL_SAVANT_CURRENT_SEASON,2026-08-20T23:43:02.137578+00:00,SAVANT_ARSENAL_SCHEMA_V1,CURRENT
601713,"Pivetta, Nick",2026.0,66.0,24.0,36.4,9.1,26.1,48.8,0.212,0.154,0.228,30.6,2.8,71.6,21.5,6.0,23.2,SI,Sinker,1.4,4,0.0,0.0,0.0,0.0,14.7,BASEBALL_SAVANT_CURRENT_SEASON,2026-08-20T23:43:02.137578+00:00,SAVANT_ARSENAL_SCHEMA_V1,CURRENT
676664,"Sears, JP",2026.0,143.0,25.0,17.5,7.7,20.7,47.4,0.345,0.263,0.441,45.2,8.7,72.2,30.6,3.0,38.4,FC,Cutter,1.7,9,,1.0,3.0,1.625,-17.5,BASEBALL_SAVANT_CURRENT_SEASON,2026-08-20T23:43:02.137578+00:00,SAVANT_ARSENAL_SCHEMA_V1,CURRENT
664074,"Ponce, Cody",2026.0,10.0,3.0,30.0,10.0,51.7,61.7,0.243,0.177,0.277,33.3,0.0,71.9,28.0,2.0,30.8,CU,Curveball,12.8,6,0.0,0.0,0.0,0.45,-6.5,BASEBALL_SAVANT_CURRENT_SEASON,2026-08-20T23:43:02.137578+00:00,SAVANT_ARSENAL_SCHEMA_V1,CURRENT
686934,"McFarlane, Alex",2026.0,20.0,4.0,20.0,15.0,27.3,42.3,0.356,0.284,0.399,46.2,7.7,73.6,37.0,2.0,40.9,ST,Sweeper,17.9,14,20.0,0.0,0.0,0.0,1.3,BASEBALL_SAVANT_CURRENT_SEASON,2026-08-20T23:43:02.137578+00:00,SAVANT_ARSENAL_SCHEMA_V1,CURRENT
664074,"Ponce, Cody",2026.0,10.0,3.0,30.0,10.0,51.7,61.7,0.243,0.177,0.277,33.3,0.0,71.9,28.0,2.0,30.8,FF,4-Seam Fastball,25.5,12,0.0,0.5,1.0,0.625,-3.1,BASEBALL_SAVANT_CURRENT_SEASON,2026-08-20T23:43:02.137578+00:00,SAVANT_ARSENAL_SCHEMA_V1,CURRENT
680742,"Bowlan, Jonathan",2026.0,187.0,58.0,31.0,7.0,32.4,49.7,0.254,0.195,0.3,36.0,5.3,71.4,20.4,8.0,27.3,CU,Curveball,1.0,8,0.0,1.0,1.0,0.8,-12.8,BASEBALL_SAVANT_CURRENT_SEASON,2026-08-20T23:43:02.137578+00:00,SAVANT_ARSENAL_SCHEMA_V1,CURRENT
664731,"Higgins, P.J.",2026.0,3.0,1.0,33.3,0.0,40.0,50.0,0.034,0.03,0.045,0.0,0.0,72.5,40.0,0.0,33.3,CH,Changeup,90.0,9,100.0,0.0,0.0,0.0,6.0,BASEBALL_SAVANT_CURRENT_SEASON,2026-08-20T23:43:02.137578+00:00,SAVANT_ARSENAL_SCHEMA_V1,CURRENT
682995,"Barco, Hunter",2026.0,87.0,14.0,16.1,14.9,16.3,38.5,0.381,0.28,0.466,43.1,7.0,72.0,20.3,2.0,34.9,FS,Split-Finger,4.3,15,0.0,0.0,0.0,0.35,-3.1,BASEBALL_SAVANT_CURRENT_SEASON,2026-08-20T23:43:02.137578+00:00,SAVANT_ARSENAL_SCHEMA_V1,CURRENT
699008,"Kelly, Antwone",2026.0,32.0,4.0,12.5,12.5,11.7,48.8,0.345,0.286,0.395,37.5,4.2,72.0,33.9,1.0,32.0,SL,Slider,7.3,9,0.0,0.0,0.0,0.35,-2.1,BASEBALL_SAVANT_CURRENT_SEASON,2026-08-20T23:43:02.137578+00:00,SAVANT_ARSENAL_SCHEMA_V1,CURRENT
605154,"Brebbia, John",2026.0,21.0,2.0,9.5,0.0,17.0,56.4,0.414,0.317,0.673,42.1,10.5,72.5,31.9,0.0,30.8,ST,Sweeper,5.3,5,50.0,0.5,1.0,0.625,-7.7,BASEBALL_SAVANT_CURRENT_SEASON,2026-08-20T23:43:02.137578+00:00,SAVANT_ARSENAL_SCHEMA_V1,CURRENT
682769,"Castellano, Eiberson",2026.0,12.0,2.0,16.7,0.0,31.6,54.3,0.376,0.354,0.445,44.4,0.0,,,,,CH,Changeup,5.7,2,,0.5,0.5,0.45,-3.6,BASEBALL_SAVANT_CURRENT_SEASON,2026-08-20T23:43:02.137578+00:00,SAVANT_ARSENAL_SCHEMA_V1,CURRENT
489446,"Yates, Kirby",2026.0,148.0,44.0,29.7,8.8,30.7,52.8,0.265,0.188,0.297,46.0,6.9,72.2,29.1,3.0,31.4,ST,Sweeper,1.7,10,16.7,0.5,2.0,1.0,-12.1,BASEBALL_SAVANT_CURRENT_SEASON,2026-08-20T23:43:02.137578+00:00,SAVANT_ARSENAL_SCHEMA_V1,CURRENT
681084,"Andrews, Tanner",2026.0,11.0,1.0,9.1,18.2,22.2,41.9,0.273,0.135,0.289,25.0,12.5,72.5,38.5,0.0,30.0,SL,Slider,20.9,9,,0.0,0.0,0.0,6.0,BASEBALL_SAVANT_CURRENT_SEASON,2026-08-20T23:43:02.137578+00:00,SAVANT_ARSENAL_SCHEMA_V1,CURRENT
669310,"Van Eyk, CJ",2026.0,31.0,1.0,3.2,3.2,12.9,48.4,0.363,0.309,0.46,46.4,3.6,72.9,31.0,1.0,25.5,SI,Sinker,14.8,19,0.0,,,0.35,-1.7,BASEBALL_SAVANT_CURRENT_SEASON,2026-08-20T23:43:02.137578+00:00,SAVANT_ARSENAL_SCHEMA_V1,CURRENT
623149,"Sewald, Paul",2026.0,170.0,46.0,27.1,5.3,28.2,51.8,0.32,0.222,0.488,40.7,15.0,71.9,25.0,2.0,35.6,FC,Cutter,1.1,7,,0.0,0.0,0.0,4.9,BASEBALL_SAVANT_CURRENT_SEASON,2026-08-20T23:43:02.137578+00:00,SAVANT_ARSENAL_SCHEMA_V1,CURRENT
682997,"Callihan, Tyler",2026.0,15.0,1.0,6.7,20.0,0.0,35.8,0.38,0.282,0.415,54.5,0.0,70.6,29.4,0.0,47.1,CH,Changeup,18.9,10,,0.5,0.5,0.45,-0.4,BASEBALL_SAVANT_CURRENT_SEASON,2026-08-20T23:43:02.137578+00:00,SAVANT_ARSENAL_SCHEMA_V1,CURRENT
660761,"Suarez, José",2026.0,258.0,60.0,23.3,9.7,26.7,48.6,0.302,0.25,0.342,32.4,2.4,71.9,25.3,6.0,29.9,FC,Cutter,0.7,7,,1.0,2.0,1.25,-11.9,BASEBALL_SAVANT_CURRENT_SEASON,2026-08-20T23:43:02.137578+00:00,SAVANT_ARSENAL_SCHEMA_V1,CURRENT
641386,"Bowden, Ben",2026.0,8.0,0.0,0.0,25.0,14.3,35.0,0.538,0.387,0.632,40.0,20.0,71.3,21.4,0.0,25.0,CH,Changeup,22.5,9,0.0,0.5,0.5,0.45,-5.1,BASEBALL_SAVANT_CURRENT_SEASON,2026-08-20T23:43:02.137578+00:00,SAVANT_ARSENAL_SCHEMA_V1,CURRENT
663687,"Harris, Hogan",2026.0,253.0,72.0,28.5,13.8,25.9,42.9,0.301,0.211,0.323,32.1,5.7,71.1,20.8,4.0,27.3,FC,Cutter,1.3,14,,0.5,0.5,0.45,-2.3,BASEBALL_SAVANT_CURRENT_SEASON,2026-08-20T23:43:02.137578+00:00,SAVANT_ARSENAL_SCHEMA_V1,CURRENT
683155,"Estes, Joey",2026.0,18.0,4.0,22.2,5.6,32.4,52.1,0.263,0.237,0.351,30.8,7.7,,,,,CH,Changeup,5.6,4,,0.5,0.5,0.45,-9.9,BASEBALL_SAVANT_CURRENT_SEASON,2026-08-20T23:43:02.137578+00:00,SAVANT_ARSENAL_SCHEMA_V1,CURRENT
663884,"Kingham, Nolan",2026.0,6.0,1.0,16.7,33.3,25.0,36.4,0.333,0.152,0.175,0.0,0.0,70.6,0.0,0.0,25.0,SL,Slider,18.2,4,100.0,0.0,0.0,0.0,11.2,BASEBALL_SAVANT_CURRENT_SEASON,2026-08-20T23:43:02.137578+00:00,SAVANT_ARSENAL_SCHEMA_V1,CURRENT
692437,"Santos, Winston",2026.0,9.0,1.0,11.1,11.1,15.4,39.4,0.387,0.285,0.545,14.3,14.3,72.7,30.8,0.0,27.3,CH,Changeup,15.2,5,100.0,0.0,0.0,0.0,10.3,BASEBALL_SAVANT_CURRENT_SEASON,2026-08-20T23:43:02.137578+00:00,SAVANT_ARSENAL_SCHEMA_V1,CURRENT
594835,"Gonzales, Marco",2026.0,29.0,3.0,10.3,13.8,17.3,44.1,0.267,0.208,0.294,22.7,4.5,71.0,9.1,1.0,35.1,SI,Sinker,4.2,5,,0.0,0.0,0.35,9.7,BASEBALL_SAVANT_CURRENT_SEASON,2026-08-20T23:43:02.137578+00:00,SAVANT_ARSENAL_SCHEMA_V1,CURRENT
815081,"Manfredi, Mark",2026.0,6.0,2.0,33.3,16.7,28.6,36.8,0.242,0.148,0.19,0.0,0.0,70.9,0.0,0.0,40.0,FF,4-Seam Fastball,57.9,11,100.0,0.5,0.5,0.45,0.7,BASEBALL_SAVANT_CURRENT_SEASON,2026-08-20T23:43:02.137578+00:00,SAVANT_ARSENAL_SCHEMA_V1,CURRENT
680723,"Rom, Drew",2026.0,45.0,15.0,33.3,13.3,31.9,40.1,0.355,0.263,0.435,66.7,16.7,71.1,22.4,0.0,42.4,FS,Split-Finger,4.7,8,,0.5,1.0,0.625,-6.2,BASEBALL_SAVANT_CURRENT_SEASON,2026-08-20T23:43:02.137578+00:00,SAVANT_ARSENAL_SCHEMA_V1,CURRENT
674003,"Bradford, Cody",2026.0,65.0,10.0,15.4,6.2,21.6,49.1,0.369,0.298,0.511,42.0,10.2,72.2,33.7,2.0,44.9,CU,Curveball,6.2,14,,0.5,0.5,0.45,2.4,BASEBALL_SAVANT_CURRENT_SEASON,2026-08-20T23:43:02.137578+00:00,SAVANT_ARSENAL_SCHEMA_V1,CURRENT
692437,"Santos, Winston",2026.0,9.0,1.0,11.1,11.1,15.4,39.4,0.387,0.285,0.545,14.3,14.3,72.7,30.8,0.0,27.3,SL,Slider,30.3,10,0.0,0.5,0.5,0.45,-1.6,BASEBALL_SAVANT_CURRENT_SEASON,2026-08-20T23:43:02.137578+00:00,SAVANT_ARSENAL_SCHEMA_V1,CURRENT
692030,"Corniell, Jose",2026.0,28.0,4.0,14.3,14.3,26.9,50.0,0.365,0.273,0.487,45.0,10.0,72.3,23.4,0.0,44.1,SI,Sinker,8.7,9,0.0,0.5,0.5,0.45,-1.0,BASEBALL_SAVANT_CURRENT_SEASON,2026-08-20T23:43:02.137578+00:00,SAVANT_ARSENAL_SCHEMA_V1,CURRENT
690829,"Joyce, Ben",2026.0,19.0,8.0,42.1,5.3,36.8,46.3,0.122,0.092,0.12,20.0,0.0,73.2,33.3,1.0,19.0,SL,Slider,9.8,8,33.3,0.0,0.0,0.0,5.3,BASEBALL_SAVANT_CURRENT_SEASON,2026-08-20T23:43:02.137578+00:00,SAVANT_ARSENAL_SCHEMA_V1,CURRENT
680723,"Rom, Drew",2026.0,45.0,15.0,33.3,13.3,31.9,40.1,0.355,0.263,0.435,66.7,16.7,71.1,22.4,0.0,42.4,ST,Sweeper,13.4,23,0.0,0.5,2.0,1.0,-13.4,BASEBALL_SAVANT_CURRENT_SEASON,2026-08-20T23:43:02.137578+00:00,SAVANT_ARSENAL_SCHEMA_V1,CURRENT
683155,"Estes, Joey",2026.0,18.0,4.0,22.2,5.6,32.4,52.1,0.263,0.237,0.351,30.8,7.7,,,,,ST,Sweeper,9.9,7,33.3,0.5,2.0,1.0,-14.8,BASEBALL_SAVANT_CURRENT_SEASON,2026-08-20T23:43:02.137578+00:00,SAVANT_ARSENAL_SCHEMA_V1,CURRENT
683155,"Estes, Joey",2026.0,18.0,4.0,22.2,5.6,32.4,52.1,0.263,0.237,0.351,30.8,7.7,,,,,FC,Cutter,21.1,15,0.0,0.0,0.0,0.35,0.4,BASEBALL_SAVANT_CURRENT_SEASON,2026-08-20T23:43:02.137578+00:00,SAVANT_ARSENAL_SCHEMA_V1,CURRENT
661527,"Martinez, Seth",2026.0,6.0,1.0,16.7,0.0,36.4,50.0,0.36,0.283,0.38,50.0,0.0,68.6,12.5,1.0,60.0,CH,Changeup,9.1,2,0.0,1.0,1.0,0.8,-41.5,BASEBALL_SAVANT_CURRENT_SEASON,2026-08-20T23:43:02.137578+00:00,SAVANT_ARSENAL_SCHEMA_V1,CURRENT
676105,"Criswell, Jeff",2026.0,18.0,3.0,16.7,16.7,27.0,46.8,0.436,0.3,0.613,25.0,16.7,72.6,26.1,0.0,35.7,CH,Changeup,11.4,9,0.0,0.0,0.0,0.35,-1.3,BASEBALL_SAVANT_CURRENT_SEASON,2026-08-20T23:43:02.137578+00:00,SAVANT_ARSENAL_SCHEMA_V1,CURRENT
665645,"Castro, Kervin",2026.0,23.0,8.0,34.8,8.7,25.0,51.1,0.235,0.195,0.245,30.8,0.0,72.6,31.0,0.0,33.3,CU,Curveball,11.7,11,33.3,0.0,0.0,0.0,3.5,BASEBALL_SAVANT_CURRENT_SEASON,2026-08-20T23:43:02.137578+00:00,SAVANT_ARSENAL_SCHEMA_V1,CURRENT
607074,"Rodón, Carlos",2026.0,211.0,56.0,26.5,13.3,29.0,47.8,0.301,0.212,0.341,36.5,6.3,72.3,27.6,13.0,27.0,CU,Curveball,1.7,15,50.0,0.0,0.0,0.0,1.8,BASEBALL_SAVANT_CURRENT_SEASON,2026-08-20T23:43:02.137578+00:00,SAVANT_ARSENAL_SCHEMA_V1,CURRENT
656786,"Mushinski, Parker",2026.0,34.0,0.0,0.0,14.7,12.1,41.7,0.39,0.325,0.459,37.9,3.4,70.6,24.0,2.0,44.7,CH,Changeup,3.6,5,0.0,0.0,0.0,0.0,9.8,BASEBALL_SAVANT_CURRENT_SEASON,2026-08-20T23:43:02.137578+00:00,SAVANT_ARSENAL_SCHEMA_V1,CURRENT
693308,"Frasso, Nick",2026.0,28.0,7.0,25.0,3.6,27.8,48.6,0.356,0.282,0.485,26.3,10.5,70.5,21.3,3.0,28.6,SL,Slider,9.0,10,33.3,0.0,0.0,0.0,2.6,BASEBALL_SAVANT_CURRENT_SEASON,2026-08-20T23:43:02.137578+00:00,SAVANT_ARSENAL_SCHEMA_V1,CURRENT
700327,"Herrera, Welinton",2026.0,10.0,2.0,20.0,10.0,19.0,46.7,0.333,0.288,0.387,57.1,0.0,71.2,23.8,0.0,35.3,SL,Slider,22.2,10,0.0,0.0,0.0,0.0,2.3,BASEBALL_SAVANT_CURRENT_SEASON,2026-08-20T23:43:02.137578+00:00,SAVANT_ARSENAL_SCHEMA_V1,CURRENT
814490,"Pecko, Ethan",2026.0,18.0,4.0,22.2,16.7,30.0,44.9,0.301,0.173,0.261,20.0,0.0,70.5,21.1,0.0,23.1,ST,Sweeper,10.1,9,16.7,0.5,1.0,0.625,-6.8,BASEBALL_SAVANT_CURRENT_SEASON,2026-08-20T23:43:02.137578+00:00,SAVANT_ARSENAL_SCHEMA_V1,CURRENT
682610,"Muñoz, Roddery",2026.0,25.0,6.0,24.0,24.0,43.5,41.1,0.44,0.291,0.556,76.9,15.4,70.9,22.0,1.0,47.8,SI,Sinker,11.6,13,0.0,0.5,0.5,0.45,-1.9,BASEBALL_SAVANT_CURRENT_SEASON,2026-08-20T23:43:02.137578+00:00,SAVANT_ARSENAL_SCHEMA_V1,CURRENT
676130,"Buttó, José",2026.0,16.0,5.0,31.3,25.0,40.9,34.9,0.494,0.319,0.689,42.9,14.3,73.6,40.0,4.0,27.3,CH,Changeup,12.7,8,100.0,0.0,0.0,0.35,-1.7,BASEBALL_SAVANT_CURRENT_SEASON,2026-08-20T23:43:02.137578+00:00,SAVANT_ARSENAL_SCHEMA_V1,CURRENT
702352,"Bivens, Spencer",2026.0,10.0,3.0,30.0,10.0,18.2,48.9,0.25,0.204,0.255,33.3,0.0,69.2,15.0,0.0,37.5,ST,Sweeper,24.4,11,14.3,0.0,0.0,0.0,1.3,BASEBALL_SAVANT_CURRENT_SEASON,2026-08-20T23:43:02.137578+00:00,SAVANT_ARSENAL_SCHEMA_V1,CURRENT
664299,"Javier, Cristian",2026.0,167.0,30.0,18.0,10.2,25.7,51.8,0.357,0.278,0.452,38.1,8.5,72.4,30.6,3.0,30.2,SL,Slider,0.8,5,0.0,0.5,1.0,0.625,-7.4,BASEBALL_SAVANT_CURRENT_SEASON,2026-08-20T23:43:02.137578+00:00,SAVANT_ARSENAL_SCHEMA_V1,CURRENT
671109,"Eder, Jake",2026.0,15.0,1.0,6.7,6.7,9.1,58.9,0.459,0.363,0.746,69.2,30.8,70.2,22.6,0.0,39.3,SL,Slider,33.9,19,0.0,0.5,1.0,0.625,-2.4,BASEBALL_SAVANT_CURRENT_SEASON,2026-08-20T23:43:02.137578+00:00,SAVANT_ARSENAL_SCHEMA_V1,CURRENT
666619,"Santos, Gregory",2026.0,22.0,1.0,4.5,13.6,8.1,43.0,0.376,0.327,0.428,55.6,0.0,72.8,31.4,0.0,40.6,FF,4-Seam Fastball,12.8,11,0.0,0.0,0.0,0.8,-4.4,BASEBALL_SAVANT_CURRENT_SEASON,2026-08-20T23:43:02.137578+00:00,SAVANT_ARSENAL_SCHEMA_V1,CURRENT
678576,"Ramos, Wilkin",2026.0,15.0,1.0,6.7,26.7,26.1,37.7,0.459,0.388,0.47,50.0,0.0,70.9,15.8,2.0,40.0,CU,Curveball,14.8,9,0.0,0.5,1.0,0.625,-4.1,BASEBALL_SAVANT_CURRENT_SEASON,2026-08-20T23:43:02.137578+00:00,SAVANT_ARSENAL_SCHEMA_V1,CURRENT
686790,"McDonald, Trevor",2026.0,310.0,57.0,18.4,7.4,21.3,44.5,0.312,0.246,0.359,37.8,4.2,72.4,26.7,20.0,38.0,FC,Cutter,0.8,9,0.0,0.5,0.5,0.45,-2.3,BASEBALL_SAVANT_CURRENT_SEASON,2026-08-20T23:43:02.137578+00:00,SAVANT_ARSENAL_SCHEMA_V1,CURRENT
805427,"Sommers, Drew",2026.0,103.0,38.0,36.9,10.7,34.1,50.2,0.229,0.172,0.234,22.6,1.9,70.4,14.0,9.0,20.3,CH,Changeup,3.1,13,0.0,1.0,2.5,1.45,-13.2,BASEBALL_SAVANT_CURRENT_SEASON,2026-08-20T23:43:02.137578+00:00,SAVANT_ARSENAL_SCHEMA_V1,CURRENT
608344,"Irvin, Cole",2026.0,30.0,5.0,16.7,10.0,18.2,53.9,0.39,0.287,0.512,52.4,9.5,72.8,34.0,0.0,35.7,SV,Slurve,6.9,7,25.0,0.0,0.0,0.0,5.9,BASEBALL_SAVANT_CURRENT_SEASON,2026-08-20T23:43:02.137578+00:00,SAVANT_ARSENAL_SCHEMA_V1,CURRENT
676508,"Casparius, Ben",2026.0,23.0,4.0,17.4,17.4,35.0,40.4,0.385,0.281,0.467,26.7,13.3,70.7,13.9,0.0,40.9,FC,Cutter,13.1,13,0.0,0.0,0.0,0.35,2.8,BASEBALL_SAVANT_CURRENT_SEASON,2026-08-20T23:43:02.137578+00:00,SAVANT_ARSENAL_SCHEMA_V1,CURRENT
666619,"Santos, Gregory",2026.0,22.0,1.0,4.5,13.6,8.1,43.0,0.376,0.327,0.428,55.6,0.0,72.8,31.4,0.0,40.6,CH,Changeup,2.3,2,0.0,1.0,1.5,1.075,-69.5,BASEBALL_SAVANT_CURRENT_SEASON,2026-08-20T23:43:02.137578+00:00,SAVANT_ARSENAL_SCHEMA_V1,CURRENT
688497,"Rashi, Taylor",2026.0,15.0,4.0,26.7,6.7,43.3,66.7,0.326,0.257,0.444,40.0,10.0,71.8,26.1,2.0,31.3,FS,Split-Finger,17.8,8,0.0,0.5,0.5,0.45,-2.1,BASEBALL_SAVANT_CURRENT_SEASON,2026-08-20T23:43:02.137578+00:00,SAVANT_ARSENAL_SCHEMA_V1,CURRENT
434378,"Verlander, Justin",2026.0,19.0,1.0,5.3,10.5,15.4,48.8,0.474,0.365,0.69,56.3,12.5,71.6,24.3,0.0,37.5,ST,Sweeper,2.5,2,0.0,0.0,0.0,0.35,-7.1,BASEBALL_SAVANT_CURRENT_SEASON,2026-08-20T23:43:02.137578+00:00,SAVANT_ARSENAL_SCHEMA_V1,CURRENT
664199,"Clarke, Taylor",2026.0,215.0,31.0,14.4,4.7,20.5,48.4,0.312,0.256,0.415,32.7,8.2,72.7,26.7,5.0,31.6,FF,4-Seam Fastball,2.0,16,0.0,1.0,1.0,0.9,-6.2,BASEBALL_SAVANT_CURRENT_SEASON,2026-08-20T23:43:02.137578+00:00,SAVANT_ARSENAL_SCHEMA_V1,CURRENT
641401,"Brogdon, Connor",2026.0,67.0,14.0,20.9,4.5,26.7,49.1,0.345,0.258,0.514,44.0,14.0,71.8,25.9,2.0,36.4,CU,Curveball,2.6,7,33.3,0.0,0.0,0.45,-6.1,BASEBALL_SAVANT_CURRENT_SEASON,2026-08-20T23:43:02.137578+00:00,SAVANT_ARSENAL_SCHEMA_V1,CURRENT
647336,"Soroka, Michael",2026.0,375.0,88.0,23.5,5.6,22.0,49.9,0.312,0.255,0.407,32.6,8.0,72.2,25.9,11.0,28.0,ST,Sweeper,0.7,10,11.1,0.0,0.0,0.0,1.9,BASEBALL_SAVANT_CURRENT_SEASON,2026-08-20T23:43:02.137578+00:00,SAVANT_ARSENAL_SCHEMA_V1,CURRENT
605447,"Romano, Jordan",2026.0,102.0,27.0,26.5,12.7,28.5,43.7,0.303,0.243,0.326,32.8,3.3,72.0,29.1,7.0,25.2,ST,Sweeper,0.7,3,0.0,,,0.7,-18.8,BASEBALL_SAVANT_CURRENT_SEASON,2026-08-20T23:43:02.137578+00:00,SAVANT_ARSENAL_SCHEMA_V1,CURRENT
679885,"Martinez, Justin",2026.0,5.0,0.0,0.0,20.0,0.0,36.8,0.396,0.164,0.268,0.0,0.0,68.6,16.7,0.0,16.7,FS,Split-Finger,21.1,4,0.0,0.0,0.0,0.35,-3.1,BASEBALL_SAVANT_CURRENT_SEASON,2026-08-20T23:43:02.137578+00:00,SAVANT_ARSENAL_SCHEMA_V1,CURRENT
814490,"Pecko, Ethan",2026.0,18.0,4.0,22.2,16.7,30.0,44.9,0.301,0.173,0.261,20.0,0.0,70.5,21.1,0.0,23.1,CH,Changeup,7.9,7,0.0,1.0,1.0,0.8,-10.9,BASEBALL_SAVANT_CURRENT_SEASON,2026-08-20T23:43:02.137578+00:00,SAVANT_ARSENAL_SCHEMA_V1,CURRENT
671111,"Peralta, Sammy",2026.0,28.0,9.0,32.1,10.7,22.0,41.8,0.413,0.277,0.545,42.9,14.3,71.6,20.6,1.0,25.9,FF,4-Seam Fastball,8.2,8,16.7,0.0,0.0,0.35,-2.5,BASEBALL_SAVANT_CURRENT_SEASON,2026-08-20T23:43:02.137578+00:00,SAVANT_ARSENAL_SCHEMA_V1,CURRENT
682610,"Muñoz, Roddery",2026.0,25.0,6.0,24.0,24.0,43.5,41.1,0.44,0.291,0.556,76.9,15.4,70.9,22.0,1.0,47.8,FC,Cutter,17.0,19,0.0,1.0,1.0,0.8,-3.9,BASEBALL_SAVANT_CURRENT_SEASON,2026-08-20T23:43:02.137578+00:00,SAVANT_ARSENAL_SCHEMA_V1,CURRENT
694397,"Raya, Marco",2026.0,25.0,4.0,16.0,12.0,26.2,42.0,0.341,0.274,0.407,27.8,5.6,73.3,27.8,0.0,42.3,CU,Curveball,10.0,10,0.0,0.0,0.0,0.35,-3.3,BASEBALL_SAVANT_CURRENT_SEASON,2026-08-20T23:43:02.137578+00:00,SAVANT_ARSENAL_SCHEMA_V1,CURRENT
645302,"Robles, Victor",2026.0,9.0,0.0,0.0,11.1,0.0,42.3,0.504,0.49,0.618,37.5,0.0,71.7,9.1,0.0,63.6,FF,4-Seam Fastball,42.3,11,0.0,1.0,1.0,0.9,-8.8,BASEBALL_SAVANT_CURRENT_SEASON,2026-08-20T23:43:02.137578+00:00,SAVANT_ARSENAL_SCHEMA_V1,CURRENT
681867,"Criswell, Cooper",2026.0,121.0,23.0,19.0,6.6,22.0,48.3,0.286,0.24,0.358,36.0,4.5,71.1,16.9,4.0,31.8,SV,Slurve,0.9,4,0.0,0.5,0.5,0.45,-5.7,BASEBALL_SAVANT_CURRENT_SEASON,2026-08-20T23:43:02.137578+00:00,SAVANT_ARSENAL_SCHEMA_V1,CURRENT
681006,"Simpson, Josh",2026.0,38.0,10.0,26.3,10.5,20.3,41.8,0.369,0.227,0.532,43.5,17.4,71.9,22.8,2.0,36.7,FF,4-Seam Fastball,4.6,7,0.0,1.0,2.0,0.975,-15.1,BASEBALL_SAVANT_CURRENT_SEASON,2026-08-20T23:43:02.137578+00:00,SAVANT_ARSENAL_SCHEMA_V1,CURRENT
702281,"Snelling, Robby",2026.0,22.0,2.0,9.1,18.2,28.6,48.8,0.371,0.261,0.445,43.8,6.3,73.8,48.6,2.0,38.5,SL,Slider,9.3,8,0.0,0.0,0.0,0.0,7.7,BASEBALL_SAVANT_CURRENT_SEASON,2026-08-20T23:43:02.137578+00:00,SAVANT_ARSENAL_SCHEMA_V1,CURRENT
621389,"Blach, Ty",2026.0,9.0,2.0,22.2,0.0,28.6,46.7,0.269,0.292,0.338,57.1,0.0,69.0,15.4,0.0,60.0,CH,Changeup,10.0,3,,0.5,0.5,0.45,-4.1,BASEBALL_SAVANT_CURRENT_SEASON,2026-08-20T23:43:02.137578+00:00,SAVANT_ARSENAL_SCHEMA_V1,CURRENT
694350,"Brzykcy, Zach",2026.0,12.0,2.0,16.7,16.7,16.7,37.5,0.306,0.246,0.279,37.5,0.0,72.0,40.0,1.0,38.5,CU,Curveball,12.5,6,33.3,0.0,0.0,0.0,6.2,BASEBALL_SAVANT_CURRENT_SEASON,2026-08-20T23:43:02.137578+00:00,SAVANT_ARSENAL_SCHEMA_V1,CURRENT
690978,"Fulton, Dax",2026.0,57.0,12.0,21.1,17.5,28.4,42.7,0.301,0.211,0.289,31.4,5.7,73.0,28.6,2.0,25.8,SI,Sinker,7.1,17,0.0,0.0,0.0,0.0,2.0,BASEBALL_SAVANT_CURRENT_SEASON,2026-08-20T23:43:02.137578+00:00,SAVANT_ARSENAL_SCHEMA_V1,CURRENT
657097,"Webb, Jacob",2026.0,232.0,63.0,27.2,8.6,33.8,51.2,0.3,0.24,0.369,41.6,6.2,72.0,26.7,7.0,30.0,ST,Sweeper,2.8,26,0.0,0.5,1.0,0.625,-1.1,BASEBALL_SAVANT_CURRENT_SEASON,2026-08-20T23:43:02.137578+00:00,SAVANT_ARSENAL_SCHEMA_V1,CURRENT
669622,"Bender, Anthony",2026.0,140.0,41.0,29.3,8.6,24.0,40.3,0.254,0.194,0.284,33.3,7.1,70.8,15.0,7.0,38.2,CH,Changeup,2.2,12,14.3,0.0,0.0,0.0,0.6,BASEBALL_SAVANT_CURRENT_SEASON,2026-08-20T23:43:02.137578+00:00,SAVANT_ARSENAL_SCHEMA_V1,CURRENT
621016,"Cuas, Jose",2026.0,47.0,13.0,27.7,8.5,25.9,49.3,0.321,0.295,0.387,36.7,3.3,71.1,22.7,3.0,21.2,CH,Changeup,0.9,2,0.0,1.0,1.5,1.075,-61.2,BASEBALL_SAVANT_CURRENT_SEASON,2026-08-20T23:43:02.137578+00:00,SAVANT_ARSENAL_SCHEMA_V1,CURRENT
694350,"Brzykcy, Zach",2026.0,12.0,2.0,16.7,16.7,16.7,37.5,0.306,0.246,0.279,37.5,0.0,72.0,40.0,1.0,38.5,SL,Slider,22.9,11,0.0,0.0,0.0,0.0,4.0,BASEBALL_SAVANT_CURRENT_SEASON,2026-08-20T23:43:02.137578+00:00,SAVANT_ARSENAL_SCHEMA_V1,CURRENT
641816,"Mahle, Tyler",2026.0,473.0,108.0,22.8,8.5,22.7,45.3,0.315,0.247,0.405,37.8,7.5,72.3,27.5,10.0,33.9,SI,Sinker,0.9,17,0.0,1.0,1.0,0.9,-1.5,BASEBALL_SAVANT_CURRENT_SEASON,2026-08-20T23:43:02.137578+00:00,SAVANT_ARSENAL_SCHEMA_V1,CURRENT
641755,"Kinley, Tyler",2026.0,179.0,42.0,23.5,11.2,28.0,44.0,0.287,0.203,0.364,28.7,7.9,70.9,17.7,7.0,32.0,FS,Split-Finger,0.4,3,,1.0,1.0,0.9,-18.8,BASEBALL_SAVANT_CURRENT_SEASON,2026-08-20T23:43:02.137578+00:00,SAVANT_ARSENAL_SCHEMA_V1,CURRENT
686747,"La Sorsa, Joe",2026.0,,,,,,,,,,,,,,,,FF,4-Seam Fastball,25.0,2,100.0,0.0,0.0,0.0,18.4,BASEBALL_SAVANT_CURRENT_SEASON,2026-08-20T23:43:02.137578+00:00,SAVANT_ARSENAL_SCHEMA_V1,CURRENT
670059,"Holderman, Colin",2026.0,199.0,46.0,23.1,8.5,27.6,43.9,0.296,0.212,0.332,42.5,7.9,71.7,21.3,10.0,33.0,FC,Cutter,0.1,1,0.0,1.0,4.0,2.0,-108.4,BASEBALL_SAVANT_CURRENT_SEASON,2026-08-20T23:43:02.137578+00:00,SAVANT_ARSENAL_SCHEMA_V1,CURRENT
701474,"Davitt, Duncan",2026.0,8.0,1.0,12.5,12.5,7.7,46.4,0.448,0.357,0.614,83.3,16.7,71.4,16.7,0.0,45.5,SI,Sinker,7.1,2,,1.0,4.0,2.0,-53.2,BASEBALL_SAVANT_CURRENT_SEASON,2026-08-20T23:43:02.137578+00:00,SAVANT_ARSENAL_SCHEMA_V1,CURRENT
690440,"Hanner, Bradley",2026.0,4.0,2.0,50.0,0.0,25.0,66.7,0.255,0.161,0.454,50.0,50.0,74.7,60.0,0.0,33.3,ST,Sweeper,25.0,3,50.0,0.0,0.0,0.0,7.5,BASEBALL_SAVANT_CURRENT_SEASON,2026-08-20T23:43:02.137578+00:00,SAVANT_ARSENAL_SCHEMA_V1,CURRENT
606303,"Payamps, Joel",2026.0,36.0,9.0,25.0,11.1,22.9,46.4,0.377,0.252,0.548,39.1,17.4,71.4,19.0,0.0,28.8,FC,Cutter,0.7,1,,1.0,1.0,0.9,-50.8,BASEBALL_SAVANT_CURRENT_SEASON,2026-08-20T23:43:02.137578+00:00,SAVANT_ARSENAL_SCHEMA_V1,CURRENT
608032,"Estévez, Carlos",2026.0,,,,,,,,,,,,,,,,SL,Slider,22.2,6,0.0,0.0,0.0,0.0,-0.1,BASEBALL_SAVANT_CURRENT_SEASON,2026-08-20T23:43:02.137578+00:00,SAVANT_ARSENAL_SCHEMA_V1,CURRENT
804619,"Klein, John",2026.0,19.0,2.0,10.5,21.1,10.3,47.6,0.352,0.183,0.291,38.5,7.7,71.5,22.9,0.0,15.6,CU,Curveball,7.3,6,0.0,0.0,0.0,0.0,2.5,BASEBALL_SAVANT_CURRENT_SEASON,2026-08-20T23:43:02.137578+00:00,SAVANT_ARSENAL_SCHEMA_V1,CURRENT
702281,"Snelling, Robby",2026.0,22.0,2.0,9.1,18.2,28.6,48.8,0.371,0.261,0.445,43.8,6.3,73.8,48.6,2.0,38.5,SI,Sinker,8.1,7,0.0,0.0,0.0,0.0,3.7,BASEBALL_SAVANT_CURRENT_SEASON,2026-08-20T23:43:02.137578+00:00,SAVANT_ARSENAL_SCHEMA_V1,CURRENT
676742,"Sanders, Cam",2026.0,85.0,23.0,27.1,15.3,37.9,47.6,0.322,0.22,0.332,28.3,6.5,71.9,30.8,6.0,26.9,SI,Sinker,3.7,13,,1.0,1.0,0.9,-4.0,BASEBALL_SAVANT_CURRENT_SEASON,2026-08-20T23:43:02.137578+00:00,SAVANT_ARSENAL_SCHEMA_V1,CURRENT
605280,"Holmes, Clay",2026.0,278.0,50.0,18.0,8.3,20.0,46.9,0.311,0.259,0.372,41.9,4.9,72.3,28.4,4.0,33.2,FF,4-Seam Fastball,0.7,7,0.0,1.0,1.0,0.9,-8.1,BASEBALL_SAVANT_CURRENT_SEASON,2026-08-20T23:43:02.137578+00:00,SAVANT_ARSENAL_SCHEMA_V1,CURRENT
668942,"Rojas, Josh",2026.0,,,,,,,,,,,,,,,,CU,Curveball,46.2,6,0.0,0.0,0.0,0.0,4.2,BASEBALL_SAVANT_CURRENT_SEASON,2026-08-20T23:43:02.137578+00:00,SAVANT_ARSENAL_SCHEMA_V1,CURRENT
657514,"Bernardino, Brennan",2026.0,215.0,37.0,17.2,6.5,21.8,46.4,0.312,0.259,0.399,32.5,5.7,71.4,20.3,7.0,37.7,ST,Sweeper,1.1,9,0.0,0.0,0.0,0.0,2.9,BASEBALL_SAVANT_CURRENT_SEASON,2026-08-20T23:43:02.137578+00:00,SAVANT_ARSENAL_SCHEMA_V1,CURRENT
663559,"Falter, Bailey",2026.0,57.0,6.0,10.5,10.5,20.0,44.4,0.415,0.355,0.537,44.4,6.7,72.2,28.4,0.0,53.3,SI,Sinker,2.2,4,0.0,,,0.7,-12.2,BASEBALL_SAVANT_CURRENT_SEASON,2026-08-20T23:43:02.137578+00:00,SAVANT_ARSENAL_SCHEMA_V1,CURRENT
691799,"Taylor, Grant",2026.0,263.0,85.0,32.3,8.0,28.4,46.7,0.242,0.185,0.276,41.7,5.8,70.6,16.8,23.0,30.6,FC,Cutter,0.4,4,0.0,1.0,1.0,0.9,-15.3,BASEBALL_SAVANT_CURRENT_SEASON,2026-08-20T23:43:02.137578+00:00,SAVANT_ARSENAL_SCHEMA_V1,CURRENT
693312,"Nicolas, Kyle",2026.0,42.0,7.0,16.7,31.0,23.7,29.8,0.434,0.272,0.444,31.8,5.0,72.1,19.6,0.0,23.3,SI,Sinker,2.0,4,0.0,1.0,1.0,0.9,-12.1,BASEBALL_SAVANT_CURRENT_SEASON,2026-08-20T23:43:02.137578+00:00,SAVANT_ARSENAL_SCHEMA_V1,CURRENT
679922,"Duran, Carlos",2026.0,4.0,1.0,25.0,0.0,33.3,50.0,0.114,0.126,0.146,0.0,0.0,68.5,20.0,0.0,0.0,SL,Slider,25.0,3,100.0,0.0,0.0,0.0,7.7,BASEBALL_SAVANT_CURRENT_SEASON,2026-08-20T23:43:02.137578+00:00,SAVANT_ARSENAL_SCHEMA_V1,CURRENT
601713,"Pivetta, Nick",2026.0,66.0,24.0,36.4,9.1,26.1,48.8,0.212,0.154,0.228,30.6,2.8,71.6,21.5,6.0,23.2,SL,Slider,0.7,2,50.0,0.0,0.0,0.0,10.3,BASEBALL_SAVANT_CURRENT_SEASON,2026-08-20T23:43:02.137578+00:00,SAVANT_ARSENAL_SCHEMA_V1,CURRENT
621074,"Rucker, Michael",2026.0,111.0,30.0,27.0,8.1,26.3,47.7,0.289,0.238,0.336,38.0,7.0,71.8,23.1,6.0,30.0,CH,Changeup,0.7,3,,0.0,0.0,0.0,4.1,BASEBALL_SAVANT_CURRENT_SEASON,2026-08-20T23:43:02.137578+00:00,SAVANT_ARSENAL_SCHEMA_V1,CURRENT
678061,"Kerr, Ray",2026.0,10.0,0.0,0.0,0.0,20.0,58.8,0.283,0.225,0.301,22.2,0.0,72.6,30.8,0.0,54.5,SI,Sinker,5.9,2,,0.0,0.0,0.0,11.6,BASEBALL_SAVANT_CURRENT_SEASON,2026-08-20T23:43:02.137578+00:00,SAVANT_ARSENAL_SCHEMA_V1,CURRENT
605154,"Brebbia, John",2026.0,21.0,2.0,9.5,0.0,17.0,56.4,0.414,0.317,0.673,42.1,10.5,72.5,31.9,0.0,30.8,CH,Changeup,7.4,7,0.0,0.0,0.0,0.0,1.9,BASEBALL_SAVANT_CURRENT_SEASON,2026-08-20T23:43:02.137578+00:00,SAVANT_ARSENAL_SCHEMA_V1,CURRENT
605242,"Fulmer, Michael",2026.0,11.0,4.0,36.4,9.1,33.3,41.9,0.337,0.353,0.418,16.7,0.0,72.1,35.7,1.0,30.0,CH,Changeup,9.3,4,,0.0,0.0,0.0,3.3,BASEBALL_SAVANT_CURRENT_SEASON,2026-08-20T23:43:02.137578+00:00,SAVANT_ARSENAL_SCHEMA_V1,CURRENT
689690,"Jacob, Alek",2026.0,23.0,6.0,26.1,8.7,37.8,51.7,0.272,0.179,0.305,35.7,7.1,71.7,31.6,1.0,33.3,ST,Sweeper,3.4,3,0.0,0.0,0.0,0.0,7.1,BASEBALL_SAVANT_CURRENT_SEASON,2026-08-20T23:43:02.137578+00:00,SAVANT_ARSENAL_SCHEMA_V1,CURRENT
666745,"Brito, Jhony",2026.0,20.0,4.0,20.0,5.0,28.3,59.0,0.256,0.206,0.337,33.3,6.7,71.1,22.2,1.0,29.6,SL,Slider,16.7,13,,0.0,0.0,0.0,4.1,BASEBALL_SAVANT_CURRENT_SEASON,2026-08-20T23:43:02.137578+00:00,SAVANT_ARSENAL_SCHEMA_V1,CURRENT
622554,"Domínguez, Seranthony",2026.0,194.0,51.0,26.3,14.4,28.4,45.2,0.329,0.226,0.393,36.3,9.0,71.7,23.9,6.0,26.5,CU,Curveball,1.8,15,0.0,0.0,0.0,0.0,1.2,BASEBALL_SAVANT_CURRENT_SEASON,2026-08-20T23:43:02.137578+00:00,SAVANT_ARSENAL_SCHEMA_V1,CURRENT
641755,"Kinley, Tyler",2026.0,179.0,42.0,23.5,11.2,28.0,44.0,0.287,0.203,0.364,28.7,7.9,70.9,17.7,7.0,32.0,SI,Sinker,1.0,7,,,,0.7,-7.1,BASEBALL_SAVANT_CURRENT_SEASON,2026-08-20T23:43:02.137578+00:00,SAVANT_ARSENAL_SCHEMA_V1,CURRENT
691548,"Muñoz, Rolddy",2026.0,12.0,3.0,25.0,8.3,33.3,42.9,0.428,0.315,0.639,62.5,25.0,73.0,35.0,0.0,46.2,FF,4-Seam Fastball,6.1,3,33.3,0.0,0.0,0.0,3.9,BASEBALL_SAVANT_CURRENT_SEASON,2026-08-20T23:43:02.137578+00:00,SAVANT_ARSENAL_SCHEMA_V1,CURRENT
694341,"Beck, Brendan",2026.0,31.0,4.0,12.9,16.1,33.9,42.4,0.448,0.3,0.656,59.1,27.3,74.5,54.0,4.0,45.7,SI,Sinker,5.0,7,0.0,0.0,0.0,0.0,1.2,BASEBALL_SAVANT_CURRENT_SEASON,2026-08-20T23:43:02.137578+00:00,SAVANT_ARSENAL_SCHEMA_V1,CURRENT
669620,"Basso, Brady",2026.0,100.0,19.0,19.0,3.0,21.2,52.9,0.297,0.267,0.37,41.0,6.4,72.2,29.6,3.0,30.5,ST,Sweeper,0.8,3,100.0,0.0,0.0,0.0,6.6,BASEBALL_SAVANT_CURRENT_SEASON,2026-08-20T23:43:02.137578+00:00,SAVANT_ARSENAL_SCHEMA_V1,CURRENT
815081,"Manfredi, Mark",2026.0,6.0,2.0,33.3,16.7,28.6,36.8,0.242,0.148,0.19,0.0,0.0,70.9,0.0,0.0,40.0,ST,Sweeper,5.3,1,,0.0,0.0,0.0,28.5,BASEBALL_SAVANT_CURRENT_SEASON,2026-08-20T23:43:02.137578+00:00,SAVANT_ARSENAL_SCHEMA_V1,CURRENT
663558,"Morán, Jovani",2026.0,216.0,58.0,26.9,11.6,32.3,45.9,0.277,0.193,0.323,29.0,6.9,71.7,22.4,5.0,35.2,CU,Curveball,0.2,2,,1.0,2.0,1.25,-29.3,BASEBALL_SAVANT_CURRENT_SEASON,2026-08-20T23:43:02.137578+00:00,SAVANT_ARSENAL_SCHEMA_V1,CURRENT
666374,"Brash, Matt",2026.0,64.0,15.0,23.4,9.4,32.1,40.5,0.316,0.234,0.347,40.0,5.0,71.8,26.4,3.0,34.9,FF,4-Seam Fastball,6.1,16,0.0,0.0,0.0,0.0,1.8,BASEBALL_SAVANT_CURRENT_SEASON,2026-08-20T23:43:02.137578+00:00,SAVANT_ARSENAL_SCHEMA_V1,CURRENT
687859,"Johnston, Troy",2026.0,5.0,0.0,0.0,20.0,10.0,47.6,0.376,0.165,0.184,66.7,0.0,67.6,0.0,0.0,33.3,CH,Changeup,42.9,9,0.0,,,0.7,-1.2,BASEBALL_SAVANT_CURRENT_SEASON,2026-08-20T23:43:02.137578+00:00,SAVANT_ARSENAL_SCHEMA_V1,CURRENT
660710,"Durán, Rodolfo",2026.0,,,,,,,,,,,,,,,,CU,Curveball,2.2,1,0.0,1.0,2.0,1.25,-63.3,BASEBALL_SAVANT_CURRENT_SEASON,2026-08-20T23:43:02.137578+00:00,SAVANT_ARSENAL_SCHEMA_V1,CURRENT
682445,"Gonzalez, Domingo",2026.0,36.0,5.0,13.9,13.9,19.7,47.3,0.453,0.355,0.618,52.0,12.0,72.7,33.3,1.0,41.3,CH,Changeup,1.6,2,,0.0,0.0,0.0,13.9,BASEBALL_SAVANT_CURRENT_SEASON,2026-08-20T23:43:02.137578+00:00,SAVANT_ARSENAL_SCHEMA_V1,CURRENT
664238,"Moore, Dylan",2026.0,,,,,,,,,,,,,,,,SL,Slider,15.0,3,,,,0.7,-8.2,BASEBALL_SAVANT_CURRENT_SEASON,2026-08-20T23:43:02.137578+00:00,SAVANT_ARSENAL_SCHEMA_V1,CURRENT
662144,"Keller, Brian",2026.0,11.0,3.0,27.3,0.0,16.0,64.1,0.361,0.252,0.616,37.5,25.0,70.7,23.8,0.0,38.9,FF,4-Seam Fastball,28.2,11,14.3,0.0,0.0,0.0,2.1,BASEBALL_SAVANT_CURRENT_SEASON,2026-08-20T23:43:02.137578+00:00,SAVANT_ARSENAL_SCHEMA_V1,CURRENT
676510,"Hoffman, Nolan",2026.0,21.0,2.0,9.5,14.3,22.9,42.7,0.341,0.3,0.384,31.3,0.0,72.6,41.9,1.0,20.0,ST,Sweeper,13.4,11,0.0,,,0.0,-0.2,BASEBALL_SAVANT_CURRENT_SEASON,2026-08-20T23:43:02.137578+00:00,SAVANT_ARSENAL_SCHEMA_V1,CURRENT
690990,"Horton, Cade",2026.0,26.0,4.0,15.4,7.7,23.3,46.7,0.283,0.249,0.321,35.0,5.3,71.5,17.5,0.0,32.3,CU,Curveball,9.8,9,0.0,1.0,1.0,0.9,-8.1,BASEBALL_SAVANT_CURRENT_SEASON,2026-08-20T23:43:02.137578+00:00,SAVANT_ARSENAL_SCHEMA_V1,CURRENT
669020,"Rolison, Ryan",2026.0,202.0,47.0,23.3,11.4,21.3,44.3,0.316,0.241,0.377,41.5,6.8,72.5,28.8,9.0,31.4,CH,Changeup,1.2,9,0.0,1.0,1.0,0.9,-3.3,BASEBALL_SAVANT_CURRENT_SEASON,2026-08-20T23:43:02.137578+00:00,SAVANT_ARSENAL_SCHEMA_V1,CURRENT
687531,"Kempner, William",2026.0,50.0,14.0,28.0,8.0,34.1,45.7,0.306,0.231,0.355,23.3,3.3,71.0,17.5,3.0,33.9,CH,Changeup,2.5,5,,0.0,0.0,0.0,5.4,BASEBALL_SAVANT_CURRENT_SEASON,2026-08-20T23:43:02.137578+00:00,SAVANT_ARSENAL_SCHEMA_V1,CURRENT
678368,"Bellozo, Valente",2026.0,48.0,8.0,16.7,14.6,29.5,45.9,0.475,0.316,0.737,50.0,15.6,71.9,22.9,1.0,47.1,CU,Curveball,4.7,8,50.0,0.0,0.0,0.0,-0.3,BASEBALL_SAVANT_CURRENT_SEASON,2026-08-20T23:43:02.137578+00:00,SAVANT_ARSENAL_SCHEMA_V1,CURRENT
608723,"Voth, Austin",2026.0,56.0,3.0,5.4,10.7,15.6,44.7,0.402,0.338,0.557,40.4,8.5,71.9,25.6,1.0,43.6,FS,Split-Finger,3.7,8,0.0,1.0,4.0,2.0,-35.6,BASEBALL_SAVANT_CURRENT_SEASON,2026-08-20T23:43:02.137578+00:00,SAVANT_ARSENAL_SCHEMA_V1,CURRENT
605447,"Romano, Jordan",2026.0,102.0,27.0,26.5,12.7,28.5,43.7,0.303,0.243,0.326,32.8,3.3,72.0,29.1,7.0,25.2,FS,Split-Finger,2.0,9,25.0,0.0,0.0,0.0,1.6,BASEBALL_SAVANT_CURRENT_SEASON,2026-08-20T23:43:02.137578+00:00,SAVANT_ARSENAL_SCHEMA_V1,CURRENT
662144,"Keller, Brian",2026.0,11.0,3.0,27.3,0.0,16.0,64.1,0.361,0.252,0.616,37.5,25.0,70.7,23.8,0.0,38.9,SI,Sinker,12.8,5,,1.0,4.0,2.0,-49.7,BASEBALL_SAVANT_CURRENT_SEASON,2026-08-20T23:43:02.137578+00:00,SAVANT_ARSENAL_SCHEMA_V1,CURRENT
694350,"Brzykcy, Zach",2026.0,12.0,2.0,16.7,16.7,16.7,37.5,0.306,0.246,0.279,37.5,0.0,72.0,40.0,1.0,38.5,CH,Changeup,14.6,7,0.0,1.0,1.0,0.9,-5.0,BASEBALL_SAVANT_CURRENT_SEASON,2026-08-20T23:43:02.137578+00:00,SAVANT_ARSENAL_SCHEMA_V1,CURRENT
693686,"Miles, Spencer",2026.0,319.0,73.0,22.9,6.3,18.7,48.4,0.27,0.233,0.326,35.8,3.5,71.4,23.8,8.0,30.2,CH,Changeup,0.2,2,0.0,1.0,1.0,0.9,-27.3,BASEBALL_SAVANT_CURRENT_SEASON,2026-08-20T23:43:02.137578+00:00,SAVANT_ARSENAL_SCHEMA_V1,CURRENT
676596,"Fleming, Josh",2026.0,18.0,1.0,5.6,11.1,13.5,48.1,0.47,0.36,0.632,64.3,7.1,72.1,17.2,1.0,40.0,FC,Cutter,5.2,4,0.0,0.0,0.0,0.9,-12.1,BASEBALL_SAVANT_CURRENT_SEASON,2026-08-20T23:43:02.137578+00:00,SAVANT_ARSENAL_SCHEMA_V1,CURRENT
681320,"Lavender, Nate",2026.0,21.0,8.0,38.1,9.5,35.0,54.8,0.164,0.085,0.171,36.4,9.1,71.7,29.7,0.0,25.0,CH,Changeup,5.5,4,100.0,0.0,0.0,0.0,7.9,BASEBALL_SAVANT_CURRENT_SEASON,2026-08-20T23:43:02.137578+00:00,SAVANT_ARSENAL_SCHEMA_V1,CURRENT
681806,"Wantz, Andrew",2026.0,20.0,1.0,5.0,15.0,14.0,53.1,0.463,0.326,0.582,35.7,7.1,72.0,24.4,0.0,25.7,CU,Curveball,3.7,3,0.0,0.0,0.0,0.0,6.3,BASEBALL_SAVANT_CURRENT_SEASON,2026-08-20T23:43:02.137578+00:00,SAVANT_ARSENAL_SCHEMA_V1,CURRENT
702352,"Bivens, Spencer",2026.0,10.0,3.0,30.0,10.0,18.2,48.9,0.25,0.204,0.255,33.3,0.0,69.2,15.0,0.0,37.5,FC,Cutter,8.9,4,0.0,,,0.7,-5.0,BASEBALL_SAVANT_CURRENT_SEASON,2026-08-20T23:43:02.137578+00:00,SAVANT_ARSENAL_SCHEMA_V1,CURRENT
670871,"Zuñiga, Guillo",2026.0,4.0,1.0,25.0,25.0,25.0,44.4,0.187,0.019,0.019,0.0,0.0,70.8,12.5,0.0,0.0,CH,Changeup,11.1,2,50.0,0.0,0.0,0.0,12.1,BASEBALL_SAVANT_CURRENT_SEASON,2026-08-20T23:43:02.137578+00:00,SAVANT_ARSENAL_SCHEMA_V1,CURRENT
701121,"VanWey, Logan",2026.0,22.0,5.0,22.7,0.0,25.0,50.0,0.239,0.237,0.344,41.2,5.9,72.2,18.2,0.0,40.0,FC,Cutter,7.5,6,,1.0,1.0,0.9,-9.5,BASEBALL_SAVANT_CURRENT_SEASON,2026-08-20T23:43:02.137578+00:00,SAVANT_ARSENAL_SCHEMA_V1,CURRENT
605156,"Brooks, Aaron",2026.0,,,,,,,,,,,,,,,,SL,Slider,23.5,4,0.0,,,0.7,-11.5,BASEBALL_SAVANT_CURRENT_SEASON,2026-08-20T23:43:02.137578+00:00,SAVANT_ARSENAL_SCHEMA_V1,CURRENT
628708,"Marte, Yunior",2026.0,,,,,,,,,,,,,,,,SI,Sinker,14.3,3,0.0,,,0.7,-12.6,BASEBALL_SAVANT_CURRENT_SEASON,2026-08-20T23:43:02.137578+00:00,SAVANT_ARSENAL_SCHEMA_V1,CURRENT
592454,"Kahnle, Tommy",2026.0,43.0,5.0,11.6,14.0,17.4,51.2,0.381,0.285,0.489,56.3,15.6,72.7,34.6,0.0,36.5,SL,Slider,6.5,11,0.0,1.0,1.0,0.9,-4.3,BASEBALL_SAVANT_CURRENT_SEASON,2026-08-20T23:43:02.137578+00:00,SAVANT_ARSENAL_SCHEMA_V1,CURRENT
674073,"Weisenburger, Jack",2026.0,18.0,4.0,22.2,11.1,23.1,49.4,0.257,0.172,0.302,33.3,8.3,72.1,22.9,1.0,40.7,CH,Changeup,2.5,2,100.0,0.0,0.0,0.0,15.6,BASEBALL_SAVANT_CURRENT_SEASON,2026-08-20T23:43:02.137578+00:00,SAVANT_ARSENAL_SCHEMA_V1,CURRENT
668716,"Murdock, Noah",2026.0,14.0,4.0,28.6,21.4,22.7,37.3,0.245,0.145,0.156,57.1,0.0,74.2,33.3,1.0,33.3,FC,Cutter,13.6,8,0.0,,,0.7,-4.8,BASEBALL_SAVANT_CURRENT_SEASON,2026-08-20T23:43:02.137578+00:00,SAVANT_ARSENAL_SCHEMA_V1,CURRENT
571510,"Boyd, Matthew",2026.0,354.0,68.0,19.2,7.3,22.3,49.1,0.341,0.267,0.448,37.9,10.3,71.8,24.4,7.0,30.8,SI,Sinker,0.5,6,0.0,0.0,0.0,0.0,4.4,BASEBALL_SAVANT_CURRENT_SEASON,2026-08-20T23:43:02.137578+00:00,SAVANT_ARSENAL_SCHEMA_V1,CURRENT
624428,"Frazier, Adam",2026.0,,,,,,,,,,,,,,,,CU,Curveball,8.9,4,0.0,0.0,0.0,0.0,4.4,BASEBALL_SAVANT_CURRENT_SEASON,2026-08-20T23:43:02.137578+00:00,SAVANT_ARSENAL_SCHEMA_V1,CURRENT
670097,"Short, Zack",2026.0,,,,,,,,,,,,,,,,SI,Sinker,40.0,4,0.0,0.0,0.0,0.0,3.8,BASEBALL_SAVANT_CURRENT_SEASON,2026-08-20T23:43:02.137578+00:00,SAVANT_ARSENAL_SCHEMA_V1,CURRENT
669704,"Strowd, Kade",2026.0,7.0,1.0,14.3,42.9,0.0,25.0,0.509,0.386,0.456,33.3,0.0,75.6,62.5,0.0,25.0,CU,Curveball,18.8,6,0.0,0.0,0.0,0.0,2.9,BASEBALL_SAVANT_CURRENT_SEASON,2026-08-20T23:43:02.137578+00:00,SAVANT_ARSENAL_SCHEMA_V1,CURRENT
605156,"Brooks, Aaron",2026.0,,,,,,,,,,,,,,,,SI,Sinker,41.2,7,,,,0.7,-2.9,BASEBALL_SAVANT_CURRENT_SEASON,2026-08-20T23:43:02.137578+00:00,SAVANT_ARSENAL_SCHEMA_V1,CURRENT
694973,"Skenes, Paul",2026.0,573.0,171.0,29.8,7.2,28.5,51.0,0.277,0.212,0.341,39.0,7.4,71.1,19.5,16.0,27.5,CU,Curveball,0.4,10,0.0,0.0,0.0,0.0,1.3,BASEBALL_SAVANT_CURRENT_SEASON,2026-08-20T23:43:02.137578+00:00,SAVANT_ARSENAL_SCHEMA_V1,CURRENT
681520,"Kelly, Antoine",2026.0,4.0,1.0,25.0,25.0,14.3,38.9,0.454,0.396,0.448,100.0,0.0,72.1,14.3,0.0,33.3,FF,4-Seam Fastball,11.1,2,,0.0,0.0,0.0,20.5,BASEBALL_SAVANT_CURRENT_SEASON,2026-08-20T23:43:02.137578+00:00,SAVANT_ARSENAL_SCHEMA_V1,CURRENT
656686,"Martin, Corbin",2026.0,25.0,4.0,16.0,20.0,34.0,47.7,0.396,0.248,0.509,56.3,12.5,72.6,21.7,2.0,31.3,SL,Slider,2.7,3,0.0,0.0,0.0,0.0,2.8,BASEBALL_SAVANT_CURRENT_SEASON,2026-08-20T23:43:02.137578+00:00,SAVANT_ARSENAL_SCHEMA_V1,CURRENT
683363,"Wilkinson, Matt",2026.0,7.0,0.0,0.0,0.0,0.0,44.0,0.201,0.22,0.237,14.3,0.0,69.5,9.1,0.0,36.4,FC,Cutter,4.0,1,,0.0,0.0,0.0,28.0,BASEBALL_SAVANT_CURRENT_SEASON,2026-08-20T23:43:02.137578+00:00,SAVANT_ARSENAL_SCHEMA_V1,CURRENT
621097,"Waguespack, Jacob",2026.0,107.0,16.0,15.0,8.4,24.6,49.5,0.269,0.206,0.318,30.9,4.9,71.3,23.1,0.0,36.8,CU,Curveball,3.4,13,0.0,1.0,1.0,0.9,-2.8,BASEBALL_SAVANT_CURRENT_SEASON,2026-08-20T23:43:02.137578+00:00,SAVANT_ARSENAL_SCHEMA_V1,CURRENT
670245,"Watson, Ryan",2026.0,253.0,47.0,18.6,7.5,23.9,49.3,0.351,0.274,0.468,37.5,10.9,71.2,22.8,10.0,36.1,FS,Split-Finger,1.1,10,0.0,0.0,0.0,0.0,-0.8,BASEBALL_SAVANT_CURRENT_SEASON,2026-08-20T23:43:02.137578+00:00,SAVANT_ARSENAL_SCHEMA_V1,CURRENT
696136,"Wicks, Jordan",2026.0,50.0,8.0,16.0,4.0,23.9,51.1,0.322,0.283,0.408,43.6,7.7,72.9,31.7,2.0,35.9,CU,Curveball,4.4,8,0.0,0.0,0.0,0.0,4.0,BASEBALL_SAVANT_CURRENT_SEASON,2026-08-20T23:43:02.137578+00:00,SAVANT_ARSENAL_SCHEMA_V1,CURRENT
695076,"Lowder, Rhett",2026.0,452.0,82.0,18.1,9.3,19.9,45.1,0.346,0.265,0.454,37.8,9.6,72.3,26.7,17.0,34.0,ST,Sweeper,0.1,2,100.0,0.0,0.0,0.0,6.0,BASEBALL_SAVANT_CURRENT_SEASON,2026-08-20T23:43:02.137578+00:00,SAVANT_ARSENAL_SCHEMA_V1,CURRENT
702352,"Bivens, Spencer",2026.0,10.0,3.0,30.0,10.0,18.2,48.9,0.25,0.204,0.255,33.3,0.0,69.2,15.0,0.0,37.5,FF,4-Seam Fastball,2.2,1,,1.0,1.0,0.9,-41.4,BASEBALL_SAVANT_CURRENT_SEASON,2026-08-20T23:43:02.137578+00:00,SAVANT_ARSENAL_SCHEMA_V1,CURRENT
805123,"Blubaugh, AJ",2026.0,324.0,79.0,24.4,10.2,28.8,49.0,0.306,0.218,0.379,36.7,9.6,71.5,22.2,13.0,28.7,CU,Curveball,1.1,14,0.0,1.0,4.0,2.0,-8.7,BASEBALL_SAVANT_CURRENT_SEASON,2026-08-20T23:43:02.137578+00:00,SAVANT_ARSENAL_SCHEMA_V1,CURRENT
606965,"Devenski, Chris",2026.0,12.0,3.0,25.0,0.0,21.1,48.7,0.297,0.274,0.425,55.6,22.2,73.0,25.0,1.0,50.0,ST,Sweeper,10.3,4,,1.0,4.0,2.0,-53.6,BASEBALL_SAVANT_CURRENT_SEASON,2026-08-20T23:43:02.137578+00:00,SAVANT_ARSENAL_SCHEMA_V1,CURRENT
606965,"Devenski, Chris",2026.0,12.0,3.0,25.0,0.0,21.1,48.7,0.297,0.274,0.425,55.6,22.2,73.0,25.0,1.0,50.0,SI,Sinker,5.1,2,,1.0,1.0,0.9,-33.1,BASEBALL_SAVANT_CURRENT_SEASON,2026-08-20T23:43:02.137578+00:00,SAVANT_ARSENAL_SCHEMA_V1,CURRENT
687941,"Gamboa, Alec",2026.0,72.0,13.0,18.1,6.9,19.0,57.0,0.242,0.177,0.27,29.6,3.8,71.8,23.6,2.0,25.0,CH,Changeup,2.0,5,33.3,0.0,0.0,0.0,1.2,BASEBALL_SAVANT_CURRENT_SEASON,2026-08-20T23:43:02.137578+00:00,SAVANT_ARSENAL_SCHEMA_V1,CURRENT
681806,"Wantz, Andrew",2026.0,20.0,1.0,5.0,15.0,14.0,53.1,0.463,0.326,0.582,35.7,7.1,72.0,24.4,0.0,25.7,CH,Changeup,3.7,3,0.0,0.0,0.0,0.0,5.9,BASEBALL_SAVANT_CURRENT_SEASON,2026-08-20T23:43:02.137578+00:00,SAVANT_ARSENAL_SCHEMA_V1,CURRENT
681520,"Kelly, Antoine",2026.0,4.0,1.0,25.0,25.0,14.3,38.9,0.454,0.396,0.448,100.0,0.0,72.1,14.3,0.0,33.3,SI,Sinker,50.0,9,0.0,,,0.7,-3.9,BASEBALL_SAVANT_CURRENT_SEASON,2026-08-20T23:43:02.137578+00:00,SAVANT_ARSENAL_SCHEMA_V1,CURRENT
605441,"Ríos, Yacksel",2026.0,5.0,2.0,40.0,0.0,33.3,46.2,0.335,0.345,0.43,33.3,0.0,72.8,16.7,0.0,50.0,FS,Split-Finger,15.4,2,100.0,0.0,0.0,0.0,7.5,BASEBALL_SAVANT_CURRENT_SEASON,2026-08-20T23:43:02.137578+00:00,SAVANT_ARSENAL_SCHEMA_V1,CURRENT
592826,"Velasquez, Vince",2026.0,11.0,1.0,9.1,0.0,14.3,48.8,0.154,0.151,0.199,30.0,0.0,71.3,25.0,1.0,33.3,CH,Changeup,4.7,2,100.0,0.0,0.0,0.0,10.4,BASEBALL_SAVANT_CURRENT_SEASON,2026-08-20T23:43:02.137578+00:00,SAVANT_ARSENAL_SCHEMA_V1,CURRENT
681432,"Little, Luke",2026.0,5.0,1.0,20.0,0.0,30.0,52.6,0.527,0.338,0.932,50.0,25.0,71.8,33.3,0.0,28.6,ST,Sweeper,21.1,4,50.0,0.0,0.0,0.0,6.5,BASEBALL_SAVANT_CURRENT_SEASON,2026-08-20T23:43:02.137578+00:00,SAVANT_ARSENAL_SCHEMA_V1,CURRENT
663776,"Sandoval, Patrick",2026.0,160.0,35.0,21.9,10.0,25.5,47.3,0.334,0.277,0.412,32.4,5.6,72.4,29.3,3.0,32.6,CU,Curveball,4.5,26,0.0,0.0,0.0,0.0,0.5,BASEBALL_SAVANT_CURRENT_SEASON,2026-08-20T23:43:02.137578+00:00,SAVANT_ARSENAL_SCHEMA_V1,CURRENT
669145,"Zimmermann, Bruce",2026.0,21.0,2.0,9.5,4.8,10.3,40.3,0.261,0.235,0.324,27.8,0.0,73.6,48.0,0.0,36.4,FF,4-Seam Fastball,11.1,8,0.0,1.0,2.0,1.25,-7.9,BASEBALL_SAVANT_CURRENT_SEASON,2026-08-20T23:43:02.137578+00:00,SAVANT_ARSENAL_SCHEMA_V1,CURRENT
691769,"Abner, Philip",2026.0,64.0,6.0,9.4,12.5,18.1,47.3,0.401,0.305,0.539,40.0,12.0,72.6,29.5,1.0,38.4,CH,Changeup,5.3,13,20.0,0.0,0.0,0.0,-1.0,BASEBALL_SAVANT_CURRENT_SEASON,2026-08-20T23:43:02.137578+00:00,SAVANT_ARSENAL_SCHEMA_V1,CURRENT
694646,"McDermott, Chayce",2026.0,25.0,4.0,16.0,8.0,23.1,48.6,0.382,0.259,0.59,36.8,21.1,72.1,29.8,0.0,36.1,FS,Split-Finger,4.7,5,0.0,0.0,0.0,0.0,0.5,BASEBALL_SAVANT_CURRENT_SEASON,2026-08-20T23:43:02.137578+00:00,SAVANT_ARSENAL_SCHEMA_V1,CURRENT
702281,"Snelling, Robby",2026.0,22.0,2.0,9.1,18.2,28.6,48.8,0.371,0.261,0.445,43.8,6.3,73.8,48.6,2.0,38.5,CH,Changeup,16.3,14,0.0,,,0.7,-1.1,BASEBALL_SAVANT_CURRENT_SEASON,2026-08-20T23:43:02.137578+00:00,SAVANT_ARSENAL_SCHEMA_V1,CURRENT
700413,"Uberstine, Tyler",2026.0,11.0,2.0,18.2,9.1,30.8,57.8,0.378,0.274,0.551,37.5,12.5,72.3,27.3,1.0,18.8,FC,Cutter,20.0,9,,,,0.7,-0.7,BASEBALL_SAVANT_CURRENT_SEASON,2026-08-20T23:43:02.137578+00:00,SAVANT_ARSENAL_SCHEMA_V1,CURRENT
702352,"Bivens, Spencer",2026.0,10.0,3.0,30.0,10.0,18.2,48.9,0.25,0.204,0.255,33.3,0.0,69.2,15.0,0.0,37.5,CH,Changeup,4.4,2,0.0,1.0,1.0,0.9,-37.0,BASEBALL_SAVANT_CURRENT_SEASON,2026-08-20T23:43:02.137578+00:00,SAVANT_ARSENAL_SCHEMA_V1,CURRENT
676467,"Gordon, Colton",2026.0,50.0,11.0,22.0,6.0,17.2,49.0,0.41,0.327,0.587,48.6,11.4,70.6,13.2,4.0,25.6,CU,Curveball,3.0,6,,0.0,0.0,0.0,7.3,BASEBALL_SAVANT_CURRENT_SEASON,2026-08-20T23:43:02.137578+00:00,SAVANT_ARSENAL_SCHEMA_V1,CURRENT
701121,"VanWey, Logan",2026.0,22.0,5.0,22.7,0.0,25.0,50.0,0.239,0.237,0.344,41.2,5.9,72.2,18.2,0.0,40.0,SI,Sinker,3.8,3,,0.0,0.0,0.0,6.4,BASEBALL_SAVANT_CURRENT_SEASON,2026-08-20T23:43:02.137578+00:00,SAVANT_ARSENAL_SCHEMA_V1,CURRENT
643361,"Herget, Kevin",2026.0,3.0,0.0,0.0,0.0,0.0,45.5,0.128,0.125,0.178,33.3,0.0,73.4,40.0,0.0,60.0,FF,4-Seam Fastball,36.4,4,0.0,0.0,0.0,0.0,12.5,BASEBALL_SAVANT_CURRENT_SEASON,2026-08-20T23:43:02.137578+00:00,SAVANT_ARSENAL_SCHEMA_V1,CURRENT
605156,"Brooks, Aaron",2026.0,,,,,,,,,,,,,,,,CH,Changeup,5.9,1,,0.0,0.0,0.0,28.7,BASEBALL_SAVANT_CURRENT_SEASON,2026-08-20T23:43:02.137578+00:00,SAVANT_ARSENAL_SCHEMA_V1,CURRENT
669461,"Liberatore, Matthew",2026.0,541.0,125.0,23.1,8.1,23.4,46.8,0.336,0.264,0.441,41.7,9.0,72.7,31.2,18.0,34.0,ST,Sweeper,0.1,2,0.0,1.0,1.0,0.9,-22.8,BASEBALL_SAVANT_CURRENT_SEASON,2026-08-20T23:43:02.137578+00:00,SAVANT_ARSENAL_SCHEMA_V1,CURRENT
680755,"Fisher, Braydon",2026.0,260.0,58.0,22.3,13.1,26.9,44.2,0.312,0.223,0.36,37.0,10.3,71.7,25.5,14.0,31.6,SI,Sinker,0.2,2,,,,0.7,-16.0,BASEBALL_SAVANT_CURRENT_SEASON,2026-08-20T23:43:02.137578+00:00,SAVANT_ARSENAL_SCHEMA_V1,CURRENT
642207,"Williams, Devin",2026.0,178.0,51.0,28.7,11.8,34.9,50.8,0.282,0.219,0.31,29.2,4.7,71.7,23.7,3.0,29.4,FC,Cutter,1.2,9,0.0,1.0,1.0,0.9,-5.7,BASEBALL_SAVANT_CURRENT_SEASON,2026-08-20T23:43:02.137578+00:00,SAVANT_ARSENAL_SCHEMA_V1,CURRENT
687941,"Gamboa, Alec",2026.0,72.0,13.0,18.1,6.9,19.0,57.0,0.242,0.177,0.27,29.6,3.8,71.8,23.6,2.0,25.0,CU,Curveball,2.4,6,0.0,0.0,0.0,0.0,1.0,BASEBALL_SAVANT_CURRENT_SEASON,2026-08-20T23:43:02.137578+00:00,SAVANT_ARSENAL_SCHEMA_V1,CURRENT
694357,"Tiedemann, Ricky",2026.0,7.0,2.0,28.6,0.0,25.0,44.4,0.332,0.321,0.458,40.0,0.0,72.1,11.1,1.0,37.5,CH,Changeup,3.7,1,100.0,0.0,0.0,0.0,23.5,BASEBALL_SAVANT_CURRENT_SEASON,2026-08-20T23:43:02.137578+00:00,SAVANT_ARSENAL_SCHEMA_V1,CURRENT
650556,"Abreu, Bryan",2026.0,201.0,59.0,29.4,16.4,32.9,41.1,0.311,0.194,0.324,41.9,5.8,71.7,21.7,15.0,30.4,CH,Changeup,0.1,1,,0.0,0.0,0.0,31.1,BASEBALL_SAVANT_CURRENT_SEASON,2026-08-20T23:43:02.137578+00:00,SAVANT_ARSENAL_SCHEMA_V1,CURRENT
691008,"Rajcic, Max",2026.0,39.0,8.0,20.5,15.4,23.9,41.1,0.281,0.168,0.318,36.0,8.0,72.7,23.0,1.0,27.7,SL,Slider,3.1,5,,0.0,0.0,0.0,8.3,BASEBALL_SAVANT_CURRENT_SEASON,2026-08-20T23:43:02.137578+00:00,SAVANT_ARSENAL_SCHEMA_V1,CURRENT
696147,"Bachman, Sam",2026.0,198.0,46.0,23.2,13.6,33.1,44.0,0.298,0.213,0.318,32.0,7.5,71.9,24.6,7.0,30.7,ST,Sweeper,0.5,4,,1.0,4.0,2.0,-28.4,BASEBALL_SAVANT_CURRENT_SEASON,2026-08-20T23:43:02.137578+00:00,SAVANT_ARSENAL_SCHEMA_V1,CURRENT
802408,"Mautz, Brycen",2026.0,14.0,2.0,14.3,14.3,17.4,39.0,0.316,0.249,0.339,20.0,0.0,71.9,19.0,0.0,33.3,CU,Curveball,22.0,13,0.0,0.0,0.0,0.0,0.9,BASEBALL_SAVANT_CURRENT_SEASON,2026-08-20T23:43:02.137578+00:00,SAVANT_ARSENAL_SCHEMA_V1,CURRENT
701719,"Samaniego, Tyler",2026.0,90.0,17.0,18.9,8.9,21.6,44.3,0.331,0.268,0.398,36.5,3.2,71.6,25.9,2.0,44.9,CH,Changeup,6.1,19,0.0,0.0,0.0,0.0,1.6,BASEBALL_SAVANT_CURRENT_SEASON,2026-08-20T23:43:02.137578+00:00,SAVANT_ARSENAL_SCHEMA_V1,CURRENT
837227,"Imai, Tatsuya",2026.0,288.0,80.0,27.8,14.6,32.3,43.7,0.338,0.228,0.402,46.3,10.5,72.2,29.0,8.0,32.5,CU,Curveball,0.5,6,,0.0,0.0,0.0,5.1,BASEBALL_SAVANT_CURRENT_SEASON,2026-08-20T23:43:02.137578+00:00,SAVANT_ARSENAL_SCHEMA_V1,CURRENT
815081,"Manfredi, Mark",2026.0,6.0,2.0,33.3,16.7,28.6,36.8,0.242,0.148,0.19,0.0,0.0,70.9,0.0,0.0,40.0,SL,Slider,21.1,4,50.0,0.0,0.0,0.0,0.6,BASEBALL_SAVANT_CURRENT_SEASON,2026-08-20T23:43:02.137578+00:00,SAVANT_ARSENAL_SCHEMA_V1,CURRENT
676979,"Crochet, Garrett",2026.0,138.0,37.0,26.8,8.0,24.0,49.0,0.344,0.262,0.442,45.3,10.7,72.3,28.7,3.0,29.5,CH,Changeup,4.2,22,20.0,0.0,0.0,0.0,0.9,BASEBALL_SAVANT_CURRENT_SEASON,2026-08-20T23:43:02.137578+00:00,SAVANT_ARSENAL_SCHEMA_V1,CURRENT
669461,"Liberatore, Matthew",2026.0,541.0,125.0,23.1,8.1,23.4,46.8,0.336,0.264,0.441,41.7,9.0,72.7,31.2,18.0,34.0,FS,Split-Finger,0.4,9,0.0,0.0,0.0,0.0,-1.2,BASEBALL_SAVANT_CURRENT_SEASON,2026-08-20T23:43:02.137578+00:00,SAVANT_ARSENAL_SCHEMA_V1,CURRENT
691945,"Baumler, Carter",2026.0,27.0,6.0,22.2,22.2,30.0,42.7,0.359,0.206,0.353,50.0,7.1,72.5,26.2,2.0,30.0,SI,Sinker,6.8,8,0.0,,,0.7,-2.1,BASEBALL_SAVANT_CURRENT_SEASON,2026-08-20T23:43:02.137578+00:00,SAVANT_ARSENAL_SCHEMA_V1,CURRENT
543510,"McCann, James",2026.0,,,,,,,,,,,,,,,,CU,Curveball,1.8,1,0.0,0.0,0.0,0.0,22.4,BASEBALL_SAVANT_CURRENT_SEASON,2026-08-20T23:43:02.137578+00:00,SAVANT_ARSENAL_SCHEMA_V1,CURRENT
669620,"Basso, Brady",2026.0,100.0,19.0,19.0,3.0,21.2,52.9,0.297,0.267,0.37,41.0,6.4,72.2,29.6,3.0,30.5,CH,Changeup,1.1,4,0.0,1.0,2.0,1.25,-24.8,BASEBALL_SAVANT_CURRENT_SEASON,2026-08-20T23:43:02.137578+00:00,SAVANT_ARSENAL_SCHEMA_V1,CURRENT
804619,"Klein, John",2026.0,19.0,2.0,10.5,21.1,10.3,47.6,0.352,0.183,0.291,38.5,7.7,71.5,22.9,0.0,15.6,FC,Cutter,11.0,9,0.0,0.0,0.0,0.0,5.6,BASEBALL_SAVANT_CURRENT_SEASON,2026-08-20T23:43:02.137578+00:00,SAVANT_ARSENAL_SCHEMA_V1,CURRENT
656234,"Bird, Jake",2026.0,162.0,38.0,23.5,8.0,26.3,40.8,0.327,0.24,0.421,35.8,9.4,71.5,24.4,4.0,37.1,CH,Changeup,0.3,2,50.0,0.0,0.0,0.0,8.9,BASEBALL_SAVANT_CURRENT_SEASON,2026-08-20T23:43:02.137578+00:00,SAVANT_ARSENAL_SCHEMA_V1,CURRENT
592773,"Stanek, Ryne",2026.0,214.0,50.0,23.4,12.6,28.2,48.3,0.321,0.232,0.395,37.0,8.1,71.8,22.8,5.0,31.6,ST,Sweeper,0.2,2,100.0,0.0,0.0,0.0,7.2,BASEBALL_SAVANT_CURRENT_SEASON,2026-08-20T23:43:02.137578+00:00,SAVANT_ARSENAL_SCHEMA_V1,CURRENT
657265,"Strzelecki, Peter",2026.0,47.0,6.0,12.8,8.5,17.1,43.4,0.267,0.176,0.298,38.9,5.6,72.2,21.7,1.0,36.2,CH,Changeup,10.1,19,20.0,0.0,0.0,0.0,0.3,BASEBALL_SAVANT_CURRENT_SEASON,2026-08-20T23:43:02.137578+00:00,SAVANT_ARSENAL_SCHEMA_V1,CURRENT
676617,"O'Brien, Riley",2026.0,214.0,53.0,24.8,9.3,27.0,43.7,0.319,0.234,0.363,39.7,6.9,72.0,24.6,13.0,30.5,CH,Changeup,1.0,8,0.0,,,0.7,-5.1,BASEBALL_SAVANT_CURRENT_SEASON,2026-08-20T23:43:02.137578+00:00,SAVANT_ARSENAL_SCHEMA_V1,CURRENT
696519,"Natera Jr., Samy",2026.0,104.0,42.0,40.4,9.6,37.3,47.6,0.219,0.147,0.231,31.4,5.9,72.5,27.6,4.0,20.6,FS,Split-Finger,1.1,5,33.3,0.0,0.0,0.0,-0.6,BASEBALL_SAVANT_CURRENT_SEASON,2026-08-20T23:43:02.137578+00:00,SAVANT_ARSENAL_SCHEMA_V1,CURRENT
800600,"Kent, Jackson",2026.0,41.0,9.0,22.0,19.5,17.9,41.4,0.377,0.283,0.412,50.0,4.2,72.5,31.7,1.0,31.4,CU,Curveball,9.3,15,0.0,1.0,1.0,0.9,-5.8,BASEBALL_SAVANT_CURRENT_SEASON,2026-08-20T23:43:02.137578+00:00,SAVANT_ARSENAL_SCHEMA_V1,CURRENT
640454,"Krook, Matt",2026.0,46.0,9.0,19.6,21.7,25.7,41.3,0.417,0.293,0.448,36.0,4.0,71.0,24.6,2.0,28.9,FC,Cutter,3.9,7,0.0,1.0,1.0,0.9,-5.3,BASEBALL_SAVANT_CURRENT_SEASON,2026-08-20T23:43:02.137578+00:00,SAVANT_ARSENAL_SCHEMA_V1,CURRENT
592826,"Velasquez, Vince",2026.0,11.0,1.0,9.1,0.0,14.3,48.8,0.154,0.151,0.199,30.0,0.0,71.3,25.0,1.0,33.3,SL,Slider,9.3,4,0.0,1.0,2.0,1.25,-15.3,BASEBALL_SAVANT_CURRENT_SEASON,2026-08-20T23:43:02.137578+00:00,SAVANT_ARSENAL_SCHEMA_V1,CURRENT
688497,"Rashi, Taylor",2026.0,15.0,4.0,26.7,6.7,43.3,66.7,0.326,0.257,0.444,40.0,10.0,71.8,26.1,2.0,31.3,SV,Slurve,8.9,4,33.3,0.0,0.0,0.0,2.3,BASEBALL_SAVANT_CURRENT_SEASON,2026-08-20T23:43:02.137578+00:00,SAVANT_ARSENAL_SCHEMA_V1,CURRENT
687849,"Kent, Zak",2026.0,69.0,11.0,15.9,10.1,20.9,49.6,0.351,0.261,0.451,45.1,11.8,71.6,18.8,4.0,35.4,SI,Sinker,1.5,4,0.0,1.0,2.0,1.25,-24.1,BASEBALL_SAVANT_CURRENT_SEASON,2026-08-20T23:43:02.137578+00:00,SAVANT_ARSENAL_SCHEMA_V1,CURRENT
678868,"Yean, Eddy",2026.0,39.0,6.0,15.4,5.1,15.2,47.1,0.257,0.211,0.296,33.3,3.3,72.8,30.6,1.0,29.6,SL,Slider,10.0,14,0.0,1.0,2.0,1.25,-6.8,BASEBALL_SAVANT_CURRENT_SEASON,2026-08-20T23:43:02.137578+00:00,SAVANT_ARSENAL_SCHEMA_V1,CURRENT
608032,"Estévez, Carlos",2026.0,,,,,,,,,,,,,,,,CH,Changeup,22.2,6,,1.0,1.0,0.9,-9.2,BASEBALL_SAVANT_CURRENT_SEASON,2026-08-20T23:43:02.137578+00:00,SAVANT_ARSENAL_SCHEMA_V1,CURRENT
814490,"Pecko, Ethan",2026.0,18.0,4.0,22.2,16.7,30.0,44.9,0.301,0.173,0.261,20.0,0.0,70.5,21.1,0.0,23.1,FC,Cutter,9.0,8,0.0,,,0.7,-4.2,BASEBALL_SAVANT_CURRENT_SEASON,2026-08-20T23:43:02.137578+00:00,SAVANT_ARSENAL_SCHEMA_V1,CURRENT
687721,"Weston, Cameron",2026.0,3.0,1.0,33.3,33.3,12.5,47.1,0.381,0.241,0.262,100.0,0.0,69.5,0.0,0.0,16.7,ST,Sweeper,35.3,6,25.0,0.0,0.0,0.0,3.4,BASEBALL_SAVANT_CURRENT_SEASON,2026-08-20T23:43:02.137578+00:00,SAVANT_ARSENAL_SCHEMA_V1,CURRENT
687721,"Weston, Cameron",2026.0,3.0,1.0,33.3,33.3,12.5,47.1,0.381,0.241,0.262,100.0,0.0,69.5,0.0,0.0,16.7,SI,Sinker,41.2,7,0.0,,,0.7,-3.9,BASEBALL_SAVANT_CURRENT_SEASON,2026-08-20T23:43:02.137578+00:00,SAVANT_ARSENAL_SCHEMA_V1,CURRENT
621107,"Eflin, Zach",2026.0,17.0,7.0,41.2,11.8,35.3,45.9,0.307,0.202,0.404,75.0,25.0,73.4,36.4,0.0,33.3,CU,Curveball,21.6,16,14.3,0.0,0.0,0.0,1.1,BASEBALL_SAVANT_CURRENT_SEASON,2026-08-20T23:43:02.137578+00:00,SAVANT_ARSENAL_SCHEMA_V1,CURRENT
683734,"Vaughn, Andrew",2026.0,,,,,,,,,,,,,,,,SL,Slider,13.8,4,0.0,1.0,1.0,,-18.7,BASEBALL_SAVANT_CURRENT_SEASON,2026-08-20T23:43:02.137578+00:00,SAVANT_ARSENAL_SCHEMA_V1,CURRENT
837227,"Imai, Tatsuya",2026.0,288.0,80.0,27.8,14.6,32.3,43.7,0.338,0.228,0.402,46.3,10.5,72.2,29.0,8.0,32.5,FS,Split-Finger,3.4,42,20.0,0.0,0.0,0.0,-2.6,BASEBALL_SAVANT_CURRENT_SEASON,2026-08-20T23:43:02.137578+00:00,SAVANT_ARSENAL_SCHEMA_V1,CURRENT
664299,"Javier, Cristian",2026.0,167.0,30.0,18.0,10.2,25.7,51.8,0.357,0.278,0.452,38.1,8.5,72.4,30.6,3.0,30.2,CU,Curveball,2.0,13,0.0,,,0.7,-4.2,BASEBALL_SAVANT_CURRENT_SEASON,2026-08-20T23:43:02.137578+00:00,SAVANT_ARSENAL_SCHEMA_V1,CURRENT
701121,"VanWey, Logan",2026.0,22.0,5.0,22.7,0.0,25.0,50.0,0.239,0.237,0.344,41.2,5.9,72.2,18.2,0.0,40.0,CH,Changeup,10.0,8,25.0,0.0,0.0,0.0,-1.5,BASEBALL_SAVANT_CURRENT_SEASON,2026-08-20T23:43:02.137578+00:00,SAVANT_ARSENAL_SCHEMA_V1,CURRENT
699044,"Ullola, Miguel",2026.0,23.0,9.0,39.1,4.3,27.9,48.9,0.282,0.209,0.418,30.8,15.4,72.7,25.0,0.0,21.4,CU,Curveball,3.4,3,50.0,0.0,0.0,0.0,5.5,BASEBALL_SAVANT_CURRENT_SEASON,2026-08-20T23:43:02.137578+00:00,SAVANT_ARSENAL_SCHEMA_V1,CURRENT
675919,"Raquet, Nick",2026.0,17.0,1.0,5.9,11.8,6.3,42.7,0.416,0.328,0.498,30.8,7.7,70.1,18.5,0.0,37.0,SL,Slider,26.7,20,0.0,0.0,0.0,0.0,2.4,BASEBALL_SAVANT_CURRENT_SEASON,2026-08-20T23:43:02.137578+00:00,SAVANT_ARSENAL_SCHEMA_V1,CURRENT
666974,"Cano, Yennier",2026.0,172.0,38.0,22.1,5.2,26.7,45.2,0.276,0.226,0.337,38.2,5.9,72.2,26.2,3.0,39.1,SL,Slider,1.2,8,0.0,0.0,0.0,0.0,2.1,BASEBALL_SAVANT_CURRENT_SEASON,2026-08-20T23:43:02.137578+00:00,SAVANT_ARSENAL_SCHEMA_V1,CURRENT
680689,"Richardson, Lyon",2026.0,16.0,4.0,25.0,18.8,32.0,36.8,0.478,0.23,0.727,25.0,28.6,72.0,21.7,1.0,25.0,FF,4-Seam Fastball,11.8,8,,1.0,4.0,2.0,-17.3,BASEBALL_SAVANT_CURRENT_SEASON,2026-08-20T23:43:02.137578+00:00,SAVANT_ARSENAL_SCHEMA_V1,CURRENT
700327,"Herrera, Welinton",2026.0,10.0,2.0,20.0,10.0,19.0,46.7,0.333,0.288,0.387,57.1,0.0,71.2,23.8,0.0,35.3,CH,Changeup,15.6,7,50.0,0.0,0.0,0.0,1.2,BASEBALL_SAVANT_CURRENT_SEASON,2026-08-20T23:43:02.137578+00:00,SAVANT_ARSENAL_SCHEMA_V1,CURRENT
672582,"Zerpa, Angel",2026.0,55.0,8.0,14.5,10.9,17.8,41.7,0.405,0.328,0.53,51.2,7.3,71.6,21.1,2.0,41.3,CH,Changeup,6.0,13,0.0,1.0,4.0,2.0,-19.7,BASEBALL_SAVANT_CURRENT_SEASON,2026-08-20T23:43:02.137578+00:00,SAVANT_ARSENAL_SCHEMA_V1,CURRENT
665152,"Kremer, Dean",2026.0,217.0,53.0,24.4,7.4,28.4,46.1,0.315,0.236,0.44,33.8,7.4,71.7,22.6,6.0,33.2,SL,Slider,1.7,15,11.1,0.0,0.0,0.0,-1.3,BASEBALL_SAVANT_CURRENT_SEASON,2026-08-20T23:43:02.137578+00:00,SAVANT_ARSENAL_SCHEMA_V1,CURRENT
700413,"Uberstine, Tyler",2026.0,11.0,2.0,18.2,9.1,30.8,57.8,0.378,0.274,0.551,37.5,12.5,72.3,27.3,1.0,18.8,CH,Changeup,11.1,5,0.0,0.0,0.0,0.0,4.1,BASEBALL_SAVANT_CURRENT_SEASON,2026-08-20T23:43:02.137578+00:00,SAVANT_ARSENAL_SCHEMA_V1,CURRENT
675919,"Raquet, Nick",2026.0,17.0,1.0,5.9,11.8,6.3,42.7,0.416,0.328,0.498,30.8,7.7,70.1,18.5,0.0,37.0,FC,Cutter,4.0,3,0.0,0.0,0.0,0.0,5.0,BASEBALL_SAVANT_CURRENT_SEASON,2026-08-20T23:43:02.137578+00:00,SAVANT_ARSENAL_SCHEMA_V1,CURRENT
605540,"Woodruff, Brandon",2026.0,174.0,47.0,27.0,5.7,23.6,51.0,0.263,0.2,0.358,34.5,7.8,72.4,27.2,3.0,29.4,ST,Sweeper,0.8,5,0.0,0.0,0.0,0.0,6.1,BASEBALL_SAVANT_CURRENT_SEASON,2026-08-20T23:43:02.137578+00:00,SAVANT_ARSENAL_SCHEMA_V1,CURRENT
605242,"Fulmer, Michael",2026.0,11.0,4.0,36.4,9.1,33.3,41.9,0.337,0.353,0.418,16.7,0.0,72.1,35.7,1.0,30.0,SI,Sinker,16.3,7,33.3,0.0,0.0,0.0,4.9,BASEBALL_SAVANT_CURRENT_SEASON,2026-08-20T23:43:02.137578+00:00,SAVANT_ARSENAL_SCHEMA_V1,CURRENT
668831,"Stallings, Garrett",2026.0,30.0,9.0,30.0,10.0,33.9,48.4,0.182,0.136,0.148,16.7,0.0,72.0,25.5,2.0,35.3,FF,4-Seam Fastball,1.6,2,0.0,0.0,0.0,0.0,7.7,BASEBALL_SAVANT_CURRENT_SEASON,2026-08-20T23:43:02.137578+00:00,SAVANT_ARSENAL_SCHEMA_V1,CURRENT
689017,"Knack, Landon",2026.0,35.0,6.0,17.1,5.7,21.7,47.6,0.34,0.22,0.494,46.2,15.4,71.9,26.3,1.0,44.4,CU,Curveball,13.5,17,0.0,,,0.0,0.6,BASEBALL_SAVANT_CURRENT_SEASON,2026-08-20T23:43:02.137578+00:00,SAVANT_ARSENAL_SCHEMA_V1,CURRENT
621107,"Eflin, Zach",2026.0,17.0,7.0,41.2,11.8,35.3,45.9,0.307,0.202,0.404,75.0,25.0,73.4,36.4,0.0,33.3,FC,Cutter,14.9,11,,0.0,0.0,0.0,2.6,BASEBALL_SAVANT_CURRENT_SEASON,2026-08-20T23:43:02.137578+00:00,SAVANT_ARSENAL_SCHEMA_V1,CURRENT
687721,"Weston, Cameron",2026.0,3.0,1.0,33.3,33.3,12.5,47.1,0.381,0.241,0.262,100.0,0.0,69.5,0.0,0.0,16.7,SL,Slider,11.8,2,0.0,0.0,0.0,0.0,17.7,BASEBALL_SAVANT_CURRENT_SEASON,2026-08-20T23:43:02.137578+00:00,SAVANT_ARSENAL_SCHEMA_V1,CURRENT
680951,"Nikhazy, Doug",2026.0,9.0,1.0,11.1,22.2,33.3,30.8,0.291,0.19,0.208,33.3,0.0,74.1,33.3,0.0,62.5,SL,Slider,7.7,3,0.0,,,0.7,-17.0,BASEBALL_SAVANT_CURRENT_SEASON,2026-08-20T23:43:02.137578+00:00,SAVANT_ARSENAL_SCHEMA_V1,CURRENT
663884,"Kingham, Nolan",2026.0,6.0,1.0,16.7,33.3,25.0,36.4,0.333,0.152,0.175,0.0,0.0,70.6,0.0,0.0,25.0,SI,Sinker,13.6,3,0.0,1.0,1.0,0.9,-13.7,BASEBALL_SAVANT_CURRENT_SEASON,2026-08-20T23:43:02.137578+00:00,SAVANT_ARSENAL_SCHEMA_V1,CURRENT
701780,"McDougal, Tanner",2026.0,,,,,,,,,,,,,,,,SL,Slider,8.0,2,,,,0.7,-13.7,BASEBALL_SAVANT_CURRENT_SEASON,2026-08-20T23:43:02.137578+00:00,SAVANT_ARSENAL_SCHEMA_V1,CURRENT
815081,"Manfredi, Mark",2026.0,6.0,2.0,33.3,16.7,28.6,36.8,0.242,0.148,0.19,0.0,0.0,70.9,0.0,0.0,40.0,SI,Sinker,10.5,2,,,,0.7,-12.9,BASEBALL_SAVANT_CURRENT_SEASON,2026-08-20T23:43:02.137578+00:00,SAVANT_ARSENAL_SCHEMA_V1,CURRENT
668670,"Rogers, Jake",2026.0,,,,,,,,,,,,,,,,KN,Knuckleball,2.3,1,100.0,0.0,0.0,0.0,23.1,BASEBALL_SAVANT_CURRENT_SEASON,2026-08-20T23:43:02.137578+00:00,SAVANT_ARSENAL_SCHEMA_V1,CURRENT
686563,"Cannon, Jonathan",2026.0,,,,,,,,,,,,,,,,ST,Sweeper,21.4,3,,,,0.7,-6.5,BASEBALL_SAVANT_CURRENT_SEASON,2026-08-20T23:43:02.137578+00:00,SAVANT_ARSENAL_SCHEMA_V1,CURRENT
605156,"Brooks, Aaron",2026.0,,,,,,,,,,,,,,,,FF,4-Seam Fastball,29.4,5,0.0,1.0,4.0,2.0,-17.6,BASEBALL_SAVANT_CURRENT_SEASON,2026-08-20T23:43:02.137578+00:00,SAVANT_ARSENAL_SCHEMA_V1,CURRENT
676508,"Casparius, Ben",2026.0,23.0,4.0,17.4,17.4,35.0,40.4,0.385,0.281,0.467,26.7,13.3,70.7,13.9,0.0,40.9,CH,Changeup,2.0,2,100.0,0.0,0.0,0.0,6.7,BASEBALL_SAVANT_CURRENT_SEASON,2026-08-20T23:43:02.137578+00:00,SAVANT_ARSENAL_SCHEMA_V1,CURRENT
660825,"Bazardo, Eduard",2026.0,239.0,57.0,23.8,6.7,21.6,46.2,0.316,0.253,0.416,37.6,8.5,72.0,25.3,8.0,33.2,FF,4-Seam Fastball,0.4,4,0.0,0.0,0.0,0.0,3.8,BASEBALL_SAVANT_CURRENT_SEASON,2026-08-20T23:43:02.137578+00:00,SAVANT_ARSENAL_SCHEMA_V1,CURRENT
684974,"Yoho, Craig",2026.0,109.0,24.0,22.0,11.9,28.4,45.3,0.309,0.206,0.358,29.0,7.4,70.7,20.7,2.0,31.9,ST,Sweeper,0.9,4,0.0,,,0.7,-13.4,BASEBALL_SAVANT_CURRENT_SEASON,2026-08-20T23:43:02.137578+00:00,SAVANT_ARSENAL_SCHEMA_V1,CURRENT
621139,"Kriske, Brooks",2026.0,10.0,2.0,20.0,0.0,22.2,47.4,0.244,0.249,0.319,37.5,12.5,72.1,18.8,1.0,38.5,FC,Cutter,18.4,7,,1.0,1.0,0.9,-4.8,BASEBALL_SAVANT_CURRENT_SEASON,2026-08-20T23:43:02.137578+00:00,SAVANT_ARSENAL_SCHEMA_V1,CURRENT
697812,"Rock, Joe",2026.0,53.0,12.0,22.6,20.8,27.4,43.1,0.39,0.267,0.402,57.1,3.6,71.7,22.4,1.0,43.8,CH,Changeup,3.6,7,0.0,0.0,0.0,0.0,-0.4,BASEBALL_SAVANT_CURRENT_SEASON,2026-08-20T23:43:02.137578+00:00,SAVANT_ARSENAL_SCHEMA_V1,CURRENT
683769,"Gaddis, Hunter",2026.0,183.0,42.0,23.0,9.3,31.2,50.9,0.322,0.255,0.399,30.6,9.1,71.9,22.1,10.0,27.2,FS,Split-Finger,1.0,7,50.0,0.0,0.0,0.0,-0.1,BASEBALL_SAVANT_CURRENT_SEASON,2026-08-20T23:43:02.137578+00:00,SAVANT_ARSENAL_SCHEMA_V1,CURRENT
701780,"McDougal, Tanner",2026.0,,,,,,,,,,,,,,,,CU,Curveball,8.0,2,0.0,0.0,0.0,0.0,6.4,BASEBALL_SAVANT_CURRENT_SEASON,2026-08-20T23:43:02.137578+00:00,SAVANT_ARSENAL_SCHEMA_V1,CURRENT
664192,"Lucchesi, Joey",2026.0,24.0,4.0,16.7,25.0,17.1,36.9,0.441,0.286,0.491,69.2,15.4,69.6,9.7,2.0,39.3,FS,Split-Finger,7.2,8,25.0,0.0,0.0,0.0,0.8,BASEBALL_SAVANT_CURRENT_SEASON,2026-08-20T23:43:02.137578+00:00,SAVANT_ARSENAL_SCHEMA_V1,CURRENT
692230,"Rodriguez, Carlos",2026.0,42.0,8.0,19.0,9.5,26.4,50.0,0.282,0.228,0.327,16.7,3.3,71.7,30.8,1.0,25.9,CU,Curveball,1.1,2,0.0,,,0.7,-21.2,BASEBALL_SAVANT_CURRENT_SEASON,2026-08-20T23:43:02.137578+00:00,SAVANT_ARSENAL_SCHEMA_V1,CURRENT
693713,"Teodo, Emiliano",2026.0,10.0,1.0,10.0,20.0,20.0,46.5,0.38,0.287,0.413,42.9,0.0,71.7,26.3,0.0,33.3,CH,Changeup,7.0,3,0.0,1.0,2.0,1.25,-18.9,BASEBALL_SAVANT_CURRENT_SEASON,2026-08-20T23:43:02.137578+00:00,SAVANT_ARSENAL_SCHEMA_V1,CURRENT
663687,"Harris, Hogan",2026.0,253.0,72.0,28.5,13.8,25.9,42.9,0.301,0.211,0.323,32.1,5.7,71.1,20.8,4.0,27.3,SV,Slurve,0.4,4,0.0,1.0,1.0,0.9,-18.6,BASEBALL_SAVANT_CURRENT_SEASON,2026-08-20T23:43:02.137578+00:00,SAVANT_ARSENAL_SCHEMA_V1,CURRENT
688883,"Pallette, Peyton",2026.0,97.0,22.0,22.7,16.5,28.4,39.8,0.356,0.25,0.384,42.9,7.1,71.8,19.7,7.0,27.5,CH,Changeup,1.4,6,0.0,0.0,0.0,0.0,-1.1,BASEBALL_SAVANT_CURRENT_SEASON,2026-08-20T23:43:02.137578+00:00,SAVANT_ARSENAL_SCHEMA_V1,CURRENT
607200,"Fedde, Erick",2026.0,498.0,82.0,16.5,8.4,18.2,42.3,0.329,0.257,0.434,39.6,7.6,72.5,29.9,15.0,36.1,FF,4-Seam Fastball,1.4,27,0.0,0.0,0.0,0.0,-2.3,BASEBALL_SAVANT_CURRENT_SEASON,2026-08-20T23:43:02.137578+00:00,SAVANT_ARSENAL_SCHEMA_V1,CURRENT
608371,"Sims, Lucas",2026.0,46.0,10.0,21.7,15.2,21.6,43.3,0.33,0.22,0.356,39.3,7.1,71.3,20.6,0.0,28.0,SI,Sinker,0.6,1,,0.0,0.0,0.0,32.7,BASEBALL_SAVANT_CURRENT_SEASON,2026-08-20T23:43:02.137578+00:00,SAVANT_ARSENAL_SCHEMA_V1,CURRENT
814305,"Tur, Yunior",2026.0,34.0,6.0,17.6,11.8,37.3,49.2,0.55,0.379,0.874,34.8,27.3,72.3,24.5,2.0,34.3,ST,Sweeper,1.7,2,,1.0,4.0,2.0,-65.8,BASEBALL_SAVANT_CURRENT_SEASON,2026-08-20T23:43:02.137578+00:00,SAVANT_ARSENAL_SCHEMA_V1,CURRENT
699151,"Paez, Jedixson",2026.0,16.0,0.0,0.0,18.8,16.7,46.2,0.492,0.352,0.786,46.2,23.1,73.7,41.4,0.0,50.0,FC,Cutter,16.9,11,,0.0,0.0,0.0,1.4,BASEBALL_SAVANT_CURRENT_SEASON,2026-08-20T23:43:02.137578+00:00,SAVANT_ARSENAL_SCHEMA_V1,CURRENT
701474,"Davitt, Duncan",2026.0,8.0,1.0,12.5,12.5,7.7,46.4,0.448,0.357,0.614,83.3,16.7,71.4,16.7,0.0,45.5,ST,Sweeper,10.7,3,0.0,0.0,0.0,0.0,5.9,BASEBALL_SAVANT_CURRENT_SEASON,2026-08-20T23:43:02.137578+00:00,SAVANT_ARSENAL_SCHEMA_V1,CURRENT
681544,"Olds, Wyatt",2026.0,6.0,3.0,50.0,0.0,46.2,56.5,0.2,0.223,0.231,0.0,0.0,70.0,16.7,0.0,14.3,FF,4-Seam Fastball,47.8,11,,1.0,1.0,0.9,-2.3,BASEBALL_SAVANT_CURRENT_SEASON,2026-08-20T23:43:02.137578+00:00,SAVANT_ARSENAL_SCHEMA_V1,CURRENT
669060,"Wilson, Bryse",2026.0,124.0,25.0,20.2,1.6,17.8,54.3,0.314,0.288,0.412,46.3,3.2,71.6,23.6,2.0,35.0,CH,Changeup,0.4,2,100.0,0.0,0.0,0.0,9.6,BASEBALL_SAVANT_CURRENT_SEASON,2026-08-20T23:43:02.137578+00:00,SAVANT_ARSENAL_SCHEMA_V1,CURRENT
434378,"Verlander, Justin",2026.0,19.0,1.0,5.3,10.5,15.4,48.8,0.474,0.365,0.69,56.3,12.5,71.6,24.3,0.0,37.5,CH,Changeup,10.0,8,0.0,0.0,0.0,0.0,4.5,BASEBALL_SAVANT_CURRENT_SEASON,2026-08-20T23:43:02.137578+00:00,SAVANT_ARSENAL_SCHEMA_V1,CURRENT
686747,"La Sorsa, Joe",2026.0,,,,,,,,,,,,,,,,SI,Sinker,25.0,2,,1.0,4.0,2.0,-84.9,BASEBALL_SAVANT_CURRENT_SEASON,2026-08-20T23:43:02.137578+00:00,SAVANT_ARSENAL_SCHEMA_V1,CURRENT
669270,"Kuhnel, Joel",2026.0,157.0,22.0,14.0,7.6,22.6,47.2,0.355,0.297,0.441,39.5,6.0,72.3,26.2,6.0,36.2,SL,Slider,1.4,8,16.7,0.0,0.0,0.0,0.5,BASEBALL_SAVANT_CURRENT_SEASON,2026-08-20T23:43:02.137578+00:00,SAVANT_ARSENAL_SCHEMA_V1,CURRENT
669084,"Hall, DL",2026.0,162.0,41.0,25.3,17.3,27.8,39.9,0.292,0.195,0.28,31.5,5.5,70.9,20.8,5.0,31.8,FC,Cutter,0.4,3,,,,0.7,-10.3,BASEBALL_SAVANT_CURRENT_SEASON,2026-08-20T23:43:02.137578+00:00,SAVANT_ARSENAL_SCHEMA_V1,CURRENT
695049,"Kerry, Brett",2026.0,54.0,12.0,22.2,3.7,26.7,49.5,0.27,0.231,0.361,42.5,5.0,72.7,33.7,2.0,36.4,ST,Sweeper,1.4,3,0.0,1.0,2.0,1.25,-24.0,BASEBALL_SAVANT_CURRENT_SEASON,2026-08-20T23:43:02.137578+00:00,SAVANT_ARSENAL_SCHEMA_V1,CURRENT
815081,"Manfredi, Mark",2026.0,6.0,2.0,33.3,16.7,28.6,36.8,0.242,0.148,0.19,0.0,0.0,70.9,0.0,0.0,40.0,CH,Changeup,5.3,1,,0.0,0.0,0.0,25.4,BASEBALL_SAVANT_CURRENT_SEASON,2026-08-20T23:43:02.137578+00:00,SAVANT_ARSENAL_SCHEMA_V1,CURRENT
676620,"Weiman, Blake",2026.0,24.0,5.0,20.8,0.0,21.4,44.2,0.238,0.238,0.309,21.1,5.3,73.3,45.7,1.0,37.0,CH,Changeup,5.3,5,0.0,0.0,0.0,0.0,2.4,BASEBALL_SAVANT_CURRENT_SEASON,2026-08-20T23:43:02.137578+00:00,SAVANT_ARSENAL_SCHEMA_V1,CURRENT
665660,"Alvarado, Elvis",2026.0,164.0,48.0,29.3,11.6,32.0,51.3,0.336,0.208,0.447,49.5,16.8,72.3,28.1,2.0,29.1,CH,Changeup,0.1,1,0.0,0.0,0.0,0.0,18.2,BASEBALL_SAVANT_CURRENT_SEASON,2026-08-20T23:43:02.137578+00:00,SAVANT_ARSENAL_SCHEMA_V1,CURRENT
624522,"Thompson, Keegan",2026.0,57.0,11.0,19.3,3.5,21.6,49.7,0.407,0.343,0.623,50.0,13.6,72.7,35.3,2.0,45.6,CH,Changeup,6.7,13,0.0,0.0,0.0,0.0,0.4,BASEBALL_SAVANT_CURRENT_SEASON,2026-08-20T23:43:02.137578+00:00,SAVANT_ARSENAL_SCHEMA_V1,CURRENT
664731,"Higgins, P.J.",2026.0,3.0,1.0,33.3,0.0,40.0,50.0,0.034,0.03,0.045,0.0,0.0,72.5,40.0,0.0,33.3,SL,Slider,10.0,1,,0.0,0.0,0.0,24.5,BASEBALL_SAVANT_CURRENT_SEASON,2026-08-20T23:43:02.137578+00:00,SAVANT_ARSENAL_SCHEMA_V1,CURRENT
695380,"Hoppe, Alex",2026.0,144.0,39.0,27.1,9.0,28.1,46.3,0.292,0.243,0.335,40.7,3.3,72.2,25.9,14.0,35.6,CH,Changeup,1.1,6,,1.0,1.0,0.9,-7.4,BASEBALL_SAVANT_CURRENT_SEASON,2026-08-20T23:43:02.137578+00:00,SAVANT_ARSENAL_SCHEMA_V1,CURRENT
