"last_name, first_name",player_id,team_name_alt,pitch_type,pitch_name,run_value_per_100,run_value,pitches,pitch_usage,pa,ba,slg,woba,whiff_percent,k_percent,put_away,est_ba,est_slg,est_woba,hard_hit_percent
"Gausman, Kevin",592332,CHC,FF,4-Seam Fastball,0.5,7,1228,50.8,337,0.304,0.464,0.358,15.9,19.0,18.5,0.286,0.47,0.351,46.4
"Misiorowski, Jacob",694819,MIL,FF,4-Seam Fastball,1.7,23,1331,63.9,309,0.175,0.275,0.25,41.6,45.6,34.5,0.16,0.246,0.222,38.6
"Abbott, Andrew",671096,CIN,FF,4-Seam Fastball,-0.3,-3,1079,44.9,305,0.249,0.418,0.374,11.9,13.4,12.3,0.294,0.492,0.4,47.6
"Singer, Brady",663903,CIN,SI,Sinker,-0.3,-3,1056,48.7,305,0.279,0.442,0.364,16.8,18.7,19.5,0.279,0.44,0.356,44.8
"Sánchez, Cristopher",650911,PHI,SI,Sinker,0.0,1,1080,43.6,302,0.336,0.466,0.386,12.2,15.2,20.2,0.318,0.491,0.369,52.7
"Burns, Chase",695505,CIN,FF,4-Seam Fastball,0.6,8,1262,56.4,301,0.24,0.374,0.328,17.4,15.9,14.1,0.234,0.38,0.317,36.7
"Peralta, Freddy",642547,TB,FF,4-Seam Fastball,-0.4,-5,1251,53.5,295,0.282,0.471,0.377,22.1,18.0,16.5,0.259,0.416,0.34,50.2
"Bradley, Taj",671737,MIN,FF,4-Seam Fastball,0.4,4,1127,46.6,288,0.24,0.421,0.351,16.0,18.4,18.3,0.273,0.489,0.382,53.6
"Valdez, Framber",664285,DET,SI,Sinker,0.3,3,999,45.0,286,0.308,0.424,0.366,10.4,7.7,15.1,0.312,0.47,0.378,51.7
"Detmers, Reid",672282,LAA,FF,4-Seam Fastball,0.3,3,1056,45.7,274,0.226,0.407,0.307,22.1,21.5,17.2,0.24,0.429,0.32,48.7
"Gore, MacKenzie",669022,TEX,FF,4-Seam Fastball,1.0,11,1099,46.4,266,0.248,0.389,0.317,22.5,22.2,20.5,0.238,0.352,0.301,39.9
"Sánchez, Cristopher",650911,PHI,CH,Changeup,1.3,12,926,37.4,259,0.177,0.255,0.218,46.9,38.6,29.3,0.162,0.222,0.195,27.6
"Wrobleski, Justin",680736,LAD,FF,4-Seam Fastball,1.4,13,943,49.6,251,0.187,0.326,0.261,23.9,26.7,22.0,0.228,0.403,0.303,42.7
"Woo, Bryan",693433,SEA,FF,4-Seam Fastball,1.4,14,1000,47.2,245,0.233,0.37,0.289,25.8,22.9,17.2,0.242,0.406,0.305,44.2
"Schlittler, Cam",693645,NYY,FF,4-Seam Fastball,1.6,17,1056,44.3,241,0.184,0.305,0.244,34.4,39.8,27.0,0.178,0.311,0.237,45.8
"Skenes, Paul",694973,PIT,FF,4-Seam Fastball,1.1,11,978,41.5,241,0.204,0.356,0.284,30.3,33.2,26.0,0.198,0.347,0.277,46.4
"Chandler, Bubba",696149,PIT,FF,4-Seam Fastball,0.1,1,1014,48.9,239,0.223,0.371,0.335,22.3,19.7,15.4,0.235,0.405,0.343,39.5
"McLean, Nolan",690997,NYM,SI,Sinker,2.8,21,770,32.6,238,0.184,0.259,0.247,13.5,23.9,29.2,0.217,0.312,0.273,34.8
"Alcantara, Sandy",645261,MIA,SI,Sinker,1.7,12,719,27.0,237,0.26,0.33,0.301,11.3,14.3,17.1,0.256,0.335,0.293,36.6
"Burke, Sean",680732,CWS,FF,4-Seam Fastball,1.5,12,841,37.3,237,0.17,0.311,0.25,26.4,34.6,21.6,0.183,0.34,0.266,33.8
"Bradish, Kyle",680694,BAL,SI,Sinker,1.0,8,776,35.2,234,0.236,0.315,0.292,10.3,21.4,21.6,0.229,0.348,0.301,38.2
"Messick, Parker",800048,CLE,FF,4-Seam Fastball,2.6,24,902,39.1,234,0.155,0.249,0.219,28.0,35.0,27.1,0.168,0.258,0.226,32.3
"Pérez, Eury",691587,MIA,FF,4-Seam Fastball,1.2,9,775,38.9,232,0.185,0.328,0.298,23.4,29.7,24.3,0.188,0.347,0.302,45.2
"Harrison, Kyle",690986,MIL,FF,4-Seam Fastball,1.0,10,979,57.8,229,0.232,0.401,0.311,29.9,33.6,23.2,0.218,0.362,0.291,42.3
"Burns, Chase",695505,CIN,SL,Slider,1.9,16,860,38.4,227,0.144,0.247,0.201,51.8,47.6,32.0,0.149,0.242,0.195,38.9
"Imanaga, Shota",684007,CHC,FF,4-Seam Fastball,0.5,4,930,41.2,227,0.236,0.453,0.317,20.4,21.1,18.5,0.234,0.451,0.315,43.0
"Baz, Shane",669358,BAL,CU,Curveball,-0.6,-5,779,32.8,227,0.29,0.411,0.322,30.7,30.4,21.4,0.233,0.357,0.271,45.0
"Gausman, Kevin",592332,CHC,FS,Split-Finger,0.2,2,930,38.5,227,0.194,0.289,0.245,41.4,30.4,18.6,0.196,0.279,0.236,23.6
"Springs, Jeffrey",605488,ATH,FF,4-Seam Fastball,-1.8,-16,863,44.0,226,0.286,0.534,0.402,15.2,16.4,14.0,0.269,0.493,0.378,41.9
"Eovaldi, Nathan",543135,TEX,FS,Split-Finger,1.4,10,737,36.7,226,0.196,0.354,0.267,33.6,28.8,26.0,0.231,0.364,0.287,47.6
"Ryan, Joe",657746,MIN,FF,4-Seam Fastball,0.4,4,953,45.6,226,0.243,0.456,0.336,26.2,25.2,18.7,0.233,0.426,0.314,46.7
"Houser, Adrian",605288,SF,SI,Sinker,0.2,2,781,45.8,226,0.291,0.454,0.371,9.1,6.6,10.8,0.311,0.508,0.389,44.1
"Rea, Colin",607067,CHC,FF,4-Seam Fastball,-0.3,-3,861,42.5,221,0.299,0.485,0.373,14.1,13.6,12.4,0.293,0.521,0.381,44.6
"Cease, Dylan",656302,TOR,FF,4-Seam Fastball,1.2,10,865,36.9,221,0.202,0.301,0.293,28.4,34.8,24.6,0.183,0.273,0.281,40.2
"Castillo, Luis",622491,CWS,FF,4-Seam Fastball,-0.8,-7,870,42.6,221,0.255,0.495,0.369,27.9,24.0,16.2,0.251,0.443,0.343,46.1
"Rogers, Trevor",669432,BAL,FF,4-Seam Fastball,0.6,6,934,45.5,220,0.245,0.444,0.343,23.9,21.4,17.0,0.243,0.442,0.33,43.7
"Rodriguez, Eduardo",593958,AZ,FF,4-Seam Fastball,1.5,14,938,39.6,217,0.193,0.335,0.272,20.8,25.8,17.5,0.238,0.446,0.327,40.4
"Tolle, Payton",801139,BOS,FF,4-Seam Fastball,0.5,4,830,45.8,217,0.195,0.359,0.29,28.4,32.3,24.5,0.182,0.309,0.255,34.6
"Hancock, Emerson",676106,SEA,FF,4-Seam Fastball,1.9,15,786,39.2,215,0.205,0.355,0.28,23.4,26.5,20.4,0.241,0.453,0.322,48.3
"Nelson, Ryne",669194,AZ,FF,4-Seam Fastball,0.3,2,734,56.8,214,0.23,0.434,0.322,19.8,17.8,15.4,0.263,0.506,0.357,46.2
"Luzardo, Jesús",666200,PHI,ST,Sweeper,2.0,19,931,38.2,214,0.117,0.173,0.171,48.8,52.8,30.7,0.131,0.191,0.183,26.2
"Sasaki, Roki",808963,LAD,FF,4-Seam Fastball,-1.5,-12,832,41.9,214,0.319,0.593,0.433,20.0,15.9,16.6,0.308,0.527,0.408,58.8
"King, Michael",650633,SD,CH,Changeup,1.2,8,665,27.6,213,0.205,0.287,0.253,27.4,16.0,16.3,0.235,0.365,0.293,24.1
"Sale, Chris",519242,ATL,SL,Slider,1.2,10,819,39.4,213,0.193,0.249,0.24,37.6,43.2,26.2,0.183,0.251,0.225,18.1
"Nola, Aaron",605400,PHI,CU,Curveball,1.3,10,784,33.1,211,0.173,0.33,0.252,43.3,41.2,28.5,0.173,0.284,0.223,29.5
"Gilbert, Logan",669302,SEA,FF,4-Seam Fastball,1.0,9,923,39.2,211,0.23,0.476,0.336,23.2,17.5,17.9,0.265,0.503,0.36,49.7
"Sale, Chris",519242,ATL,FF,4-Seam Fastball,1.1,9,855,41.2,210,0.221,0.358,0.293,26.1,30.0,21.4,0.23,0.38,0.303,45.3
"Imanaga, Shota",684007,CHC,FS,Split-Finger,0.8,6,741,32.8,210,0.202,0.36,0.263,41.8,32.9,23.9,0.204,0.324,0.242,24.6
"deGrom, Jacob",594798,TEX,SL,Slider,2.1,16,737,36.4,207,0.171,0.238,0.212,40.2,33.3,22.8,0.203,0.289,0.242,38.1
"Ginn, J.T.",669372,ATH,SI,Sinker,1.4,10,717,35.7,204,0.218,0.31,0.297,22.3,24.5,28.6,0.239,0.345,0.309,35.9
"Detmers, Reid",672282,LAA,SL,Slider,1.9,14,743,32.2,203,0.176,0.245,0.223,36.1,39.9,26.7,0.173,0.248,0.218,26.9
"Griffin, Foster",656492,CLE,FC,Cutter,1.6,12,749,32.2,202,0.218,0.41,0.296,20.7,14.9,16.9,0.256,0.449,0.323,38.8
"Ray, Robbie",592662,SD,FF,4-Seam Fastball,-0.2,-2,765,32.9,202,0.233,0.466,0.366,20.6,22.3,16.6,0.232,0.485,0.375,41.3
"Flaherty, Jack",656427,DET,FF,4-Seam Fastball,0.4,3,806,49.2,201,0.224,0.388,0.324,21.0,26.4,20.9,0.235,0.403,0.332,53.3
"Rocker, Kumar",677958,TEX,SL,Slider,0.7,5,777,38.3,200,0.197,0.33,0.247,40.6,38.5,25.1,0.183,0.294,0.228,35.4
"Fedde, Erick",607200,CWS,ST,Sweeper,0.8,6,719,36.8,200,0.217,0.389,0.299,21.5,18.0,15.2,0.219,0.388,0.297,30.1
"deGrom, Jacob",594798,TEX,FF,4-Seam Fastball,-0.2,-2,856,42.3,200,0.283,0.538,0.375,25.1,26.0,22.4,0.27,0.534,0.368,56.1
"Holmes, Grant",656550,ATL,SL,Slider,0.1,1,677,36.1,197,0.223,0.397,0.302,38.9,31.5,23.8,0.23,0.387,0.299,39.0
"Young, Brandon",687064,BAL,FF,4-Seam Fastball,1.4,10,764,40.2,197,0.218,0.374,0.302,21.8,15.7,13.1,0.248,0.428,0.336,41.3
"Manaea, Sean",640455,NYM,FF,4-Seam Fastball,0.8,6,731,38.6,196,0.21,0.409,0.3,22.9,27.6,20.1,0.232,0.433,0.319,51.6
"Rodriguez, Eduardo",593958,AZ,CH,Changeup,0.7,5,621,26.2,194,0.211,0.343,0.281,25.5,14.9,14.1,0.236,0.362,0.294,24.8
"Baz, Shane",669358,BAL,FF,4-Seam Fastball,0.1,1,817,34.4,192,0.239,0.387,0.318,17.3,21.9,18.6,0.238,0.408,0.326,45.7
"Yesavage, Trey",702056,TOR,FF,4-Seam Fastball,1.1,8,722,46.6,192,0.198,0.358,0.307,20.1,18.2,18.8,0.217,0.37,0.312,40.0
"Warren, Will",701542,NYY,FF,4-Seam Fastball,-0.2,-1,771,36.8,191,0.231,0.479,0.335,21.7,27.2,21.2,0.221,0.435,0.317,47.5
"McDonald, Trevor",686790,SF,SI,Sinker,1.0,6,655,57.6,190,0.286,0.363,0.347,9.9,12.1,16.8,0.26,0.35,0.312,40.4
"Mahle, Tyler",641816,ATL,FF,4-Seam Fastball,0.7,6,887,48.2,189,0.221,0.436,0.326,20.9,25.9,23.1,0.209,0.378,0.305,35.9
"Cavalli, Cade",676917,WSH,FF,4-Seam Fastball,-0.7,-6,772,33.0,189,0.294,0.482,0.371,22.1,24.3,19.4,0.255,0.456,0.339,46.4
"Sasaki, Roki",808963,LAD,FS,Split-Finger,0.5,3,723,36.4,188,0.17,0.33,0.244,35.4,29.3,18.9,0.205,0.324,0.253,32.8
"Webb, Logan",657277,SF,SI,Sinker,2.3,13,594,28.8,187,0.226,0.351,0.299,10.5,8.6,16.8,0.289,0.437,0.351,52.0
"Cease, Dylan",656302,TOR,SL,Slider,3.3,23,695,29.6,187,0.124,0.182,0.186,43.8,41.2,27.1,0.159,0.216,0.206,23.2
"Roupp, Landen",694738,SF,SI,Sinker,0.0,0,782,34.3,187,0.261,0.464,0.394,8.8,11.2,15.8,0.283,0.484,0.393,38.3
"Rocker, Kumar",677958,TEX,SI,Sinker,-0.7,-4,602,29.7,186,0.314,0.472,0.411,8.8,5.4,10.8,0.3,0.463,0.381,44.3
"Pallante, Andre",669467,STL,FF,4-Seam Fastball,0.9,6,704,32.0,186,0.286,0.399,0.345,14.0,8.1,11.5,0.28,0.408,0.336,40.5
"Martinez, Nick",607259,TB,SI,Sinker,0.6,4,609,30.7,186,0.286,0.417,0.319,8.2,15.1,18.4,0.305,0.493,0.354,38.7
"Soriano, José",667755,TOR,SI,Sinker,0.7,4,647,27.9,182,0.265,0.316,0.33,21.2,11.0,16.3,0.298,0.421,0.371,50.0
"Bello, Brayan",678394,BOS,SI,Sinker,0.7,4,588,41.2,181,0.3,0.388,0.344,14.8,13.3,19.7,0.314,0.444,0.366,50.4
"Rogers, Tyler",643511,TOR,SI,Sinker,2.4,16,639,77.3,180,0.218,0.255,0.262,12.3,10.0,11.2,0.235,0.302,0.272,30.4
"Peterson, David",656849,CHC,SI,Sinker,0.0,0,557,30.1,180,0.286,0.435,0.382,13.7,6.7,15.4,0.339,0.517,0.426,52.9
"Lauer, Eric",641778,LAD,FF,4-Seam Fastball,-0.5,-3,713,41.9,180,0.234,0.532,0.359,20.6,21.7,16.3,0.261,0.553,0.376,44.3
"Wacha, Michael",608379,KC,CH,Changeup,1.6,9,577,24.7,179,0.194,0.318,0.255,27.9,26.3,20.5,0.191,0.28,0.225,26.6
"Cantillo, Joey",676282,CLE,FF,4-Seam Fastball,-1.3,-10,741,34.1,178,0.3,0.533,0.405,16.0,15.7,16.8,0.261,0.489,0.374,54.5
"Alcantara, Sandy",645261,MIA,CH,Changeup,0.0,0,542,20.3,178,0.228,0.353,0.296,29.0,20.2,21.3,0.246,0.333,0.271,29.3
"Meyer, Max",676974,MIA,ST,Sweeper,0.9,5,537,30.0,177,0.199,0.267,0.245,35.7,39.0,27.5,0.202,0.301,0.257,39.4
"López, Reynaldo",625643,ATL,FF,4-Seam Fastball,1.0,7,672,54.8,177,0.281,0.444,0.354,15.9,19.8,21.5,0.279,0.464,0.354,40.8
"Ureña, Walbert",700712,LAA,CH,Changeup,2.3,14,633,32.7,177,0.155,0.226,0.242,35.8,27.7,23.4,0.147,0.213,0.223,22.6
"Liberatore, Matthew",669461,STL,FF,4-Seam Fastball,0.1,1,663,31.4,177,0.268,0.452,0.353,12.6,14.7,14.0,0.292,0.517,0.38,41.7
"Kelly, Merrill",518876,AZ,CH,Changeup,-0.6,-3,568,27.4,176,0.241,0.354,0.302,31.3,23.3,19.9,0.305,0.472,0.372,39.5
"Elder, Bryce",693821,ATL,SI,Sinker,1.0,6,574,27.8,175,0.223,0.357,0.307,12.6,22.3,28.5,0.246,0.38,0.308,45.4
"Ashcraft, Braxton",677952,PIT,FF,4-Seam Fastball,-0.9,-6,688,31.5,174,0.299,0.58,0.395,17.8,20.1,21.9,0.236,0.455,0.325,45.2
"Blubaugh, AJ",805123,HOU,FF,4-Seam Fastball,0.5,3,680,51.1,173,0.204,0.422,0.326,23.4,23.7,18.9,0.228,0.428,0.337,42.6
"Kirby, George",669923,SEA,FF,4-Seam Fastball,0.2,1,604,28.7,173,0.259,0.444,0.326,22.3,17.9,15.6,0.259,0.462,0.331,41.2
"Jump, Gage",695611,ATH,FF,4-Seam Fastball,-0.5,-3,637,46.9,172,0.279,0.49,0.381,22.3,26.2,21.7,0.248,0.412,0.342,44.1
"Cole, Gerrit",543037,NYY,FF,4-Seam Fastball,1.8,12,638,48.9,170,0.185,0.318,0.251,22.4,33.5,26.3,0.213,0.344,0.272,45.0
"Boyd, Matthew",571510,CHC,FF,4-Seam Fastball,-0.7,-4,614,46.1,169,0.28,0.467,0.368,14.2,11.8,12.0,0.298,0.531,0.391,52.3
"Okert, Steven",595345,HOU,SL,Slider,1.9,12,647,67.0,169,0.168,0.297,0.235,35.4,28.4,21.4,0.18,0.325,0.244,27.9
"Rasmussen, Drew",656876,TB,FC,Cutter,0.6,4,605,29.1,169,0.228,0.373,0.293,25.2,18.9,17.6,0.255,0.387,0.299,29.9
"Kirby, George",669923,SEA,ST,Sweeper,0.1,0,625,29.7,169,0.247,0.395,0.289,26.1,28.4,20.4,0.225,0.337,0.26,33.3
"Hill, Tim",657612,NYY,SI,Sinker,0.8,4,560,82.1,168,0.237,0.378,0.305,10.0,7.1,9.0,0.271,0.41,0.316,43.2
"Cantillo, Joey",676282,CLE,CU,Curveball,0.8,5,639,29.4,168,0.2,0.239,0.26,38.0,36.9,27.2,0.181,0.237,0.221,34.4
"Williams, Gavin",668909,CLE,ST,Sweeper,0.9,6,670,28.8,168,0.167,0.321,0.241,42.1,44.0,25.4,0.17,0.286,0.23,31.7
"Scott, Christian",681035,NYM,FF,4-Seam Fastball,-0.3,-2,740,48.3,167,0.239,0.423,0.344,28.0,31.1,21.8,0.228,0.394,0.33,45.6
"Ohtani, Shohei",660271,LAD,FF,4-Seam Fastball,1.7,10,602,45.1,166,0.193,0.307,0.263,26.9,25.3,26.9,0.2,0.311,0.262,39.4
"King, Michael",650633,SD,SI,Sinker,-0.4,-3,677,28.1,166,0.264,0.507,0.383,16.7,18.7,18.6,0.285,0.504,0.389,43.2
"Schlittler, Cam",693645,NYY,FC,Cutter,0.3,2,615,25.8,165,0.225,0.411,0.312,24.0,24.2,23.8,0.239,0.385,0.299,37.2
"Assad, Javier",665871,CHC,SI,Sinker,1.5,8,551,42.2,165,0.236,0.351,0.295,8.3,14.5,17.3,0.269,0.405,0.329,51.6
"Ferrer, José A.",678606,SEA,SI,Sinker,0.3,2,591,71.0,165,0.289,0.45,0.366,12.7,13.9,16.9,0.26,0.416,0.327,38.6
"Pallante, Andre",669467,STL,SL,Slider,2.0,13,653,29.6,164,0.203,0.314,0.267,31.5,26.8,20.5,0.218,0.343,0.271,34.9
"Pérez, Martín",527048,ATL,SI,Sinker,0.8,5,599,34.8,163,0.257,0.336,0.333,8.4,13.5,15.7,0.277,0.397,0.349,45.8
"Yamamoto, Yoshinobu",808967,LAD,FS,Split-Finger,0.5,3,577,26.7,162,0.172,0.299,0.216,32.1,24.7,16.9,0.198,0.262,0.215,33.3
"Martinez, Nick",607259,TB,CH,Changeup,1.6,9,543,27.4,162,0.161,0.271,0.204,32.2,22.8,19.2,0.207,0.295,0.234,22.7
"Warren, Will",701542,NYY,SI,Sinker,-1.0,-5,553,26.4,161,0.298,0.426,0.377,18.6,18.6,21.9,0.301,0.419,0.357,48.2
"Richards, Trevor",670950,CWS,FF,4-Seam Fastball,1.1,6,565,62.8,160,0.255,0.462,0.341,13.8,17.5,19.3,0.255,0.45,0.334,42.0
"Bazardo, Eduard",660825,SEA,SI,Sinker,0.3,2,576,63.2,160,0.28,0.413,0.331,14.7,22.5,20.8,0.269,0.419,0.324,43.4
"Gilbert, Logan",669302,SEA,SL,Slider,1.4,8,586,24.9,160,0.207,0.386,0.276,35.2,26.9,23.5,0.254,0.418,0.31,44.9
"Messick, Parker",800048,CLE,CH,Changeup,0.0,0,539,23.4,160,0.232,0.344,0.27,35.0,33.8,20.8,0.205,0.256,0.224,24.2
"Harris, Hogan",663687,ATH,FF,4-Seam Fastball,0.4,3,641,59.5,160,0.246,0.354,0.344,23.5,27.5,21.8,0.219,0.333,0.32,34.5
"Hudson, Bryan",663542,CWS,FF,4-Seam Fastball,0.6,3,578,67.3,159,0.239,0.341,0.3,23.7,24.5,22.0,0.228,0.342,0.285,37.1
"Mahle, Tyler",641816,ATL,FS,Split-Finger,-0.2,-1,495,26.9,158,0.243,0.365,0.286,27.4,26.6,19.5,0.256,0.407,0.306,37.4
"Luzardo, Jesús",666200,PHI,FF,4-Seam Fastball,-0.3,-2,613,25.1,158,0.295,0.439,0.355,16.9,23.4,17.1,0.239,0.351,0.303,31.4
"Wacha, Michael",608379,KC,FF,4-Seam Fastball,0.4,3,630,26.9,158,0.236,0.385,0.305,19.6,19.0,15.3,0.28,0.492,0.351,42.4
"Gallen, Zac",668678,AZ,FF,4-Seam Fastball,-1.1,-6,605,37.0,158,0.331,0.545,0.405,6.6,11.4,13.1,0.354,0.649,0.44,48.8
"Fedde, Erick",607200,CWS,SI,Sinker,-0.6,-4,593,30.4,157,0.29,0.449,0.366,12.8,15.9,16.3,0.286,0.446,0.356,48.2
"Ober, Bailey",641927,MIN,CH,Changeup,-1.4,-8,558,34.2,157,0.276,0.455,0.348,22.0,15.3,13.4,0.285,0.498,0.362,33.9
"Bibee, Tanner",676440,CLE,SI,Sinker,0.6,3,534,22.8,156,0.279,0.421,0.353,14.7,16.0,20.7,0.292,0.45,0.358,45.2
"Elder, Bryce",693821,ATL,SL,Slider,-1.2,-6,488,23.7,156,0.243,0.472,0.344,29.7,25.0,22.7,0.235,0.42,0.311,42.9
"Montero, Keider",672456,DET,FF,4-Seam Fastball,1.8,11,586,30.4,156,0.197,0.317,0.264,14.2,14.7,14.0,0.228,0.413,0.31,42.9
"Bradley, Taj",671737,MIN,FC,Cutter,1.4,8,582,24.1,156,0.17,0.27,0.238,35.2,32.7,25.4,0.155,0.239,0.22,30.0
"Pérez, Martín",527048,ATL,CH,Changeup,0.8,4,521,30.3,156,0.155,0.296,0.236,34.2,23.1,18.8,0.23,0.348,0.286,23.9
"McClanahan, Shane",663556,TB,FF,4-Seam Fastball,0.4,3,606,37.8,155,0.256,0.406,0.349,18.6,13.5,15.6,0.287,0.501,0.387,49.1
"Imai, Tatsuya",837227,HOU,SL,Slider,0.7,4,562,45.3,155,0.175,0.336,0.272,40.6,38.7,27.5,0.189,0.325,0.274,41.6
"Lambert, Peter",663567,HOU,FF,4-Seam Fastball,0.3,2,619,31.2,154,0.194,0.381,0.288,26.3,29.9,23.0,0.207,0.437,0.313,46.2
"Cavalli, Cade",676917,WSH,CU,Curveball,0.8,5,626,26.7,154,0.199,0.255,0.249,39.1,39.0,28.3,0.206,0.271,0.243,31.3
"Wheeler, Zack",554430,PHI,FF,4-Seam Fastball,0.7,5,679,34.9,153,0.197,0.431,0.314,29.2,32.0,22.6,0.184,0.343,0.272,48.9
"Smith, Cade",671922,CLE,FF,4-Seam Fastball,0.1,1,609,63.0,153,0.248,0.38,0.334,29.8,31.4,24.4,0.242,0.409,0.318,52.2
"Rodriguez, Grayson",680570,LAA,FF,4-Seam Fastball,-1.0,-6,588,53.1,153,0.29,0.542,0.392,15.1,15.7,13.3,0.304,0.534,0.399,55.0
"Wrobleski, Justin",680736,LAD,SL,Slider,-0.5,-2,528,27.8,152,0.224,0.399,0.308,19.6,17.1,13.9,0.272,0.468,0.338,51.7
"Ashcraft, Braxton",677952,PIT,CU,Curveball,1.8,10,573,26.2,152,0.137,0.237,0.198,39.3,45.4,27.2,0.165,0.277,0.228,37.5
"Mikolas, Miles",571945,WSH,SI,Sinker,-1.1,-5,436,23.9,152,0.308,0.559,0.384,9.7,10.5,16.5,0.314,0.549,0.381,42.6
"Fuentes, Didier",800311,ATL,FF,4-Seam Fastball,0.7,4,643,69.9,152,0.243,0.36,0.307,27.9,30.9,22.1,0.237,0.385,0.302,38.0
"Ureña, Walbert",700712,LAA,SI,Sinker,-0.6,-4,597,30.9,151,0.289,0.414,0.375,18.8,12.6,21.1,0.285,0.423,0.363,41.8
"Valdez, Framber",664285,DET,CU,Curveball,-0.4,-2,640,28.9,151,0.194,0.326,0.301,31.9,31.1,19.3,0.185,0.289,0.271,34.9
"Weathers, Ryan",677960,NYY,CH,Changeup,0.4,2,560,25.4,149,0.197,0.31,0.236,35.3,27.5,20.0,0.228,0.34,0.259,36.5
"Skubal, Tarik",669373,LAD,FF,4-Seam Fastball,0.5,3,604,35.1,149,0.237,0.417,0.312,24.4,28.2,21.1,0.25,0.416,0.306,40.4
"Sheehan, Emmet",686218,LAD,SL,Slider,0.6,3,510,30.0,149,0.231,0.448,0.309,38.1,33.6,27.0,0.198,0.352,0.267,33.0
"Roupp, Landen",694738,SF,CU,Curveball,0.9,5,603,26.4,149,0.2,0.285,0.269,34.6,35.6,24.9,0.183,0.246,0.242,19.0
"Ashby, Aaron",676879,MIL,SI,Sinker,-0.3,-2,646,52.4,148,0.315,0.441,0.413,16.5,12.2,17.5,0.281,0.405,0.348,45.5
"King, Bryan",687911,HOU,FF,4-Seam Fastball,0.5,2,501,57.3,148,0.236,0.378,0.316,19.0,20.9,16.9,0.221,0.352,0.3,41.4
"Schlittler, Cam",693645,NYY,SI,Sinker,1.8,8,476,20.0,147,0.17,0.244,0.236,17.0,25.2,24.2,0.202,0.302,0.257,32.7
"Patrick, Chad",694477,MIL,FC,Cutter,1.3,8,605,42.6,146,0.205,0.341,0.275,30.4,21.9,24.8,0.252,0.401,0.316,31.7
"Sheehan, Emmet",686218,LAD,FF,4-Seam Fastball,-1.2,-9,726,42.8,146,0.262,0.631,0.404,29.2,24.0,19.4,0.252,0.532,0.368,47.9
"Rasmussen, Drew",656876,TB,FF,4-Seam Fastball,0.7,4,609,29.3,145,0.223,0.377,0.303,27.2,32.4,21.2,0.217,0.354,0.29,34.9
"Williams, Gavin",668909,CLE,FF,4-Seam Fastball,0.9,5,595,25.5,145,0.178,0.287,0.252,30.6,36.6,24.0,0.211,0.369,0.293,42.9
"Miller, Bryce",682243,SEA,FF,4-Seam Fastball,0.6,3,554,40.7,145,0.248,0.436,0.323,21.4,22.1,20.5,0.228,0.388,0.296,36.3
"Webb, Logan",657277,SF,CH,Changeup,0.4,2,515,24.9,144,0.221,0.294,0.266,27.9,25.7,16.0,0.245,0.32,0.27,31.0
"Holmes, Grant",656550,ATL,FF,4-Seam Fastball,0.0,0,545,29.0,144,0.258,0.475,0.364,15.7,11.1,11.9,0.264,0.498,0.377,48.6
"Matthews, Zebby",805673,MIN,FF,4-Seam Fastball,0.0,0,583,37.1,144,0.285,0.472,0.385,12.9,13.9,12.3,0.287,0.471,0.378,42.7
"Holmes, Clay",605280,CHC,SI,Sinker,1.4,8,537,50.5,144,0.238,0.365,0.312,11.4,4.9,10.1,0.307,0.456,0.371,44.2
"Liberatore, Matthew",669461,STL,SL,Slider,-0.1,0,510,24.2,144,0.206,0.389,0.289,36.5,41.0,27.4,0.189,0.343,0.262,44.6
"Seymour, Ian",693855,TB,CH,Changeup,1.5,7,479,30.8,143,0.169,0.265,0.214,39.3,36.4,25.6,0.201,0.303,0.237,34.9
"Lowder, Rhett",695076,CIN,SI,Sinker,0.4,2,496,29.1,143,0.295,0.459,0.392,8.1,10.5,14.6,0.317,0.549,0.415,45.4
"Anderson, Drew",623454,DET,FF,4-Seam Fastball,1.9,10,505,39.7,143,0.2,0.283,0.291,20.0,21.0,19.5,0.211,0.321,0.298,34.8
"Hancock, Emerson",676106,SEA,SI,Sinker,1.1,5,474,23.6,143,0.32,0.43,0.364,11.9,6.3,13.0,0.326,0.465,0.374,46.7
"Keller, Mitch",656605,PIT,FF,4-Seam Fastball,1.4,9,603,32.0,142,0.234,0.32,0.289,16.9,12.0,11.4,0.303,0.463,0.365,49.5
"Junk, Janson",676083,MIA,FF,4-Seam Fastball,0.1,0,529,35.6,141,0.281,0.397,0.362,11.0,22.7,18.6,0.246,0.367,0.323,42.2
"Fisher, Braydon",680755,TOR,SL,Slider,0.4,2,512,50.4,141,0.217,0.375,0.307,29.6,19.9,19.2,0.223,0.352,0.3,35.1
"Headrick, Brent",687396,NYY,FF,4-Seam Fastball,2.3,11,489,48.5,140,0.202,0.29,0.268,23.6,29.3,25.8,0.211,0.356,0.291,44.0
"Lugo, Seth",607625,KC,SI,Sinker,0.9,4,466,19.9,140,0.27,0.443,0.353,13.2,10.7,18.1,0.321,0.528,0.398,50.5
"Vásquez, Randy",681190,SD,FF,4-Seam Fastball,1.1,6,566,31.2,139,0.234,0.344,0.284,19.7,17.3,11.5,0.267,0.427,0.327,43.4
"Bibee, Tanner",676440,CLE,FC,Cutter,1.0,6,573,24.5,139,0.195,0.43,0.286,31.2,22.3,18.5,0.252,0.471,0.335,39.0
"Lorenzen, Michael",547179,COL,SI,Sinker,-2.4,-11,439,20.1,139,0.429,0.571,0.501,9.1,5.8,9.8,0.336,0.521,0.414,46.8
"Littell, Zack",641793,AZ,SL,Slider,0.6,3,540,28.2,139,0.241,0.405,0.325,19.2,11.5,16.2,0.296,0.514,0.387,44.3
"Martin, Davis",663436,CWS,FF,4-Seam Fastball,-0.2,-1,542,27.1,139,0.281,0.355,0.328,24.9,23.7,18.8,0.25,0.375,0.312,35.2
"O'Brien, Riley",676617,STL,SI,Sinker,1.5,7,507,60.4,139,0.244,0.309,0.303,18.2,18.7,19.8,0.273,0.392,0.33,38.4
"Miles, Spencer",693686,TOR,SI,Sinker,3.1,16,519,42.3,139,0.203,0.258,0.242,14.2,15.8,19.6,0.244,0.351,0.291,37.7
"Ashcraft, Braxton",677952,PIT,SL,Slider,-0.1,0,492,22.5,139,0.256,0.419,0.333,29.9,29.5,24.8,0.234,0.355,0.281,38.2
"Lopez, Jacob",682052,ATH,SL,Slider,0.0,0,527,33.0,137,0.212,0.339,0.302,29.1,26.3,18.4,0.164,0.245,0.242,23.8
"Peralta, Freddy",642547,TB,CH,Changeup,-0.6,-3,505,21.6,137,0.258,0.403,0.334,28.1,21.2,17.3,0.232,0.345,0.288,24.0
"Gordon, Tanner",685299,COL,FF,4-Seam Fastball,-0.2,-1,473,42.6,137,0.299,0.488,0.355,24.3,24.1,21.7,0.27,0.494,0.34,55.1
"Bibee, Tanner",676440,CLE,FF,4-Seam Fastball,0.5,2,529,22.6,137,0.258,0.375,0.304,16.7,14.6,13.4,0.26,0.427,0.315,45.9
"Manaea, Sean",640455,NYM,ST,Sweeper,-2.0,-11,585,30.9,136,0.25,0.448,0.361,31.6,30.9,19.8,0.2,0.306,0.28,24.7
"Civale, Aaron",650644,CHC,FC,Cutter,0.9,5,565,36.1,136,0.285,0.447,0.346,26.3,20.6,19.7,0.226,0.376,0.293,40.2
"Littell, Zack",641793,AZ,FF,4-Seam Fastball,-2.9,-15,499,26.1,136,0.325,0.675,0.466,14.9,17.6,15.3,0.305,0.593,0.425,52.7
"Cantillo, Joey",676282,CLE,CH,Changeup,0.0,0,556,25.6,136,0.205,0.359,0.289,40.9,33.1,24.6,0.189,0.281,0.261,22.7
"Ober, Bailey",641927,MIN,FF,4-Seam Fastball,0.0,0,530,32.5,136,0.28,0.536,0.373,14.5,12.5,13.7,0.252,0.492,0.346,40.7
"McClanahan, Shane",663556,TB,CH,Changeup,1.9,9,466,29.1,136,0.147,0.194,0.204,38.4,36.0,25.8,0.182,0.275,0.222,33.8
"Arrighetti, Spencer",681293,HOU,CU,Curveball,-0.2,-1,507,33.7,135,0.182,0.236,0.279,38.7,35.6,26.7,0.182,0.244,0.28,22.6
"Soriano, José",667755,TOR,FF,4-Seam Fastball,-0.1,-1,536,23.1,135,0.243,0.477,0.37,20.2,19.3,15.6,0.25,0.506,0.381,34.5
"Mayza, Tim",641835,PHI,SI,Sinker,2.2,11,518,57.8,135,0.242,0.331,0.284,19.8,20.0,22.9,0.235,0.333,0.274,44.4
"Taylor, Grant",691799,CWS,FF,4-Seam Fastball,1.3,6,495,46.9,135,0.203,0.339,0.294,28.4,33.3,26.2,0.2,0.295,0.27,49.3
"Kelly, Merrill",518876,AZ,FF,4-Seam Fastball,-1.7,-10,570,27.5,135,0.318,0.691,0.467,13.0,7.4,9.0,0.332,0.747,0.491,52.0
"Petersen, Michael",656848,MIA,FF,4-Seam Fastball,1.7,9,533,60.2,135,0.164,0.31,0.271,26.7,31.1,21.3,0.187,0.391,0.308,45.9
"McGreevy, Michael",700241,STL,FF,4-Seam Fastball,-0.5,-3,535,25.1,135,0.273,0.477,0.334,13.8,14.8,13.9,0.296,0.578,0.383,46.8
"Woods Richardson, Simeon",680573,TOR,FF,4-Seam Fastball,0.4,2,473,43.8,135,0.283,0.407,0.366,18.8,13.3,18.0,0.238,0.369,0.326,40.2
"Gray, Sonny",543243,BOS,SI,Sinker,2.1,9,408,21.2,134,0.21,0.29,0.256,16.0,27.6,27.0,0.213,0.295,0.256,35.6
"Feltner, Ryan",663372,COL,FF,4-Seam Fastball,-1.9,-8,429,28.4,134,0.339,0.591,0.446,12.6,11.9,14.5,0.316,0.578,0.424,46.5
"Springs, Jeffrey",605488,ATH,CH,Changeup,-1.3,-6,466,23.8,133,0.262,0.421,0.317,38.2,23.3,18.9,0.229,0.344,0.265,24.0
"Painter, Andrew",691725,PHI,FF,4-Seam Fastball,-2.3,-11,485,32.9,133,0.359,0.615,0.448,12.9,9.8,10.7,0.325,0.572,0.418,39.0
"Mlodzinski, Carmen",669387,PIT,FF,4-Seam Fastball,-1.4,-7,492,28.1,133,0.345,0.56,0.429,16.4,18.8,16.1,0.301,0.507,0.387,56.5
"Mejia, Juan",675848,COL,FF,4-Seam Fastball,-0.8,-4,522,52.9,133,0.324,0.396,0.381,18.9,16.5,14.1,0.306,0.409,0.368,41.3
"Bassitt, Chris",605135,BAL,SI,Sinker,-0.4,-2,424,36.5,133,0.331,0.432,0.371,13.8,14.3,21.6,0.291,0.396,0.338,45.5
"Martinez, Nick",607259,TB,FC,Cutter,1.7,7,411,20.7,132,0.254,0.413,0.306,12.6,5.3,10.8,0.296,0.449,0.344,29.2
"Suarez, Ranger",624133,BOS,SI,Sinker,-0.1,0,417,22.9,132,0.298,0.413,0.337,14.2,17.4,24.0,0.318,0.437,0.358,39.4
"Skubal, Tarik",669373,LAD,CH,Changeup,1.8,8,453,26.3,131,0.165,0.299,0.219,49.1,39.7,27.1,0.182,0.285,0.215,29.3
"McGreevy, Michael",700241,STL,CH,Changeup,0.8,3,420,19.7,131,0.186,0.297,0.258,26.5,18.3,17.9,0.246,0.396,0.323,32.6
"Cruz, Fernando",518585,NYY,FS,Split-Finger,0.7,3,465,51.5,131,0.164,0.293,0.247,52.3,45.0,30.6,0.136,0.229,0.213,22.4
"Alcantara, Sandy",645261,MIA,FF,4-Seam Fastball,-0.8,-4,516,19.3,130,0.297,0.534,0.401,20.7,17.7,15.3,0.293,0.526,0.38,48.4
"Cecconi, Slade",677944,CLE,SI,Sinker,-1.0,-4,386,20.8,129,0.361,0.513,0.418,10.9,8.5,11.7,0.331,0.471,0.373,42.6
"Montero, Keider",672456,DET,SI,Sinker,1.1,5,437,22.7,129,0.237,0.356,0.296,9.4,8.5,14.5,0.267,0.386,0.311,41.8
"Soriano, José",667755,TOR,CU,Curveball,1.2,7,594,25.6,129,0.202,0.311,0.257,45.8,40.3,26.3,0.21,0.353,0.273,33.8
"Littell, Zack",641793,AZ,FS,Split-Finger,-0.4,-2,435,22.8,129,0.236,0.378,0.291,17.4,14.7,11.5,0.265,0.454,0.312,38.0
"Phillips, Tyler",663969,MIA,SI,Sinker,-1.8,-8,412,25.5,128,0.324,0.528,0.425,6.5,4.7,8.6,0.307,0.513,0.405,48.0
"Matz, Steven",571927,TB,SI,Sinker,-1.3,-7,544,48.8,128,0.282,0.582,0.429,18.5,13.3,12.7,0.283,0.515,0.386,39.4
"May, Dustin",669160,MIL,FC,Cutter,0.8,4,472,23.6,128,0.316,0.395,0.354,22.9,13.3,21.8,0.258,0.363,0.307,31.3
"Alvarado, José",621237,PHI,SI,Sinker,0.3,1,555,62.5,128,0.308,0.449,0.389,23.1,16.4,18.1,0.263,0.392,0.347,33.3
"Kay, Anthony",641743,CWS,FF,4-Seam Fastball,-0.4,-2,481,22.4,128,0.266,0.486,0.365,18.9,18.8,14.0,0.273,0.441,0.358,38.2
"Lopez, Jacob",682052,ATH,FF,4-Seam Fastball,0.3,2,545,34.1,127,0.225,0.414,0.317,20.3,22.0,16.2,0.191,0.312,0.267,32.9
"Freeland, Kyle",607536,COL,CU,Curveball,-2.0,-9,432,21.5,127,0.274,0.538,0.375,33.5,30.7,23.1,0.258,0.443,0.331,51.9
"Harrison, Kyle",690986,MIL,SV,Slurve,2.0,10,526,31.0,127,0.149,0.207,0.202,29.8,31.5,21.5,0.179,0.241,0.206,23.5
"Cameron, Noah",702070,KC,FC,Cutter,0.9,4,459,20.3,127,0.299,0.453,0.355,21.9,10.2,18.8,0.282,0.398,0.32,38.1
"Bruihl, Justin",677865,STL,SI,Sinker,1.3,6,469,44.9,127,0.3,0.373,0.344,9.8,7.1,11.7,0.296,0.381,0.346,45.1
"Gray, Sonny",543243,BOS,ST,Sweeper,1.7,7,389,20.2,127,0.128,0.216,0.158,38.5,45.7,24.4,0.169,0.258,0.192,41.8
"Williams, Gavin",668909,CLE,CU,Curveball,0.1,0,507,21.8,127,0.205,0.385,0.275,30.0,29.1,19.8,0.216,0.406,0.281,50.6
"Buehler, Walker",621111,SD,FC,Cutter,1.5,8,516,25.0,126,0.22,0.294,0.287,19.9,15.1,19.8,0.223,0.32,0.294,28.6
"Morejon, Adrian",670970,SD,SI,Sinker,1.8,9,498,46.3,126,0.237,0.289,0.292,20.3,12.7,16.8,0.262,0.326,0.293,28.3
"Lambert, Peter",663567,HOU,CH,Changeup,0.8,4,457,23.0,126,0.174,0.22,0.253,35.7,28.6,20.3,0.163,0.219,0.235,23.0
"Soroka, Michael",647336,AZ,SV,Slurve,1.1,5,463,32.0,126,0.193,0.254,0.243,33.9,40.5,25.2,0.211,0.279,0.259,31.7
"Weathers, Ryan",677960,NYY,SI,Sinker,1.0,5,444,20.1,126,0.274,0.363,0.344,8.2,7.1,12.0,0.314,0.432,0.361,44.2
"Finnegan, Kyle",640448,DET,FF,4-Seam Fastball,-1.4,-7,459,52.7,126,0.314,0.539,0.44,16.0,13.5,16.3,0.306,0.528,0.419,48.8
"Jones, Jared",683003,PIT,FF,4-Seam Fastball,-0.2,-1,480,45.8,125,0.212,0.478,0.318,23.2,21.6,20.5,0.242,0.494,0.34,37.5
"Yamamoto, Yoshinobu",808967,LAD,FF,4-Seam Fastball,2.4,14,579,26.8,125,0.145,0.336,0.249,27.2,28.8,22.1,0.226,0.493,0.348,47.4
"Bradish, Kyle",680694,BAL,SL,Slider,-0.9,-5,562,25.5,125,0.239,0.505,0.368,35.0,26.4,16.7,0.216,0.387,0.313,28.9
"Rogers, Trevor",669432,BAL,CH,Changeup,-1.4,-6,451,22.0,125,0.303,0.429,0.365,24.7,12.0,11.0,0.303,0.429,0.335,44.8
"Luzardo, Jesús",666200,PHI,CH,Changeup,-0.4,-2,455,18.7,125,0.284,0.474,0.354,37.6,23.2,21.2,0.239,0.4,0.303,27.6
"Mize, Casey",663554,SD,FF,4-Seam Fastball,1.1,6,536,34.3,125,0.198,0.333,0.278,22.9,23.2,17.1,0.198,0.313,0.263,38.1
"Ray, Robbie",592662,SD,CH,Changeup,1.5,7,428,18.4,125,0.19,0.31,0.249,25.0,19.2,18.5,0.208,0.342,0.26,27.4
"Perkins, Jack",678022,ATH,FF,4-Seam Fastball,-2.1,-10,490,33.4,125,0.304,0.627,0.446,15.7,16.8,14.8,0.262,0.498,0.385,36.6
"Singer, Brady",663903,CIN,SL,Slider,-0.2,-1,561,25.9,124,0.261,0.435,0.344,31.7,18.5,17.0,0.251,0.421,0.311,39.8
"Latz, Jacob",656641,TEX,FF,4-Seam Fastball,2.8,13,481,54.6,124,0.143,0.25,0.216,19.4,24.2,16.6,0.189,0.325,0.263,44.0
"Soroka, Michael",647336,AZ,FF,4-Seam Fastball,1.1,5,471,32.6,124,0.263,0.368,0.303,14.8,18.5,15.0,0.277,0.461,0.346,40.2
"Luzardo, Jesús",666200,PHI,SI,Sinker,1.5,7,439,18.0,124,0.278,0.398,0.355,12.4,4.8,24.0,0.271,0.348,0.316,40.0
"Cecconi, Slade",677944,CLE,FF,4-Seam Fastball,-0.3,-1,495,26.7,124,0.289,0.465,0.357,17.8,23.4,17.0,0.26,0.484,0.338,46.0
"Rasmussen, Drew",656876,TB,SI,Sinker,2.8,13,477,22.9,124,0.172,0.276,0.234,16.3,25.0,23.1,0.204,0.315,0.248,37.2
"Chandler, Bubba",696149,PIT,SL,Slider,0.0,0,425,20.5,124,0.246,0.395,0.331,27.4,25.0,20.1,0.216,0.341,0.275,44.6
"Mikolas, Miles",571945,WSH,FF,4-Seam Fastball,0.5,2,450,24.6,124,0.265,0.416,0.331,14.3,12.1,10.6,0.283,0.509,0.368,55.6
"Kay, Anthony",641743,CWS,SI,Sinker,-0.1,0,375,17.4,123,0.28,0.458,0.384,16.1,15.4,21.3,0.296,0.459,0.37,52.2
"Roupp, Landen",694738,SF,CH,Changeup,1.1,5,479,21.0,123,0.183,0.243,0.223,30.4,22.0,15.7,0.225,0.292,0.252,23.6
"Kinley, Tyler",641755,ATL,SL,Slider,0.1,0,464,66.5,123,0.215,0.449,0.325,29.8,26.0,24.1,0.184,0.328,0.271,27.3
"Kochanowicz, Jack",686799,LAA,SI,Sinker,0.4,2,424,38.3,123,0.28,0.383,0.353,17.3,8.9,16.2,0.295,0.481,0.38,54.6
"Uribe, Abner",682842,MIL,SI,Sinker,1.2,6,477,62.9,122,0.22,0.284,0.288,20.7,17.2,18.4,0.266,0.349,0.306,37.8
"Kirby, George",669923,SEA,SI,Sinker,0.0,0,449,21.3,122,0.333,0.447,0.367,11.6,15.6,17.1,0.253,0.354,0.291,44.2
"Pallante, Andre",669467,STL,SI,Sinker,-0.2,-1,394,17.9,122,0.264,0.321,0.327,11.7,9.0,8.9,0.273,0.35,0.322,21.6
"Mattson, Isaac",676755,PIT,FF,4-Seam Fastball,0.2,1,493,71.6,122,0.26,0.375,0.339,19.8,18.0,13.3,0.292,0.495,0.383,53.0
"Peterson, David",656849,CHC,SL,Slider,1.2,5,419,22.6,122,0.229,0.297,0.249,29.5,32.8,23.4,0.216,0.347,0.256,38.8
"Mlodzinski, Carmen",669387,PIT,FS,Split-Finger,1.3,6,450,25.7,122,0.188,0.241,0.23,29.6,22.1,15.4,0.241,0.309,0.277,34.1
"Cameron, Noah",702070,KC,FF,4-Seam Fastball,0.0,0,574,25.4,122,0.271,0.411,0.36,17.5,12.3,9.2,0.302,0.534,0.391,50.5
"Cecconi, Slade",677944,CLE,FC,Cutter,0.2,1,465,25.1,121,0.238,0.448,0.343,21.4,19.0,18.7,0.24,0.421,0.327,35.7
"May, Dustin",669160,MIL,FF,4-Seam Fastball,0.6,3,510,25.6,121,0.221,0.346,0.297,20.8,23.1,17.7,0.214,0.35,0.314,57.7
"Brazobán, Huascar",623211,CWS,SI,Sinker,1.6,8,475,51.2,121,0.192,0.346,0.303,20.0,11.6,21.9,0.246,0.353,0.314,32.6
"Lowder, Rhett",695076,CIN,SL,Slider,-1.7,-8,470,27.6,121,0.289,0.482,0.355,33.6,28.1,22.4,0.235,0.409,0.299,38.8
"Nola, Aaron",605400,PHI,FF,4-Seam Fastball,-2.5,-14,563,23.8,120,0.345,0.709,0.462,14.0,17.5,15.3,0.298,0.594,0.401,52.2
"Bednar, David",670280,NYY,FS,Split-Finger,2.8,10,378,39.9,120,0.137,0.179,0.183,36.4,33.3,23.8,0.185,0.226,0.192,31.2
"Early, Connelly",813349,BOS,FF,4-Seam Fastball,0.2,1,536,35.1,120,0.219,0.448,0.327,24.1,28.3,20.1,0.207,0.456,0.326,43.1
"Weathers, Ryan",677960,NYY,FF,4-Seam Fastball,-1.7,-8,498,22.6,120,0.278,0.593,0.409,21.9,25.0,18.6,0.268,0.622,0.404,52.6
"Woo, Bryan",693433,SEA,SI,Sinker,-0.5,-2,399,18.8,120,0.282,0.464,0.364,12.1,14.2,17.7,0.279,0.439,0.338,50.0
"Nola, Aaron",605400,PHI,SI,Sinker,-3.0,-13,438,18.5,120,0.364,0.701,0.472,11.9,16.7,14.8,0.285,0.517,0.375,42.0
"Springs, Jeffrey",605488,ATH,SL,Slider,-0.8,-4,483,24.6,120,0.264,0.627,0.385,23.4,15.0,20.0,0.275,0.535,0.37,38.7
"Cameron, Noah",702070,KC,CH,Changeup,1.0,5,479,21.2,120,0.187,0.318,0.272,35.2,22.5,20.1,0.22,0.342,0.28,24.1
"Kelly, Kevin",687330,TB,SI,Sinker,2.4,11,446,58.8,119,0.236,0.336,0.302,14.1,11.8,17.9,0.306,0.432,0.345,45.4
"Prielipp, Connor",687570,MIN,SL,Slider,0.1,0,448,29.7,119,0.21,0.352,0.297,29.9,29.4,21.3,0.226,0.39,0.304,44.4
"Ray, Robbie",592662,SD,SL,Slider,-0.1,-1,567,24.4,119,0.243,0.393,0.32,34.4,23.5,17.3,0.251,0.443,0.331,32.5
"Leiter, Jack",683004,TEX,FF,4-Seam Fastball,0.0,0,538,38.5,119,0.238,0.438,0.335,22.4,21.0,16.8,0.238,0.403,0.323,41.3
"Teng, Kai-Wei",678906,HOU,ST,Sweeper,0.5,2,407,35.0,119,0.175,0.33,0.279,29.5,29.4,23.8,0.203,0.35,0.298,29.4
"Burrows, Mike",681347,HOU,CH,Changeup,0.1,0,424,27.1,119,0.248,0.305,0.305,31.4,21.8,19.0,0.222,0.298,0.28,26.6
"Sproat, Brandon",687075,MIL,SI,Sinker,-0.2,-1,439,26.0,119,0.277,0.396,0.368,17.0,17.6,19.3,0.245,0.345,0.323,43.8
"Valdez, Framber",664285,DET,CH,Changeup,0.0,0,411,18.5,118,0.274,0.434,0.329,21.9,16.1,17.6,0.285,0.443,0.329,40.4
"Abbott, Andrew",671096,CIN,ST,Sweeper,0.0,0,487,20.3,118,0.212,0.363,0.258,27.9,33.1,17.7,0.189,0.338,0.238,34.7
"Lugo, Seth",607625,KC,CU,Curveball,-1.1,-4,423,18.1,118,0.218,0.364,0.289,22.0,24.6,19.5,0.223,0.336,0.257,33.3
"Ashcraft, Braxton",677952,PIT,SI,Sinker,2.6,9,332,15.2,118,0.2,0.282,0.262,18.0,10.2,23.5,0.269,0.37,0.302,42.4
"Bennett, Jake",687562,BOS,FF,4-Seam Fastball,0.8,3,404,35.2,118,0.24,0.375,0.3,22.3,18.6,18.6,0.245,0.42,0.317,40.7
"Freeland, Kyle",607536,COL,FF,4-Seam Fastball,-2.4,-11,473,23.6,118,0.346,0.702,0.473,13.0,11.0,9.0,0.3,0.555,0.396,41.3
"Marinaccio, Ron",676760,CIN,FF,4-Seam Fastball,-0.5,-2,444,42.6,117,0.278,0.485,0.389,26.2,24.8,21.0,0.266,0.468,0.379,51.5
"Suárez, Albert",544150,BAL,FF,4-Seam Fastball,-0.4,-2,431,53.6,117,0.26,0.423,0.339,20.2,19.7,19.2,0.258,0.418,0.332,50.0
"Montgomery, Mason",682254,PIT,FF,4-Seam Fastball,1.0,5,467,52.9,116,0.214,0.311,0.28,29.8,41.4,32.2,0.179,0.28,0.253,47.3
"Melton, Troy",675512,DET,FF,4-Seam Fastball,0.7,3,435,34.8,116,0.202,0.385,0.295,21.7,16.4,17.1,0.228,0.389,0.308,37.6
"Svanson, Matt",694335,STL,SI,Sinker,-1.4,-5,354,44.9,116,0.357,0.531,0.418,13.2,15.5,19.8,0.324,0.492,0.394,45.8
"Megill, Trevor",656730,MIL,FF,4-Seam Fastball,2.5,11,440,64.3,116,0.19,0.248,0.23,23.6,25.0,24.0,0.238,0.405,0.306,47.4
"Henderson, Logan",701656,MIL,FF,4-Seam Fastball,1.4,6,430,45.6,115,0.17,0.302,0.24,23.6,35.7,24.7,0.184,0.295,0.244,49.2
"Corbin, Patrick",571578,TOR,SI,Sinker,-1.4,-5,383,27.1,115,0.35,0.524,0.423,9.1,9.6,12.5,0.36,0.551,0.423,53.3
"May, Dustin",669160,MIL,ST,Sweeper,-0.9,-4,384,19.2,115,0.225,0.314,0.293,29.3,37.4,23.2,0.226,0.343,0.302,32.2
"Baz, Shane",669358,BAL,FC,Cutter,1.1,4,369,15.5,114,0.25,0.44,0.337,22.7,12.3,17.5,0.266,0.41,0.336,37.9
"Lugo, Seth",607625,KC,FC,Cutter,0.0,0,371,15.9,114,0.293,0.455,0.358,23.4,21.9,18.4,0.262,0.437,0.345,43.4
"Martin, Davis",663436,CWS,SI,Sinker,1.2,4,368,18.4,113,0.289,0.381,0.357,8.1,6.2,9.7,0.283,0.405,0.354,48.9
"Imai, Tatsuya",837227,HOU,FF,4-Seam Fastball,-0.1,-1,540,43.5,113,0.299,0.402,0.382,19.6,15.0,13.4,0.278,0.479,0.401,49.3
"Matthews, Zebby",805673,MIN,SL,Slider,1.3,4,342,21.8,113,0.196,0.364,0.262,34.2,30.1,22.2,0.205,0.39,0.276,39.7
"Perkins, Jack",678022,ATH,ST,Sweeper,0.5,2,425,29.0,112,0.23,0.36,0.3,36.1,36.6,28.1,0.218,0.347,0.283,36.1
"Thompson, Ryan",657044,AZ,SI,Sinker,-1.0,-4,409,62.5,112,0.34,0.46,0.391,15.6,10.7,14.5,0.295,0.374,0.332,39.3
"Seymour, Ian",693855,TB,FF,4-Seam Fastball,0.3,1,422,27.1,112,0.179,0.379,0.302,25.4,32.1,22.0,0.204,0.37,0.303,42.6
"Abbott, Andrew",671096,CIN,CH,Changeup,0.4,2,456,19.0,112,0.248,0.333,0.278,37.4,17.0,16.5,0.241,0.334,0.273,24.1
"Ginn, J.T.",669372,ATH,CH,Changeup,2.0,8,409,20.4,112,0.176,0.225,0.235,35.7,22.3,20.7,0.187,0.249,0.235,26.9
"Castillo, Luis",622491,CWS,SL,Slider,-0.9,-5,523,25.6,112,0.276,0.543,0.373,27.6,20.5,12.6,0.244,0.455,0.316,37.3
"Sánchez, Cristopher",650911,PHI,SL,Slider,1.0,5,473,19.1,112,0.206,0.304,0.271,46.3,36.6,30.4,0.196,0.319,0.263,32.8
"Mize, Casey",663554,SD,FS,Split-Finger,0.1,0,370,23.7,112,0.224,0.318,0.264,30.8,29.5,20.4,0.227,0.32,0.257,32.4
"Jansen, Kenley",445276,DET,FC,Cutter,0.8,4,491,85.2,112,0.183,0.366,0.304,25.6,24.1,20.9,0.217,0.356,0.316,35.8
"Sugano, Tomoyuki",608372,COL,FF,4-Seam Fastball,-1.1,-4,382,20.1,111,0.294,0.627,0.41,14.7,17.1,12.9,0.313,0.636,0.423,60.2
"Soriano, José",667755,TOR,FS,Split-Finger,1.1,5,437,18.9,111,0.181,0.219,0.205,37.9,29.7,21.6,0.222,0.301,0.251,29.2
"Sugano, Tomoyuki",608372,COL,FS,Split-Finger,0.3,1,411,21.6,111,0.181,0.352,0.261,32.2,22.5,18.2,0.258,0.444,0.319,25.9
"Cabrera, Edward",665795,CHC,CH,Changeup,-0.3,-1,390,30.5,111,0.279,0.404,0.333,32.0,23.4,19.8,0.266,0.411,0.316,42.3
"Guerrero, Tyron",594027,BOS,SI,Sinker,2.3,10,422,84.6,111,0.226,0.274,0.241,23.7,24.3,23.3,0.218,0.303,0.247,35.4
"Stanek, Ryne",592773,STL,FF,4-Seam Fastball,-0.3,-1,444,50.9,111,0.278,0.511,0.404,24.4,19.8,16.5,0.273,0.518,0.403,44.1
"Lorenzen, Michael",547179,COL,CH,Changeup,-1.9,-9,455,20.8,111,0.268,0.412,0.326,28.9,21.6,13.2,0.247,0.385,0.309,30.3
"May, Dustin",669160,MIL,SI,Sinker,1.0,4,363,18.2,111,0.24,0.34,0.307,16.4,17.1,20.9,0.285,0.421,0.343,55.6
"Ginkel, Kevin",656464,AZ,SL,Slider,2.1,9,411,49.3,111,0.165,0.301,0.227,41.6,28.8,21.6,0.188,0.338,0.251,37.5
"Peralta, Wandy",593974,SD,SI,Sinker,0.4,2,394,39.8,111,0.283,0.455,0.355,15.3,9.9,13.4,0.234,0.37,0.301,36.0
"Meyer, Max",676974,MIA,SL,Slider,1.8,8,466,26.0,111,0.198,0.281,0.285,39.6,31.5,26.7,0.203,0.308,0.284,36.1
"Pfaadt, Brandon",694297,AZ,FF,4-Seam Fastball,1.7,7,380,25.7,110,0.21,0.34,0.278,14.9,13.6,12.4,0.213,0.342,0.279,34.1
"Gore, MacKenzie",669022,TEX,CU,Curveball,-1.1,-5,442,18.7,110,0.233,0.485,0.329,30.7,28.2,18.3,0.255,0.443,0.325,47.9
"Drohan, Shane",675660,MIL,FF,4-Seam Fastball,1.8,8,459,29.1,110,0.141,0.232,0.222,30.6,31.8,22.4,0.144,0.254,0.222,37.5
"Mikolas, Miles",571945,WSH,SL,Slider,-1.1,-5,424,23.2,110,0.274,0.547,0.36,16.7,10.0,11.3,0.256,0.476,0.319,34.0
"Wacha, Michael",608379,KC,SI,Sinker,0.4,1,345,14.8,110,0.204,0.43,0.341,14.4,18.2,18.0,0.262,0.461,0.368,42.5
"Yesavage, Trey",702056,TOR,FS,Split-Finger,0.4,2,446,28.8,109,0.137,0.232,0.218,39.1,30.3,17.6,0.189,0.294,0.257,20.0
"De Los Santos, Enyel",660853,HOU,FF,4-Seam Fastball,-0.2,-1,404,44.2,109,0.301,0.485,0.354,20.2,21.1,16.0,0.27,0.464,0.33,45.7
"Tolle, Payton",801139,BOS,SI,Sinker,-0.5,-2,396,21.9,109,0.303,0.475,0.392,15.2,9.2,18.2,0.263,0.391,0.321,38.2
"Morris, Andrew",702193,MIN,FF,4-Seam Fastball,2.3,11,469,45.6,108,0.209,0.231,0.258,20.5,26.9,17.7,0.186,0.231,0.252,27.7
"Freeland, Kyle",607536,COL,FC,Cutter,0.5,2,436,21.7,108,0.317,0.49,0.369,19.2,12.0,18.3,0.314,0.484,0.356,39.6
"Bachman, Sam",696147,LAA,SL,Slider,1.7,7,387,50.9,108,0.181,0.277,0.265,38.9,25.9,24.6,0.193,0.282,0.27,27.3
"Rogers, Taylor",573124,MIN,ST,Sweeper,0.0,0,411,50.0,108,0.292,0.396,0.334,21.8,17.6,15.4,0.223,0.281,0.262,17.7
"Hoffman, Jeff",656546,MIN,SL,Slider,1.0,4,444,43.3,108,0.211,0.284,0.283,48.8,45.4,31.8,0.175,0.243,0.25,37.0
"Alvarez, Andrew",674841,WSH,CU,Curveball,0.7,3,374,30.3,108,0.178,0.238,0.223,32.8,39.8,24.4,0.184,0.243,0.223,52.5
"Scott, Tanner",656945,LAD,SL,Slider,3.1,13,404,52.9,107,0.157,0.206,0.179,42.9,37.4,26.5,0.213,0.269,0.228,30.2
"Miller, Mason",695243,SD,SL,Slider,2.5,11,436,51.3,107,0.133,0.143,0.178,54.8,57.9,41.3,0.088,0.103,0.142,16.7
"McGreevy, Michael",700241,STL,SI,Sinker,2.6,9,357,16.7,107,0.214,0.316,0.269,11.4,17.8,18.6,0.269,0.363,0.309,39.2
"Legumina, Casey",668984,TB,FF,4-Seam Fastball,1.1,4,362,42.7,107,0.213,0.362,0.283,24.6,24.3,17.9,0.238,0.407,0.311,40.8
"Lee, Dylan",669276,ATL,SL,Slider,1.7,8,465,53.1,107,0.173,0.296,0.225,43.4,35.5,24.7,0.175,0.269,0.226,28.6
"Burke, Brock",656271,CIN,FF,4-Seam Fastball,0.4,2,404,40.6,107,0.189,0.333,0.3,26.7,31.8,22.1,0.17,0.259,0.261,36.8
"Leahy, Kyle",681517,STL,FF,4-Seam Fastball,-1.1,-6,538,26.6,106,0.351,0.617,0.435,17.0,14.2,13.6,0.331,0.637,0.434,61.7
"Gilbert, Logan",669302,SEA,FS,Split-Finger,-0.3,-1,336,14.3,106,0.152,0.232,0.209,40.7,47.2,18.9,0.146,0.211,0.19,22.4
"Burke, Sean",680732,CWS,CU,Curveball,0.0,0,462,20.5,106,0.196,0.299,0.261,27.7,32.1,20.9,0.219,0.289,0.27,35.9
"Kimbrel, Craig",518886,KC,FF,4-Seam Fastball,0.5,2,420,67.3,106,0.22,0.429,0.332,25.4,19.8,17.4,0.26,0.428,0.342,40.3
"Gallen, Zac",668678,AZ,SL,Slider,-2.1,-7,353,21.6,106,0.298,0.511,0.382,29.7,16.0,15.7,0.281,0.471,0.36,43.6
"Bradley, Taj",671737,MIN,FS,Split-Finger,-0.5,-3,486,20.1,106,0.255,0.363,0.284,35.6,27.4,18.0,0.231,0.318,0.255,43.8
"Messick, Parker",800048,CLE,SI,Sinker,3.0,11,378,16.4,106,0.208,0.292,0.254,10.4,4.7,10.6,0.327,0.445,0.362,44.1
"Sugano, Tomoyuki",608372,COL,SI,Sinker,0.1,0,372,19.6,106,0.347,0.558,0.397,3.0,4.7,7.0,0.4,0.607,0.462,53.2
"Manaea, Sean",640455,NYM,SI,Sinker,0.4,1,379,20.0,106,0.33,0.436,0.393,7.9,9.4,18.9,0.311,0.459,0.374,42.9
"Anderson, Drew",623454,DET,CH,Changeup,-1.4,-5,390,30.7,105,0.242,0.424,0.316,38.1,35.2,21.9,0.202,0.329,0.254,37.1
"Hurt, Kyle",669165,LAD,FF,4-Seam Fastball,0.6,2,356,55.0,105,0.225,0.315,0.31,34.1,32.4,30.4,0.178,0.264,0.263,44.6
"Lorenzen, Michael",547179,COL,FF,4-Seam Fastball,-2.4,-10,416,19.0,105,0.344,0.644,0.439,9.0,13.3,9.7,0.333,0.613,0.431,58.2
"Vesia, Alex",681911,LAD,FF,4-Seam Fastball,0.2,1,434,53.9,105,0.17,0.25,0.283,26.3,27.6,20.6,0.188,0.29,0.285,42.4
"Varland, Louis",686973,TOR,FF,4-Seam Fastball,2.4,10,405,40.2,105,0.207,0.239,0.249,24.8,34.3,24.0,0.193,0.248,0.244,39.7
"Bernardino, Brennan",657514,COL,SI,Sinker,1.2,4,333,41.1,105,0.295,0.432,0.365,15.4,12.4,20.0,0.278,0.416,0.33,39.8
"Bruihl, Justin",677865,STL,ST,Sweeper,0.0,0,405,38.8,105,0.233,0.322,0.292,23.1,22.9,16.3,0.196,0.269,0.259,27.1
"Lodolo, Nick",666157,CIN,SI,Sinker,-0.5,-2,320,26.0,105,0.305,0.646,0.466,9.6,8.6,13.4,0.341,0.65,0.47,47.4
"Cameron, Noah",702070,KC,CU,Curveball,0.7,3,389,17.2,105,0.143,0.224,0.202,30.9,41.0,22.4,0.168,0.265,0.22,32.7
"Fluharty, Mason",689254,TOR,FC,Cutter,0.7,3,413,49.2,105,0.256,0.344,0.317,23.8,26.7,24.3,0.208,0.334,0.29,39.1
"Burrows, Mike",681347,HOU,FF,4-Seam Fastball,-2.0,-9,447,28.5,104,0.316,0.716,0.454,12.7,17.3,14.9,0.301,0.569,0.397,53.2
"Cruz, Steven",674444,KC,FF,4-Seam Fastball,-0.6,-2,417,55.9,104,0.242,0.527,0.369,27.9,26.9,23.0,0.243,0.439,0.341,39.7
"Matz, Steven",571927,TB,CH,Changeup,-0.3,-1,332,29.8,104,0.216,0.402,0.278,25.0,23.1,16.3,0.262,0.438,0.317,28.0
"Drohan, Shane",675660,MIL,SL,Slider,1.6,5,324,20.5,104,0.173,0.296,0.224,40.2,36.5,26.2,0.189,0.266,0.214,30.6
"Suter, Brent",608718,ATL,SI,Sinker,1.4,5,395,32.0,104,0.275,0.352,0.342,11.8,17.3,14.3,0.281,0.424,0.349,36.5
"Civale, Aaron",650644,CHC,CU,Curveball,0.5,2,386,24.7,104,0.219,0.344,0.276,23.9,23.1,18.2,0.24,0.384,0.299,34.7
"Webb, Jacob",657097,CHC,CH,Changeup,1.5,5,354,37.6,104,0.198,0.271,0.248,43.9,31.7,24.1,0.191,0.268,0.236,28.6
"Boyd, Matthew",571510,CHC,CH,Changeup,0.1,0,347,26.1,103,0.265,0.449,0.325,27.5,16.5,13.2,0.277,0.463,0.335,23.5
"Festa, Matt",670036,CLE,FF,4-Seam Fastball,-0.1,0,412,47.7,103,0.29,0.419,0.341,29.1,29.1,28.3,0.263,0.375,0.309,44.6
"Gray, Sonny",543243,BOS,FF,4-Seam Fastball,1.7,6,341,17.7,103,0.278,0.411,0.364,11.7,6.8,24.1,0.309,0.433,0.368,36.1
"Gray, Peyton",682608,TEX,CH,Changeup,-0.2,-1,333,40.2,103,0.219,0.396,0.298,28.3,22.3,18.5,0.223,0.332,0.264,21.6
"Lowder, Rhett",695076,CIN,FF,4-Seam Fastball,0.8,3,348,20.4,103,0.227,0.318,0.303,11.9,17.5,16.4,0.256,0.42,0.345,38.0
"Gómez, Yoendrys",672782,MIN,FF,4-Seam Fastball,0.1,1,422,46.2,103,0.202,0.405,0.346,24.4,24.3,18.5,0.253,0.503,0.388,49.2
"Vodnik, Victor",680767,MIA,FF,4-Seam Fastball,-1.0,-4,375,49.1,103,0.345,0.425,0.407,18.9,10.7,13.6,0.274,0.389,0.35,47.4
"Hughes, Gabriel",687312,COL,FF,4-Seam Fastball,1.2,4,353,55.2,103,0.244,0.378,0.329,17.6,16.5,16.7,0.232,0.334,0.291,25.3
"Brown, Ben",676962,CHC,CU,Curveball,3.4,12,366,36.5,103,0.124,0.186,0.16,44.3,40.8,29.6,0.177,0.263,0.222,39.3
"King, Michael",650633,SD,FF,4-Seam Fastball,-0.5,-2,460,19.1,103,0.224,0.4,0.35,27.5,32.0,19.2,0.232,0.431,0.354,40.4
"Bradish, Kyle",680694,BAL,CU,Curveball,0.2,1,477,21.7,103,0.208,0.365,0.276,39.9,32.0,21.0,0.202,0.324,0.26,45.3
"Sproat, Brandon",687075,MIL,FF,4-Seam Fastball,0.3,1,411,24.3,103,0.207,0.345,0.317,23.4,28.2,20.0,0.235,0.392,0.333,43.1
"Brubaker, JT",664141,SF,SI,Sinker,0.7,3,430,45.5,103,0.233,0.411,0.323,10.5,16.5,21.0,0.305,0.514,0.379,48.0
"Williams, Gavin",668909,CLE,SI,Sinker,-0.7,-3,399,17.1,103,0.312,0.538,0.404,15.6,15.5,25.8,0.33,0.608,0.427,64.9
"Meyer, Max",676974,MIA,FF,4-Seam Fastball,-0.8,-3,430,24.0,102,0.202,0.494,0.35,12.5,10.8,12.5,0.243,0.547,0.378,51.3
"Muñoz, Andrés",662253,SEA,SL,Slider,1.0,4,372,47.9,102,0.165,0.33,0.239,49.3,47.1,32.4,0.181,0.348,0.254,44.9
"Fermin, José",820862,LAA,SL,Slider,1.2,5,432,58.0,102,0.188,0.344,0.262,38.0,39.2,25.8,0.192,0.362,0.262,39.3
"Jax, Griffin",643377,TB,CH,Changeup,0.6,2,328,23.4,102,0.223,0.277,0.287,41.3,35.3,33.6,0.245,0.314,0.265,42.6
"Webb, Jacob",657097,CHC,FF,4-Seam Fastball,-0.6,-3,416,44.2,102,0.247,0.393,0.346,25.2,27.5,18.3,0.274,0.478,0.363,55.6
"Rea, Colin",607067,CHC,CH,Changeup,1.5,6,375,18.5,101,0.18,0.213,0.245,27.6,18.8,15.1,0.231,0.343,0.301,40.0
"Flaherty, Jack",656427,DET,SL,Slider,-0.5,-2,397,24.2,101,0.281,0.494,0.371,32.0,23.8,16.8,0.246,0.41,0.326,45.5
"McLean, Nolan",690997,NYM,FF,4-Seam Fastball,0.3,2,482,20.4,101,0.216,0.466,0.331,27.9,23.8,24.5,0.279,0.532,0.388,49.3
"Holderman, Colin",670059,CLE,SI,Sinker,2.6,10,391,50.9,101,0.213,0.27,0.27,14.5,9.9,13.3,0.28,0.423,0.346,44.4
"Jones, Jared",683003,PIT,SL,Slider,0.4,1,366,34.9,101,0.222,0.378,0.313,38.8,33.7,29.8,0.173,0.282,0.25,32.1
"Myers, Tobias",668964,NYM,FF,4-Seam Fastball,0.4,1,340,47.9,101,0.287,0.479,0.357,12.2,14.9,16.1,0.304,0.493,0.365,51.9
"Jax, Griffin",643377,TB,SI,Sinker,0.1,0,291,20.8,101,0.291,0.453,0.383,13.1,11.9,26.1,0.266,0.393,0.342,33.3
"Ramírez, Yohan",670990,PIT,ST,Sweeper,1.7,8,438,38.4,101,0.126,0.184,0.231,38.5,42.6,26.7,0.146,0.186,0.222,22.7
"Wacha, Michael",608379,KC,FC,Cutter,-0.5,-2,348,14.9,101,0.304,0.598,0.405,12.5,10.9,18.3,0.279,0.488,0.356,42.7
"Buehler, Walker",621111,SD,SI,Sinker,1.6,6,391,19.0,101,0.23,0.299,0.289,11.6,17.8,18.0,0.23,0.299,0.288,34.3
"Castillo, Luis",622491,CWS,SI,Sinker,0.9,3,365,17.9,100,0.269,0.344,0.317,10.9,14.0,17.9,0.339,0.54,0.4,48.1
"Sewald, Paul",623149,TOR,FF,4-Seam Fastball,-1.1,-4,378,57.5,100,0.253,0.582,0.369,22.1,21.0,20.0,0.254,0.569,0.366,47.2
"Pérez, Martín",527048,ATL,FC,Cutter,0.2,1,386,22.4,100,0.244,0.477,0.348,17.6,22.0,23.4,0.256,0.419,0.339,40.9
"Mize, Casey",663554,SD,SL,Slider,0.7,3,423,27.0,100,0.231,0.429,0.299,27.1,22.0,23.2,0.233,0.451,0.321,43.1
"Keller, Mitch",656605,PIT,ST,Sweeper,-2.7,-8,302,16.0,100,0.209,0.484,0.325,24.0,25.0,17.2,0.216,0.396,0.3,34.3
"Newcomb, Sean",656794,CWS,FF,4-Seam Fastball,2.1,9,410,37.3,100,0.149,0.23,0.237,31.6,35.0,26.3,0.181,0.262,0.252,28.3
"Zeferjahn, Ryan",666171,CHC,ST,Sweeper,1.3,5,400,37.4,100,0.149,0.368,0.277,39.0,34.0,27.6,0.159,0.294,0.258,30.2
"Eovaldi, Nathan",543135,TEX,FC,Cutter,-0.1,0,387,19.3,99,0.244,0.433,0.344,27.3,18.2,18.4,0.275,0.504,0.365,33.3
"Ureña, Walbert",700712,LAA,FF,4-Seam Fastball,-0.1,0,413,21.3,99,0.167,0.256,0.31,22.2,25.3,15.3,0.164,0.249,0.288,43.4
"Orze, Eric",679358,MIN,FS,Split-Finger,-0.6,-2,340,50.2,99,0.253,0.368,0.31,27.3,22.2,23.2,0.247,0.334,0.278,24.3
"Lauer, Eric",641778,LAD,FC,Cutter,0.4,2,386,22.7,99,0.25,0.42,0.335,20.2,12.1,12.1,0.241,0.387,0.308,23.1
"Bradish, Kyle",680694,BAL,FF,4-Seam Fastball,0.3,1,383,17.4,99,0.33,0.443,0.399,13.5,8.1,17.4,0.33,0.481,0.389,37.5
"Baker, Bryan",641329,TB,CH,Changeup,1.9,7,351,44.7,99,0.147,0.263,0.197,34.2,34.3,23.3,0.173,0.243,0.201,22.6
"Peterson, David",656849,CHC,FF,4-Seam Fastball,-1.8,-8,451,24.4,98,0.31,0.494,0.385,17.2,15.3,12.9,0.272,0.403,0.337,25.0
"Montero, Keider",672456,DET,SL,Slider,1.9,7,370,19.2,98,0.187,0.275,0.242,29.0,29.6,26.6,0.189,0.293,0.238,28.6
"Young, Brandon",687064,BAL,FS,Split-Finger,-1.4,-5,364,19.2,98,0.304,0.424,0.333,24.1,16.3,12.7,0.289,0.385,0.312,48.1
"Vásquez, Randy",681190,SD,FC,Cutter,-1.2,-5,439,24.2,98,0.341,0.648,0.432,21.4,9.2,13.0,0.307,0.604,0.411,43.2
"Peralta, Wandy",593974,SD,CH,Changeup,0.2,1,334,33.7,98,0.266,0.383,0.291,29.5,19.4,16.1,0.306,0.405,0.318,35.5
"Miller, Bryce",682243,SEA,FS,Split-Finger,1.0,3,350,25.7,98,0.175,0.33,0.23,34.6,37.8,23.4,0.182,0.295,0.209,35.0
"Klein, Will",694361,LAD,FF,4-Seam Fastball,0.3,1,388,50.9,98,0.253,0.356,0.336,21.1,24.5,21.8,0.238,0.316,0.292,44.4
"Johnson, Pierce",572955,CIN,CU,Curveball,0.0,0,390,63.8,98,0.272,0.446,0.327,25.4,17.3,14.7,0.296,0.498,0.352,35.1
"King, Michael",650633,SD,ST,Sweeper,1.3,6,482,20.0,98,0.198,0.264,0.237,28.7,23.5,19.3,0.204,0.32,0.258,29.4
"Burke, Sean",680732,CWS,SL,Slider,-0.5,-2,389,17.2,98,0.311,0.522,0.391,33.7,24.5,22.4,0.251,0.421,0.327,34.8
"Yates, Kirby",489446,PIT,FF,4-Seam Fastball,2.2,9,395,66.6,98,0.188,0.282,0.25,28.2,32.7,28.1,0.169,0.27,0.24,46.4
"Morillo, Juan",666661,AZ,FF,4-Seam Fastball,1.6,6,388,47.9,98,0.163,0.244,0.244,32.1,40.8,27.0,0.157,0.226,0.217,39.6
"Pomeranz, Drew",519141,CHC,FF,4-Seam Fastball,-1.5,-5,349,73.0,98,0.31,0.595,0.418,18.3,10.2,13.7,0.258,0.49,0.361,35.5
"Phillips, Tyler",663969,MIA,FS,Split-Finger,1.7,6,379,23.4,97,0.133,0.2,0.203,32.8,24.7,17.5,0.226,0.334,0.274,40.9
"Arrighetti, Spencer",681293,HOU,FF,4-Seam Fastball,0.2,1,445,29.6,97,0.237,0.463,0.348,20.7,17.5,16.7,0.287,0.544,0.4,40.9
"Sabrowski, Erik",681870,CLE,FF,4-Seam Fastball,-0.1,0,413,66.4,97,0.197,0.366,0.342,27.3,32.0,27.4,0.156,0.31,0.327,45.2
"Gray, Sonny",543243,BOS,FC,Cutter,-0.6,-2,367,19.1,97,0.341,0.545,0.412,15.7,3.1,10.3,0.309,0.494,0.368,36.0
"Williams, Devin",642207,NYM,CH,Changeup,-0.4,-1,337,46.3,97,0.289,0.411,0.338,39.2,33.0,24.4,0.2,0.304,0.247,20.3
"Drohan, Shane",675660,MIL,SI,Sinker,-2.3,-7,316,20.0,97,0.384,0.628,0.475,13.3,9.3,20.0,0.299,0.533,0.399,50.0
"Moll, Sam",594580,CIN,SI,Sinker,-0.7,-2,356,36.7,97,0.36,0.453,0.46,13.3,8.2,13.6,0.321,0.448,0.413,41.7
"Graceffo, Gordon",700669,STL,FF,4-Seam Fastball,2.2,8,368,39.6,96,0.205,0.349,0.292,9.7,9.4,12.0,0.305,0.573,0.408,61.3
"McLean, Nolan",690997,NYM,CU,Curveball,1.0,4,349,14.8,96,0.112,0.146,0.165,39.8,57.3,23.1,0.109,0.147,0.154,26.5
"Kerkering, Orion",689147,PHI,ST,Sweeper,1.4,6,394,43.4,96,0.159,0.261,0.223,26.8,27.1,21.7,0.216,0.3,0.262,32.3
"Houser, Adrian",605288,SF,FF,4-Seam Fastball,1.3,5,364,21.3,96,0.178,0.289,0.223,18.0,27.1,17.4,0.212,0.326,0.254,41.5
"Barnett, Mason",686930,ATH,FF,4-Seam Fastball,-2.0,-7,362,48.7,96,0.276,0.526,0.408,20.0,18.8,18.4,0.261,0.475,0.387,37.3
"Cavalli, Cade",676917,WSH,SI,Sinker,0.2,1,318,13.6,96,0.357,0.44,0.404,12.3,10.4,20.0,0.292,0.403,0.349,50.0
"Elder, Bryce",693821,ATL,FF,4-Seam Fastball,0.1,0,462,22.4,96,0.286,0.44,0.347,17.7,16.7,15.4,0.277,0.402,0.33,38.0
"Leahy, Kyle",681517,STL,SI,Sinker,1.5,4,266,13.2,95,0.241,0.301,0.316,10.6,17.9,17.7,0.281,0.397,0.344,47.0
"Suarez, Ranger",624133,BOS,FC,Cutter,1.2,4,368,20.2,95,0.218,0.379,0.306,13.5,11.6,14.5,0.247,0.376,0.295,29.5
"Doval, Camilo",666808,PIT,SI,Sinker,1.3,4,339,40.7,95,0.212,0.313,0.283,17.0,13.7,24.5,0.244,0.353,0.312,52.9
"Johnson, Ryan",696270,LAA,FC,Cutter,0.4,1,364,33.5,95,0.205,0.386,0.307,23.6,28.4,21.6,0.22,0.431,0.33,44.6
"Abreu, Bryan",650556,HOU,FF,4-Seam Fastball,0.5,2,388,46.1,95,0.157,0.329,0.326,27.7,28.4,26.2,0.169,0.273,0.315,40.0
"Irvin, Jake",663623,WSH,FF,4-Seam Fastball,0.0,0,362,28.3,95,0.192,0.301,0.32,22.3,24.2,14.9,0.234,0.42,0.375,56.6
"Duran, Jhoan",661395,PHI,FS,Split-Finger,2.0,7,349,47.6,95,0.304,0.348,0.29,29.1,20.0,31.7,0.253,0.339,0.272,47.9
"Rodriguez, Bradgley",699134,SD,CH,Changeup,1.9,8,387,42.3,95,0.156,0.256,0.231,39.7,35.8,24.5,0.151,0.209,0.184,26.8
"Senzatela, Antonio",622608,MIL,FF,4-Seam Fastball,-0.8,-3,329,36.4,95,0.28,0.439,0.361,29.2,28.4,20.5,0.237,0.36,0.312,45.6
"Kuhnel, Joel",669270,MIL,SI,Sinker,0.2,1,289,51.4,95,0.275,0.362,0.334,13.8,7.4,11.1,0.311,0.423,0.37,38.7
"Chandler, Bubba",696149,PIT,CH,Changeup,0.5,1,326,15.7,94,0.2,0.271,0.262,23.6,21.3,16.7,0.234,0.316,0.283,21.5
"Brown, Ben",676962,CHC,FF,4-Seam Fastball,0.5,2,371,37.0,94,0.247,0.321,0.326,15.6,16.0,14.6,0.268,0.438,0.352,52.2
"Fedde, Erick",607200,CWS,FC,Cutter,-1.3,-5,377,19.3,94,0.294,0.6,0.399,15.9,9.6,11.4,0.28,0.531,0.375,39.0
"Miller, Erik",669062,BOS,SI,Sinker,1.7,6,352,46.2,94,0.2,0.267,0.299,18.1,20.2,21.6,0.203,0.32,0.312,27.6
"Eovaldi, Nathan",543135,TEX,CU,Curveball,0.5,2,449,22.4,94,0.225,0.382,0.276,40.6,33.0,21.7,0.196,0.314,0.237,32.2
"Ragans, Cole",666142,KC,FF,4-Seam Fastball,1.2,4,358,56.1,94,0.133,0.333,0.288,30.9,33.0,26.7,0.174,0.353,0.312,44.4
"Brown, Hunter",686613,HOU,SI,Sinker,1.3,5,347,29.0,94,0.195,0.338,0.332,19.4,19.1,25.0,0.198,0.315,0.307,25.4
"Prielipp, Connor",687570,MIN,FF,4-Seam Fastball,-1.5,-6,433,28.8,94,0.29,0.551,0.426,15.5,13.8,11.4,0.282,0.509,0.42,46.7
"Avila, Luinder",679883,KC,SI,Sinker,0.2,1,354,27.4,94,0.28,0.347,0.358,18.5,14.9,18.7,0.278,0.373,0.363,38.7
"Farris, Mitch",815083,LAA,FF,4-Seam Fastball,-1.4,-5,370,48.6,94,0.253,0.519,0.394,15.7,22.3,21.9,0.269,0.511,0.388,51.7
"Keller, Mitch",656605,PIT,SI,Sinker,-1.3,-4,322,17.1,93,0.367,0.506,0.438,14.7,8.6,13.8,0.359,0.558,0.439,53.5
"Brazobán, Huascar",623211,CWS,CH,Changeup,0.8,3,360,38.8,93,0.181,0.277,0.248,32.4,28.0,16.1,0.174,0.248,0.232,18.6
"Alvarado, Elvis",665660,ATH,FF,4-Seam Fastball,-0.1,0,401,58.3,93,0.176,0.419,0.339,35.5,35.5,23.7,0.187,0.418,0.345,53.7
"Cano, Yennier",666974,BAL,SI,Sinker,2.4,8,357,53.8,93,0.2,0.235,0.256,22.1,16.1,25.9,0.213,0.274,0.257,36.6
"Senga, Kodai",673540,NYM,FF,4-Seam Fastball,-1.1,-4,371,39.8,93,0.269,0.513,0.383,16.5,21.5,24.1,0.253,0.437,0.353,35.6
"Alvarez, Andrew",674841,WSH,FF,4-Seam Fastball,0.3,1,350,28.3,93,0.282,0.385,0.349,13.2,10.8,14.3,0.313,0.434,0.377,37.7
"Dreyer, Jack",676263,LAD,SL,Slider,1.0,3,312,37.7,93,0.191,0.326,0.261,32.9,29.0,25.7,0.218,0.355,0.264,30.6
"Dreyer, Jack",676263,LAD,FF,4-Seam Fastball,1.0,4,387,46.8,92,0.215,0.392,0.316,26.6,33.7,26.3,0.197,0.362,0.295,52.0
"Márquez, Germán",608566,SD,FF,4-Seam Fastball,-1.6,-5,350,38.1,92,0.278,0.5,0.403,13.7,13.0,12.2,0.298,0.548,0.434,54.1
"Phillips, Tyler",663969,MIA,ST,Sweeper,1.5,6,393,24.3,92,0.224,0.353,0.291,33.6,28.3,31.7,0.206,0.358,0.275,40.7
"Santillan, Tony",663574,CIN,FF,4-Seam Fastball,-0.3,-1,321,64.5,92,0.25,0.475,0.347,19.0,21.7,20.6,0.231,0.411,0.313,39.7
"Morán, Jovani",663558,BOS,FF,4-Seam Fastball,1.0,3,330,39.4,92,0.153,0.278,0.31,18.7,17.4,20.8,0.202,0.303,0.315,29.8
"Rolison, Ryan",669020,CHC,FF,4-Seam Fastball,0.5,2,332,42.5,92,0.2,0.387,0.329,13.0,19.6,20.2,0.222,0.401,0.34,44.1
"Paddack, Chris",663978,TEX,CH,Changeup,-0.3,-1,276,27.2,92,0.27,0.371,0.315,27.5,18.5,15.7,0.256,0.375,0.285,31.9
"Corbin, Patrick",571578,TOR,SL,Slider,0.7,3,387,27.4,92,0.169,0.301,0.241,37.1,34.8,20.1,0.159,0.252,0.227,25.0
"Blackburn, Paul",621112,NYY,SI,Sinker,1.7,5,328,32.8,92,0.244,0.269,0.31,10.9,13.0,18.5,0.285,0.355,0.342,42.4
"Wheeler, Zack",554430,PHI,SI,Sinker,1.8,6,306,15.7,91,0.233,0.36,0.283,11.7,14.3,18.8,0.245,0.361,0.284,24.7
"Quantrill, Cal",615698,TEX,SI,Sinker,2.9,9,308,25.3,91,0.2,0.259,0.253,14.2,18.7,20.7,0.22,0.298,0.255,27.9
"Ohtani, Shohei",660271,LAD,ST,Sweeper,3.1,12,393,29.4,91,0.129,0.176,0.17,37.7,35.2,28.1,0.187,0.257,0.226,20.8
"Pagán, Emilio",641941,CIN,FF,4-Seam Fastball,1.2,4,305,63.0,91,0.179,0.385,0.287,23.0,24.2,22.4,0.194,0.411,0.304,53.4
"Sasaki, Roki",808963,LAD,SL,Slider,0.1,0,431,21.7,91,0.207,0.451,0.312,39.5,27.5,24.3,0.171,0.279,0.236,29.3
"Bibee, Tanner",676440,CLE,CH,Changeup,-0.9,-3,341,14.6,90,0.185,0.333,0.271,36.2,28.9,22.2,0.187,0.282,0.245,21.4
"Kilian, Caleb",668873,PHI,FF,4-Seam Fastball,1.0,4,392,49.9,90,0.227,0.293,0.306,19.1,22.2,19.0,0.227,0.326,0.294,35.6
"Cavalli, Cade",676917,WSH,ST,Sweeper,2.4,7,312,13.3,90,0.099,0.111,0.176,32.6,40.0,26.7,0.165,0.219,0.217,34.8
"Elder, Bryce",693821,ATL,FC,Cutter,0.3,1,312,15.1,90,0.25,0.463,0.348,20.7,5.6,16.1,0.3,0.471,0.363,40.8
"Peralta, Freddy",642547,TB,CU,Curveball,-0.8,-3,331,14.2,89,0.247,0.482,0.325,35.2,32.6,20.1,0.202,0.333,0.25,33.9
"Festa, Matt",670036,CLE,ST,Sweeper,-2.3,-8,343,39.7,89,0.291,0.519,0.414,29.3,15.7,16.7,0.246,0.45,0.34,43.1
"Beeter, Clayton",690925,WSH,SL,Slider,1.8,6,313,51.0,89,0.111,0.198,0.185,34.9,33.7,25.6,0.17,0.244,0.229,36.5
"Griffin, Foster",656492,CLE,FF,4-Seam Fastball,-0.6,-2,387,16.6,89,0.205,0.397,0.327,18.4,31.5,16.9,0.208,0.386,0.324,39.1
"Canning, Griffin",656288,SD,CH,Changeup,-2.4,-7,286,22.6,89,0.309,0.481,0.375,24.7,18.0,18.8,0.238,0.334,0.28,47.0
"Abreu, Bryan",650556,HOU,SL,Slider,-0.7,-3,379,45.0,89,0.244,0.449,0.348,36.3,32.6,24.8,0.216,0.373,0.307,44.9
"Medina, Luis",665622,ATH,FF,4-Seam Fastball,-2.3,-7,307,31.0,89,0.338,0.507,0.425,22.5,23.6,20.0,0.257,0.433,0.368,43.1
"Miller, Mason",695243,SD,FF,4-Seam Fastball,2.6,10,394,46.4,89,0.143,0.156,0.202,40.4,36.0,28.1,0.182,0.266,0.254,37.0
"Ginkel, Kevin",656464,AZ,FF,4-Seam Fastball,-0.7,-3,387,46.4,89,0.282,0.5,0.361,17.8,18.0,15.0,0.284,0.527,0.379,50.0
"Junk, Janson",676083,MIA,SL,Slider,-0.1,0,309,20.8,89,0.25,0.452,0.351,15.9,15.7,14.7,0.264,0.444,0.325,38.6
"Domínguez, Seranthony",622554,SEA,FF,4-Seam Fastball,-0.9,-3,353,42.0,88,0.268,0.451,0.386,24.0,22.7,17.4,0.238,0.37,0.349,31.4
"Bennett, Jake",687562,BOS,SI,Sinker,1.9,5,276,24.0,88,0.247,0.353,0.276,9.7,14.8,27.7,0.255,0.38,0.288,37.5
"Nola, Aaron",605400,PHI,CH,Changeup,0.5,2,385,16.3,88,0.221,0.286,0.276,27.4,13.6,14.0,0.259,0.359,0.317,44.8
"Weaver, Luke",596133,PIT,FF,4-Seam Fastball,1.7,6,356,50.6,88,0.188,0.25,0.253,21.6,26.1,22.3,0.218,0.324,0.271,39.7
"Patrick, Chad",694477,MIL,FF,4-Seam Fastball,1.6,6,357,25.2,88,0.177,0.278,0.242,30.1,29.5,17.8,0.208,0.327,0.272,40.7
"Skubal, Tarik",669373,LAD,SI,Sinker,0.5,2,353,20.5,88,0.286,0.338,0.339,19.3,20.5,20.0,0.27,0.319,0.313,37.3
"Patrick, Chad",694477,MIL,SI,Sinker,-0.3,-1,325,22.9,88,0.32,0.493,0.393,13.5,12.5,14.5,0.274,0.448,0.353,41.8
"Bubic, Kris",663460,KC,FF,4-Seam Fastball,-0.8,-3,334,41.2,88,0.225,0.394,0.348,25.2,25.0,21.6,0.241,0.474,0.378,38.8
"Varland, Gus",681402,WSH,FF,4-Seam Fastball,-1.5,-5,328,58.1,88,0.342,0.553,0.423,20.4,18.2,14.3,0.3,0.534,0.4,55.7
"Young, Brandon",687064,BAL,SI,Sinker,-0.3,-1,255,13.4,88,0.316,0.474,0.412,10.0,11.4,24.4,0.294,0.422,0.359,40.3
"Hicks, Jordan",663855,CWS,SI,Sinker,-0.2,-1,325,49.4,88,0.307,0.4,0.388,10.3,13.6,16.7,0.281,0.325,0.322,31.3
"Singer, Brady",663903,CIN,ST,Sweeper,-1.6,-5,341,15.7,88,0.247,0.482,0.336,40.1,25.0,16.8,0.231,0.402,0.284,33.3
"López, Reynaldo",625643,ATL,SL,Slider,-1.5,-5,377,30.8,88,0.211,0.355,0.305,34.6,28.4,18.8,0.246,0.393,0.333,34.6
"Suarez, José",660761,ATH,FF,4-Seam Fastball,-0.8,-3,383,37.7,87,0.306,0.514,0.403,21.0,20.7,16.7,0.264,0.418,0.354,38.2
"Tolle, Payton",801139,BOS,FC,Cutter,1.9,7,360,19.9,87,0.229,0.313,0.257,29.1,24.1,21.0,0.216,0.298,0.244,25.8
"Alcantara, Sandy",645261,MIA,FC,Cutter,2.5,10,391,14.7,87,0.19,0.278,0.252,22.7,17.2,19.2,0.252,0.38,0.312,34.4
"Scott, Tanner",656945,LAD,FF,4-Seam Fastball,-0.2,-1,359,47.1,87,0.247,0.444,0.317,28.0,26.4,19.3,0.257,0.461,0.327,37.3
"Lawrence, Justin",664875,WSH,SI,Sinker,-4.4,-13,292,42.7,87,0.369,0.677,0.541,12.6,3.4,14.3,0.385,0.58,0.479,49.2
"Vásquez, Randy",681190,SD,SI,Sinker,0.8,2,264,14.5,87,0.24,0.373,0.316,11.8,14.9,21.0,0.283,0.516,0.381,47.6
"Yamamoto, Yoshinobu",808967,LAD,FC,Cutter,1.2,4,325,15.0,87,0.231,0.346,0.288,21.6,21.8,25.7,0.215,0.36,0.285,25.0
"Cabrera, Edward",665795,CHC,SI,Sinker,0.2,1,271,21.2,87,0.301,0.479,0.383,7.2,6.9,15.4,0.334,0.507,0.404,44.9
"Pallante, Andre",669467,STL,CU,Curveball,-1.7,-7,391,17.7,86,0.256,0.427,0.311,30.6,30.2,16.3,0.228,0.41,0.29,39.3
"Dodd, Dylan",689266,ATL,SI,Sinker,0.9,3,391,61.3,86,0.158,0.329,0.256,24.8,26.7,16.3,0.176,0.363,0.276,42.6
"Burke, Sean",680732,CWS,SI,Sinker,-0.3,-1,324,14.4,86,0.263,0.447,0.354,11.4,9.3,13.1,0.288,0.469,0.367,38.2
"Gasser, Robert",688107,MIL,ST,Sweeper,-1.6,-5,319,26.2,86,0.234,0.506,0.352,26.1,31.4,19.1,0.191,0.35,0.271,27.5
"Mahle, Tyler",641816,ATL,FC,Cutter,0.3,1,312,17.0,86,0.299,0.429,0.339,15.4,11.6,25.0,0.279,0.401,0.318,40.0
"Gaddis, Hunter",683769,CLE,SL,Slider,0.1,0,349,48.7,86,0.23,0.338,0.315,35.2,22.1,19.8,0.254,0.405,0.333,27.3
"Iglesias, Raisel",628452,ATL,CH,Changeup,0.9,2,255,35.8,86,0.2,0.338,0.286,39.2,27.9,26.1,0.202,0.321,0.257,25.0
"Sulser, Cole",642121,TB,FF,4-Seam Fastball,1.1,4,350,45.2,85,0.241,0.443,0.314,22.1,23.5,21.1,0.257,0.545,0.359,48.3
"Suter, Brent",608718,ATL,FF,4-Seam Fastball,-1.8,-6,312,25.3,85,0.299,0.545,0.405,19.0,21.2,16.1,0.243,0.415,0.32,32.2
"Holton, Tyler",663947,DET,FC,Cutter,1.5,5,293,31.6,85,0.25,0.362,0.286,21.2,15.3,19.4,0.249,0.361,0.283,44.1
"Leahy, Kyle",681517,STL,SL,Slider,2.1,7,332,16.4,85,0.266,0.392,0.31,22.6,16.5,29.2,0.293,0.422,0.331,42.4
"Miles, Spencer",693686,TOR,CU,Curveball,0.7,2,315,25.7,85,0.215,0.342,0.269,22.8,30.6,24.1,0.239,0.366,0.284,34.5
"Warren, Will",701542,NYY,ST,Sweeper,-1.9,-8,403,19.2,85,0.368,0.645,0.445,22.1,16.5,14.7,0.319,0.527,0.391,41.5
"Scott, Christian",681035,NYM,ST,Sweeper,0.7,2,355,23.2,85,0.205,0.282,0.253,31.8,36.5,24.4,0.187,0.26,0.235,19.1
"McClanahan, Shane",663556,TB,SL,Slider,0.9,3,303,18.9,85,0.235,0.37,0.274,27.2,18.8,21.6,0.267,0.477,0.335,43.1
"Yesavage, Trey",702056,TOR,SL,Slider,-0.1,0,381,24.6,85,0.219,0.438,0.327,38.3,27.1,21.5,0.178,0.288,0.259,36.5
"Baker, Bryan",641329,TB,FF,4-Seam Fastball,2.5,10,408,52.0,85,0.141,0.155,0.22,26.2,24.7,15.4,0.207,0.343,0.306,45.1
"Suarez, Ranger",624133,BOS,FF,4-Seam Fastball,1.9,8,419,23.0,85,0.224,0.25,0.273,17.6,25.9,22.2,0.249,0.346,0.304,33.3
"Sheehan, Emmet",686218,LAD,CH,Changeup,-1.7,-5,276,16.3,85,0.295,0.385,0.341,23.2,21.2,14.9,0.26,0.337,0.294,43.3
"Strider, Spencer",675911,ATL,FF,4-Seam Fastball,-1.2,-4,329,47.6,84,0.286,0.6,0.417,18.3,15.5,17.1,0.265,0.511,0.382,43.1
"Weissert, Greg",669711,BOS,SI,Sinker,1.7,5,288,36.0,84,0.247,0.416,0.318,13.9,17.9,22.7,0.24,0.44,0.323,37.1
"Silseth, Chase",681217,TEX,FF,4-Seam Fastball,1.1,4,345,40.7,84,0.197,0.288,0.293,36.8,32.1,23.3,0.224,0.383,0.333,40.5
"Pfaadt, Brandon",694297,AZ,SI,Sinker,-0.3,-1,259,17.5,84,0.286,0.481,0.37,9.0,8.3,15.2,0.287,0.486,0.361,42.9
"Bachar, Lake",669199,PIT,FF,4-Seam Fastball,0.2,1,323,28.6,84,0.216,0.5,0.346,16.3,15.5,15.7,0.207,0.458,0.329,44.3
"Avila, Luinder",679883,KC,FF,4-Seam Fastball,-0.6,-2,336,26.0,84,0.296,0.423,0.372,16.2,15.5,16.7,0.262,0.401,0.344,32.2
"Antone, Tejay",622088,CIN,ST,Sweeper,1.1,4,366,54.1,84,0.154,0.256,0.256,32.0,27.4,18.9,0.197,0.295,0.246,27.3
"Kelly, Merrill",518876,AZ,FC,Cutter,-2.8,-8,281,13.5,84,0.36,0.707,0.476,12.3,9.5,15.4,0.311,0.633,0.43,53.7
"Dollander, Chase",801403,COL,FF,4-Seam Fastball,1.2,3,280,37.7,84,0.197,0.38,0.31,29.7,32.1,23.5,0.147,0.368,0.285,53.3
"Paddack, Chris",663978,TEX,FF,4-Seam Fastball,-1.1,-4,350,34.5,84,0.38,0.507,0.421,16.4,17.9,12.6,0.294,0.433,0.357,37.3
"Feltner, Ryan",663372,COL,SL,Slider,-1.5,-6,365,24.2,84,0.278,0.625,0.421,28.0,8.3,13.0,0.302,0.627,0.434,35.4
"Winn, Keaton",676775,SF,FS,Split-Finger,0.1,0,294,45.7,83,0.186,0.286,0.278,34.0,28.9,20.3,0.207,0.295,0.287,29.2
"Bender, Anthony",669622,MIA,ST,Sweeper,3.3,9,279,51.8,83,0.143,0.169,0.17,26.8,37.3,27.4,0.158,0.242,0.201,29.8
"Taillon, Jameson",592791,TOR,FF,4-Seam Fastball,-1.3,-5,390,27.6,83,0.316,0.697,0.447,22.8,19.3,17.6,0.311,0.692,0.445,43.3
"Early, Connelly",813349,BOS,CH,Changeup,-0.3,-1,279,18.3,83,0.272,0.407,0.314,22.7,15.7,13.1,0.288,0.432,0.318,48.5
"Freeland, Kyle",607536,COL,CH,Changeup,-1.3,-4,269,13.4,83,0.296,0.469,0.37,22.4,12.0,12.7,0.32,0.52,0.368,52.1
"Buehler, Walker",621111,SD,FF,4-Seam Fastball,-0.6,-2,402,19.5,83,0.352,0.535,0.429,12.8,10.8,8.3,0.321,0.509,0.404,51.6
"Martin, Davis",663436,CWS,CH,Changeup,1.3,4,281,14.0,83,0.205,0.359,0.274,14.5,13.3,12.6,0.293,0.451,0.343,55.2
"Leahy, Kyle",681517,STL,CU,Curveball,0.4,1,333,16.5,83,0.179,0.308,0.237,27.0,28.9,17.5,0.208,0.388,0.28,51.9
"Soriano, George",666277,STL,CH,Changeup,1.0,3,275,30.2,83,0.184,0.329,0.259,39.6,43.4,28.6,0.174,0.242,0.224,30.0
"Fluharty, Mason",689254,TOR,ST,Sweeper,0.0,0,346,41.2,83,0.211,0.395,0.286,34.8,28.9,23.5,0.168,0.29,0.229,24.5
"Rodón, Carlos",607074,NYY,FF,4-Seam Fastball,0.7,3,391,43.7,82,0.155,0.241,0.337,25.3,22.0,18.9,0.244,0.434,0.409,55.0
"Morán, Jovani",663558,BOS,CH,Changeup,0.2,1,307,36.7,82,0.187,0.387,0.272,49.0,41.5,30.6,0.172,0.304,0.226,25.0
"Schultz, Noah",702273,CWS,SI,Sinker,0.3,1,297,25.9,82,0.277,0.415,0.37,10.7,9.8,15.1,0.306,0.45,0.39,41.7
"Parker, Mitchell",680730,WSH,SL,Slider,-2.2,-7,331,49.9,82,0.284,0.554,0.403,34.1,20.7,16.8,0.269,0.467,0.342,45.8
"Griffin, Foster",656492,CLE,ST,Sweeper,0.0,0,335,14.4,82,0.253,0.494,0.329,30.6,31.7,23.4,0.276,0.486,0.337,47.2
"Webb, Logan",657277,SF,ST,Sweeper,1.0,4,397,19.2,82,0.213,0.32,0.282,23.3,29.3,25.5,0.208,0.362,0.281,33.3
"Scherzer, Max",453286,TOR,FF,4-Seam Fastball,0.1,0,390,46.8,81,0.258,0.424,0.364,13.7,9.9,9.3,0.263,0.411,0.36,39.0
"Senzatela, Antonio",622608,MIL,FC,Cutter,1.9,5,284,31.4,81,0.221,0.325,0.259,26.7,19.8,22.5,0.227,0.315,0.257,32.8
"Mejia, Juan",675848,COL,ST,Sweeper,-0.3,-1,353,35.8,81,0.243,0.414,0.32,36.8,30.9,21.6,0.225,0.401,0.314,36.2
"Soto, Gregory",642397,PIT,SI,Sinker,-0.1,0,348,37.5,81,0.288,0.439,0.4,10.0,3.7,8.8,0.33,0.465,0.402,40.0
"Liberatore, Matthew",669461,STL,CH,Changeup,-0.2,-1,304,14.4,81,0.351,0.446,0.369,20.0,3.7,8.6,0.348,0.497,0.379,32.4
"Teng, Kai-Wei",678906,HOU,FF,4-Seam Fastball,-0.9,-3,326,28.1,81,0.278,0.472,0.374,17.0,16.0,13.4,0.247,0.4,0.324,40.7
"Lopez, Jacob",682052,ATH,FC,Cutter,-0.6,-2,326,20.4,81,0.299,0.448,0.379,25.3,17.3,21.5,0.231,0.35,0.32,29.6
"Dobnak, Randy",677976,KC,SI,Sinker,1.4,4,273,38.5,81,0.25,0.333,0.297,4.8,4.9,7.5,0.342,0.438,0.379,47.1
"Young, Brandon",687064,BAL,SL,Slider,-1.2,-4,289,15.2,81,0.221,0.403,0.293,41.7,39.5,26.4,0.195,0.391,0.265,39.1
"Graceffo, Gordon",700669,STL,SL,Slider,0.3,1,279,30.0,81,0.239,0.366,0.289,27.5,18.5,17.9,0.247,0.396,0.306,37.3
"Pérez, Eury",691587,MIA,SI,Sinker,-0.7,-2,331,16.6,81,0.286,0.4,0.355,17.1,11.1,11.4,0.273,0.359,0.323,41.9
"Raley, Brooks",548384,PHI,ST,Sweeper,0.5,1,269,37.2,80,0.219,0.397,0.299,22.3,28.7,21.7,0.239,0.407,0.312,30.0
"Weathers, Ryan",677960,NYY,SL,Slider,0.9,2,263,11.9,80,0.224,0.342,0.267,35.7,40.0,27.1,0.187,0.322,0.24,38.6
"Rogers, Trevor",669432,BAL,ST,Sweeper,0.8,2,266,13.0,80,0.181,0.306,0.239,30.8,37.5,21.4,0.17,0.246,0.217,25.0
"Leahy, Kyle",681517,STL,CH,Changeup,-0.1,0,282,13.9,80,0.243,0.338,0.286,33.1,28.7,20.7,0.244,0.373,0.297,39.2
"Walker, Ryan",676254,SF,SI,Sinker,-1.3,-4,335,68.4,80,0.353,0.515,0.421,13.3,18.8,15.8,0.266,0.387,0.339,38.9
"Yamamoto, Yoshinobu",808967,LAD,SI,Sinker,2.5,7,273,12.6,80,0.164,0.233,0.23,13.2,22.5,23.7,0.202,0.261,0.243,43.6
"Lord, Brad",695418,WSH,FF,4-Seam Fastball,-0.3,-1,413,36.4,80,0.303,0.424,0.398,25.2,31.3,15.3,0.244,0.394,0.342,54.8
"Kay, Anthony",641743,CWS,CH,Changeup,-0.9,-3,311,14.5,80,0.273,0.403,0.321,26.0,13.8,9.8,0.245,0.329,0.265,40.3
"Cameron, Noah",702070,KC,SL,Slider,0.1,0,267,11.8,80,0.224,0.434,0.293,35.8,33.8,26.5,0.256,0.504,0.327,45.1
"Blubaugh, AJ",805123,HOU,CH,Changeup,-0.2,-1,284,21.3,80,0.214,0.314,0.268,33.3,27.5,19.1,0.225,0.347,0.272,38.5
"Romero, JoJo",668941,STL,SI,Sinker,1.5,5,318,44.1,80,0.265,0.324,0.336,14.0,15.0,27.9,0.287,0.407,0.355,56.1
"Woodruff, Brandon",605540,MIL,FF,4-Seam Fastball,2.4,7,281,44.0,80,0.114,0.243,0.221,25.8,33.8,25.7,0.153,0.307,0.249,29.5
"Nelson, Ryne",669194,AZ,SL,Slider,-2.3,-6,259,20.0,80,0.293,0.533,0.386,26.8,23.8,21.1,0.26,0.459,0.322,43.9
"Kay, Anthony",641743,CWS,FC,Cutter,0.5,2,368,17.1,80,0.231,0.354,0.352,20.3,7.5,9.5,0.299,0.532,0.416,30.0
"Whitlock, Garrett",676477,BOS,SI,Sinker,1.8,6,347,55.9,80,0.224,0.289,0.249,20.7,17.5,15.6,0.247,0.326,0.273,33.3
"Taillon, Jameson",592791,TOR,ST,Sweeper,1.8,4,233,16.5,79,0.143,0.273,0.189,33.8,36.7,27.6,0.124,0.243,0.169,33.3
"Eovaldi, Nathan",543135,TEX,FF,4-Seam Fastball,-2.7,-8,275,13.7,79,0.375,0.736,0.489,22.7,26.6,30.9,0.308,0.623,0.421,54.9
"Ray, Robbie",592662,SD,SI,Sinker,-0.5,-2,314,13.5,79,0.303,0.424,0.393,8.6,5.1,11.4,0.334,0.442,0.387,54.0
"Schultz, Noah",702273,CWS,FF,4-Seam Fastball,-0.5,-1,259,22.6,79,0.191,0.353,0.318,20.8,26.6,18.4,0.237,0.361,0.318,42.6
"Weaver, Luke",596133,PIT,CH,Changeup,2.4,6,245,34.8,79,0.176,0.27,0.235,38.5,30.4,25.3,0.172,0.3,0.232,30.0
"Bednar, David",670280,NYY,FF,4-Seam Fastball,0.9,4,390,41.2,79,0.231,0.323,0.313,23.2,22.8,14.2,0.201,0.305,0.294,41.7
"Kittredge, Andrew",552640,BAL,SL,Slider,0.8,2,272,49.7,79,0.197,0.303,0.28,35.6,32.9,22.6,0.225,0.325,0.254,28.0
"Williams, Devin",642207,NYM,FF,4-Seam Fastball,-0.2,-1,382,52.5,79,0.25,0.359,0.365,30.7,24.1,18.1,0.249,0.323,0.328,41.3
"Anderson, Grant",681982,MIL,FF,4-Seam Fastball,-0.9,-3,295,38.1,79,0.214,0.486,0.337,24.2,24.1,17.6,0.2,0.361,0.291,41.2
"Leiter, Jack",683004,TEX,CH,Changeup,-1.9,-5,243,17.4,79,0.254,0.423,0.322,30.3,25.3,19.2,0.238,0.43,0.318,36.5
"Lord, Brad",695418,WSH,SI,Sinker,3.9,10,262,23.1,79,0.155,0.169,0.211,13.2,12.7,17.9,0.207,0.247,0.249,32.3
"Rogers, Taylor",573124,MIN,SI,Sinker,-0.5,-2,303,36.9,79,0.258,0.424,0.346,8.7,22.8,17.5,0.256,0.438,0.364,36.0
"Skenes, Paul",694973,PIT,CH,Changeup,-1.5,-5,315,13.4,79,0.243,0.392,0.29,38.0,36.7,17.6,0.207,0.29,0.236,17.4
"Kerkering, Orion",689147,PHI,FF,4-Seam Fastball,0.4,1,303,33.4,78,0.217,0.4,0.353,33.6,30.8,25.0,0.175,0.31,0.311,37.8
"Ober, Bailey",641927,MIN,SL,Slider,1.1,3,274,16.8,78,0.24,0.373,0.275,13.0,16.7,18.8,0.25,0.413,0.293,38.1
"Bennett, Jake",687562,BOS,CH,Changeup,1.4,4,302,26.3,78,0.211,0.289,0.212,33.9,25.6,19.2,0.18,0.255,0.189,29.3
"Quantrill, Cal",615698,TEX,FS,Split-Finger,-1.2,-3,271,22.3,78,0.247,0.411,0.308,21.7,17.9,14.7,0.256,0.395,0.306,35.6
"Davila, Nick",689546,SEA,SL,Slider,1.6,4,273,65.3,78,0.191,0.25,0.252,16.5,14.1,11.8,0.247,0.352,0.298,23.7
"Mlodzinski, Carmen",669387,PIT,SI,Sinker,-0.8,-2,304,17.3,78,0.338,0.437,0.386,6.7,6.4,10.6,0.376,0.559,0.424,53.7
"Martin, Davis",663436,CWS,SL,Slider,-1.6,-4,270,13.5,78,0.263,0.5,0.344,36.8,30.8,20.9,0.248,0.435,0.301,34.6
"Gordon, Tanner",685299,COL,SL,Slider,-1.8,-5,266,23.9,78,0.312,0.571,0.384,22.0,16.7,19.4,0.258,0.474,0.315,39.1
"Fried, Max",608331,NYY,SI,Sinker,1.4,4,286,22.1,78,0.264,0.319,0.294,18.0,9.0,12.7,0.239,0.299,0.27,34.8
"Lowder, Rhett",695076,CIN,CH,Changeup,-0.7,-2,349,20.5,78,0.23,0.378,0.294,26.0,17.9,14.9,0.236,0.396,0.292,23.3
"Lauer, Eric",641778,LAD,CH,Changeup,-1.1,-3,257,15.1,78,0.28,0.387,0.317,14.3,6.4,7.2,0.275,0.425,0.315,38.6
"Nance, Tommy",667297,MIN,SL,Slider,1.8,6,303,40.7,78,0.197,0.31,0.273,32.3,26.9,30.4,0.243,0.388,0.308,32.0
"Gasser, Robert",688107,MIL,FF,4-Seam Fastball,-0.5,-1,287,23.6,78,0.24,0.4,0.29,23.5,29.5,17.0,0.226,0.353,0.265,23.1
"Fried, Max",608331,NYY,FC,Cutter,2.0,6,293,22.6,78,0.194,0.254,0.258,28.1,26.9,31.8,0.179,0.245,0.249,36.2
"Woo, Bryan",693433,SEA,SL,Slider,0.2,1,323,15.3,78,0.229,0.357,0.28,32.7,30.8,22.0,0.242,0.392,0.307,52.1
"Newcomb, Sean",656794,CWS,SV,Slurve,1.4,5,368,33.5,78,0.171,0.271,0.233,29.7,28.2,21.4,0.213,0.298,0.263,32.7
"Kremer, Dean",665152,MIN,FS,Split-Finger,0.4,1,245,28.4,78,0.203,0.378,0.269,38.3,39.7,26.7,0.18,0.292,0.228,20.9
"Newcomb, Sean",656794,CWS,SI,Sinker,0.1,0,249,22.7,78,0.304,0.406,0.354,10.4,6.4,11.6,0.363,0.517,0.417,48.4
"Ginn, J.T.",669372,ATH,SL,Slider,-0.6,-2,312,15.5,77,0.263,0.434,0.304,34.2,28.6,19.3,0.225,0.347,0.251,38.9
"Melton, Troy",675512,DET,FC,Cutter,3.6,10,280,22.4,77,0.157,0.229,0.215,22.8,15.6,16.9,0.203,0.283,0.254,29.3
"Ramírez, Yohan",670990,PIT,SI,Sinker,2.2,6,283,24.8,77,0.225,0.296,0.276,12.8,9.1,18.9,0.266,0.353,0.301,32.8
"Ramírez, Yohan",670990,PIT,FF,4-Seam Fastball,-1.1,-3,268,23.5,77,0.246,0.443,0.388,25.0,24.7,23.5,0.247,0.357,0.352,35.7
"Agnos, Zach",688642,COL,FC,Cutter,-0.7,-2,274,23.5,77,0.324,0.456,0.384,16.2,7.8,11.5,0.326,0.497,0.384,47.6
"Natera Jr., Samy",696519,LAA,FF,4-Seam Fastball,2.5,9,374,81.0,77,0.145,0.217,0.212,32.2,33.8,25.2,0.17,0.265,0.24,34.9
"Gray, Peyton",682608,TEX,FF,4-Seam Fastball,0.8,3,328,39.6,77,0.239,0.373,0.339,24.4,32.5,23.4,0.214,0.332,0.289,46.5
"Burrows, Mike",681347,HOU,SL,Slider,-1.1,-3,258,16.5,77,0.301,0.521,0.369,27.3,19.5,19.0,0.255,0.421,0.308,32.8
"Aldegheri, Sam",691951,LAA,FF,4-Seam Fastball,1.0,3,288,47.2,77,0.215,0.308,0.315,12.1,10.4,9.6,0.272,0.435,0.365,29.3
"Painter, Andrew",691725,PHI,SL,Slider,-1.5,-4,291,19.8,76,0.302,0.476,0.383,37.2,28.9,25.0,0.266,0.403,0.348,44.2
"Quantrill, Cal",615698,TEX,FC,Cutter,-0.3,-1,320,26.3,76,0.286,0.457,0.362,14.9,10.5,12.1,0.307,0.562,0.395,33.9
"Severino, Luis",622663,ATH,SI,Sinker,-0.9,-2,259,23.8,76,0.323,0.508,0.411,15.2,14.5,18.6,0.312,0.517,0.397,44.6
"Javier, Cristian",664299,HOU,FF,4-Seam Fastball,-1.7,-6,326,49.9,76,0.355,0.548,0.447,24.7,15.8,11.2,0.338,0.533,0.434,52.0
"Zeferjahn, Ryan",666171,CHC,FF,4-Seam Fastball,0.3,1,378,35.3,76,0.148,0.213,0.255,37.5,46.1,24.3,0.155,0.249,0.27,48.1
"Ritchie, JR",702275,ATL,CU,Curveball,0.7,2,280,27.4,76,0.185,0.292,0.268,31.9,36.8,24.6,0.202,0.319,0.291,34.2
"Suarez, Ranger",624133,BOS,CU,Curveball,1.0,3,302,16.6,76,0.217,0.29,0.265,41.1,48.7,28.2,0.142,0.189,0.194,34.4
"Weathers, Ryan",677960,NYY,ST,Sweeper,0.3,1,443,20.1,76,0.239,0.328,0.291,36.8,36.8,28.6,0.238,0.333,0.294,25.0
"Seymour, Ian",693855,TB,ST,Sweeper,0.3,1,353,22.7,76,0.211,0.493,0.319,31.9,31.6,26.7,0.195,0.444,0.296,31.9
"Phillips, Tyler",663969,MIA,CU,Curveball,0.5,1,275,17.0,76,0.227,0.258,0.279,42.9,27.6,21.9,0.276,0.352,0.329,57.8
"Suter, Brent",608718,ATL,CH,Changeup,-0.4,-1,353,28.6,76,0.213,0.333,0.256,32.1,17.1,9.0,0.259,0.358,0.273,24.2
"Montero, Keider",672456,DET,CH,Changeup,1.8,5,269,14.0,76,0.139,0.25,0.205,27.8,17.1,15.1,0.179,0.275,0.222,25.4
"Burrows, Mike",681347,HOU,SI,Sinker,-1.8,-4,212,13.5,76,0.371,0.571,0.441,9.9,5.3,16.0,0.303,0.504,0.372,42.4
"Wheeler, Zack",554430,PHI,FS,Split-Finger,2.1,6,306,15.7,76,0.162,0.216,0.18,46.2,40.8,24.0,0.197,0.254,0.208,18.6
"Gallen, Zac",668678,AZ,CU,Curveball,-2.3,-7,304,18.6,76,0.357,0.571,0.421,22.9,15.8,10.1,0.309,0.5,0.373,46.6
"Feltner, Ryan",663372,COL,CH,Changeup,1.1,3,254,16.8,76,0.179,0.284,0.221,47.1,38.2,27.6,0.127,0.197,0.175,26.2
"Fairbanks, Pete",664126,MIA,FF,4-Seam Fastball,-2.1,-7,345,50.1,75,0.294,0.603,0.407,28.6,32.0,22.4,0.248,0.5,0.351,61.4
"Agnos, Zach",688642,COL,FF,4-Seam Fastball,-3.2,-9,293,25.1,75,0.318,0.712,0.47,15.1,10.7,7.9,0.311,0.678,0.439,50.8
"Johnson, Ryan",696270,LAA,SI,Sinker,-4.5,-12,255,23.5,75,0.383,0.75,0.517,2.8,1.3,1.9,0.392,0.762,0.518,50.8
"Rea, Colin",607067,CHC,SL,Slider,0.7,2,220,10.9,75,0.171,0.386,0.255,28.4,32.0,21.4,0.235,0.462,0.312,44.7
"Freeland, Kyle",607536,COL,ST,Sweeper,1.9,4,213,10.6,75,0.157,0.286,0.222,32.0,32.0,26.1,0.188,0.354,0.261,25.5
"Lovelady, Richard",663992,WSH,ST,Sweeper,0.0,0,231,42.9,75,0.2,0.369,0.308,25.2,21.3,19.3,0.224,0.365,0.301,27.5
"Houser, Adrian",605288,SF,CH,Changeup,-0.2,-1,274,16.1,75,0.2,0.343,0.287,36.1,30.7,22.8,0.199,0.332,0.257,36.2
"Early, Connelly",813349,BOS,SI,Sinker,0.6,2,304,19.9,75,0.286,0.349,0.345,12.7,14.7,24.4,0.292,0.397,0.364,38.5
"Sulser, Cole",642121,TB,CH,Changeup,-0.9,-3,304,39.2,75,0.246,0.362,0.301,35.6,32.0,22.2,0.212,0.337,0.265,30.4
"Littell, Zack",641793,AZ,SI,Sinker,-2.5,-7,271,14.2,75,0.315,0.63,0.409,11.8,8.0,10.2,0.338,0.643,0.431,48.5
"Webb, Logan",657277,SF,FF,4-Seam Fastball,1.9,5,276,13.4,75,0.183,0.254,0.217,24.7,30.7,16.2,0.211,0.309,0.249,35.4
"Estrada, Jeremiah",669093,SD,FF,4-Seam Fastball,1.3,4,288,58.1,75,0.194,0.226,0.281,25.2,21.3,22.5,0.244,0.377,0.337,38.3
"Misiorowski, Jacob",694819,MIL,SL,Slider,2.8,6,229,11.0,75,0.153,0.264,0.199,35.8,26.7,27.0,0.182,0.271,0.214,26.9
"Perkins, Jack",678022,ATH,CH,Changeup,-0.1,0,279,19.0,75,0.211,0.254,0.267,42.3,37.3,25.5,0.203,0.253,0.225,46.5
"Henderson, Logan",701656,MIL,CH,Changeup,0.3,1,307,32.6,75,0.183,0.437,0.275,38.8,34.7,23.0,0.188,0.356,0.248,23.9
"Brown, Hunter",686613,HOU,FF,4-Seam Fastball,0.4,2,399,33.3,75,0.127,0.302,0.264,20.4,29.3,19.5,0.135,0.243,0.238,47.6
"Varland, Louis",686973,TOR,CU,Curveball,-0.2,-1,313,31.1,75,0.239,0.352,0.295,35.1,33.3,18.9,0.225,0.327,0.254,46.8
"Lee, Dylan",669276,ATL,FF,4-Seam Fastball,3.9,10,265,30.3,75,0.118,0.162,0.175,22.1,30.7,20.7,0.189,0.329,0.264,44.4
"Ryan, Joe",657746,MIN,ST,Sweeper,0.4,1,302,14.5,75,0.211,0.366,0.285,36.3,37.3,28.6,0.175,0.328,0.23,29.5
"Minter, A.J.",621345,MIN,FC,Cutter,2.2,6,252,56.3,74,0.183,0.352,0.251,25.7,23.0,28.3,0.215,0.336,0.25,23.6
"Parker, Mitchell",680730,WSH,FF,4-Seam Fastball,-0.6,-1,225,33.9,74,0.302,0.413,0.372,17.8,16.2,21.1,0.302,0.497,0.387,41.5
"Faucher, Calvin",676534,MIA,FC,Cutter,-0.1,0,330,35.5,74,0.333,0.386,0.402,25.7,10.8,13.6,0.321,0.406,0.4,50.0
"Jax, Griffin",643377,TB,ST,Sweeper,0.7,2,354,25.2,74,0.203,0.422,0.278,37.0,29.7,23.9,0.216,0.393,0.303,40.4
"Lodolo, Nick",666157,CIN,FF,4-Seam Fastball,-1.6,-5,320,26.0,74,0.297,0.516,0.388,18.8,24.3,18.4,0.244,0.411,0.325,41.7
"Montero, Keider",672456,DET,CU,Curveball,-2.2,-6,266,13.8,74,0.282,0.563,0.368,18.7,17.6,14.4,0.268,0.555,0.347,40.0
"Civale, Aaron",650644,CHC,SI,Sinker,-2.9,-8,273,17.5,74,0.358,0.642,0.454,15.0,18.9,18.9,0.312,0.553,0.397,53.7
"Lugo, Seth",607625,KC,FF,4-Seam Fastball,-2.0,-7,369,15.8,74,0.4,0.646,0.478,15.2,21.6,19.0,0.301,0.488,0.38,44.9
"Bazardo, Eduard",660825,SEA,ST,Sweeper,-0.3,-1,313,34.3,74,0.235,0.471,0.32,36.8,28.4,21.0,0.234,0.432,0.316,27.1
"Jump, Gage",695611,ATH,SL,Slider,1.4,4,314,23.1,74,0.206,0.27,0.266,28.9,18.9,17.1,0.267,0.385,0.319,30.8
"Alexander, Tyler",641302,TEX,CH,Changeup,-0.7,-2,213,23.9,74,0.243,0.329,0.31,24.4,20.3,16.0,0.244,0.34,0.276,45.5
"Gallen, Zac",668678,AZ,CH,Changeup,1.6,5,288,17.6,73,0.147,0.191,0.201,26.5,17.8,15.5,0.245,0.338,0.273,33.9
"Finnegan, Kyle",640448,DET,FS,Split-Finger,0.6,2,282,32.4,73,0.179,0.313,0.25,34.3,24.7,16.4,0.174,0.284,0.237,34.7
"Lorenzen, Michael",547179,COL,FC,Cutter,-1.1,-3,311,14.2,73,0.381,0.635,0.458,14.5,6.8,15.2,0.326,0.512,0.403,41.7
"Kay, Anthony",641743,CWS,ST,Sweeper,-0.8,-4,482,22.4,73,0.25,0.464,0.383,36.1,21.9,14.3,0.225,0.366,0.334,23.3
"Loáisiga, Jonathan",642528,AZ,CH,Changeup,0.6,1,218,28.8,73,0.227,0.348,0.273,31.4,26.0,21.3,0.209,0.315,0.27,36.7
"Castillo, Luis",622491,CWS,CH,Changeup,-1.0,-3,281,13.8,73,0.282,0.366,0.311,26.0,15.1,11.8,0.254,0.366,0.271,29.5
"Matsui, Yuki",673513,SD,FF,4-Seam Fastball,-0.3,-1,297,37.2,73,0.268,0.5,0.381,24.6,16.4,15.6,0.211,0.414,0.359,41.3
"Muñoz, Andrés",662253,SEA,FF,4-Seam Fastball,0.7,2,305,39.3,73,0.279,0.377,0.367,24.4,23.3,30.9,0.248,0.335,0.326,45.5
"Gaddis, Hunter",683769,CLE,FF,4-Seam Fastball,0.4,1,214,29.8,72,0.27,0.444,0.346,22.9,19.4,20.0,0.258,0.437,0.338,44.0
"Lodolo, Nick",666157,CIN,CH,Changeup,0.2,0,290,23.6,72,0.262,0.385,0.296,22.5,4.2,4.8,0.313,0.456,0.352,32.3
"McDonald, Trevor",686790,SF,SL,Slider,0.2,1,295,25.9,72,0.15,0.3,0.274,38.7,30.6,21.4,0.208,0.311,0.301,34.2
"Canning, Griffin",656288,SD,FF,4-Seam Fastball,-0.5,-2,326,25.8,72,0.254,0.525,0.395,18.8,22.2,17.2,0.275,0.605,0.429,58.1
"Suarez, José",660761,ATH,CH,Changeup,-0.2,0,247,24.3,72,0.246,0.369,0.308,37.4,30.6,19.5,0.235,0.287,0.273,30.2
"Kochanowicz, Jack",686799,LAA,CH,Changeup,-1.8,-5,257,23.2,72,0.317,0.429,0.397,31.1,22.2,21.1,0.272,0.357,0.327,27.7
"Wolfram, Grant",664991,BAL,SI,Sinker,0.1,0,255,39.1,72,0.308,0.431,0.395,17.3,22.2,27.1,0.254,0.37,0.31,34.7
"Garcia, Brandyn",805299,AZ,SI,Sinker,2.0,5,245,48.9,72,0.238,0.317,0.294,12.5,13.9,25.0,0.229,0.339,0.295,38.9
"Leiter, Jack",683004,TEX,SL,Slider,-0.3,-1,255,18.3,72,0.222,0.444,0.346,33.1,29.2,25.3,0.259,0.463,0.356,48.8
"Ryan, Joe",657746,MIN,CU,Curveball,0.7,2,242,11.6,72,0.174,0.246,0.226,27.6,41.7,20.5,0.15,0.22,0.193,28.2
"Woo, Bryan",693433,SEA,ST,Sweeper,-0.4,-1,231,10.9,72,0.208,0.361,0.255,33.3,34.7,23.1,0.198,0.327,0.224,29.8
"Sterner, Justin",686993,ATH,FF,4-Seam Fastball,-0.4,-1,287,39.5,71,0.286,0.54,0.377,20.5,16.9,13.2,0.252,0.474,0.345,50.0
"Severino, Luis",622663,ATH,ST,Sweeper,-1.0,-3,267,24.6,71,0.21,0.419,0.32,28.8,33.8,20.5,0.185,0.331,0.28,39.5
"Woods Richardson, Simeon",680573,TOR,FS,Split-Finger,-5.0,-13,266,24.6,71,0.328,0.59,0.449,19.8,15.5,10.3,0.297,0.555,0.408,45.1
"Irvin, Jake",663623,WSH,CU,Curveball,1.9,6,304,23.8,71,0.125,0.188,0.191,39.5,36.6,21.1,0.163,0.265,0.234,26.3
"Gasser, Robert",688107,MIL,SI,Sinker,1.0,3,278,22.9,71,0.281,0.375,0.322,14.7,16.9,17.4,0.311,0.463,0.365,52.8
"Canning, Griffin",656288,SD,SL,Slider,-0.3,-1,304,24.0,71,0.277,0.385,0.313,37.5,38.0,29.7,0.22,0.324,0.267,48.7
"Junis, Jakob",596001,TEX,ST,Sweeper,1.9,5,268,43.7,71,0.203,0.29,0.228,20.2,19.7,17.3,0.25,0.403,0.292,20.0
"Imanaga, Shota",684007,CHC,ST,Sweeper,-1.4,-5,336,14.9,71,0.25,0.531,0.364,27.8,22.5,15.1,0.269,0.5,0.362,27.1
"Webb, Logan",657277,SF,FC,Cutter,0.7,2,283,13.7,71,0.279,0.412,0.324,20.0,12.7,18.4,0.249,0.347,0.27,20.0
"Clarke, Taylor",664199,AZ,CH,Changeup,0.9,2,223,28.0,71,0.231,0.323,0.257,19.5,15.5,14.5,0.27,0.41,0.314,31.6
"Rodriguez, Eduardo",593958,AZ,CU,Curveball,1.8,5,301,12.7,71,0.229,0.329,0.248,22.0,12.7,15.5,0.305,0.468,0.337,44.3
"Bello, Brayan",678394,BOS,CH,Changeup,0.8,2,272,19.0,70,0.215,0.323,0.239,26.3,20.0,14.3,0.268,0.387,0.276,30.9
"Gore, MacKenzie",669022,TEX,CH,Changeup,1.4,4,284,12.0,70,0.147,0.206,0.175,42.5,44.3,28.4,0.181,0.281,0.205,26.3
"Bassitt, Chris",605135,BAL,CU,Curveball,-0.1,0,266,22.9,70,0.237,0.322,0.319,29.8,18.6,15.7,0.255,0.337,0.316,14.9
"Harris, Hogan",663687,ATH,CU,Curveball,0.4,1,287,26.6,70,0.197,0.262,0.265,32.8,35.7,25.0,0.195,0.309,0.28,30.6
"Alvarado, José",621237,PHI,FC,Cutter,-0.6,-2,288,32.4,70,0.222,0.381,0.301,40.6,41.4,19.1,0.16,0.26,0.231,14.7
"Headrick, Brent",687396,NYY,SL,Slider,0.6,2,328,32.5,70,0.212,0.333,0.261,46.5,37.1,24.5,0.178,0.261,0.203,28.6
"Loáisiga, Jonathan",642528,AZ,SI,Sinker,2.4,6,245,32.4,70,0.242,0.318,0.278,16.3,11.4,18.2,0.23,0.32,0.257,32.2
"King, John",667463,MIA,SI,Sinker,1.5,3,229,32.1,70,0.193,0.316,0.308,16.7,11.4,14.8,0.202,0.281,0.291,39.2
"Schultz, Paxton",687606,WSH,FF,4-Seam Fastball,1.6,3,207,33.9,70,0.222,0.238,0.245,14.1,34.3,22.9,0.191,0.286,0.249,40.0
"Alvarez, Andrew",674841,WSH,SL,Slider,-1.0,-3,287,23.2,70,0.259,0.483,0.379,36.4,21.4,19.2,0.268,0.534,0.4,39.5
"Ginn, J.T.",669372,ATH,FC,Cutter,-0.3,-1,333,16.6,70,0.254,0.525,0.376,22.3,5.7,13.3,0.337,0.585,0.434,39.3
"Misiorowski, Jacob",694819,MIL,FC,Cutter,2.9,8,275,13.2,69,0.109,0.266,0.198,20.4,17.4,27.9,0.218,0.32,0.255,35.8
"Lange, Alex",656638,KC,SL,Slider,0.7,2,292,31.8,69,0.222,0.317,0.275,38.7,33.3,20.0,0.203,0.369,0.282,37.5
"Ginn, J.T.",669372,ATH,FF,4-Seam Fastball,-1.0,-2,237,11.8,69,0.2,0.382,0.338,20.2,18.8,17.8,0.24,0.399,0.359,38.1
"Márquez, Germán",608566,SD,CU,Curveball,-2.6,-8,292,31.8,69,0.284,0.582,0.386,26.7,23.2,15.2,0.286,0.542,0.36,43.1
"Rodriguez, Eduardo",593958,AZ,FC,Cutter,-1.1,-3,306,12.9,69,0.333,0.53,0.399,17.5,10.1,16.7,0.316,0.54,0.38,42.4
"Megill, Trevor",656730,MIL,CU,Curveball,3.3,8,244,35.7,68,0.123,0.138,0.136,47.3,36.8,28.1,0.132,0.169,0.148,29.3
"Avila, Luinder",679883,KC,SL,Slider,-1.3,-4,280,21.7,68,0.207,0.466,0.347,34.8,30.9,17.5,0.194,0.348,0.3,27.0
"Sewald, Paul",623149,TOR,ST,Sweeper,0.4,1,272,41.4,68,0.19,0.429,0.293,38.5,36.8,29.8,0.181,0.383,0.261,30.8
"Marinaccio, Ron",676760,CIN,CH,Changeup,-1.7,-5,284,27.3,68,0.246,0.443,0.347,25.2,11.8,7.7,0.231,0.366,0.302,22.6
"Bratt, Mitch",683352,AZ,FF,4-Seam Fastball,-0.9,-2,258,42.6,68,0.25,0.446,0.368,12.9,16.2,13.4,0.246,0.446,0.364,44.4
"Faucher, Calvin",676534,MIA,ST,Sweeper,2.4,5,226,24.3,68,0.15,0.2,0.207,32.1,39.7,26.0,0.164,0.263,0.234,32.4
"Cruz, Fernando",518585,NYY,FF,4-Seam Fastball,-0.1,0,287,31.8,68,0.304,0.482,0.39,14.4,7.4,14.3,0.295,0.526,0.4,30.8
"Beeter, Clayton",690925,WSH,FF,4-Seam Fastball,-0.8,-2,301,49.0,68,0.306,0.592,0.438,19.8,13.2,19.1,0.295,0.57,0.459,51.2
"Hader, Josh",623352,HOU,SI,Sinker,3.5,10,295,62.1,68,0.111,0.175,0.165,29.6,38.2,24.1,0.128,0.214,0.187,35.1
"De Los Santos, Enyel",660853,HOU,CH,Changeup,3.4,8,230,25.2,68,0.167,0.242,0.196,38.3,26.5,28.1,0.204,0.3,0.228,26.5
"Bowlan, Jonathan",680742,PHI,FF,4-Seam Fastball,2.7,9,348,45.2,68,0.127,0.222,0.179,37.4,52.9,29.3,0.113,0.218,0.181,42.9
"Gusto, Ryan",687473,MIA,FF,4-Seam Fastball,-0.5,-1,242,28.2,68,0.27,0.46,0.34,23.0,33.8,28.0,0.266,0.457,0.336,52.5
"Kochanowicz, Jack",686799,LAA,FF,4-Seam Fastball,-0.3,-1,245,22.2,68,0.232,0.464,0.344,18.6,19.1,16.7,0.245,0.476,0.358,35.6
"Wells, Tyler",669330,TB,CH,Changeup,2.0,4,216,23.1,68,0.177,0.306,0.25,35.1,23.5,20.8,0.195,0.311,0.258,15.2
"Thielbar, Caleb",573204,CHC,FF,4-Seam Fastball,-0.2,-1,268,39.9,68,0.238,0.492,0.331,24.5,27.9,18.8,0.247,0.552,0.358,40.0
"Flaherty, Jack",656427,DET,CU,Curveball,-1.6,-5,321,19.6,68,0.25,0.433,0.374,37.6,36.8,18.9,0.228,0.369,0.302,33.3
"Davis, Tyler",699823,CWS,FF,4-Seam Fastball,1.9,5,243,61.7,68,0.148,0.278,0.267,25.6,25.0,23.3,0.184,0.317,0.294,43.6
"Hoffman, Jeff",656546,MIN,FF,4-Seam Fastball,-1.1,-3,316,30.8,68,0.263,0.544,0.406,25.8,33.8,20.0,0.226,0.483,0.373,45.9
"Warren, Will",701542,NYY,CH,Changeup,0.5,1,260,12.4,68,0.138,0.231,0.208,29.2,23.5,16.5,0.248,0.343,0.274,34.7
"Phillips, Connor",683175,CIN,ST,Sweeper,1.2,3,263,48.2,68,0.127,0.218,0.243,36.7,26.5,20.9,0.194,0.305,0.305,42.1
"Wells, Tyler",669330,TB,FF,4-Seam Fastball,-1.2,-3,271,29.0,68,0.268,0.536,0.375,25.0,13.2,11.8,0.248,0.4,0.332,42.0
"Henriquez, Edgardo",683618,LAD,FF,4-Seam Fastball,0.9,2,256,32.0,67,0.135,0.173,0.255,30.8,34.3,23.2,0.157,0.221,0.277,33.3
"Hancock, Emerson",676106,SEA,ST,Sweeper,0.4,1,331,16.5,67,0.125,0.203,0.168,38.4,44.8,19.9,0.134,0.168,0.159,11.8
"Bachar, Lake",669199,PIT,SL,Slider,1.3,4,268,23.7,67,0.158,0.386,0.286,41.8,31.3,32.8,0.198,0.376,0.301,27.0
"Kelly, Kevin",687330,TB,CH,Changeup,1.3,3,199,26.3,67,0.167,0.227,0.185,29.2,31.3,23.9,0.224,0.301,0.235,48.9
"Martinez, Nick",607259,TB,FF,4-Seam Fastball,-0.9,-2,242,12.2,67,0.295,0.574,0.396,14.5,16.4,11.8,0.288,0.515,0.373,50.0
"Fried, Max",608331,NYY,FF,4-Seam Fastball,0.0,0,239,18.4,67,0.228,0.368,0.311,21.9,32.8,25.3,0.178,0.256,0.265,33.3
"Banda, Anthony",607455,MIN,SL,Slider,-1.2,-3,249,41.0,67,0.197,0.344,0.309,39.8,37.3,27.5,0.184,0.264,0.248,41.7
"Leahy, Kyle",681517,STL,ST,Sweeper,-0.6,-2,271,13.4,67,0.297,0.453,0.34,25.7,26.9,17.8,0.274,0.456,0.33,41.3
"Ryan, Joe",657746,MIN,FS,Split-Finger,1.1,3,262,12.5,67,0.2,0.338,0.244,21.8,17.9,13.5,0.237,0.373,0.275,43.4
"Lynch IV, Daniel",663738,KC,SI,Sinker,2.9,7,241,30.4,67,0.18,0.262,0.255,15.4,11.9,26.7,0.239,0.343,0.292,28.3
"Roycroft, Chris",688297,TB,SI,Sinker,-3.8,-8,211,51.6,67,0.368,0.649,0.495,16.0,11.9,20.0,0.314,0.548,0.417,49.0
"Lawrence, Justin",664875,WSH,ST,Sweeper,-1.3,-4,299,43.7,67,0.161,0.357,0.296,45.5,46.3,26.3,0.141,0.285,0.264,32.0
"Herget, Jimmy",623474,COL,ST,Sweeper,-3.2,-7,205,30.1,67,0.293,0.586,0.383,29.5,28.4,19.0,0.181,0.337,0.254,28.6
"Skenes, Paul",694973,PIT,FS,Split-Finger,0.6,2,262,11.1,67,0.328,0.379,0.349,18.2,11.9,21.1,0.28,0.391,0.329,38.5
"Blackburn, Paul",621112,NYY,CH,Changeup,5.1,11,215,21.5,66,0.078,0.141,0.111,32.8,24.2,25.0,0.188,0.269,0.211,31.3
"Halvorsen, Seth",678020,LAD,FF,4-Seam Fastball,-2.5,-6,244,63.2,66,0.309,0.509,0.422,12.3,9.1,11.3,0.334,0.491,0.413,40.8
"Garcia, Julian",670062,CIN,ST,Sweeper,-0.2,-1,243,55.9,66,0.197,0.459,0.288,36.6,30.3,22.7,0.188,0.323,0.234,30.2
"Anderson, Grant",681982,MIL,ST,Sweeper,0.8,2,283,36.5,66,0.175,0.317,0.23,38.3,33.3,24.2,0.18,0.256,0.211,29.3
"Misiorowski, Jacob",694819,MIL,CU,Curveball,1.7,4,220,10.6,66,0.098,0.098,0.148,43.2,51.5,29.1,0.115,0.132,0.154,18.5
"Gordon, Tanner",685299,COL,CH,Changeup,-0.4,-1,234,21.1,66,0.267,0.467,0.33,23.5,16.7,13.4,0.272,0.435,0.337,33.3
"Bird, Jake",656234,WSH,SI,Sinker,-0.5,-1,220,34.6,66,0.316,0.474,0.404,19.1,12.1,21.1,0.269,0.449,0.36,40.8
"Soriano, George",666277,STL,FF,4-Seam Fastball,1.0,3,261,28.6,66,0.217,0.35,0.284,17.5,9.1,9.2,0.261,0.487,0.352,50.0
"Cole, Gerrit",543037,NYY,SL,Slider,0.4,1,253,19.4,66,0.242,0.419,0.307,26.4,22.7,22.1,0.221,0.362,0.277,38.3
"Quantrill, Cal",615698,TEX,FF,4-Seam Fastball,0.8,2,262,21.6,66,0.185,0.315,0.281,27.4,21.2,14.1,0.202,0.411,0.319,47.6
"Dobbins, Hunter",690928,STL,FF,4-Seam Fastball,-0.7,-2,275,32.2,66,0.382,0.509,0.441,16.7,16.7,19.3,0.318,0.469,0.398,47.7
"Kittredge, Andrew",552640,BAL,SI,Sinker,-0.1,0,212,38.8,65,0.345,0.517,0.42,11.3,4.6,13.0,0.291,0.437,0.339,36.8
"Thornton, Trent",663423,CHC,FF,4-Seam Fastball,1.7,3,203,36.1,65,0.211,0.386,0.302,17.8,10.8,12.3,0.29,0.56,0.396,51.0
"Mayza, Tim",641835,PHI,SL,Slider,-2.1,-6,285,31.8,65,0.213,0.508,0.346,28.6,27.7,14.5,0.238,0.474,0.319,45.5
"Uribe, Abner",682842,MIL,SL,Slider,1.6,5,279,36.8,65,0.136,0.203,0.215,37.7,41.5,24.3,0.125,0.156,0.177,15.6
"Sproat, Brandon",687075,MIL,FC,Cutter,-1.6,-6,364,21.5,65,0.357,0.714,0.479,23.9,12.3,17.0,0.319,0.587,0.42,40.0
"Scott, Christian",681035,NYM,FC,Cutter,2.7,7,272,17.7,65,0.14,0.175,0.222,24.1,21.5,26.4,0.237,0.326,0.3,25.6
"Sterner, Justin",686993,ATH,FC,Cutter,-1.2,-3,224,30.9,65,0.333,0.55,0.42,31.2,15.4,17.9,0.244,0.427,0.306,43.1
"Brown, Hunter",686613,HOU,CU,Curveball,-0.6,-1,236,19.7,65,0.233,0.3,0.27,35.6,33.8,21.2,0.229,0.358,0.287,47.4
"Irvin, Jake",663623,WSH,SI,Sinker,-2.0,-5,268,21.0,65,0.364,0.764,0.525,11.8,10.8,13.7,0.331,0.717,0.473,49.0
"Chapman, Aroldis",547973,BOS,SI,Sinker,1.6,4,236,34.9,65,0.136,0.254,0.241,29.3,40.0,25.2,0.141,0.211,0.201,39.4
"De Jesus, Enmanuel",646241,DET,FF,4-Seam Fastball,0.7,2,282,42.3,65,0.218,0.327,0.315,25.4,26.2,20.2,0.242,0.446,0.35,51.3
"Lodolo, Nick",666157,CIN,CU,Curveball,-0.1,0,300,24.4,65,0.207,0.224,0.247,38.8,41.5,22.9,0.232,0.288,0.277,25.8
"Senga, Kodai",673540,NYM,FS,Split-Finger,0.2,0,229,24.6,64,0.096,0.135,0.213,45.5,48.4,25.4,0.114,0.144,0.223,33.3
"Kolek, Stephen",663568,KC,SI,Sinker,-1.3,-2,182,21.7,64,0.322,0.525,0.409,5.6,6.3,10.5,0.275,0.375,0.314,47.3
"Morejon, Adrian",670970,SD,CH,Changeup,2.2,5,241,22.4,64,0.177,0.21,0.202,53.1,46.9,28.6,0.134,0.16,0.147,31.3
"Weissert, Greg",669711,BOS,FF,4-Seam Fastball,-0.3,-1,220,27.5,64,0.224,0.397,0.305,22.0,21.9,15.4,0.202,0.341,0.275,29.5
"Romero, JoJo",668941,STL,ST,Sweeper,-0.3,-1,260,36.1,64,0.237,0.441,0.313,26.9,31.3,23.0,0.247,0.486,0.334,32.5
"Hurter, Brant",676428,DET,SI,Sinker,2.8,6,208,57.8,64,0.127,0.218,0.232,9.9,7.8,13.2,0.258,0.373,0.332,37.3
"Taylor, Grant",691799,CWS,CU,Curveball,2.7,8,290,27.5,64,0.136,0.153,0.173,34.3,37.5,28.9,0.181,0.289,0.241,51.4
"Taillon, Jameson",592791,TOR,CH,Changeup,-1.4,-3,225,15.9,64,0.258,0.484,0.341,31.0,20.3,18.3,0.261,0.428,0.307,20.4
"Medina, Luis",665622,ATH,SI,Sinker,-0.3,-1,256,25.9,64,0.333,0.51,0.414,7.3,3.1,6.7,0.35,0.553,0.433,44.2
"Woods Richardson, Simeon",680573,TOR,SL,Slider,-2.0,-5,249,23.0,64,0.328,0.517,0.409,18.5,9.4,9.5,0.344,0.531,0.405,44.2
"Richards, Trevor",670950,CWS,CH,Changeup,0.4,1,260,28.9,64,0.121,0.19,0.176,46.4,37.5,21.6,0.21,0.285,0.258,33.3
"Rogers, Trevor",669432,BAL,SI,Sinker,1.0,2,201,9.8,64,0.25,0.317,0.271,9.6,18.8,17.1,0.238,0.345,0.279,33.3
"Melton, Troy",675512,DET,SL,Slider,-0.2,0,202,16.2,64,0.2,0.4,0.28,31.8,35.9,27.1,0.206,0.327,0.26,36.8
"Warren, Austin",681810,NYM,ST,Sweeper,0.2,1,319,47.7,64,0.268,0.393,0.343,27.0,17.2,17.2,0.29,0.46,0.368,35.6
"Henriquez, Edgardo",683618,LAD,SI,Sinker,2.7,6,216,27.0,64,0.222,0.241,0.291,15.8,9.4,18.2,0.226,0.264,0.283,28.6
"Hanifee, Brenan",669724,DET,SI,Sinker,-0.1,0,195,60.7,64,0.316,0.474,0.381,10.2,4.7,7.7,0.327,0.414,0.359,45.5
"Rasmussen, Drew",656876,TB,CH,Changeup,1.7,4,252,12.1,63,0.159,0.159,0.157,36.5,36.5,18.3,0.197,0.251,0.194,27.5
"Hart, Kyle",606996,SD,SI,Sinker,2.6,6,238,28.8,63,0.164,0.182,0.212,13.0,25.4,27.1,0.164,0.201,0.219,17.5
"Roupp, Landen",694738,SF,FC,Cutter,-0.3,-1,298,13.1,63,0.286,0.429,0.366,27.6,20.6,23.6,0.251,0.345,0.307,30.2
"Griffin, Foster",656492,CLE,CH,Changeup,0.8,2,257,11.0,63,0.172,0.207,0.261,34.2,17.5,18.6,0.229,0.289,0.264,27.7
"Holderman, Colin",670059,CLE,ST,Sweeper,2.4,6,258,33.6,63,0.075,0.075,0.168,44.6,39.7,26.3,0.115,0.18,0.217,39.3
"Santana, Dennis",642701,AZ,SL,Slider,-1.1,-3,247,34.8,63,0.268,0.446,0.348,37.6,31.7,18.9,0.207,0.34,0.285,41.7
"Pfaadt, Brandon",694297,AZ,CH,Changeup,-0.6,-1,243,16.4,63,0.3,0.533,0.36,25.0,19.0,16.0,0.295,0.482,0.342,32.7
"Erceg, Lucas",668674,KC,SL,Slider,-1.6,-4,234,28.4,63,0.241,0.352,0.309,29.6,27.0,15.2,0.175,0.213,0.24,28.9
"Garcia, Rico",670329,BAL,FF,4-Seam Fastball,0.7,2,274,34.6,63,0.241,0.481,0.36,22.8,20.6,23.6,0.285,0.477,0.377,41.5
"Kelly, Merrill",518876,AZ,SL,Slider,0.2,0,209,10.1,63,0.25,0.35,0.284,33.6,19.0,14.1,0.26,0.422,0.302,28.6
"Watson, Ryan",670245,LAA,FC,Cutter,-0.8,-2,251,26.4,63,0.339,0.643,0.442,16.9,9.5,19.4,0.336,0.692,0.459,41.2
"Doval, Camilo",666808,PIT,SL,Slider,-0.9,-2,241,29.0,63,0.193,0.439,0.319,45.2,44.4,28.3,0.16,0.316,0.248,44.8
"Skenes, Paul",694973,PIT,SI,Sinker,-0.8,-2,247,10.5,63,0.316,0.509,0.401,9.5,15.9,18.2,0.284,0.427,0.343,53.2
"Erceg, Lucas",668674,KC,SI,Sinker,0.9,2,233,28.3,62,0.271,0.313,0.352,14.5,11.3,12.7,0.246,0.293,0.334,45.2
"Prielipp, Connor",687570,MIN,CU,Curveball,-0.6,-2,258,17.1,62,0.224,0.31,0.277,39.8,48.4,22.2,0.14,0.214,0.187,25.0
"Junk, Janson",676083,MIA,ST,Sweeper,-2.0,-4,205,13.8,62,0.25,0.533,0.329,13.9,12.9,12.3,0.226,0.467,0.303,32.1
"Quintana, Jose",500779,COL,FF,4-Seam Fastball,-0.1,0,204,29.7,62,0.288,0.481,0.361,18.9,12.9,12.1,0.265,0.413,0.328,34.0
"Corbin, Patrick",571578,TOR,FC,Cutter,-3.6,-8,214,15.2,62,0.462,0.788,0.561,13.8,4.8,8.1,0.376,0.719,0.487,56.9
"De Los Santos, Enyel",660853,HOU,SL,Slider,-0.7,-2,279,30.6,62,0.236,0.436,0.34,32.8,19.4,15.2,0.204,0.309,0.268,29.5
"Iglesias, Raisel",628452,ATL,FF,4-Seam Fastball,0.6,2,271,38.1,62,0.283,0.417,0.316,26.5,29.0,18.2,0.249,0.408,0.293,47.6
"Skenes, Paul",694973,PIT,ST,Sweeper,0.8,3,371,15.8,62,0.169,0.339,0.256,29.5,32.3,19.4,0.184,0.289,0.222,25.0
"Klein, Will",694361,LAD,ST,Sweeper,1.0,2,216,28.3,62,0.236,0.273,0.279,28.2,32.3,24.4,0.216,0.267,0.264,25.7
"Wells, Tyler",669330,TB,FC,Cutter,1.5,4,265,28.3,62,0.213,0.328,0.241,32.1,38.7,25.3,0.171,0.299,0.209,29.7
"Thompson, Ryan",657044,AZ,SL,Slider,0.4,1,217,33.2,62,0.233,0.333,0.249,25.2,22.6,17.3,0.227,0.336,0.244,21.3
"Clarke, Taylor",664199,AZ,SL,Slider,3.6,9,254,31.9,62,0.086,0.155,0.13,35.3,25.8,18.8,0.194,0.394,0.273,37.2
"Rodriguez, Eduardo",593958,AZ,SI,Sinker,-2.2,-4,204,8.6,62,0.382,0.545,0.436,7.1,8.1,9.6,0.351,0.536,0.416,32.0
"Giolito, Lucas",608337,SD,FF,4-Seam Fastball,-0.4,-1,229,41.6,62,0.319,0.404,0.41,16.7,8.1,10.9,0.323,0.495,0.434,64.3
"Miller, Erik",669062,BOS,SL,Slider,2.1,7,317,41.6,62,0.123,0.175,0.176,54.2,58.1,26.9,0.133,0.192,0.185,23.8
"Moll, Sam",594580,CIN,ST,Sweeper,0.6,2,350,36.1,62,0.175,0.298,0.257,37.0,35.5,22.2,0.173,0.262,0.228,28.6
"Petty, Chase",695534,CIN,SI,Sinker,0.1,0,164,34.4,62,0.302,0.547,0.42,9.3,3.2,8.7,0.317,0.559,0.424,42.3
"Elder, Bryce",693821,ATL,CH,Changeup,1.2,3,227,11.0,62,0.169,0.203,0.182,29.1,22.6,19.2,0.177,0.269,0.207,28.3
"Liberatore, Matthew",669461,STL,SI,Sinker,-2.6,-5,177,8.4,61,0.392,0.569,0.477,7.7,11.5,15.9,0.302,0.463,0.389,56.8
"Phillips, Connor",683175,CIN,FF,4-Seam Fastball,-1.9,-5,267,48.9,61,0.31,0.476,0.466,14.9,14.8,14.1,0.286,0.463,0.438,33.3
"Assad, Javier",665871,CHC,FF,4-Seam Fastball,0.4,1,246,18.9,61,0.246,0.509,0.337,18.5,14.8,13.0,0.3,0.555,0.379,49.0
"Blubaugh, AJ",805123,HOU,ST,Sweeper,2.1,6,289,21.7,61,0.218,0.255,0.234,34.7,26.2,18.6,0.168,0.247,0.242,22.0
"Beeks, Jalen",656222,TEX,FF,4-Seam Fastball,0.0,0,207,50.9,61,0.286,0.464,0.341,14.0,18.0,19.3,0.27,0.421,0.317,44.7
"Taillon, Jameson",592791,TOR,FC,Cutter,-2.4,-6,263,18.6,61,0.288,0.692,0.451,27.2,14.8,21.4,0.306,0.757,0.48,51.2
"Fisher, Braydon",680755,TOR,CU,Curveball,-0.6,-2,290,28.6,61,0.218,0.382,0.288,24.2,29.5,24.3,0.242,0.439,0.34,50.0
"Bibee, Tanner",676440,CLE,CU,Curveball,-0.9,-2,250,10.7,61,0.218,0.491,0.344,24.6,14.8,11.7,0.23,0.458,0.324,34.0
"Jax, Griffin",643377,TB,FF,4-Seam Fastball,-1.0,-3,250,17.8,61,0.259,0.519,0.359,27.6,26.2,18.4,0.242,0.521,0.359,43.6
"Strahm, Matt",621381,KC,FF,4-Seam Fastball,-0.1,0,246,38.9,61,0.207,0.5,0.313,26.2,26.2,17.8,0.168,0.353,0.243,40.5
"Pérez, Eury",691587,MIA,SL,Slider,0.9,3,318,16.0,61,0.164,0.345,0.261,41.1,29.5,18.4,0.207,0.412,0.305,43.2
"Ryan, Joe",657746,MIN,SI,Sinker,-0.6,-1,201,9.6,61,0.345,0.527,0.385,7.3,14.8,15.8,0.291,0.499,0.372,50.0
"Brubaker, JT",664141,SF,SL,Slider,0.3,1,243,25.7,61,0.196,0.353,0.287,37.7,18.0,12.8,0.216,0.334,0.294,23.8
"Rocker, Kumar",677958,TEX,FF,4-Seam Fastball,0.0,0,259,12.8,61,0.222,0.444,0.329,25.2,21.3,16.0,0.226,0.514,0.354,31.7
"Madden, Ty",680744,DET,FF,4-Seam Fastball,1.3,3,203,33.9,60,0.216,0.275,0.303,17.1,20.0,19.4,0.186,0.259,0.268,38.5
"Kelly, Merrill",518876,AZ,SI,Sinker,-1.7,-3,207,10.0,60,0.321,0.509,0.374,8.9,10.0,14.3,0.334,0.549,0.4,42.9
"Rodriguez, Bradgley",699134,SD,SI,Sinker,-0.1,0,226,24.7,60,0.304,0.464,0.357,11.5,8.3,15.2,0.249,0.366,0.294,31.4
"Okert, Steven",595345,HOU,FF,4-Seam Fastball,0.2,1,266,27.5,60,0.245,0.34,0.295,18.3,26.7,16.5,0.242,0.339,0.291,52.6
"Rocker, Kumar",677958,TEX,FC,Cutter,-0.7,-2,290,14.3,60,0.327,0.577,0.415,22.6,13.3,20.5,0.367,0.603,0.441,46.7
"Winn, Cole",668390,TEX,FF,4-Seam Fastball,-0.1,0,221,31.0,60,0.28,0.4,0.357,22.8,30.0,22.5,0.251,0.437,0.354,60.6
"Greene, Hunter",668881,CIN,FF,4-Seam Fastball,0.8,2,237,52.0,60,0.189,0.34,0.315,16.5,20.0,17.6,0.25,0.445,0.343,53.7
"Whisenhunt, Carson",687931,SF,CH,Changeup,1.0,2,202,35.4,60,0.2,0.4,0.29,40.5,20.0,18.5,0.245,0.451,0.328,46.5
"Nance, Tommy",667297,MIN,CU,Curveball,1.5,3,226,30.4,60,0.127,0.145,0.173,26.2,45.0,22.9,0.154,0.178,0.181,27.6
"Skenes, Paul",694973,PIT,SL,Slider,0.9,2,171,7.3,60,0.176,0.314,0.297,37.4,40.0,28.6,0.156,0.295,0.267,37.0
"Chapman, Aroldis",547973,BOS,FF,4-Seam Fastball,-1.0,-2,246,36.3,60,0.319,0.447,0.408,18.6,10.0,14.6,0.294,0.489,0.408,42.9
"Hurt, Kyle",669165,LAD,CH,Changeup,0.6,1,232,35.9,60,0.185,0.352,0.29,37.4,28.3,24.6,0.246,0.452,0.337,40.5
"Matthews, Zebby",805673,MIN,CH,Changeup,-2.7,-5,201,12.8,59,0.315,0.537,0.371,16.3,13.6,16.7,0.266,0.438,0.32,42.9
"Bernardino, Brennan",657514,COL,CU,Curveball,0.2,1,268,33.0,59,0.151,0.208,0.222,33.7,28.8,18.9,0.177,0.246,0.218,23.7
"Lynch IV, Daniel",663738,KC,SL,Slider,3.1,6,182,22.9,59,0.125,0.214,0.173,41.7,33.9,26.3,0.193,0.322,0.244,36.1
"Gray, Sonny",543243,BOS,CU,Curveball,-1.7,-5,322,16.7,59,0.333,0.627,0.438,31.5,20.3,20.7,0.28,0.452,0.343,43.9
"Matsui, Yuki",673513,SD,FS,Split-Finger,0.3,1,204,25.5,59,0.14,0.3,0.239,47.4,37.3,21.4,0.143,0.275,0.242,23.3
"Varland, Gus",681402,WSH,SL,Slider,-3.0,-7,224,39.6,59,0.283,0.585,0.384,24.3,23.7,20.9,0.29,0.597,0.377,42.9
"Romano, Jordan",605447,COL,SL,Slider,0.5,1,234,52.9,59,0.245,0.358,0.294,32.1,27.1,21.9,0.26,0.353,0.298,31.6
"McGreevy, Michael",700241,STL,FC,Cutter,-0.4,-1,251,11.8,59,0.345,0.564,0.434,16.5,8.5,14.3,0.327,0.603,0.416,36.0
"Lambert, Peter",663567,HOU,FC,Cutter,0.4,1,200,10.1,59,0.277,0.34,0.347,16.0,20.3,19.0,0.243,0.314,0.325,36.1
"Cleavinger, Garrett",664076,TB,SL,Slider,1.2,3,282,44.7,59,0.196,0.321,0.247,34.5,37.3,31.4,0.202,0.306,0.242,35.3
"Backhus, Kyle",679775,PHI,SI,Sinker,-1.1,-2,196,55.4,59,0.365,0.442,0.404,11.2,16.9,19.2,0.31,0.462,0.376,35.7
"Pérez, Eury",691587,MIA,ST,Sweeper,0.8,2,275,13.8,59,0.207,0.362,0.25,37.3,35.6,21.0,0.184,0.323,0.225,24.3
"Griffin, Foster",656492,CLE,CU,Curveball,-3.5,-8,225,9.7,59,0.345,0.603,0.413,25.0,22.0,19.7,0.314,0.537,0.356,41.3
"Dodd, Dylan",689266,ATL,FC,Cutter,2.3,5,212,33.2,59,0.164,0.255,0.215,31.0,23.7,20.9,0.226,0.309,0.261,26.8
"Sugano, Tomoyuki",608372,COL,FC,Cutter,-2.7,-6,216,11.4,58,0.304,0.75,0.46,17.1,5.2,10.3,0.346,0.791,0.484,47.2
"Nunez, Anthony",689296,BAL,ST,Sweeper,1.6,4,225,29.3,58,0.154,0.192,0.228,47.1,39.7,27.1,0.158,0.246,0.216,30.0
"Hoppe, Alex",695380,BAL,FF,4-Seam Fastball,-0.5,-1,210,38.0,58,0.224,0.388,0.328,19.4,25.9,24.6,0.229,0.351,0.318,38.2
"Bieber, Shane",669456,TOR,FF,4-Seam Fastball,-0.3,-1,295,35.6,58,0.245,0.571,0.383,11.1,15.5,14.5,0.276,0.621,0.417,51.2
"Garcia, Rico",670329,BAL,CH,Changeup,2.1,5,219,27.7,58,0.109,0.345,0.227,43.7,34.5,25.0,0.142,0.289,0.21,22.9
"Hoppe, Alex",695380,BAL,SL,Slider,-0.7,-2,238,43.0,58,0.241,0.352,0.306,40.6,36.2,24.7,0.243,0.34,0.271,55.9
"Lugo, Seth",607625,KC,ST,Sweeper,-2.8,-7,249,10.7,58,0.269,0.558,0.378,15.7,10.3,10.3,0.286,0.592,0.4,40.4
"Schultz, Paxton",687606,WSH,FC,Cutter,-0.6,-2,272,44.6,58,0.34,0.62,0.459,20.3,12.1,18.9,0.309,0.546,0.405,38.6
"Bachman, Sam",696147,LAA,SI,Sinker,0.1,0,236,31.0,58,0.191,0.298,0.334,20.5,19.0,15.7,0.248,0.363,0.345,38.9
"McLean, Nolan",690997,NYM,FC,Cutter,-2.5,-6,246,10.4,58,0.367,0.633,0.515,24.2,10.3,17.6,0.289,0.494,0.391,46.5
"Lynch IV, Daniel",663738,KC,CH,Changeup,2.2,4,192,24.2,58,0.236,0.327,0.256,29.2,15.5,19.1,0.238,0.317,0.252,34.0
"Prielipp, Connor",687570,MIN,SI,Sinker,-0.3,-1,204,13.5,58,0.345,0.455,0.384,13.4,12.1,17.1,0.279,0.396,0.313,37.5
"Peterson, David",656849,CHC,CH,Changeup,-1.5,-4,235,12.7,58,0.273,0.382,0.352,23.2,20.7,19.4,0.253,0.377,0.294,27.9
"Gore, MacKenzie",669022,TEX,SL,Slider,0.4,1,238,10.0,58,0.245,0.34,0.293,25.9,24.1,19.4,0.205,0.349,0.275,48.7
"Rodón, Carlos",607074,NYY,SL,Slider,-1.3,-3,225,25.2,58,0.2,0.436,0.291,34.6,41.4,23.5,0.182,0.319,0.233,34.4
"Lambert, Peter",663567,HOU,SL,Slider,0.4,1,255,12.9,58,0.173,0.346,0.268,26.1,19.0,13.3,0.2,0.326,0.273,36.6
"Arrighetti, Spencer",681293,HOU,ST,Sweeper,-0.9,-2,186,12.4,58,0.188,0.333,0.329,26.1,25.9,30.0,0.174,0.304,0.282,17.6
"Santana, Dennis",642701,AZ,FF,4-Seam Fastball,-0.9,-2,214,30.2,58,0.213,0.489,0.384,17.3,15.5,15.5,0.28,0.535,0.41,36.8
"Lugo, Seth",607625,KC,CH,Changeup,1.1,2,211,9.0,58,0.214,0.25,0.222,16.7,12.1,11.3,0.302,0.399,0.317,42.9
"Yoho, Craig",684974,CLE,CH,Changeup,2.4,5,205,47.9,58,0.148,0.296,0.218,35.8,29.3,26.2,0.198,0.275,0.23,26.3
"Abbott, Andrew",671096,CIN,CU,Curveball,-0.4,-1,317,13.2,58,0.259,0.389,0.281,23.3,12.1,18.4,0.258,0.381,0.294,29.2
"Rodriguez, Grayson",680570,LAA,CH,Changeup,-0.1,0,265,23.9,58,0.226,0.34,0.303,39.1,31.0,17.3,0.232,0.403,0.308,38.9
"Suarez, Ranger",624133,BOS,CH,Changeup,-0.5,-1,242,13.3,58,0.214,0.375,0.266,28.6,17.2,10.3,0.261,0.38,0.29,23.9
"Vesia, Alex",681911,LAD,SL,Slider,2.1,5,256,31.8,58,0.122,0.224,0.236,40.7,37.9,25.6,0.152,0.282,0.263,28.6
"Kay, Anthony",641743,CWS,SL,Slider,-0.6,-1,135,6.3,57,0.196,0.216,0.254,29.6,38.6,20.4,0.192,0.268,0.252,51.7
"Leiter Jr., Mark",643410,ATH,FS,Split-Finger,1.0,2,181,32.8,57,0.185,0.241,0.201,45.7,54.4,27.0,0.19,0.235,0.203,25.0
"Gómez, Yoendrys",672782,MIN,ST,Sweeper,0.3,1,220,24.1,57,0.196,0.286,0.205,36.6,35.1,18.9,0.176,0.306,0.216,37.8
"Pérez, Cionel",672335,NYM,SV,Slurve,0.0,0,223,31.8,57,0.226,0.358,0.315,33.3,35.1,24.1,0.2,0.308,0.253,33.3
"Schreiber, John",670167,KC,FF,4-Seam Fastball,-1.7,-3,211,27.9,57,0.192,0.385,0.299,27.4,36.8,21.4,0.187,0.317,0.258,32.3
"Soto, Gregory",642397,PIT,SL,Slider,2.7,7,262,28.3,57,0.13,0.167,0.16,45.2,49.1,28.0,0.117,0.165,0.153,15.4
"Tolle, Payton",801139,BOS,CU,Curveball,1.4,2,167,9.2,57,0.161,0.286,0.198,45.7,54.4,33.3,0.123,0.201,0.148,32.0
"Cease, Dylan",656302,TOR,SI,Sinker,0.7,1,197,8.4,57,0.22,0.34,0.297,14.1,22.8,24.5,0.245,0.413,0.331,32.4
"Cecconi, Slade",677944,CLE,CU,Curveball,-1.1,-3,275,14.8,57,0.255,0.431,0.324,28.7,24.6,13.9,0.25,0.463,0.332,31.6
"Liberatore, Matthew",669461,STL,CU,Curveball,-1.1,-4,362,17.2,57,0.189,0.453,0.284,41.5,52.6,21.4,0.181,0.357,0.248,37.5
"Wheeler, Zack",554430,PHI,ST,Sweeper,0.2,1,274,14.1,57,0.212,0.365,0.273,35.5,29.8,20.2,0.203,0.305,0.253,25.0
"Rodriguez, Bradgley",699134,SD,FF,4-Seam Fastball,1.8,4,232,25.4,57,0.17,0.191,0.243,24.8,28.1,22.2,0.164,0.221,0.232,23.5
"Schreiber, John",670167,KC,SI,Sinker,1.3,2,178,23.5,57,0.306,0.367,0.341,13.7,3.5,9.5,0.323,0.478,0.381,52.1
"Sears, JP",676664,SD,FF,4-Seam Fastball,1.6,3,182,34.4,57,0.231,0.346,0.289,18.9,21.1,17.6,0.224,0.461,0.325,42.5
"Gage, Matt",657424,SF,SL,Slider,-2.5,-6,236,44.9,57,0.313,0.667,0.46,24.8,12.3,12.7,0.313,0.601,0.432,38.1
"Scholtens, Jesse",669947,TB,SL,Slider,-2.1,-5,222,30.7,57,0.278,0.611,0.436,16.4,8.8,10.2,0.356,0.641,0.438,46.9
"Armstrong, Shawn",542888,CLE,FF,4-Seam Fastball,0.3,1,189,31.7,57,0.24,0.46,0.333,23.1,28.1,21.1,0.243,0.513,0.361,48.6
"Milner, Hoby",571948,CHC,SI,Sinker,0.7,2,239,42.1,57,0.321,0.509,0.369,18.6,7.0,10.5,0.366,0.572,0.419,45.1
"Petersen, Michael",656848,MIA,SL,Slider,0.9,2,239,27.0,56,0.222,0.352,0.263,35.9,30.4,23.9,0.212,0.327,0.247,37.8
"Orze, Eric",679358,MIN,FF,4-Seam Fastball,-0.8,-1,177,26.1,56,0.279,0.442,0.397,8.2,21.4,28.6,0.239,0.401,0.356,42.4
"Alexander, Tyler",641302,TEX,SI,Sinker,-0.5,-1,172,19.3,56,0.354,0.375,0.374,6.3,10.7,12.8,0.257,0.3,0.302,25.6
"Martin, Davis",663436,CWS,FC,Cutter,0.0,0,257,12.8,56,0.38,0.52,0.425,24.8,16.1,16.4,0.354,0.51,0.408,48.8
"Buehler, Walker",621111,SD,SL,Slider,3.4,7,219,10.6,56,0.13,0.185,0.157,25.6,32.1,23.1,0.175,0.291,0.216,44.4
"Buehler, Walker",621111,SD,CU,Curveball,-2.8,-5,181,8.8,56,0.294,0.51,0.374,27.2,25.0,17.9,0.28,0.52,0.372,40.5
"Cabrera, Edward",665795,CHC,CU,Curveball,0.4,1,252,19.7,56,0.18,0.44,0.292,34.1,37.5,24.4,0.194,0.342,0.279,43.3
"Feltner, Ryan",663372,COL,SI,Sinker,0.8,2,208,13.8,56,0.308,0.442,0.338,14.7,8.9,11.1,0.266,0.373,0.305,41.7
"Johnson, Pierce",572955,CIN,FF,4-Seam Fastball,0.5,1,219,35.8,56,0.174,0.391,0.306,20.6,28.6,18.8,0.226,0.462,0.351,45.2
"Johnson, Ryan",696270,LAA,FS,Split-Finger,0.4,1,258,23.7,56,0.189,0.245,0.237,35.6,21.4,15.0,0.219,0.293,0.234,14.3
"Thornton, Zac",804267,NYM,FC,Cutter,0.2,1,222,30.1,56,0.286,0.408,0.382,18.8,8.9,11.6,0.292,0.449,0.35,34.8
"Funderburk, Kody",681892,MIN,SI,Sinker,0.9,2,233,34.9,56,0.233,0.372,0.343,11.0,12.5,21.2,0.284,0.442,0.384,33.3
"Johnson, Seth",686751,ATH,FF,4-Seam Fastball,-2.1,-4,204,47.8,56,0.326,0.512,0.438,31.5,25.0,23.3,0.254,0.458,0.394,58.6
"Junk, Janson",676083,MIA,CH,Changeup,-0.4,-1,266,17.9,56,0.302,0.358,0.304,25.8,12.5,8.5,0.295,0.371,0.305,52.1
"Anderson, Drew",623454,DET,CU,Curveball,-0.4,-1,287,22.6,56,0.26,0.44,0.342,34.3,33.9,25.7,0.206,0.322,0.277,48.4
"Barlow, Scott",605130,ATH,CU,Curveball,4.0,8,199,34.3,56,0.077,0.173,0.121,44.2,37.5,26.9,0.124,0.215,0.171,18.2
"Scherzer, Max",453286,TOR,SL,Slider,-5.7,-9,160,19.2,56,0.294,0.745,0.47,19.3,17.9,12.5,0.254,0.554,0.372,34.1
"Lange, Alex",656638,KC,SI,Sinker,-1.5,-3,219,23.9,56,0.311,0.578,0.44,19.1,17.9,27.8,0.299,0.504,0.413,51.4
"Suarez, Robert",663158,ATL,FF,4-Seam Fastball,2.9,6,221,47.4,56,0.137,0.216,0.217,17.9,25.0,17.7,0.213,0.374,0.29,45.9
"Vest, Will",676684,DET,FF,4-Seam Fastball,-1.4,-3,214,44.2,56,0.362,0.532,0.433,19.2,23.2,18.1,0.243,0.421,0.344,45.7
"Morris, Andrew",702193,MIN,FC,Cutter,0.7,2,204,19.8,56,0.222,0.333,0.289,23.8,25.0,20.9,0.231,0.359,0.27,42.5
"Yamamoto, Yoshinobu",808967,LAD,CU,Curveball,0.5,1,270,12.5,56,0.264,0.377,0.317,22.2,21.4,16.9,0.278,0.397,0.313,26.8
"Seabold, Connor",657756,KC,FF,4-Seam Fastball,-0.2,0,252,52.9,56,0.327,0.469,0.364,17.6,21.4,14.6,0.256,0.35,0.294,43.6
"Silseth, Chase",681217,TEX,FS,Split-Finger,-0.7,-2,227,26.8,56,0.2,0.36,0.288,36.8,28.6,17.0,0.204,0.328,0.277,32.4
"Burke, Brock",656271,CIN,SL,Slider,0.3,1,282,28.3,56,0.176,0.333,0.271,37.4,26.8,24.2,0.215,0.415,0.299,32.4
"Nance, Tommy",667297,MIN,SI,Sinker,-2.2,-5,212,28.5,55,0.426,0.617,0.472,13.3,3.6,7.4,0.374,0.614,0.446,40.4
"Rogers, Tyler",643511,TOR,SL,Slider,-0.1,0,188,22.7,55,0.216,0.255,0.264,20.7,20.0,12.6,0.192,0.245,0.216,17.1
"Dion, Will",702021,WSH,FF,4-Seam Fastball,2.0,4,196,45.5,55,0.176,0.333,0.267,32.5,40.0,31.9,0.176,0.331,0.25,44.8
"Paredes, Mike",702474,MIN,FF,4-Seam Fastball,-2.3,-5,204,37.0,55,0.333,0.644,0.465,14.3,5.5,7.1,0.293,0.495,0.402,66.7
"Ashcraft, Graham",668933,CIN,SL,Slider,2.0,4,219,48.7,55,0.093,0.204,0.157,45.5,50.9,37.8,0.142,0.205,0.16,34.6
"Hall, DL",669084,MIL,SI,Sinker,2.2,5,244,35.6,55,0.163,0.163,0.259,8.9,7.3,9.5,0.267,0.354,0.352,30.0
"Fuentes, Didier",800311,ATL,SL,Slider,1.6,4,218,23.7,55,0.173,0.212,0.189,39.8,38.2,29.2,0.152,0.211,0.174,31.3
"Ashby, Aaron",676879,MIL,CU,Curveball,0.8,2,251,20.3,55,0.146,0.167,0.21,53.5,63.6,34.3,0.111,0.129,0.18,23.1
"Imanaga, Shota",684007,CHC,SI,Sinker,-0.9,-1,143,6.3,55,0.277,0.511,0.375,15.1,10.9,31.6,0.295,0.47,0.373,52.4
"Lord, Brad",695418,WSH,SL,Slider,-0.6,-2,245,21.6,55,0.245,0.327,0.332,23.9,20.0,11.8,0.267,0.416,0.338,47.4
"Pallette, Peyton",688883,CLE,FF,4-Seam Fastball,-0.5,-1,231,52.3,55,0.275,0.425,0.41,29.1,16.4,16.1,0.281,0.466,0.423,51.6
"Cole, Gerrit",543037,NYY,CH,Changeup,-0.1,0,190,14.6,55,0.222,0.37,0.262,20.8,18.2,17.9,0.249,0.353,0.269,25.0
"Dotel, Wilber",696062,PIT,FF,4-Seam Fastball,1.7,4,225,46.2,55,0.17,0.234,0.231,17.5,27.3,22.1,0.219,0.32,0.29,61.8
"Lorenzen, Michael",547179,COL,SL,Slider,-1.0,-2,169,7.7,55,0.25,0.404,0.323,22.6,27.3,21.4,0.277,0.458,0.327,55.3
"Raley, Brooks",548384,PHI,FC,Cutter,0.8,2,211,29.1,54,0.205,0.386,0.296,30.1,25.9,32.6,0.162,0.285,0.253,28.6
"Suarez, José",660761,ATH,SL,Slider,1.5,4,264,26.0,54,0.231,0.327,0.264,27.9,25.9,24.1,0.21,0.27,0.227,23.7
"Watson, Ryan",670245,LAA,FF,4-Seam Fastball,-0.4,-1,186,19.6,54,0.277,0.383,0.34,20.4,16.7,14.1,0.272,0.44,0.355,44.7
"Speier, Gabe",642100,SEA,SI,Sinker,-0.8,-1,164,32.3,54,0.289,0.444,0.374,13.3,9.3,21.7,0.261,0.414,0.345,41.5
"Laweryson, Cody",689520,MIN,FF,4-Seam Fastball,0.8,2,203,68.6,54,0.178,0.267,0.297,21.3,29.6,30.8,0.171,0.24,0.251,36.7
"Giolito, Lucas",608337,SD,CH,Changeup,-1.6,-3,191,34.7,54,0.283,0.457,0.391,24.4,14.8,15.4,0.242,0.346,0.319,28.9
"Svanson, Matt",694335,STL,ST,Sweeper,0.3,1,254,32.2,54,0.196,0.294,0.256,27.7,31.5,19.5,0.247,0.4,0.3,35.3
"Eisert, Brandon",685126,PIT,FF,4-Seam Fastball,-0.3,-1,241,37.7,54,0.224,0.571,0.349,26.4,29.6,22.9,0.176,0.353,0.25,45.7
"Fermin, José",820862,LAA,SI,Sinker,-0.1,0,223,29.9,54,0.295,0.432,0.386,20.0,11.1,10.5,0.296,0.389,0.372,44.7
"Cruz, Steven",674444,KC,FC,Cutter,2.5,5,210,28.2,54,0.18,0.22,0.24,31.9,20.4,30.6,0.202,0.259,0.229,22.5
"Eovaldi, Nathan",543135,TEX,SI,Sinker,-1.4,-2,142,7.1,54,0.34,0.48,0.399,10.2,3.7,14.3,0.307,0.417,0.342,33.3
"Whitlock, Garrett",676477,BOS,SL,Slider,1.5,2,168,27.1,54,0.157,0.275,0.203,44.8,42.6,32.9,0.192,0.34,0.244,37.9
"Pfaadt, Brandon",694297,AZ,ST,Sweeper,1.0,2,200,13.5,54,0.176,0.216,0.202,31.2,31.5,19.1,0.167,0.237,0.204,29.4
"Martin, Davis",663436,CWS,CU,Curveball,-0.4,-1,285,14.2,54,0.184,0.327,0.249,40.6,44.4,27.3,0.214,0.363,0.279,42.3
"Ashcraft, Graham",668933,CIN,FC,Cutter,-0.7,-2,231,51.3,53,0.308,0.462,0.463,19.4,7.5,7.3,0.278,0.458,0.424,37.1
"Brown, Ben",676962,CHC,SI,Sinker,2.2,5,207,20.6,53,0.224,0.245,0.268,13.0,7.5,18.2,0.242,0.313,0.276,33.3
"Hoffman, Jeff",656546,MIN,FS,Split-Finger,-0.7,-1,216,21.1,53,0.314,0.412,0.331,33.6,20.8,17.7,0.253,0.337,0.272,32.5
"Eisert, Brandon",685126,PIT,SL,Slider,-0.6,-1,227,35.5,53,0.286,0.469,0.386,35.1,24.5,15.3,0.253,0.396,0.31,27.8
"Doval, Camilo",666808,PIT,FC,Cutter,-1.9,-4,228,27.4,53,0.375,0.5,0.455,17.4,7.5,10.0,0.255,0.343,0.352,43.6
"McLean, Nolan",690997,NYM,ST,Sweeper,-2.8,-9,310,13.1,53,0.385,0.564,0.488,27.2,17.0,13.2,0.269,0.379,0.39,20.0
"Funderburk, Kody",681892,MIN,FC,Cutter,2.0,4,228,34.1,53,0.191,0.213,0.239,34.2,26.4,26.4,0.16,0.217,0.223,21.2
"O'Brien, Riley",676617,STL,ST,Sweeper,1.1,3,260,31.0,53,0.047,0.047,0.169,47.1,43.4,18.7,0.111,0.184,0.236,25.0
"Smith, Dylan",681916,SF,FF,4-Seam Fastball,-0.6,-1,233,52.1,53,0.229,0.417,0.317,26.7,35.8,24.1,0.192,0.401,0.275,54.8
"Rojas, Kendry",696070,MIN,FF,4-Seam Fastball,1.0,2,226,43.4,53,0.19,0.286,0.301,29.7,34.0,27.7,0.152,0.211,0.26,20.0
"Poulin, PJ",676571,WSH,ST,Sweeper,0.5,1,224,35.3,53,0.178,0.378,0.303,29.0,26.4,21.2,0.204,0.439,0.336,45.2
"Boyd, Matthew",571510,CHC,SL,Slider,0.2,0,198,14.9,53,0.188,0.271,0.246,39.5,41.5,24.4,0.201,0.294,0.258,30.8
"Wrobleski, Justin",680736,LAD,SI,Sinker,0.6,1,148,7.8,53,0.347,0.531,0.403,8.0,3.8,25.0,0.364,0.505,0.4,31.9
"Ashby, Aaron",676879,MIL,SL,Slider,3.3,6,170,13.8,53,0.118,0.118,0.128,56.8,58.5,37.3,0.111,0.128,0.127,25.0
"Rangel, Alan",660604,PHI,CH,Changeup,-1.2,-2,183,37.3,53,0.313,0.542,0.382,35.5,28.3,21.4,0.234,0.349,0.28,20.6
"Aleman, Franco",680916,CLE,FF,4-Seam Fastball,0.9,2,225,67.4,53,0.239,0.326,0.307,24.7,28.3,23.8,0.178,0.268,0.259,41.9
"Wheeler, Zack",554430,PHI,FC,Cutter,0.7,1,213,11.0,53,0.255,0.426,0.338,21.6,20.8,28.9,0.257,0.378,0.322,44.4
"Drohan, Shane",675660,MIL,FC,Cutter,1.5,3,192,12.2,53,0.277,0.362,0.348,16.0,3.8,11.1,0.321,0.478,0.371,34.8
"Scholtens, Jesse",669947,TB,SI,Sinker,1.6,3,169,23.4,53,0.213,0.34,0.293,21.1,15.1,20.0,0.264,0.403,0.319,27.5
"Miles, Spencer",693686,TOR,SL,Slider,-0.4,-1,202,16.5,53,0.288,0.346,0.305,18.6,22.6,17.1,0.233,0.281,0.232,32.5
"Kremer, Dean",665152,MIN,FF,4-Seam Fastball,-0.5,-1,217,25.2,53,0.267,0.667,0.393,16.0,13.2,12.7,0.284,0.602,0.393,39.0
"Marinaccio, Ron",676760,CIN,FC,Cutter,-0.4,-1,217,20.8,53,0.261,0.435,0.368,23.7,13.2,18.4,0.285,0.418,0.354,41.0
"Pearson, Nate",663878,KC,FF,4-Seam Fastball,0.3,1,200,41.1,53,0.233,0.279,0.315,19.4,9.4,8.9,0.281,0.466,0.391,42.1
"Skubal, Tarik",669373,LAD,SL,Slider,1.6,4,235,13.7,53,0.212,0.365,0.281,28.0,20.8,22.0,0.259,0.358,0.267,38.1
"Whisenhunt, Carson",687931,SF,FF,4-Seam Fastball,-3.9,-8,199,34.9,53,0.447,0.658,0.514,11.8,11.3,11.3,0.379,0.62,0.496,55.9
"Sale, Chris",519242,ATL,CH,Changeup,1.5,3,233,11.2,53,0.269,0.346,0.265,33.3,1.9,2.8,0.324,0.438,0.324,44.2
"Hudson, Bryan",663542,CWS,ST,Sweeper,-1.8,-4,226,26.3,53,0.326,0.413,0.358,23.7,18.9,13.9,0.221,0.264,0.253,30.8
"Ray, Robbie",592662,SD,CU,Curveball,2.0,5,254,10.9,53,0.143,0.184,0.185,36.7,30.2,24.2,0.196,0.262,0.236,42.4
"Adams, Travis",701519,MIN,CH,Changeup,-1.0,-2,187,27.5,53,0.26,0.44,0.338,36.2,30.2,28.1,0.187,0.264,0.223,20.6
"Sullivan, Sean",807743,COL,FF,4-Seam Fastball,-3.1,-6,189,45.9,52,0.419,0.814,0.549,15.7,13.5,14.3,0.266,0.491,0.385,47.2
"Ritchie, JR",702275,ATL,CH,Changeup,-2.6,-5,177,17.3,52,0.283,0.5,0.38,23.7,19.2,16.7,0.263,0.506,0.355,45.9
"Povich, Cade",700249,BAL,FF,4-Seam Fastball,1.8,4,204,45.0,52,0.191,0.34,0.272,20.2,15.4,15.1,0.242,0.455,0.335,35.9
"Severino, Luis",622663,ATH,FF,4-Seam Fastball,-0.4,-1,230,21.2,52,0.298,0.447,0.357,26.1,30.8,17.8,0.233,0.369,0.3,48.4
"Keller, Mitch",656605,PIT,SL,Slider,0.5,1,180,9.5,52,0.234,0.362,0.286,21.5,17.3,15.3,0.286,0.42,0.33,35.9
"Matsui, Yuki",673513,SD,SL,Slider,2.6,6,244,30.5,52,0.106,0.128,0.147,39.8,25.0,28.3,0.163,0.258,0.22,20.0
"Roberts, Ethan",681799,CHC,FC,Cutter,-1.7,-3,196,45.0,52,0.286,0.524,0.412,18.9,11.5,11.8,0.258,0.406,0.364,47.2
"Agnos, Zach",688642,COL,SI,Sinker,-0.2,0,150,12.9,52,0.356,0.422,0.364,2.5,1.9,4.5,0.309,0.408,0.361,39.1
"Glasnow, Tyler",607192,LAD,CU,Curveball,0.7,1,177,29.5,52,0.082,0.184,0.144,50.0,57.7,33.0,0.08,0.131,0.125,42.1
"Weiss, Ryan",680802,HOU,FF,4-Seam Fastball,-4.9,-10,196,37.0,52,0.409,0.886,0.566,15.6,17.3,16.1,0.356,0.717,0.491,57.1
"Adam, Jason",592094,SD,SL,Slider,3.0,6,210,38.1,52,0.2,0.28,0.244,38.2,17.3,20.0,0.231,0.325,0.258,36.6
"Wacha, Michael",608379,KC,SL,Slider,-1.4,-3,202,8.6,52,0.32,0.52,0.366,30.4,15.4,14.0,0.296,0.429,0.318,32.6
"Burke, Brock",656271,CIN,CH,Changeup,-0.7,-1,176,17.7,52,0.239,0.413,0.339,33.0,19.2,15.6,0.272,0.471,0.361,36.1
"Cornelio, Riley",683000,WSH,FF,4-Seam Fastball,-0.3,-1,183,44.6,52,0.286,0.343,0.386,15.8,9.6,10.0,0.242,0.388,0.38,50.0
"Smith, Cade",671922,CLE,FS,Split-Finger,1.8,4,235,24.3,52,0.106,0.106,0.127,43.6,44.2,23.0,0.121,0.172,0.18,34.6
"Ureña, Walbert",700712,LAA,ST,Sweeper,0.7,2,292,15.1,51,0.146,0.188,0.169,34.9,31.4,16.7,0.21,0.344,0.245,32.4
"Kilian, Caleb",668873,PHI,CU,Curveball,-2.2,-4,187,23.8,51,0.271,0.438,0.327,39.8,39.2,25.3,0.221,0.382,0.283,32.1
"Winn, Cole",668390,TEX,FC,Cutter,0.2,0,215,30.2,51,0.289,0.4,0.333,21.9,2.0,5.0,0.333,0.475,0.389,40.0
"Shugart, Chase",663767,PHI,SI,Sinker,2.9,6,201,28.8,51,0.178,0.267,0.238,22.9,45.1,38.3,0.201,0.386,0.296,39.1
"Morillo, Juan",666661,AZ,CH,Changeup,1.6,3,171,21.1,51,0.191,0.255,0.225,30.3,25.5,21.0,0.186,0.235,0.214,17.1
"Waguespack, Jacob",621097,DET,FF,4-Seam Fastball,2.7,5,174,45.1,51,0.133,0.267,0.218,23.5,15.7,14.8,0.207,0.32,0.272,34.2
"Corbin, Patrick",571578,TOR,CH,Changeup,0.4,1,247,17.5,51,0.208,0.271,0.242,29.0,15.7,10.7,0.258,0.365,0.29,29.3
"Mize, Casey",663554,SD,SI,Sinker,1.8,3,164,10.5,51,0.261,0.37,0.305,16.5,11.8,24.0,0.284,0.397,0.319,35.7
"Holmes, Clay",605280,CHC,CH,Changeup,0.7,1,160,15.0,51,0.216,0.235,0.201,29.8,27.5,17.1,0.246,0.313,0.243,51.4
"Bird, Jake",656234,WSH,ST,Sweeper,1.0,2,242,38.1,51,0.191,0.383,0.264,36.0,33.3,24.6,0.164,0.315,0.23,25.8
"Rea, Colin",607067,CHC,ST,Sweeper,2.0,4,184,9.1,51,0.125,0.25,0.189,30.7,31.4,19.5,0.132,0.272,0.201,18.8
"deGrom, Jacob",594798,TEX,CH,Changeup,0.4,1,257,12.7,51,0.235,0.275,0.243,42.7,31.4,21.1,0.238,0.328,0.244,37.1
"Maton, Phil",664208,CHC,FC,Cutter,-0.3,-1,201,36.8,50,0.325,0.375,0.346,23.2,22.0,16.9,0.328,0.494,0.396,46.9
"Winn, Cole",668390,TEX,SL,Slider,-0.3,0,163,22.9,50,0.188,0.375,0.27,37.6,30.0,21.4,0.224,0.352,0.256,32.4
"Watson, Ryan",670245,LAA,ST,Sweeper,1.9,4,208,21.9,50,0.14,0.2,0.166,35.0,32.0,17.2,0.211,0.303,0.222,32.4
"Pfaadt, Brandon",694297,AZ,CU,Curveball,0.9,2,229,15.5,50,0.174,0.261,0.215,36.0,30.0,23.1,0.191,0.311,0.253,34.4
"Hart, Kyle",606996,SD,ST,Sweeper,-0.1,0,224,27.1,50,0.239,0.435,0.326,25.3,20.0,13.9,0.202,0.323,0.263,30.6
"Cano, Yennier",666974,BAL,FS,Split-Finger,-1.0,-2,181,27.3,50,0.313,0.354,0.318,33.0,28.0,18.2,0.293,0.439,0.331,38.2
"Soroka, Michael",647336,AZ,CH,Changeup,-0.5,-1,183,12.7,50,0.265,0.449,0.313,19.8,8.0,12.1,0.308,0.516,0.358,20.0
"Speier, Gabe",642100,SEA,FF,4-Seam Fastball,2.6,5,195,38.4,50,0.111,0.267,0.191,29.1,34.0,21.0,0.174,0.413,0.274,36.7
"Holton, Tyler",663947,DET,SI,Sinker,0.6,1,179,19.3,50,0.34,0.468,0.373,9.6,12.0,20.0,0.285,0.417,0.326,41.5
"Bassitt, Chris",605135,BAL,FC,Cutter,-1.5,-4,244,21.0,50,0.341,0.523,0.397,22.2,18.0,11.4,0.315,0.457,0.368,38.9
"Booser, Cam",592155,TB,FF,4-Seam Fastball,3.9,8,205,46.8,50,0.128,0.149,0.143,26.1,28.0,23.0,0.182,0.279,0.217,41.2
"Gore, MacKenzie",669022,TEX,FC,Cutter,-1.5,-3,174,7.3,50,0.256,0.651,0.419,26.4,26.0,27.7,0.275,0.572,0.403,56.7
"Lorenzen, Michael",547179,COL,CU,Curveball,-1.4,-3,243,11.1,50,0.333,0.563,0.381,23.3,18.0,15.8,0.293,0.483,0.333,47.5
"Bachar, Lake",669199,PIT,ST,Sweeper,-0.7,-1,192,17.0,50,0.25,0.364,0.318,35.6,28.0,17.9,0.249,0.429,0.337,46.7
"Mey, Luis",682825,CIN,SI,Sinker,1.1,2,210,59.5,50,0.211,0.316,0.355,30.0,30.0,27.8,0.196,0.34,0.346,39.1
"Lange, Alex",656638,KC,CH,Changeup,-1.3,-3,199,21.7,50,0.267,0.422,0.323,30.6,30.0,18.5,0.206,0.32,0.26,38.7
"Civale, Aaron",650644,CHC,FF,4-Seam Fastball,-3.5,-7,188,12.0,50,0.348,0.783,0.476,11.3,10.0,7.1,0.311,0.662,0.427,64.3
"Warren, Austin",681810,NYM,SI,Sinker,-0.1,0,169,25.3,50,0.179,0.41,0.312,8.3,28.0,29.8,0.188,0.356,0.323,46.2
"Yarbrough, Ryan",642232,NYY,CH,Changeup,0.7,1,157,21.0,50,0.245,0.286,0.262,32.7,22.0,19.3,0.251,0.341,0.264,23.7
"Pérez, Cionel",672335,NYM,SI,Sinker,-0.7,-1,204,29.1,50,0.311,0.511,0.396,14.6,8.0,13.8,0.285,0.541,0.384,53.7
"Thornton, Zac",804267,NYM,FF,4-Seam Fastball,1.1,2,185,25.1,50,0.2,0.44,0.267,15.7,24.0,25.5,0.265,0.559,0.345,47.4
"Waldron, Matt",663362,TOR,KN,Knuckleball,-3.2,-6,182,29.5,50,0.319,0.553,0.377,19.3,26.0,23.6,0.243,0.339,0.264,37.1
"King, Bryan",687911,HOU,ST,Sweeper,-2.3,-6,245,28.0,49,0.4,0.622,0.462,21.6,16.3,11.6,0.309,0.449,0.356,27.0
"Maton, Phil",664208,CHC,CU,Curveball,-3.3,-5,158,28.9,49,0.25,0.523,0.355,32.1,38.8,24.4,0.215,0.39,0.294,38.5
"Soto, Gregory",642397,PIT,ST,Sweeper,0.6,1,159,17.2,49,0.13,0.239,0.19,45.3,57.1,37.3,0.093,0.16,0.144,22.2
"Fried, Max",608331,NYY,CH,Changeup,2.2,4,158,12.2,49,0.17,0.213,0.19,29.3,26.5,20.6,0.227,0.279,0.24,29.4
"Bradley, Taj",671737,MIN,CU,Curveball,-3.1,-7,223,9.2,49,0.217,0.478,0.316,33.8,51.0,21.4,0.19,0.344,0.257,33.3
"Severino, Luis",622663,ATH,FC,Cutter,-1.3,-3,225,20.7,49,0.3,0.475,0.438,18.1,8.2,12.1,0.242,0.388,0.349,22.2
"Bello, Brayan",678394,BOS,FC,Cutter,-1.4,-3,228,16.0,49,0.295,0.705,0.462,48.7,22.4,31.4,0.299,0.646,0.426,30.3
"Hader, Josh",623352,HOU,SL,Slider,2.2,4,180,37.9,49,0.14,0.163,0.203,48.4,30.6,21.7,0.201,0.313,0.278,32.1
"Gibson, Cade",806188,MIA,ST,Sweeper,-0.9,-1,173,26.7,49,0.318,0.364,0.333,24.7,30.6,19.5,0.27,0.334,0.282,22.6
"Garcia, Brandyn",805299,AZ,ST,Sweeper,3.0,5,156,31.1,49,0.064,0.064,0.102,53.5,59.2,35.8,0.087,0.131,0.118,16.7
"Prielipp, Connor",687570,MIN,CH,Changeup,0.2,0,163,10.8,49,0.244,0.511,0.333,20.7,18.4,23.1,0.269,0.495,0.34,42.1
"Houser, Adrian",605288,SF,SL,Slider,-1.9,-3,167,9.8,49,0.283,0.565,0.402,16.5,12.2,13.0,0.282,0.584,0.37,40.5
"Anderson, Grant",681982,MIL,SI,Sinker,1.9,3,178,23.0,49,0.195,0.341,0.291,9.6,6.1,13.6,0.22,0.316,0.295,41.0
"Drohan, Shane",675660,MIL,CU,Curveball,-0.9,-2,212,13.4,49,0.302,0.442,0.369,28.1,26.5,19.4,0.277,0.393,0.332,32.3
"Gasser, Robert",688107,MIL,FC,Cutter,0.5,1,221,18.2,49,0.244,0.537,0.38,21.3,2.0,4.3,0.279,0.461,0.372,26.8
"Mederos, Victor",682989,ATL,FC,Cutter,0.6,1,179,49.9,49,0.163,0.372,0.298,36.1,22.4,20.0,0.221,0.374,0.307,40.6
"Cease, Dylan",656302,TOR,CH,Changeup,0.7,2,270,11.5,49,0.13,0.174,0.153,54.1,49.0,27.9,0.148,0.2,0.171,26.1
"Schultz, Noah",702273,CWS,FC,Cutter,-0.2,-1,241,21.0,48,0.25,0.4,0.334,19.0,12.5,14.3,0.283,0.483,0.376,33.3
"Sproat, Brandon",687075,MIL,CU,Curveball,-3.8,-6,166,9.8,48,0.214,0.595,0.386,32.0,37.5,20.7,0.234,0.516,0.363,54.2
"Legumina, Casey",668984,TB,SI,Sinker,2.1,4,184,21.7,48,0.286,0.333,0.319,11.5,8.3,12.9,0.324,0.452,0.374,28.2
"Erceg, Lucas",668674,KC,FF,4-Seam Fastball,-1.3,-3,238,28.9,48,0.333,0.5,0.402,18.6,12.5,7.7,0.312,0.492,0.39,44.4
"Bieber, Shane",669456,TOR,CU,Curveball,-2.0,-3,156,18.8,48,0.386,0.545,0.429,36.8,20.8,22.7,0.327,0.533,0.394,58.8
"Poulin, PJ",676571,WSH,FF,4-Seam Fastball,-0.6,-1,189,29.8,48,0.22,0.39,0.324,9.9,12.5,9.4,0.298,0.545,0.407,51.4
"Nardi, Andrew",677053,MIA,FF,4-Seam Fastball,1.1,2,181,47.9,48,0.25,0.3,0.311,29.0,29.2,25.0,0.252,0.406,0.345,48.1
"Buehler, Walker",621111,SD,CH,Changeup,-4.5,-9,203,9.8,48,0.362,0.66,0.458,28.3,25.0,16.9,0.337,0.559,0.389,54.3
"Mikolas, Miles",571945,WSH,CU,Curveball,-1.1,-3,273,15.0,48,0.349,0.442,0.35,22.4,20.8,12.0,0.251,0.399,0.309,35.3
"Vásquez, Randy",681190,SD,CU,Curveball,-2.6,-5,175,9.6,48,0.295,0.477,0.414,19.4,16.7,10.8,0.309,0.437,0.367,47.2
"Aldegheri, Sam",691951,LAA,CH,Changeup,0.7,1,189,31.0,48,0.227,0.455,0.311,33.3,22.9,16.4,0.233,0.436,0.294,40.0
"Holmes, Grant",656550,ATL,SI,Sinker,-0.2,0,225,12.0,48,0.286,0.476,0.376,15.6,0.0,0.0,0.354,0.521,0.415,55.8
"Slaten, Justin",686580,BOS,FC,Cutter,-1.7,-4,211,41.5,48,0.395,0.605,0.439,18.6,14.6,22.6,0.316,0.506,0.375,44.7
"Watson, Ryan",670245,LAA,SI,Sinker,-1.4,-2,157,16.5,48,0.275,0.6,0.416,15.4,4.2,7.7,0.35,0.619,0.46,33.3
"Sisk, Evan",681895,PIT,SI,Sinker,-1.0,-2,232,31.2,48,0.314,0.514,0.462,15.7,12.5,23.1,0.303,0.49,0.43,46.7
"Palencia, Daniel",694037,CHC,FF,4-Seam Fastball,1.8,3,191,66.1,48,0.227,0.273,0.246,23.1,27.1,22.4,0.261,0.413,0.314,28.1
"Herrin, Tim",682120,CLE,CU,Curveball,-0.1,0,205,28.1,48,0.179,0.256,0.255,34.9,31.3,20.5,0.17,0.281,0.264,26.9
"Garcia, Rico",670329,BAL,SL,Slider,1.3,2,146,18.5,48,0.209,0.349,0.279,26.0,12.5,24.0,0.255,0.375,0.307,34.2
"Yates, Kirby",489446,PIT,FS,Split-Finger,-0.8,-2,188,31.7,48,0.22,0.341,0.327,36.8,22.9,18.6,0.219,0.309,0.296,43.3
"Ribalta, Orlando",687377,WSH,FF,4-Seam Fastball,1.1,2,182,28.6,48,0.143,0.333,0.236,27.0,29.2,20.0,0.169,0.416,0.288,56.7
"Ferguson, Caleb",657571,STL,SI,Sinker,1.1,2,171,33.2,48,0.244,0.317,0.299,18.7,27.1,22.8,0.219,0.337,0.307,35.7
"Peterson, David",656849,CHC,CU,Curveball,-3.3,-6,190,10.3,48,0.326,0.558,0.443,32.8,31.3,22.7,0.262,0.363,0.306,51.7
"Ritchie, JR",702275,ATL,FF,4-Seam Fastball,-3.8,-7,184,18.0,48,0.243,0.541,0.413,20.6,18.8,17.6,0.227,0.417,0.371,46.4
"Sommers, Drew",805427,DET,SI,Sinker,0.4,1,185,44.7,48,0.3,0.325,0.341,18.6,22.9,26.8,0.208,0.235,0.271,16.7
"Franco, Jose",683742,CIN,FF,4-Seam Fastball,-0.6,-1,160,46.0,48,0.243,0.514,0.405,9.6,12.5,17.6,0.28,0.504,0.417,45.2
"Ribalta, Orlando",687377,WSH,SL,Slider,1.4,3,251,39.4,48,0.209,0.326,0.279,26.6,16.7,10.5,0.214,0.42,0.313,31.4
"Fairbanks, Pete",664126,MIA,FC,Cutter,-1.0,-2,160,23.3,48,0.25,0.5,0.379,29.9,29.2,21.5,0.191,0.45,0.341,30.8
"Vodnik, Victor",680767,MIA,SL,Slider,-0.2,0,237,31.1,47,0.184,0.316,0.299,31.1,21.3,14.9,0.207,0.288,0.277,32.3
"Sterner, Justin",686993,ATH,ST,Sweeper,-1.2,-3,215,29.6,47,0.178,0.467,0.269,43.3,38.3,22.0,0.161,0.259,0.196,39.3
"Holmes, Grant",656550,ATL,FC,Cutter,-1.2,-2,170,9.1,47,0.333,0.615,0.472,16.3,0.0,0.0,0.295,0.585,0.426,35.9
"Detmers, Reid",672282,LAA,CH,Changeup,-0.6,-1,225,9.7,47,0.256,0.512,0.326,38.3,17.0,16.0,0.259,0.498,0.324,32.4
"Shugart, Chase",663767,PHI,ST,Sweeper,-3.0,-4,150,21.5,47,0.233,0.535,0.352,31.9,31.9,23.1,0.165,0.345,0.256,28.6
"Sproat, Brandon",687075,MIL,ST,Sweeper,-1.5,-3,174,10.3,47,0.171,0.341,0.297,40.3,40.4,19.4,0.156,0.286,0.254,27.3
"Lambert, Peter",663567,HOU,SI,Sinker,0.4,1,196,9.9,47,0.295,0.386,0.324,5.5,4.3,11.8,0.234,0.347,0.28,35.7
"Nunez, Anthony",689296,BAL,FF,4-Seam Fastball,-0.6,-1,219,28.6,47,0.293,0.61,0.407,24.0,14.9,12.5,0.251,0.474,0.341,36.1
"Baz, Shane",669358,BAL,SI,Sinker,2.3,5,203,8.5,47,0.22,0.268,0.266,15.3,4.3,8.3,0.276,0.326,0.303,41.5
"Akin, Keegan",669211,BAL,FF,4-Seam Fastball,1.3,3,219,49.4,47,0.231,0.41,0.313,19.0,23.4,17.5,0.216,0.356,0.291,41.9
"Blackburn, Paul",621112,NYY,FC,Cutter,-0.5,-1,216,21.6,47,0.295,0.477,0.355,16.7,14.9,18.4,0.293,0.541,0.376,37.8
"Griffin, Foster",656492,CLE,SI,Sinker,1.0,2,236,10.1,47,0.231,0.308,0.353,17.4,8.5,12.5,0.265,0.379,0.348,31.4
"McClanahan, Shane",663556,TB,CU,Curveball,0.5,1,229,14.3,47,0.205,0.333,0.302,22.7,17.0,19.5,0.228,0.356,0.317,31.3
"Herrin, Tim",682120,CLE,FF,4-Seam Fastball,-1.4,-2,160,21.9,47,0.294,0.412,0.371,20.3,19.1,20.9,0.207,0.33,0.339,28.6
"Varland, Louis",686973,TOR,CH,Changeup,4.3,8,182,18.1,47,0.089,0.089,0.111,39.2,36.2,30.4,0.152,0.2,0.163,27.6
"Dollander, Chase",801403,COL,SI,Sinker,0.8,2,178,24.0,47,0.225,0.325,0.331,15.4,6.4,15.0,0.283,0.407,0.343,44.7
"Ritchie, JR",702275,ATL,SI,Sinker,2.5,5,212,20.7,47,0.154,0.179,0.227,15.7,8.5,21.1,0.259,0.408,0.358,40.0
"Domínguez, Seranthony",622554,SEA,ST,Sweeper,-1.0,-2,241,28.7,47,0.209,0.372,0.31,32.0,29.8,20.3,0.177,0.322,0.248,26.7
"Mlodzinski, Carmen",669387,PIT,CU,Curveball,0.2,0,199,11.3,47,0.256,0.349,0.3,27.3,19.1,13.2,0.29,0.393,0.329,52.9
"Rea, Colin",607067,CHC,SI,Sinker,-2.1,-4,171,8.4,46,0.333,0.643,0.438,5.3,2.2,2.6,0.366,0.647,0.453,41.5
"Griffin, Foster",656492,CLE,FS,Split-Finger,-0.6,-1,137,5.9,46,0.217,0.283,0.218,29.2,39.1,15.4,0.208,0.276,0.208,35.7
"Funderburk, Kody",681892,MIN,ST,Sweeper,-0.1,0,137,20.5,46,0.154,0.154,0.209,21.7,28.3,16.3,0.204,0.275,0.278,11.1
"Ober, Bailey",641927,MIN,ST,Sweeper,3.4,7,196,12.0,46,0.091,0.114,0.116,41.1,37.0,21.0,0.141,0.196,0.17,11.1
"Lugo, Seth",607625,KC,SL,Slider,-0.4,-1,213,9.1,46,0.273,0.432,0.32,21.7,26.1,17.9,0.272,0.488,0.339,46.9
"Nunez, Anthony",689296,BAL,CH,Changeup,0.8,1,176,22.9,46,0.132,0.211,0.232,35.8,23.9,16.7,0.254,0.339,0.324,46.4
"Sugano, Tomoyuki",608372,COL,SL,Slider,-1.2,-2,184,9.7,46,0.209,0.465,0.293,22.1,23.9,14.7,0.226,0.464,0.308,36.4
"Beeks, Jalen",656222,TEX,CH,Changeup,-1.2,-2,163,40.0,46,0.238,0.405,0.312,36.0,19.6,17.0,0.278,0.521,0.368,36.4
"Suárez, Albert",544150,BAL,FC,Cutter,0.6,1,170,21.1,46,0.186,0.419,0.271,25.8,15.2,21.9,0.192,0.347,0.254,36.8
"Fisher, Braydon",680755,TOR,FF,4-Seam Fastball,1.2,2,181,17.8,46,0.111,0.139,0.228,22.4,26.1,16.7,0.18,0.239,0.286,28.0
"Yarbrough, Ryan",642232,NYY,FC,Cutter,1.4,3,200,26.8,46,0.225,0.3,0.302,18.0,10.9,11.6,0.258,0.377,0.321,25.0
"Lauer, Eric",641778,LAD,CU,Curveball,-1.7,-4,208,12.2,46,0.214,0.524,0.34,19.2,21.7,14.3,0.217,0.462,0.321,31.3
"Kikuchi, Yusei",579328,LAA,FF,4-Seam Fastball,-1.9,-4,192,33.9,46,0.341,0.477,0.354,20.6,21.7,14.7,0.276,0.405,0.297,48.6
"Adam, Jason",592094,SD,CH,Changeup,-1.1,-2,177,32.1,46,0.279,0.349,0.304,29.5,17.4,11.1,0.186,0.275,0.23,28.6
"McCullers Jr., Lance",621121,MIL,FC,Cutter,0.2,0,219,27.6,46,0.282,0.462,0.376,21.7,17.4,23.5,0.285,0.431,0.366,48.4
"Detmers, Reid",672282,LAA,CU,Curveball,0.5,1,256,11.1,46,0.189,0.378,0.317,39.8,39.1,25.4,0.203,0.345,0.295,14.3
"Buehler, Walker",621111,SD,ST,Sweeper,-1.9,-3,149,7.2,46,0.233,0.535,0.345,27.8,30.4,17.5,0.182,0.413,0.28,27.6
"Bigge, Hunter",685801,TB,FF,4-Seam Fastball,1.4,2,164,51.4,46,0.179,0.256,0.267,18.3,13.0,24.0,0.214,0.312,0.297,36.4
"Banda, Anthony",607455,MIN,SI,Sinker,0.5,1,162,26.6,46,0.314,0.486,0.423,14.9,8.7,19.0,0.268,0.431,0.388,34.4
"Burrows, Mike",681347,HOU,CU,Curveball,-0.5,-1,226,14.4,45,0.195,0.415,0.3,24.4,26.7,15.4,0.229,0.44,0.32,37.9
"Kelly, Merrill",518876,AZ,CU,Curveball,0.8,2,241,11.6,45,0.171,0.317,0.25,22.4,15.6,11.9,0.256,0.41,0.32,41.2
"Sandoval, Patrick",663776,BOS,CH,Changeup,1.4,2,146,25.2,45,0.171,0.171,0.211,41.2,37.8,39.5,0.18,0.207,0.187,23.1
"Agnos, Zach",688642,COL,SL,Slider,0.7,1,151,13.0,45,0.19,0.286,0.248,31.0,28.9,19.1,0.234,0.346,0.271,33.3
"McCullers Jr., Lance",621121,MIL,ST,Sweeper,-1.7,-2,137,17.3,45,0.229,0.4,0.363,30.2,33.3,25.4,0.178,0.258,0.301,35.0
"Sisk, Evan",681895,PIT,CU,Curveball,1.5,3,200,26.9,45,0.128,0.179,0.198,29.5,31.1,21.9,0.121,0.146,0.182,11.5
"Johnson, Ryan",696270,LAA,ST,Sweeper,-2.5,-5,206,19.0,45,0.35,0.7,0.471,30.6,15.6,13.0,0.226,0.398,0.312,30.3
"Gibson, Cade",806188,MIA,SI,Sinker,-2.9,-4,154,23.8,45,0.313,0.438,0.433,3.0,6.7,6.8,0.234,0.268,0.336,41.9
"Morales, Luis",806960,ATH,FF,4-Seam Fastball,-3.6,-6,158,45.7,45,0.306,0.667,0.504,9.7,15.6,15.9,0.322,0.627,0.461,55.2
"Cabrera, Edward",665795,CHC,FF,4-Seam Fastball,-2.9,-6,217,17.0,44,0.343,0.771,0.513,19.5,11.4,10.4,0.291,0.7,0.472,50.0
"Cavalli, Cade",676917,WSH,CH,Changeup,-1.4,-3,183,7.8,44,0.231,0.462,0.359,24.1,20.5,15.3,0.276,0.494,0.37,33.3
"Kolek, Stephen",663568,KC,SL,Slider,0.9,1,137,16.4,44,0.171,0.341,0.249,42.9,34.1,25.0,0.222,0.342,0.273,42.3
"Kirby, George",669923,SEA,CU,Curveball,-1.9,-4,203,9.6,44,0.405,0.595,0.449,24.2,15.9,13.2,0.316,0.416,0.319,55.6
"Suarez, Robert",663158,ATL,CH,Changeup,2.8,4,148,31.8,44,0.167,0.167,0.179,36.4,27.3,16.2,0.212,0.249,0.225,20.0
"Keller, Mitch",656605,PIT,CH,Changeup,-2.0,-3,169,9.0,44,0.295,0.477,0.351,25.6,22.7,20.8,0.34,0.504,0.362,32.4
"Nola, Aaron",605400,PHI,FC,Cutter,-2.7,-5,175,7.4,44,0.429,0.619,0.465,25.5,13.6,18.8,0.319,0.469,0.356,47.2
"Painter, Andrew",691725,PHI,SI,Sinker,-1.6,-2,138,9.4,44,0.368,0.553,0.424,9.1,6.8,15.8,0.327,0.527,0.398,36.1
"Thielbar, Caleb",573204,CHC,CU,Curveball,1.2,2,178,26.5,44,0.19,0.333,0.244,28.6,40.9,25.4,0.2,0.318,0.244,41.7
"Banks, Tanner",621383,PHI,FF,4-Seam Fastball,-2.7,-3,114,20.7,44,0.244,0.512,0.363,28.8,36.4,28.6,0.17,0.309,0.237,36.0
"Williams, Gavin",668909,CLE,FC,Cutter,-1.2,-2,159,6.8,44,0.27,0.676,0.433,22.8,13.6,23.1,0.3,0.609,0.426,43.8
"Hentges, Sam",656529,SF,FF,4-Seam Fastball,0.5,1,171,30.9,44,0.206,0.235,0.315,30.6,27.3,20.7,0.146,0.163,0.252,34.8
"Hernández, Jonathan",642546,LAD,SI,Sinker,-1.1,-2,151,36.6,44,0.289,0.553,0.413,8.6,9.1,19.0,0.314,0.536,0.409,41.2
"Macko, Adam",671936,TOR,SL,Slider,0.4,1,165,41.3,44,0.244,0.39,0.323,34.1,20.5,18.0,0.246,0.424,0.313,28.1
"Fedde, Erick",607200,CWS,CH,Changeup,-2.9,-7,236,12.1,44,0.326,0.465,0.36,26.3,27.3,15.2,0.276,0.39,0.296,51.6
"Murray, Jayden",681151,CHC,FF,4-Seam Fastball,-0.6,-1,162,53.3,44,0.324,0.432,0.373,36.0,25.0,22.9,0.241,0.417,0.33,51.9
"Duran, Jhoan",661395,PHI,FF,4-Seam Fastball,2.4,5,194,26.5,44,0.135,0.162,0.222,40.2,45.5,26.7,0.157,0.191,0.239,35.3
"Englert, Mason",669438,TB,SI,Sinker,-0.9,-1,114,19.8,44,0.39,0.561,0.436,8.8,6.8,11.1,0.371,0.657,0.456,41.0
"Bratt, Mitch",683352,AZ,SV,Slurve,-0.1,0,148,24.5,44,0.179,0.333,0.291,21.3,29.5,23.2,0.17,0.251,0.239,19.2
"Wheeler, Zack",554430,PHI,CU,Curveball,0.1,0,166,8.5,44,0.15,0.225,0.216,47.5,52.3,24.5,0.14,0.183,0.195,50.0
"Sousa, Bennett",656986,HOU,SL,Slider,0.6,1,182,71.1,44,0.179,0.256,0.248,40.7,38.6,24.6,0.117,0.175,0.189,18.2
"Bidois, Brandan",684049,PIT,FF,4-Seam Fastball,-4.1,-7,178,54.8,44,0.314,0.743,0.477,34.4,22.7,23.3,0.263,0.545,0.375,53.6
"Myers, Tobias",668964,NYM,FS,Split-Finger,-0.1,0,163,23.0,44,0.175,0.45,0.272,32.1,31.8,20.9,0.19,0.322,0.25,39.3
"Morejon, Adrian",670970,SD,FF,4-Seam Fastball,0.8,1,153,14.2,44,0.175,0.25,0.252,43.9,52.3,24.5,0.138,0.212,0.199,41.2
"Rangel, Alan",660604,PHI,FF,4-Seam Fastball,-0.1,0,168,34.2,44,0.25,0.528,0.393,9.0,13.6,12.5,0.266,0.435,0.372,46.7
"Yamamoto, Yoshinobu",808967,LAD,SL,Slider,1.6,2,136,6.3,44,0.209,0.279,0.265,32.1,22.7,20.4,0.247,0.313,0.254,36.4
"Englert, Mason",669438,TB,CH,Changeup,-1.1,-2,161,27.9,44,0.233,0.512,0.319,30.8,34.1,19.5,0.207,0.402,0.268,35.7
"Kolek, Stephen",663568,KC,FF,4-Seam Fastball,0.0,0,237,28.3,44,0.244,0.39,0.342,18.6,6.8,5.1,0.241,0.355,0.287,23.7
"Drake, Kohl",684442,AZ,FF,4-Seam Fastball,0.4,1,143,44.0,43,0.297,0.514,0.378,12.9,16.3,17.5,0.316,0.636,0.427,54.8
"McCullers Jr., Lance",621121,MIL,SI,Sinker,0.1,0,174,21.9,43,0.222,0.444,0.37,11.6,11.6,17.9,0.272,0.414,0.36,51.6
"Gore, MacKenzie",669022,TEX,SI,Sinker,0.6,1,132,5.6,43,0.265,0.382,0.367,14.5,14.0,18.8,0.28,0.349,0.363,35.7
"Booser, Cam",592155,TB,FC,Cutter,-1.4,-3,184,42.0,43,0.282,0.59,0.398,26.9,27.9,20.7,0.214,0.49,0.332,44.4
"Freeland, Kyle",607536,COL,SI,Sinker,-1.2,-2,183,9.1,43,0.415,0.683,0.479,14.1,9.3,16.0,0.302,0.472,0.349,35.1
"Roberts, Ethan",681799,CHC,ST,Sweeper,1.6,3,169,38.8,43,0.108,0.189,0.207,30.9,23.3,17.9,0.237,0.387,0.325,40.7
"Stanek, Ryne",592773,STL,SL,Slider,-1.0,-2,205,23.5,43,0.25,0.45,0.324,37.9,20.9,13.2,0.252,0.358,0.292,35.5
"Burke, Brock",656271,CIN,SI,Sinker,1.4,2,134,13.5,43,0.222,0.222,0.31,13.8,7.0,17.6,0.242,0.276,0.306,9.1
"Gilbert, Logan",669302,SEA,ST,Sweeper,1.1,2,175,7.4,43,0.163,0.256,0.2,36.0,32.6,20.3,0.197,0.303,0.215,20.7
"Schlittler, Cam",693645,NYY,CU,Curveball,-1.1,-2,210,8.8,43,0.275,0.375,0.312,41.4,32.6,17.3,0.308,0.462,0.356,53.8
"Holmes, Grant",656550,ATL,CU,Curveball,-0.5,-1,144,7.7,43,0.256,0.302,0.247,36.5,34.9,26.8,0.234,0.308,0.233,35.7
"Woodford, Jake",663765,CHC,FC,Cutter,-2.4,-4,170,37.2,43,0.395,0.737,0.483,20.7,9.3,14.8,0.392,0.717,0.476,50.0
"Zuber, Tyler",676604,MIA,FF,4-Seam Fastball,2.3,4,172,39.9,43,0.158,0.211,0.244,26.7,30.2,21.7,0.21,0.275,0.266,60.0
"Bachar, Lake",669199,PIT,CU,Curveball,2.4,5,189,16.7,43,0.146,0.146,0.142,41.1,46.5,27.0,0.159,0.186,0.178,36.4
"Young, Brandon",687064,BAL,CU,Curveball,0.0,0,227,12.0,43,0.27,0.378,0.307,19.2,16.3,16.7,0.282,0.423,0.34,28.1
"Bieber, Shane",669456,TOR,CH,Changeup,2.1,3,157,18.9,43,0.135,0.27,0.244,21.9,11.6,15.2,0.241,0.36,0.319,46.9
"Seymour, Ian",693855,TB,SI,Sinker,-1.2,-3,209,13.4,43,0.405,0.73,0.508,10.0,2.3,7.7,0.356,0.61,0.448,40.5
"Bowlan, Jonathan",680742,PHI,SL,Slider,-0.3,0,137,17.8,43,0.154,0.333,0.274,39.7,27.9,23.1,0.2,0.323,0.253,42.9
"Teng, Kai-Wei",678906,HOU,SI,Sinker,-0.5,-1,177,15.2,43,0.286,0.457,0.41,16.9,7.0,23.1,0.289,0.444,0.386,50.0
"Strahm, Matt",621381,KC,SL,Slider,-4.3,-8,177,28.0,43,0.351,0.892,0.54,27.8,23.3,19.6,0.328,0.673,0.46,37.0
"Yarbrough, Ryan",642232,NYY,ST,Sweeper,-0.2,0,158,21.2,43,0.143,0.314,0.275,39.1,20.9,15.3,0.094,0.12,0.194,7.4
"Early, Connelly",813349,BOS,ST,Sweeper,2.9,3,120,7.9,43,0.103,0.103,0.149,43.1,48.8,31.3,0.074,0.126,0.146,15.8
"Basso, Brady",669620,ATH,FF,4-Seam Fastball,2.4,4,148,41.5,43,0.22,0.366,0.271,18.9,14.0,14.6,0.231,0.316,0.257,34.3
"Matthews, Zebby",805673,MIN,FC,Cutter,-1.8,-3,180,11.5,43,0.359,0.641,0.435,14.8,7.0,11.1,0.36,0.586,0.427,37.8
"McGreevy, Michael",700241,STL,CU,Curveball,0.8,2,260,12.2,43,0.214,0.381,0.267,26.3,25.6,14.1,0.237,0.358,0.249,53.1
"Herrin, Tim",682120,CLE,SI,Sinker,1.3,2,168,23.0,43,0.222,0.361,0.314,16.7,4.7,10.0,0.267,0.403,0.346,37.1
"Banks, Tanner",621383,PHI,SL,Slider,-3.4,-7,195,35.4,42,0.4,0.743,0.516,22.7,14.3,17.1,0.326,0.561,0.423,33.3
"Farris, Mitch",815083,LAA,CH,Changeup,0.0,0,192,25.2,42,0.2,0.4,0.274,46.7,42.9,24.0,0.199,0.285,0.232,40.9
"Pfaadt, Brandon",694297,AZ,FC,Cutter,2.2,4,170,11.5,42,0.263,0.342,0.289,24.5,7.1,16.7,0.25,0.336,0.279,30.6
"Henriquez, Edgardo",683618,LAD,SL,Slider,1.0,2,180,22.5,42,0.122,0.22,0.18,41.0,45.2,25.7,0.148,0.239,0.178,18.2
"Schultz, Noah",702273,CWS,ST,Sweeper,-3.2,-7,209,18.2,42,0.222,0.611,0.393,32.5,33.3,19.2,0.264,0.694,0.442,54.5
"Shugart, Chase",663767,PHI,FC,Cutter,-0.6,-1,214,30.7,42,0.313,0.5,0.382,17.5,4.8,6.3,0.289,0.425,0.367,33.3
"Topa, Justin",623437,MIN,SI,Sinker,-2.9,-4,153,42.6,42,0.417,0.5,0.493,12.5,11.9,16.7,0.328,0.465,0.396,48.4
"Painter, Andrew",691725,PHI,FS,Split-Finger,-0.4,-1,164,11.1,42,0.195,0.415,0.267,38.4,35.7,22.4,0.174,0.353,0.234,30.8
"Gibson, Trey",694346,BAL,SI,Sinker,0.0,0,157,25.4,42,0.212,0.303,0.31,17.9,14.3,23.1,0.238,0.368,0.346,39.3
"De Jesus, Enmanuel",646241,DET,CH,Changeup,2.2,3,147,22.0,42,0.128,0.205,0.183,29.0,26.2,22.0,0.216,0.335,0.268,39.3
"Holmes, Clay",605280,CHC,ST,Sweeper,1.5,3,203,19.1,42,0.162,0.189,0.22,29.6,42.9,27.3,0.129,0.154,0.191,26.3
"McDonald, Trevor",686790,SF,CH,Changeup,-2.2,-4,167,14.7,42,0.237,0.5,0.32,33.0,26.2,18.0,0.222,0.428,0.299,27.6
"Mikolas, Miles",571945,WSH,CH,Changeup,-3.5,-5,146,8.0,42,0.293,0.634,0.426,11.8,4.8,3.4,0.317,0.524,0.368,46.2
"Hancock, Emerson",676106,SEA,FC,Cutter,0.7,2,229,11.4,42,0.184,0.447,0.287,31.6,16.7,14.9,0.203,0.448,0.303,31.3
"McGreevy, Michael",700241,STL,ST,Sweeper,-2.7,-6,216,10.1,42,0.342,0.684,0.44,26.4,16.7,9.7,0.356,0.67,0.463,50.0
"Herrin, Tim",682120,CLE,SL,Slider,-0.6,-1,193,26.4,42,0.237,0.579,0.355,48.0,28.6,18.5,0.189,0.397,0.291,55.6
"Pearson, Nate",663878,KC,SL,Slider,-0.8,-1,157,32.2,42,0.25,0.361,0.335,25.7,23.8,18.5,0.244,0.359,0.325,30.8
"Alcantara, Sandy",645261,MIA,ST,Sweeper,-0.3,-1,225,8.4,41,0.189,0.351,0.276,26.5,31.7,17.8,0.183,0.306,0.256,25.0
"Gil, Luis",661563,NYY,FF,4-Seam Fastball,-1.2,-2,152,45.1,41,0.278,0.583,0.402,9.5,4.9,4.9,0.297,0.554,0.402,50.0
"Criswell, Cooper",681867,SEA,CH,Changeup,-1.6,-2,124,26.8,41,0.289,0.447,0.35,23.5,19.5,14.3,0.247,0.357,0.28,25.8
"Jump, Gage",695611,ATH,CU,Curveball,-0.3,0,153,11.3,41,0.225,0.275,0.254,22.2,34.1,17.9,0.221,0.293,0.234,50.0
"Woodford, Jake",663765,CHC,SI,Sinker,-1.3,-2,133,29.1,41,0.417,0.556,0.424,10.0,14.6,25.0,0.367,0.462,0.386,53.1
"Clarke, Taylor",664199,AZ,SI,Sinker,3.6,6,154,19.3,41,0.167,0.167,0.244,12.7,7.3,13.0,0.233,0.265,0.261,23.5
"Moll, Sam",594580,CIN,FF,4-Seam Fastball,-0.5,-1,109,11.2,41,0.222,0.333,0.343,15.0,31.7,19.1,0.224,0.357,0.306,21.7
"Glasnow, Tyler",607192,LAD,FF,4-Seam Fastball,-1.2,-2,174,29.0,41,0.297,0.649,0.407,11.8,14.6,13.6,0.312,0.57,0.389,46.9
"Bello, Brayan",678394,BOS,ST,Sweeper,1.6,3,180,12.6,41,0.179,0.205,0.196,26.7,26.8,14.5,0.168,0.213,0.191,25.0
"Pintaro, Jonathan",702752,NYM,FC,Cutter,0.5,1,173,55.6,41,0.212,0.485,0.372,30.0,12.2,13.2,0.223,0.469,0.365,24.1
"Enns, Dietrich",608650,BAL,FF,4-Seam Fastball,2.8,5,160,55.0,41,0.171,0.286,0.268,22.5,17.1,15.2,0.207,0.358,0.307,53.6
"Adams, Travis",701519,MIN,SL,Slider,0.7,1,146,21.5,41,0.2,0.375,0.254,38.2,36.6,24.6,0.19,0.33,0.232,28.0
"Painter, Andrew",691725,PHI,ST,Sweeper,0.2,0,217,14.7,41,0.229,0.457,0.34,21.9,12.2,11.4,0.24,0.351,0.309,22.6
"Barlow, Scott",605130,ATH,ST,Sweeper,-0.5,-1,206,35.5,41,0.235,0.353,0.352,32.9,12.2,10.4,0.301,0.517,0.408,44.8
"Schreiber, John",670167,KC,ST,Sweeper,-1.8,-4,212,28.0,41,0.229,0.543,0.39,27.3,14.6,12.0,0.264,0.492,0.366,40.0
"Henderson, Logan",701656,MIL,FC,Cutter,0.7,1,174,18.5,41,0.25,0.425,0.32,22.1,9.8,21.1,0.271,0.38,0.292,33.3
"Morejon, Adrian",670970,SD,SL,Slider,-1.7,-3,183,17.0,41,0.256,0.462,0.378,31.9,34.1,27.5,0.223,0.405,0.29,44.0
"Rucker, Michael",621074,SEA,FF,4-Seam Fastball,-1.7,-3,154,35.2,41,0.333,0.556,0.42,24.1,24.4,23.8,0.284,0.452,0.362,53.8
"Tidwell, Blade",694918,SF,ST,Sweeper,0.5,1,165,37.4,40,0.27,0.297,0.269,38.8,27.5,19.6,0.178,0.217,0.197,25.9
"Sandoval, Patrick",663776,BOS,SL,Slider,-2.8,-4,160,27.6,40,0.361,0.528,0.399,28.2,20.0,17.4,0.294,0.471,0.349,31.0
"Leasure, Jordan",673929,CWS,FF,4-Seam Fastball,1.4,2,164,52.4,40,0.143,0.4,0.265,18.9,20.0,14.3,0.198,0.586,0.367,50.0
"Murphy, Chris",669684,CWS,SL,Slider,0.9,1,158,30.0,40,0.226,0.355,0.35,34.1,5.0,7.4,0.25,0.422,0.38,37.9
"Murphy, Chris",669684,CWS,FF,4-Seam Fastball,-1.0,-2,176,33.4,40,0.344,0.531,0.406,28.2,22.5,17.3,0.243,0.377,0.319,36.0
"Taillon, Jameson",592791,TOR,SI,Sinker,-3.8,-5,135,9.5,40,0.333,0.667,0.47,15.5,12.5,14.3,0.328,0.616,0.452,39.3
"Corbin, Patrick",571578,TOR,FF,4-Seam Fastball,-1.9,-3,159,11.3,40,0.359,0.564,0.405,12.5,22.5,16.1,0.306,0.462,0.338,30.0
"Miles, Spencer",693686,TOR,FF,4-Seam Fastball,-0.7,-1,189,15.4,40,0.243,0.405,0.309,24.7,32.5,15.1,0.177,0.214,0.21,33.3
"Hicks, Jordan",663855,CWS,ST,Sweeper,-0.1,0,208,31.6,40,0.156,0.344,0.29,47.4,37.5,21.1,0.139,0.249,0.256,38.9
"Sale, Chris",519242,ATL,SI,Sinker,1.9,3,170,8.2,40,0.25,0.278,0.294,10.8,7.5,17.6,0.259,0.347,0.297,29.4
"Littell, Zack",641793,AZ,ST,Sweeper,0.0,0,167,8.7,40,0.237,0.316,0.248,18.6,17.5,10.0,0.255,0.341,0.275,25.0
"Holton, Tyler",663947,DET,CH,Changeup,-0.5,-1,154,16.6,40,0.225,0.45,0.314,30.4,20.0,14.5,0.176,0.273,0.194,31.3
"Treinen, Blake",595014,LAD,ST,Sweeper,-1.5,-2,156,41.7,40,0.25,0.472,0.345,36.8,32.5,21.0,0.299,0.552,0.394,43.5
"Hentges, Sam",656529,SF,SI,Sinker,2.3,3,153,27.7,40,0.235,0.294,0.303,21.0,22.5,40.9,0.227,0.288,0.294,32.0
"Winn, Keaton",676775,SF,SI,Sinker,4.4,6,144,22.4,40,0.162,0.162,0.21,6.8,0.0,0.0,0.231,0.273,0.258,32.4
"Bender, Anthony",669622,MIA,SI,Sinker,0.1,0,171,31.7,40,0.212,0.364,0.37,18.2,17.5,21.9,0.236,0.342,0.328,34.6
"Meyer, Max",676974,MIA,SI,Sinker,-1.2,-2,173,9.7,40,0.229,0.429,0.426,5.1,2.5,5.6,0.297,0.408,0.337,40.0
"Way, Beck",694360,KC,FC,Cutter,2.2,4,164,42.2,40,0.25,0.333,0.283,33.7,15.0,26.1,0.26,0.382,0.338,38.7
"Pérez, Cionel",672335,NYM,FF,4-Seam Fastball,-0.5,-1,147,20.9,40,0.343,0.486,0.403,26.1,20.0,17.4,0.328,0.607,0.433,59.3
"Cornelio, Riley",683000,WSH,SL,Slider,-0.7,-1,210,51.2,40,0.176,0.324,0.268,49.0,37.5,18.3,0.135,0.19,0.225,30.0
"Rogers, Trevor",669432,BAL,FC,Cutter,0.3,1,201,9.8,40,0.263,0.421,0.319,22.5,10.0,8.3,0.291,0.455,0.329,28.6
"Gibson, Trey",694346,BAL,SL,Slider,0.4,0,130,21.0,40,0.162,0.324,0.295,27.1,25.0,15.6,0.27,0.436,0.332,48.1
"Suárez, Albert",544150,BAL,CH,Changeup,0.8,1,132,16.4,40,0.229,0.457,0.34,22.1,5.0,9.5,0.331,0.531,0.41,21.2
"Baz, Shane",669358,BAL,CH,Changeup,-2.2,-4,207,8.7,40,0.308,0.487,0.356,16.0,12.5,9.3,0.349,0.598,0.398,37.1
"Hart, Kyle",606996,SD,FS,Split-Finger,0.6,1,168,20.3,40,0.176,0.294,0.24,37.6,35.0,17.9,0.167,0.221,0.22,18.2
"Estrada, Jeremiah",669093,SD,FS,Split-Finger,1.3,2,159,32.1,40,0.135,0.243,0.224,48.6,50.0,31.7,0.159,0.227,0.206,23.5
"Junis, Jakob",596001,TEX,CH,Changeup,1.2,1,117,19.1,40,0.231,0.333,0.255,20.9,12.5,12.8,0.269,0.328,0.27,41.2
"Crochet, Garrett",676979,BOS,FC,Cutter,-0.2,0,128,24.7,40,0.265,0.382,0.399,19.4,20.0,38.1,0.32,0.453,0.39,50.0
"Crochet, Garrett",676979,BOS,FF,4-Seam Fastball,-0.8,-1,174,33.6,40,0.237,0.474,0.327,25.6,25.0,18.5,0.239,0.434,0.304,39.3
"Maxwell, Zach",687209,CIN,FF,4-Seam Fastball,-1.4,-2,166,58.0,39,0.382,0.588,0.455,11.7,17.9,12.1,0.314,0.505,0.395,40.7
"Matthews, Zebby",805673,MIN,CU,Curveball,-0.7,-1,196,12.5,39,0.179,0.436,0.255,32.9,38.5,22.1,0.165,0.292,0.194,54.2
"Armstrong, Shawn",542888,CLE,FC,Cutter,0.6,1,146,24.5,39,0.212,0.333,0.32,23.8,15.4,18.8,0.203,0.309,0.282,21.4
"Mlodzinski, Carmen",669387,PIT,ST,Sweeper,0.9,2,186,10.6,39,0.211,0.316,0.24,22.9,33.3,17.6,0.254,0.371,0.282,40.0
"Díaz, Edwin",621242,LAD,FF,4-Seam Fastball,-3.2,-6,179,57.4,39,0.441,0.735,0.517,17.1,23.1,22.0,0.307,0.46,0.378,56.0
"Garcia, Rico",670329,BAL,CU,Curveball,3.4,5,152,19.2,39,0.105,0.132,0.119,39.1,41.0,25.8,0.144,0.246,0.18,45.5
"Canning, Griffin",656288,SD,SI,Sinker,-1.4,-2,125,9.9,39,0.29,0.484,0.4,5.6,5.1,10.0,0.332,0.553,0.437,53.3
"Strider, Spencer",675911,ATL,SL,Slider,-1.4,-3,191,27.6,39,0.265,0.618,0.409,39.8,38.5,22.1,0.149,0.308,0.257,36.8
"Kikuchi, Yusei",579328,LAA,SL,Slider,0.4,1,134,23.6,39,0.294,0.471,0.399,30.1,28.2,26.2,0.228,0.374,0.313,34.8
"Romano, Jordan",605447,COL,FF,4-Seam Fastball,0.3,1,196,44.3,39,0.303,0.333,0.347,22.5,25.6,16.1,0.223,0.294,0.297,34.8
"Williamson, Brandon",682227,CIN,FC,Cutter,-0.2,0,137,26.4,39,0.31,0.448,0.406,20.0,17.9,28.0,0.266,0.469,0.397,56.5
"Rodríguez, Elmer",695684,NYY,SI,Sinker,-0.5,-1,132,41.5,39,0.333,0.367,0.383,14.5,5.1,5.7,0.312,0.391,0.409,31.0
"Ashby, Aaron",676879,MIL,CH,Changeup,-0.8,-1,141,11.4,39,0.212,0.303,0.279,50.0,30.8,27.3,0.172,0.223,0.245,27.3
"Sandoval, Patrick",663776,BOS,FF,4-Seam Fastball,-1.7,-2,124,21.4,39,0.412,0.676,0.495,18.1,10.3,25.0,0.314,0.537,0.405,43.3
"Leiter, Jack",683004,TEX,FC,Cutter,-0.3,0,137,9.8,39,0.294,0.382,0.349,22.5,20.5,33.3,0.289,0.43,0.359,34.6
"Soto, Gregory",642397,PIT,FF,4-Seam Fastball,-2.2,-3,157,16.9,39,0.219,0.5,0.394,15.7,17.9,10.0,0.2,0.381,0.328,52.0
"Gausman, Kevin",592332,CHC,SL,Slider,-2.9,-7,233,9.6,39,0.306,0.75,0.458,35.6,23.1,17.6,0.302,0.647,0.422,55.6
"Farris, Mitch",815083,LAA,FC,Cutter,-0.9,-1,106,13.9,39,0.343,0.457,0.386,28.8,7.7,17.6,0.34,0.527,0.405,43.8
"Gómez, Yoendrys",672782,MIN,FC,Cutter,0.4,1,136,14.9,39,0.235,0.412,0.331,21.3,10.3,22.2,0.286,0.49,0.379,46.7
"Klassen, George",691946,LAA,FF,4-Seam Fastball,-0.4,-1,159,39.7,39,0.267,0.367,0.396,26.9,12.8,10.9,0.259,0.346,0.362,32.0
"Holton, Tyler",663947,DET,ST,Sweeper,0.3,0,147,15.9,39,0.184,0.316,0.226,37.7,38.5,26.3,0.221,0.286,0.232,21.7
"Treinen, Blake",595014,LAD,SI,Sinker,1.7,2,138,36.9,39,0.242,0.333,0.342,18.2,12.8,20.8,0.26,0.443,0.353,34.5
"Young, Danny",664849,ATL,SI,Sinker,-3.6,-5,129,48.7,39,0.4,0.7,0.517,10.0,12.8,18.5,0.312,0.609,0.454,69.2
"Soriano, George",666277,STL,SL,Slider,0.6,1,204,22.4,39,0.188,0.313,0.306,36.7,12.8,11.9,0.255,0.406,0.337,42.9
"Weiss, Ryan",680802,HOU,ST,Sweeper,-1.7,-3,171,32.3,39,0.25,0.469,0.376,32.4,35.9,24.1,0.181,0.37,0.316,55.6
"Perkins, Jack",678022,ATH,FC,Cutter,-0.1,0,179,12.2,38,0.378,0.541,0.388,16.1,5.3,22.2,0.282,0.434,0.298,27.8
"Poulin, PJ",676571,WSH,SI,Sinker,2.4,3,147,23.1,38,0.156,0.219,0.286,5.6,7.9,18.8,0.239,0.308,0.313,34.5
"Taylor, Grant",691799,CWS,SL,Slider,-0.4,-1,159,15.1,38,0.237,0.342,0.251,32.4,39.5,19.5,0.164,0.229,0.17,30.4
"Alexander, Tyler",641302,TEX,ST,Sweeper,0.5,1,153,17.2,38,0.243,0.405,0.312,26.7,15.8,13.6,0.212,0.331,0.244,22.6
"Clarke, Taylor",664199,AZ,FC,Cutter,-2.3,-3,149,18.7,38,0.333,0.611,0.416,8.0,2.6,4.2,0.341,0.6,0.417,40.0
"Schweitzer, Tyler",805326,CWS,FF,4-Seam Fastball,2.2,3,156,40.2,38,0.206,0.265,0.258,22.7,10.5,8.2,0.296,0.456,0.362,50.0
"Fairbanks, Pete",664126,MIA,SL,Slider,3.4,6,169,24.6,38,0.088,0.118,0.136,45.6,42.1,26.7,0.156,0.268,0.223,26.3
"Stanek, Ryne",592773,STL,FS,Split-Finger,-0.2,0,133,15.2,38,0.167,0.278,0.217,33.8,42.1,20.0,0.103,0.167,0.146,25.0
"Adams, Travis",701519,MIN,FC,Cutter,1.4,2,142,20.9,38,0.25,0.344,0.329,25.4,26.3,34.5,0.23,0.316,0.31,36.4
"Santillan, Tony",663574,CIN,SV,Slurve,-2.1,-4,165,33.1,38,0.265,0.588,0.427,30.4,18.4,20.6,0.324,0.668,0.449,63.0
"Wilcox, Cole",677961,SEA,ST,Sweeper,-0.1,0,133,27.3,38,0.324,0.324,0.303,33.9,34.2,26.5,0.306,0.385,0.311,54.2
"García, Luis",472610,MIN,SI,Sinker,-1.5,-2,124,46.8,38,0.441,0.618,0.48,9.4,5.3,11.1,0.37,0.549,0.419,51.5
"Lambert, Peter",663567,HOU,ST,Sweeper,-0.1,0,163,8.2,38,0.278,0.389,0.311,28.8,21.1,13.8,0.225,0.384,0.283,35.7
"Silseth, Chase",681217,TEX,ST,Sweeper,2.1,3,154,18.2,38,0.189,0.297,0.222,30.0,28.9,22.4,0.187,0.266,0.209,7.7
"Díaz, Edwin",621242,LAD,SL,Slider,-2.3,-3,133,42.6,38,0.323,0.516,0.405,27.5,26.3,20.0,0.299,0.452,0.375,50.0
"Early, Connelly",813349,BOS,CU,Curveball,-3.8,-6,166,10.9,38,0.29,0.613,0.438,21.7,28.9,16.9,0.251,0.536,0.398,35.0
"Feltner, Ryan",663372,COL,ST,Sweeper,-2.9,-4,142,9.4,38,0.189,0.486,0.289,19.4,18.4,12.1,0.273,0.609,0.375,30.0
"Alvarez, Andrew",674841,WSH,SI,Sinker,1.5,3,177,14.3,38,0.294,0.324,0.328,14.1,2.6,14.3,0.378,0.498,0.413,48.5
"Arrighetti, Spencer",681293,HOU,SI,Sinker,-0.8,-1,152,10.1,38,0.286,0.5,0.413,6.8,0.0,0.0,0.32,0.541,0.466,24.1
"Slaten, Justin",686580,BOS,FF,4-Seam Fastball,-1.2,-2,128,25.2,38,0.278,0.417,0.345,20.8,34.2,22.0,0.205,0.309,0.245,43.5
"Dobbins, Hunter",690928,STL,ST,Sweeper,-2.0,-3,128,15.0,38,0.243,0.541,0.337,24.2,28.9,20.0,0.167,0.285,0.206,26.9
"Javier, Cristian",664299,HOU,ST,Sweeper,-1.7,-3,154,23.6,38,0.216,0.459,0.295,31.3,31.6,20.7,0.179,0.259,0.202,28.0
"Pivetta, Nick",601713,SD,FF,4-Seam Fastball,1.5,2,163,57.6,38,0.182,0.273,0.262,23.8,34.2,21.3,0.133,0.245,0.231,40.0
"Rojas, Kendry",696070,MIN,SL,Slider,-2.1,-3,144,27.6,38,0.258,0.419,0.366,33.3,26.3,17.2,0.193,0.358,0.32,33.3
"Mahle, Tyler",641816,ATL,SL,Slider,-4.7,-6,128,7.0,38,0.353,0.559,0.459,26.0,15.8,14.3,0.331,0.548,0.411,39.3
"Gilbert, Logan",669302,SEA,FC,Cutter,-0.6,-1,145,6.2,38,0.343,0.571,0.416,16.4,7.9,18.8,0.274,0.434,0.334,50.0
"Fried, Max",608331,NYY,CU,Curveball,1.4,2,166,12.8,38,0.167,0.167,0.189,27.6,23.7,16.4,0.21,0.262,0.218,17.9
"Woodruff, Brandon",605540,MIL,SI,Sinker,-0.6,-1,123,19.2,38,0.333,0.528,0.37,10.9,18.4,20.6,0.282,0.492,0.34,43.3
"Junis, Jakob",596001,TEX,SI,Sinker,3.2,4,114,18.6,38,0.25,0.278,0.259,11.9,18.4,36.8,0.278,0.401,0.312,55.2
"Woo, Bryan",693433,SEA,CH,Changeup,4.1,5,131,6.2,38,0.111,0.111,0.132,17.6,28.9,21.2,0.174,0.21,0.195,24.0
"Hernández, Jonathan",642546,LAD,SL,Slider,0.5,1,185,44.8,38,0.194,0.278,0.254,32.0,31.6,20.0,0.226,0.279,0.246,33.3
"Paredes, Mike",702474,MIN,CH,Changeup,-0.6,-1,141,25.6,38,0.314,0.4,0.368,17.4,7.9,8.8,0.29,0.38,0.323,50.0
"Walker, Taijuan",592836,PHI,FS,Split-Finger,-4.1,-4,98,23.1,37,0.361,0.583,0.449,19.0,13.5,17.2,0.358,0.627,0.428,45.2
"Schweitzer, Tyler",805326,CWS,SL,Slider,-0.3,0,140,36.1,37,0.273,0.485,0.353,24.7,13.5,14.7,0.29,0.46,0.354,48.3
"Burke, Sean",680732,CWS,FC,Cutter,2.3,4,192,8.5,37,0.235,0.382,0.3,28.1,16.2,28.6,0.256,0.397,0.314,57.1
"Samaniego, Tyler",701719,BOS,SI,Sinker,0.3,0,128,40.8,37,0.321,0.321,0.377,13.2,13.5,20.0,0.259,0.311,0.319,38.5
"Thielbar, Caleb",573204,CHC,SL,Slider,-1.5,-2,142,21.1,37,0.355,0.581,0.463,33.8,16.2,15.8,0.3,0.494,0.397,44.0
"McLean, Nolan",690997,NYM,CH,Changeup,-1.7,-2,142,6.0,37,0.286,0.457,0.364,25.3,21.6,14.0,0.277,0.448,0.332,25.9
"Gamboa, Alec",687941,BOS,FF,4-Seam Fastball,1.8,2,128,51.4,37,0.226,0.29,0.28,19.7,18.9,18.4,0.142,0.178,0.202,19.2
"Cleavinger, Garrett",664076,TB,SI,Sinker,-2.2,-4,173,27.4,37,0.393,0.607,0.496,17.5,5.4,10.5,0.415,0.618,0.506,61.5
"Brash, Matt",666374,SEA,SL,Slider,2.4,4,156,59.5,37,0.097,0.161,0.192,38.1,32.4,23.1,0.157,0.277,0.256,35.0
"Gastelum, Luis",703725,STL,CH,Changeup,0.8,1,117,38.5,37,0.176,0.441,0.272,52.9,43.2,29.6,0.162,0.327,0.231,21.1
"Keller, Mitch",656605,PIT,CU,Curveball,-1.3,-2,171,9.1,37,0.161,0.323,0.284,36.5,45.9,27.4,0.175,0.281,0.277,50.0
"Harrison, Kyle",690986,MIL,CH,Changeup,-2.8,-4,156,9.2,37,0.306,0.583,0.409,25.3,13.5,10.6,0.299,0.465,0.338,38.7
"Rodón, Carlos",607074,NYY,CH,Changeup,0.1,0,134,15.0,37,0.265,0.324,0.276,39.1,24.3,18.4,0.245,0.333,0.273,26.9
"Paredes, Mike",702474,MIN,ST,Sweeper,-1.1,-1,121,22.0,37,0.219,0.375,0.276,28.3,27.0,20.8,0.248,0.385,0.296,25.0
"Latz, Jacob",656641,TEX,CH,Changeup,3.4,6,165,18.7,37,0.083,0.111,0.101,43.0,29.7,20.0,0.157,0.205,0.172,20.0
"Hill, Jaden",677955,COL,FF,4-Seam Fastball,1.5,2,153,31.0,37,0.212,0.303,0.299,28.0,27.0,19.2,0.21,0.275,0.264,26.1
"Tidwell, Blade",694918,SF,FF,4-Seam Fastball,-1.8,-3,143,32.4,37,0.3,0.533,0.42,20.3,16.2,13.3,0.298,0.492,0.406,62.5
"Borucki, Ryan",621366,SF,SI,Sinker,-1.2,-2,133,35.0,37,0.333,0.467,0.439,11.5,5.4,11.8,0.309,0.421,0.389,46.4
"Glasnow, Tyler",607192,LAD,SI,Sinker,3.7,6,152,25.4,37,0.097,0.194,0.241,22.8,18.9,28.0,0.196,0.371,0.314,29.2
"Quintana, Jose",500779,COL,CH,Changeup,-1.2,-2,144,21.0,37,0.333,0.367,0.338,29.7,8.1,6.1,0.281,0.372,0.346,16.7
"Macko, Adam",671936,TOR,FF,4-Seam Fastball,-1.4,-2,154,38.5,37,0.406,0.563,0.459,27.3,18.9,14.6,0.338,0.576,0.431,48.0
"Winn, Keaton",676775,SF,FF,4-Seam Fastball,-2.8,-4,158,24.5,37,0.375,0.719,0.507,8.6,13.5,10.9,0.3,0.624,0.431,48.1
"Alexander, Tyler",641302,TEX,FF,4-Seam Fastball,2.9,5,154,17.3,37,0.176,0.176,0.203,29.2,43.2,22.2,0.186,0.289,0.243,44.4
"Bradford, Cody",674003,TEX,FF,4-Seam Fastball,-0.8,-1,112,49.6,37,0.364,0.455,0.388,23.9,16.2,16.7,0.32,0.483,0.374,50.0
"Way, Beck",694360,KC,SI,Sinker,-2.0,-2,96,24.7,37,0.344,0.438,0.416,7.1,10.8,21.1,0.307,0.44,0.371,46.4
"Thornton, Zac",804267,NYM,SL,Slider,-0.5,-1,101,13.7,37,0.226,0.355,0.323,25.0,21.6,16.0,0.271,0.464,0.376,56.5
"Walker, Ryan",676254,SF,SL,Slider,-1.3,-2,141,28.8,37,0.229,0.429,0.315,20.3,10.8,8.5,0.261,0.413,0.299,28.1
"Sugano, Tomoyuki",608372,COL,ST,Sweeper,-1.8,-4,202,10.6,37,0.286,0.543,0.35,20.0,8.1,10.0,0.28,0.511,0.337,30.3
"López, Reynaldo",625643,ATL,CU,Curveball,0.3,0,134,10.9,37,0.147,0.412,0.274,21.7,13.5,10.9,0.154,0.319,0.239,17.2
"Ahlstrom, Robby",695239,TEX,SL,Slider,3.0,3,115,24.3,37,0.176,0.324,0.251,37.9,24.3,20.5,0.174,0.29,0.239,40.0
"Medina, Luis",665622,ATH,CH,Changeup,0.7,1,141,14.3,37,0.143,0.257,0.199,57.6,59.5,31.0,0.128,0.208,0.173,30.8
"Henry, Cole",669371,WSH,FF,4-Seam Fastball,-1.2,-2,135,47.9,37,0.226,0.484,0.386,22.7,18.9,18.4,0.229,0.496,0.37,37.5
"Abner, Philip",691769,AZ,FF,4-Seam Fastball,-0.4,-1,136,55.5,37,0.303,0.394,0.347,15.2,8.1,10.3,0.365,0.618,0.448,43.3
"Alvarado, Elvis",665660,ATH,SL,Slider,-2.9,-5,159,23.1,37,0.25,0.556,0.327,35.4,29.7,17.2,0.252,0.552,0.366,34.6
"Vásquez, Randy",681190,SD,ST,Sweeper,-2.0,-2,121,6.7,37,0.324,0.588,0.395,12.5,10.8,6.7,0.368,0.719,0.46,41.9
"Márquez, Germán",608566,SD,SI,Sinker,0.1,0,128,13.9,37,0.25,0.469,0.388,5.9,0.0,0.0,0.239,0.371,0.304,30.3
"Sandlin, David",689818,CWS,FF,4-Seam Fastball,-1.6,-2,151,36.9,37,0.355,0.548,0.441,19.4,16.2,15.0,0.294,0.443,0.378,36.0
"Pérez, Eury",691587,MIA,CH,Changeup,-1.2,-2,180,9.0,37,0.189,0.351,0.249,43.0,32.4,16.7,0.198,0.39,0.268,24.0
"Bubic, Kris",663460,KC,CH,Changeup,2.9,5,162,20.0,37,0.114,0.114,0.139,31.9,24.3,14.1,0.184,0.25,0.216,34.6
"Cole, Gerrit",543037,NYY,CU,Curveball,-1.7,-3,167,12.8,37,0.333,0.611,0.408,20.0,18.9,17.9,0.273,0.391,0.297,58.6
"Watson, Ryan",670245,LAA,CU,Curveball,-0.4,-1,138,14.5,37,0.176,0.206,0.199,37.7,37.8,20.3,0.185,0.221,0.207,33.3
"Borucki, Ryan",621366,SF,SL,Slider,0.2,0,143,37.6,37,0.294,0.412,0.319,40.5,24.3,24.3,0.254,0.334,0.275,38.5
"Soroka, Michael",647336,AZ,FC,Cutter,-0.4,-1,170,11.8,36,0.324,0.618,0.406,19.5,13.9,31.3,0.302,0.575,0.378,33.3
"Franco, Jose",683742,CIN,SL,Slider,-0.5,-1,141,40.5,36,0.219,0.375,0.299,28.8,22.2,21.1,0.164,0.24,0.243,24.0
"Zerpa, Angel",672582,MIL,SI,Sinker,-0.5,-1,147,68.1,36,0.3,0.467,0.383,19.3,16.7,15.0,0.338,0.489,0.407,52.0
"Gray, Peyton",682608,TEX,SL,Slider,-2.4,-4,167,20.2,36,0.313,0.563,0.457,23.6,5.6,11.8,0.291,0.485,0.358,40.6
"Soroka, Michael",647336,AZ,SI,Sinker,4.4,7,149,10.3,36,0.147,0.206,0.203,16.9,11.1,22.2,0.212,0.344,0.281,26.7
"Lovelady, Richard",663992,WSH,SI,Sinker,-1.9,-3,160,29.7,36,0.464,0.536,0.5,20.3,8.3,20.0,0.395,0.476,0.451,52.0
"Hill, Jaden",677955,COL,SL,Slider,0.4,1,144,29.2,36,0.167,0.3,0.263,39.3,36.1,30.2,0.214,0.33,0.292,50.0
"Wilson, Bryse",669060,MIL,FC,Cutter,-0.5,-1,153,34.3,36,0.314,0.514,0.364,15.0,11.1,11.1,0.29,0.458,0.329,35.5
"De los Santos, Yerry",660787,NYY,SI,Sinker,1.5,2,131,60.4,36,0.194,0.29,0.291,14.7,11.1,10.3,0.268,0.349,0.317,42.9
"Wells, Tyler",669330,TB,SL,Slider,2.2,3,141,15.1,36,0.143,0.314,0.206,29.3,30.6,21.6,0.232,0.514,0.325,50.0
"Wolfram, Grant",664991,BAL,FF,4-Seam Fastball,0.1,0,148,22.7,36,0.214,0.464,0.356,23.9,16.7,12.2,0.264,0.461,0.378,30.4
"Faucher, Calvin",676534,MIA,CU,Curveball,-2.3,-3,134,14.4,36,0.286,0.429,0.325,22.6,30.6,18.0,0.253,0.372,0.264,28.0
"Rodriguez, Grayson",680570,LAA,SL,Slider,-3.4,-4,130,11.7,36,0.323,0.677,0.439,38.5,30.6,25.6,0.281,0.569,0.387,38.1
"Sanders, Cam",676742,BAL,FF,4-Seam Fastball,-0.2,0,153,43.1,36,0.2,0.36,0.379,37.7,22.2,17.8,0.244,0.435,0.414,23.5
"Waldron, Matt",663362,TOR,SI,Sinker,-1.0,-1,102,16.6,36,0.375,0.563,0.41,15.4,13.9,27.8,0.283,0.494,0.361,55.2
"Scherzer, Max",453286,TOR,CH,Changeup,0.2,0,130,15.6,36,0.212,0.303,0.243,17.9,19.4,12.1,0.191,0.243,0.218,18.5
"Cantillo, Joey",676282,CLE,FC,Cutter,-2.4,-3,129,5.9,36,0.455,0.788,0.56,24.2,5.6,25.0,0.38,0.694,0.477,35.5
"Kirby, George",669923,SEA,CH,Changeup,-1.4,-2,138,6.6,36,0.219,0.469,0.358,26.6,19.4,21.9,0.254,0.501,0.361,44.0
"Lord, Brad",695418,WSH,ST,Sweeper,-2.1,-3,159,14.0,36,0.156,0.469,0.304,20.0,27.8,15.6,0.244,0.547,0.371,36.4
"Herget, Jimmy",623474,COL,SI,Sinker,-0.7,-1,159,23.4,36,0.367,0.5,0.393,14.0,5.6,20.0,0.388,0.67,0.477,63.3
"Blackburn, Paul",621112,NYY,CU,Curveball,1.6,2,145,14.5,35,0.097,0.194,0.189,39.7,45.7,29.6,0.111,0.204,0.199,13.3
"Peoples, Ben",687239,TEX,FF,4-Seam Fastball,0.3,0,143,59.3,35,0.172,0.379,0.311,19.7,8.6,5.8,0.23,0.423,0.35,30.8
"Cruz, Steven",674444,KC,SL,Slider,-3.6,-4,116,15.5,35,0.235,0.618,0.361,21.8,34.3,16.4,0.254,0.507,0.331,40.9
"Svanson, Matt",694335,STL,FC,Cutter,-1.4,-2,171,21.7,35,0.333,0.467,0.379,19.3,17.1,16.2,0.33,0.514,0.392,56.0
"Bowlan, Jonathan",680742,PHI,CH,Changeup,0.3,0,114,14.8,35,0.258,0.387,0.327,32.8,14.3,16.1,0.236,0.382,0.313,34.6
"Kerkering, Orion",689147,PHI,SI,Sinker,-1.1,-2,160,17.6,35,0.3,0.433,0.415,11.0,2.9,3.2,0.201,0.288,0.268,16.7
"Senga, Kodai",673540,NYM,FC,Cutter,-2.0,-3,142,15.3,35,0.37,0.556,0.469,27.0,5.7,10.0,0.268,0.331,0.362,28.0
"Greene, Hunter",668881,CIN,SL,Slider,-3.7,-5,145,31.8,35,0.344,0.625,0.416,46.3,40.0,29.2,0.281,0.484,0.337,57.9
"Sisk, Evan",681895,PIT,ST,Sweeper,-0.1,0,121,16.3,35,0.226,0.226,0.24,34.7,31.4,17.7,0.201,0.256,0.237,28.6
"Chivilli, Angel",683409,NYY,CH,Changeup,0.4,1,119,41.8,35,0.161,0.355,0.306,34.8,28.6,24.4,0.192,0.369,0.29,33.3
"Avila, Luinder",679883,KC,CU,Curveball,-1.0,-2,190,14.7,35,0.333,0.633,0.41,24.0,11.4,8.2,0.272,0.55,0.383,42.9
"Lauer, Eric",641778,LAD,SL,Slider,-1.0,-1,136,8.0,35,0.242,0.364,0.287,14.1,8.6,5.6,0.201,0.278,0.234,26.7
"Palmquist, Carson",687223,WSH,ST,Sweeper,-0.4,-1,131,41.9,35,0.226,0.258,0.25,31.0,28.6,18.9,0.258,0.351,0.296,13.6
"Adams, Travis",701519,MIN,FF,4-Seam Fastball,-2.4,-4,163,24.0,35,0.345,0.724,0.491,15.2,11.4,10.8,0.356,0.835,0.533,44.0
"Phillips, Tyler",663969,MIA,FF,4-Seam Fastball,-4.5,-6,138,8.5,35,0.438,0.844,0.551,10.3,5.7,7.1,0.337,0.568,0.404,25.8
"Keller, Mitch",656605,PIT,FC,Cutter,-3.1,-4,140,7.4,35,0.323,0.613,0.456,20.5,8.6,15.0,0.303,0.486,0.38,21.4
"Alcantara, Sandy",645261,MIA,SL,Slider,1.2,2,178,6.7,35,0.176,0.294,0.216,30.1,28.6,16.1,0.14,0.241,0.178,29.2
"King, John",667463,MIA,SL,Slider,1.2,2,137,19.2,35,0.182,0.424,0.257,19.7,11.4,12.5,0.317,0.577,0.379,40.0
"Montgomery, Mason",682254,PIT,CU,Curveball,-3.1,-4,125,14.2,35,0.303,0.576,0.417,39.0,40.0,25.9,0.225,0.43,0.302,47.4
"Faucher, Calvin",676534,MIA,SI,Sinker,1.7,2,135,14.5,35,0.143,0.179,0.253,16.0,17.1,20.0,0.193,0.236,0.289,45.5
"Milner, Hoby",571948,CHC,ST,Sweeper,1.5,2,162,28.5,35,0.097,0.226,0.184,23.5,20.0,12.7,0.169,0.278,0.237,28.0
"Crochet, Garrett",676979,BOS,SI,Sinker,-1.8,-2,116,22.4,35,0.296,0.444,0.399,20.8,20.0,33.3,0.262,0.462,0.388,38.1
"Black, Mason",696131,KC,SI,Sinker,1.0,1,130,25.3,35,0.214,0.357,0.316,20.0,11.4,18.2,0.307,0.526,0.424,48.0
"Ohtani, Shohei",660271,LAD,FS,Split-Finger,-1.5,-2,114,8.5,35,0.294,0.382,0.296,34.5,28.6,21.3,0.251,0.292,0.237,36.0
"Hoffmann, Andrew",694851,AZ,FF,4-Seam Fastball,-1.1,-1,118,51.5,35,0.31,0.552,0.456,12.5,20.0,21.2,0.243,0.44,0.341,56.5
"Akin, Keegan",669211,BAL,CH,Changeup,-2.1,-2,114,25.7,35,0.333,0.485,0.412,20.0,14.3,11.9,0.262,0.395,0.306,25.0
"Gilbert, Logan",669302,SEA,CH,Changeup,0.7,1,179,7.6,35,0.212,0.242,0.23,30.6,28.6,22.7,0.219,0.302,0.252,30.4
"Ferrer, José A.",678606,SEA,CH,Changeup,0.0,0,140,16.8,35,0.171,0.2,0.19,41.4,34.3,16.4,0.187,0.253,0.19,26.1
"Suter, Brent",608718,ATL,SL,Slider,-0.7,-1,174,14.1,34,0.242,0.606,0.37,31.9,29.4,17.9,0.281,0.516,0.349,39.1
"Rolison, Ryan",669020,CHC,SL,Slider,0.1,0,118,15.1,34,0.323,0.355,0.337,18.2,11.8,16.7,0.31,0.399,0.343,40.7
"Collyer, Gavin",686560,TEX,FC,Cutter,1.3,2,153,34.3,34,0.233,0.267,0.278,23.3,14.7,18.5,0.294,0.402,0.348,40.0
"Whitlock, Garrett",676477,BOS,CH,Changeup,0.1,0,106,17.1,34,0.226,0.355,0.269,35.5,35.3,23.5,0.19,0.245,0.214,30.0
"Kent, Zak",687849,WSH,FF,4-Seam Fastball,-0.5,-1,108,41.5,34,0.25,0.531,0.428,8.5,8.8,20.0,0.224,0.386,0.285,41.4
"Morgan, Eli",669212,KC,FF,4-Seam Fastball,-3.1,-4,126,37.2,34,0.379,0.621,0.511,18.5,5.9,7.4,0.4,0.618,0.476,51.9
"Rucker, Michael",621074,SEA,CU,Curveball,2.2,3,138,31.5,34,0.125,0.125,0.158,37.5,47.1,28.6,0.169,0.2,0.178,23.5
"Keller, Brad",641745,PHI,SL,Slider,2.8,3,120,22.5,34,0.156,0.281,0.216,24.6,26.5,23.7,0.134,0.191,0.173,26.1
"Williams, Trevor",592866,WSH,FF,4-Seam Fastball,3.3,4,114,43.2,34,0.156,0.281,0.216,22.7,41.2,25.0,0.166,0.217,0.197,16.7
"Gage, Matt",657424,SF,FF,4-Seam Fastball,0.7,1,174,33.1,34,0.222,0.444,0.383,25.8,23.5,16.0,0.175,0.276,0.286,15.0
"Pérez, Cionel",672335,NYM,CU,Curveball,0.5,1,128,18.2,34,0.188,0.313,0.269,27.6,26.5,22.0,0.275,0.491,0.348,56.5
"Brubaker, JT",664141,SF,CH,Changeup,3.1,4,133,14.1,34,0.161,0.161,0.194,23.4,11.8,12.5,0.208,0.287,0.257,18.5
"Bubic, Kris",663460,KC,ST,Sweeper,-1.4,-2,140,17.3,34,0.273,0.545,0.354,29.1,35.3,32.4,0.265,0.474,0.325,38.1
"Johnson, Seth",686751,ATH,SL,Slider,-0.3,0,147,34.4,34,0.258,0.484,0.375,25.8,20.6,16.7,0.296,0.457,0.357,41.7
"Coulombe, Danny",543056,BOS,FC,Cutter,1.1,2,143,37.1,34,0.167,0.267,0.247,19.4,14.7,16.1,0.202,0.259,0.26,12.0
"Javier, Cristian",664299,HOU,CH,Changeup,-2.6,-3,104,15.9,34,0.313,0.531,0.379,29.5,17.6,16.2,0.26,0.484,0.34,15.4
"Dobbins, Hunter",690928,STL,SI,Sinker,2.3,3,109,12.8,34,0.167,0.167,0.241,20.0,17.6,21.4,0.243,0.278,0.283,58.3
"Cosgrove, Tom",676680,WSH,ST,Sweeper,0.7,1,121,67.2,34,0.241,0.414,0.326,13.1,23.5,24.2,0.204,0.286,0.251,30.4
"Waguespack, Jacob",621097,DET,FC,Cutter,-1.3,-2,122,31.6,34,0.179,0.5,0.342,19.6,8.8,15.0,0.236,0.41,0.338,38.5
"Dobnak, Randy",677976,KC,CH,Changeup,1.0,2,158,22.3,34,0.25,0.281,0.229,26.1,23.5,13.6,0.227,0.271,0.225,30.8
"Vodnik, Victor",680767,MIA,CH,Changeup,-0.3,0,120,15.7,34,0.172,0.379,0.279,25.9,26.5,22.0,0.199,0.391,0.294,28.6
"Dobnak, Randy",677976,KC,ST,Sweeper,0.9,2,180,25.4,34,0.179,0.357,0.288,32.4,20.6,15.2,0.252,0.42,0.338,40.9
"Lopez, Jacob",682052,ATH,CH,Changeup,-6.2,-9,138,8.6,34,0.531,0.875,0.588,23.8,8.8,10.3,0.362,0.598,0.418,33.3
"Leiter Jr., Mark",643410,ATH,SI,Sinker,4.1,6,144,26.1,34,0.226,0.226,0.247,13.3,5.9,20.0,0.312,0.366,0.33,17.2
"Banda, Anthony",607455,MIN,FF,4-Seam Fastball,-1.1,-2,158,26.0,34,0.276,0.517,0.388,15.7,11.8,9.1,0.309,0.575,0.423,52.0
"Márquez, Germán",608566,SD,SL,Slider,0.2,0,119,13.0,34,0.182,0.364,0.271,30.6,23.5,22.2,0.18,0.309,0.223,36.0
"King, John",667463,MIA,ST,Sweeper,1.6,2,114,16.0,34,0.156,0.281,0.196,23.1,20.6,17.9,0.188,0.31,0.22,26.9
"Brogdon, Connor",641401,CLE,FF,4-Seam Fastball,-0.6,-1,129,48.3,34,0.267,0.633,0.394,28.4,29.4,24.4,0.238,0.54,0.35,45.5
"King, John",667463,MIA,CH,Changeup,3.1,4,143,20.0,34,0.094,0.188,0.153,35.0,29.4,23.3,0.177,0.326,0.243,36.4
"Vásquez, Randy",681190,SD,SL,Slider,-1.7,-2,106,5.8,34,0.294,0.529,0.35,28.1,23.5,15.4,0.24,0.431,0.284,42.3
"Melton, Troy",675512,DET,CH,Changeup,0.5,1,139,11.1,34,0.176,0.265,0.19,37.5,32.4,20.4,0.213,0.268,0.21,34.8
"Messick, Parker",800048,CLE,CU,Curveball,-2.4,-5,225,9.8,34,0.313,0.656,0.424,11.1,2.9,2.7,0.244,0.46,0.322,19.4
"Agnos, Zach",688642,COL,FS,Split-Finger,-1.0,-1,124,10.6,34,0.233,0.333,0.299,36.8,26.5,15.8,0.261,0.318,0.305,23.8
"Speier, Gabe",642100,SEA,SL,Slider,-0.9,-1,145,28.5,34,0.286,0.357,0.335,24.6,20.6,12.3,0.253,0.338,0.316,27.3
"Dotel, Wilber",696062,PIT,SL,Slider,0.6,1,117,24.0,33,0.273,0.394,0.289,32.8,36.4,30.0,0.166,0.281,0.19,33.3
"Klassen, George",691946,LAA,SL,Slider,3.3,4,113,28.2,33,0.103,0.207,0.2,49.2,42.4,33.3,0.188,0.336,0.282,46.7
"Rom, Drew",680723,ATH,FF,4-Seam Fastball,0.5,1,110,64.0,33,0.286,0.429,0.345,36.0,39.4,46.4,0.251,0.386,0.341,56.3
"Arrighetti, Spencer",681293,HOU,FC,Cutter,0.4,0,94,6.3,33,0.241,0.517,0.375,13.3,18.2,35.3,0.259,0.517,0.372,43.5
"Bieber, Shane",669456,TOR,SL,Slider,-3.6,-3,86,10.4,33,0.323,0.516,0.382,34.0,36.4,24.5,0.328,0.605,0.413,52.6
"Domínguez, Seranthony",622554,SEA,SI,Sinker,-0.3,0,143,17.0,33,0.308,0.577,0.444,14.8,9.1,21.4,0.341,0.667,0.484,65.2
"Messick, Parker",800048,CLE,SL,Slider,-0.6,-1,121,5.2,33,0.29,0.581,0.388,25.4,15.2,12.2,0.26,0.541,0.362,38.5
"Valdez, Framber",664285,DET,SL,Slider,1.2,1,105,4.7,33,0.129,0.161,0.162,44.0,45.5,22.7,0.113,0.139,0.147,18.8
"Medina, Luis",665622,ATH,SL,Slider,3.5,6,160,16.2,33,0.065,0.065,0.097,41.8,33.3,24.4,0.134,0.2,0.177,10.0
"Vest, Will",676684,DET,SL,Slider,0.6,1,140,28.9,33,0.25,0.313,0.247,41.4,30.3,14.5,0.252,0.356,0.258,30.4
"Pomeranz, Drew",519141,CHC,CU,Curveball,0.3,0,129,27.0,33,0.194,0.226,0.223,15.4,21.2,12.1,0.292,0.388,0.319,41.7
"Falter, Bailey",663559,KC,FF,4-Seam Fastball,-4.5,-5,100,55.6,33,0.5,0.786,0.576,9.5,0.0,0.0,0.415,0.596,0.474,39.3
"Romero, JoJo",668941,STL,CH,Changeup,-2.7,-3,129,17.9,33,0.226,0.355,0.305,32.8,24.2,13.6,0.243,0.33,0.273,30.4
"De Jesus, Enmanuel",646241,DET,FC,Cutter,-1.2,-1,111,16.6,33,0.29,0.419,0.319,32.8,24.2,21.1,0.292,0.464,0.336,41.7
"Schultz, Noah",702273,CWS,CH,Changeup,-3.4,-4,115,10.0,33,0.355,0.419,0.391,28.6,24.2,13.1,0.286,0.355,0.304,30.4
"Irvin, Jake",663623,WSH,FC,Cutter,-1.5,-2,140,10.9,33,0.333,0.606,0.397,12.1,12.1,18.2,0.315,0.668,0.413,51.7
"Blanco, Ronel",669854,HOU,CH,Changeup,0.7,1,114,29.2,33,0.194,0.29,0.265,36.2,24.2,19.0,0.188,0.254,0.221,39.1
"Keller, Brad",641745,PHI,FF,4-Seam Fastball,-2.9,-5,170,31.9,33,0.44,0.56,0.503,21.4,21.2,14.6,0.32,0.41,0.409,55.6
"Kilian, Caleb",668873,PHI,SL,Slider,2.4,2,101,12.8,33,0.129,0.419,0.252,43.1,39.4,39.4,0.154,0.414,0.264,38.9
"Graceffo, Gordon",700669,STL,CH,Changeup,3.2,4,113,12.2,33,0.065,0.097,0.108,18.8,18.2,15.8,0.136,0.218,0.186,36.0
"Minter, A.J.",621345,MIN,FF,4-Seam Fastball,-2.1,-3,132,29.5,33,0.355,0.645,0.441,22.1,18.2,16.2,0.326,0.669,0.435,48.0
"Quintana, Jose",500779,COL,SI,Sinker,-0.9,-1,133,19.4,33,0.296,0.481,0.4,10.0,12.1,16.7,0.282,0.492,0.395,60.9
"Kilian, Caleb",668873,PHI,SI,Sinker,-0.3,0,106,13.5,33,0.333,0.333,0.384,25.0,9.1,20.0,0.251,0.358,0.343,33.3
"Waldron, Matt",663362,TOR,FF,4-Seam Fastball,-2.9,-3,117,19.0,33,0.31,0.655,0.439,19.7,18.2,13.0,0.224,0.489,0.347,39.1
"Ribalta, Orlando",687377,WSH,SI,Sinker,-1.9,-2,114,17.9,33,0.387,0.516,0.392,11.1,3.0,5.3,0.362,0.502,0.373,25.8
"Herget, Jimmy",623474,COL,SL,Slider,1.4,3,207,30.4,33,0.333,0.519,0.417,33.0,21.2,21.2,0.271,0.337,0.333,14.3
"Kuhnel, Joel",669270,MIL,FC,Cutter,-2.0,-4,178,31.7,33,0.355,0.645,0.456,36.1,18.2,14.6,0.293,0.477,0.351,48.0
"Sanders, Cam",676742,BAL,SL,Slider,2.8,4,135,38.0,33,0.133,0.167,0.167,44.4,39.4,27.1,0.15,0.201,0.187,22.2
"Kinley, Tyler",641755,ATL,CU,Curveball,-1.7,-2,108,15.5,33,0.188,0.344,0.239,29.8,27.3,18.0,0.196,0.362,0.248,21.7
"Bidois, Brandan",684049,PIT,SL,Slider,-0.6,-1,136,41.8,33,0.269,0.308,0.371,44.8,27.3,24.3,0.233,0.38,0.376,41.2
"Helsley, Ryan",664854,BAL,FF,4-Seam Fastball,-0.4,0,123,45.1,32,0.222,0.481,0.386,33.3,28.1,36.0,0.209,0.402,0.328,55.6
"Irvin, Jake",663623,WSH,ST,Sweeper,-3.9,-5,118,9.2,32,0.379,0.586,0.442,24.5,21.9,14.0,0.291,0.451,0.355,31.8
"Coulombe, Danny",543056,BOS,SI,Sinker,-0.7,-1,114,29.6,32,0.36,0.36,0.406,10.4,0.0,0.0,0.347,0.431,0.418,40.0
"Mantiply, Joe",573009,TOR,SI,Sinker,0.1,0,121,45.8,32,0.346,0.5,0.408,3.8,12.5,14.8,0.319,0.608,0.435,56.5
"Kremer, Dean",665152,MIN,FC,Cutter,0.7,1,135,15.7,32,0.226,0.452,0.298,40.0,28.1,27.3,0.194,0.36,0.25,27.3
"Senzatela, Antonio",622608,MIL,SI,Sinker,0.6,1,132,14.6,32,0.355,0.387,0.342,5.8,3.1,5.6,0.312,0.403,0.324,46.7
"Patrick, Chad",694477,MIL,SV,Slurve,-1.4,-2,124,8.7,32,0.233,0.333,0.273,22.0,28.1,11.8,0.21,0.281,0.242,38.1
"Kochanowicz, Jack",686799,LAA,SL,Slider,0.7,1,180,16.3,32,0.08,0.08,0.194,37.5,21.9,20.0,0.239,0.387,0.348,36.8
"Scholtens, Jesse",669947,TB,FS,Split-Finger,-1.9,-2,100,13.8,32,0.355,0.548,0.377,14.8,6.3,5.6,0.323,0.461,0.344,30.0
"Akin, Keegan",669211,BAL,SL,Slider,-1.4,-2,110,24.8,32,0.3,0.433,0.37,19.0,3.1,2.9,0.267,0.366,0.3,17.2
"Smith, Dylan",681916,SF,ST,Sweeper,3.1,4,122,27.3,32,0.161,0.226,0.163,30.6,31.3,21.7,0.185,0.26,0.199,31.8
"McCullers Jr., Lance",621121,MIL,CU,Curveball,-1.4,-2,116,14.6,32,0.214,0.429,0.323,45.6,43.8,21.9,0.171,0.338,0.276,64.3
"Garcia, Julian",670062,CIN,FF,4-Seam Fastball,1.8,2,132,30.3,32,0.125,0.25,0.294,19.6,18.8,14.6,0.188,0.32,0.338,44.4
"Kolek, Stephen",663568,KC,CH,Changeup,0.7,1,100,11.9,32,0.3,0.3,0.297,16.0,15.6,16.7,0.322,0.42,0.345,24.0
"Ferguson, Tyler",621053,CHC,FF,4-Seam Fastball,-2.0,-2,123,48.0,32,0.267,0.733,0.428,28.8,31.3,25.0,0.267,0.59,0.381,65.0
"Madden, Ty",680744,DET,SL,Slider,3.3,4,131,21.9,32,0.125,0.156,0.123,28.1,40.6,25.5,0.156,0.241,0.17,21.1
"Meyer, Max",676974,MIA,CH,Changeup,0.1,0,183,10.2,32,0.276,0.345,0.3,33.8,15.6,14.3,0.315,0.433,0.348,40.0
"Castaño, Blas",680604,COL,SI,Sinker,0.9,1,141,41.1,32,0.25,0.357,0.347,12.5,15.6,16.1,0.283,0.47,0.368,47.8
"Morgan, Eli",669212,KC,CH,Changeup,0.8,1,112,33.0,32,0.207,0.414,0.303,17.5,15.6,12.2,0.258,0.396,0.318,20.8
"Gusto, Ryan",687473,MIA,SL,Slider,-2.4,-2,84,9.8,32,0.226,0.548,0.366,20.0,18.8,24.0,0.269,0.455,0.299,46.2
"Rodón, Carlos",607074,NYY,SI,Sinker,3.1,4,129,14.4,32,0.167,0.2,0.179,18.2,12.5,20.0,0.181,0.226,0.194,22.2
"Ramírez, Yohan",670990,PIT,CU,Curveball,-2.3,-3,146,12.8,32,0.231,0.423,0.356,29.6,31.3,20.0,0.185,0.335,0.31,25.0
"Gibson, Cade",806188,MIA,CU,Curveball,0.8,1,147,22.7,32,0.222,0.259,0.289,31.1,28.1,17.6,0.216,0.277,0.287,50.0
"Leasure, Jordan",673929,CWS,SL,Slider,-2.7,-3,129,41.2,32,0.345,0.724,0.472,38.3,28.1,25.0,0.359,0.731,0.482,40.0
"Ferguson, Caleb",657571,STL,FC,Cutter,-0.6,-1,132,25.6,32,0.185,0.296,0.284,25.8,28.1,20.5,0.258,0.423,0.352,38.9
"Ferguson, Caleb",657571,STL,FF,4-Seam Fastball,-1.3,-2,133,25.8,32,0.321,0.607,0.409,12.3,6.3,5.4,0.236,0.358,0.295,25.9
"Hill, Jaden",677955,COL,SI,Sinker,-3.6,-4,100,20.3,32,0.435,0.696,0.545,9.8,3.1,9.1,0.293,0.541,0.45,54.5
"Zeferjahn, Ryan",666171,CHC,SI,Sinker,-0.9,-1,154,14.4,31,0.308,0.5,0.417,11.3,16.1,17.9,0.269,0.375,0.349,42.9
"Criswell, Cooper",681867,SEA,SI,Sinker,1.2,1,120,26.0,31,0.321,0.357,0.34,12.3,0.0,0.0,0.324,0.385,0.347,50.0
"Anderson, Shaun",641312,LAA,SL,Slider,-3.6,-3,94,26.8,31,0.435,0.609,0.542,27.9,16.1,33.3,0.358,0.6,0.476,42.1
"Sandoval, Patrick",663776,BOS,SI,Sinker,-2.3,-3,112,19.3,31,0.435,0.478,0.475,15.1,16.1,17.2,0.354,0.434,0.426,31.6
"Morgan, David",688158,SD,FF,4-Seam Fastball,0.2,0,113,28.4,31,0.32,0.4,0.38,30.4,25.8,24.2,0.206,0.258,0.285,22.2
"Kelly, Zack",677161,BOS,FC,Cutter,1.3,2,124,43.8,31,0.259,0.407,0.34,21.2,16.1,38.5,0.374,0.628,0.462,54.5
"Early, Connelly",813349,BOS,SL,Slider,0.5,1,123,8.0,31,0.2,0.52,0.393,28.6,9.7,18.8,0.256,0.442,0.366,43.5
"Montgomery, Mason",682254,PIT,SL,Slider,3.5,5,141,16.0,31,0.036,0.036,0.097,37.5,35.5,21.2,0.146,0.169,0.193,11.8
"Hall, DL",669084,MIL,FF,4-Seam Fastball,-2.6,-3,106,15.5,31,0.238,0.524,0.442,30.4,22.6,16.7,0.221,0.335,0.386,50.0
"Barco, Hunter",682995,PIT,FF,4-Seam Fastball,-1.7,-2,130,37.0,31,0.37,0.63,0.463,15.1,19.4,15.0,0.336,0.588,0.432,52.4
"Cabrera, Edward",665795,CHC,SL,Slider,-0.6,-1,150,11.7,31,0.207,0.31,0.232,45.3,29.0,15.0,0.197,0.297,0.223,23.8
"Alexander, Jason",669920,HOU,CH,Changeup,1.9,2,105,35.1,31,0.167,0.267,0.203,29.4,22.6,18.4,0.257,0.34,0.274,17.4
"Fernandez, Ryan",681676,STL,SL,Slider,1.6,2,107,45.3,31,0.143,0.25,0.248,46.4,48.4,31.9,0.164,0.343,0.261,30.8
"Wacha, Michael",608379,KC,CU,Curveball,-1.1,-3,236,10.1,31,0.241,0.379,0.302,22.1,12.9,11.4,0.233,0.458,0.296,38.5
"Ekness, Josh",694795,MIA,FF,4-Seam Fastball,1.9,2,118,53.6,31,0.2,0.2,0.281,22.4,22.6,18.4,0.243,0.351,0.34,44.4
"Black, Mason",696131,KC,FF,4-Seam Fastball,-3.8,-4,113,22.0,31,0.3,0.6,0.494,16.0,16.1,9.4,0.247,0.403,0.427,46.7
"Scholtens, Jesse",669947,TB,FF,4-Seam Fastball,-1.2,-2,156,21.6,31,0.208,0.5,0.385,26.8,35.5,18.6,0.164,0.405,0.341,30.8
"Mey, Luis",682825,CIN,SL,Slider,0.1,0,138,39.1,31,0.143,0.25,0.227,49.0,48.4,27.8,0.157,0.375,0.27,53.8
"Banks, Tanner",621383,PHI,ST,Sweeper,-0.6,-1,127,23.0,31,0.345,0.483,0.382,24.6,19.4,14.3,0.264,0.359,0.296,26.1
"Headrick, Brent",687396,NYY,SI,Sinker,0.2,0,101,10.0,31,0.357,0.429,0.37,16.4,9.7,15.8,0.356,0.41,0.36,38.5
"Morgan, David",688158,SD,SI,Sinker,-2.4,-3,113,28.4,31,0.36,0.52,0.444,15.4,6.5,11.8,0.297,0.355,0.364,26.1
"Sears, JP",676664,SD,CH,Changeup,-3.4,-4,110,20.8,31,0.321,0.5,0.4,24.5,12.9,21.1,0.371,0.545,0.426,54.2
"Sheehan, Emmet",686218,LAD,CU,Curveball,0.8,1,186,11.0,31,0.185,0.259,0.258,26.2,16.1,14.7,0.2,0.23,0.254,13.6
"Morris, Andrew",702193,MIN,SI,Sinker,-1.4,-2,118,11.5,31,0.433,0.6,0.458,20.3,6.5,12.5,0.374,0.586,0.419,39.3
"Sabrowski, Erik",681870,CLE,CU,Curveball,-0.4,0,127,20.4,31,0.226,0.387,0.261,35.7,51.6,29.6,0.183,0.28,0.198,33.3
"Brown, Hunter",686613,HOU,SL,Slider,-1.5,-2,99,8.3,31,0.231,0.346,0.352,27.1,22.6,17.9,0.267,0.44,0.366,31.6
"May, Dustin",669160,MIL,CH,Changeup,-2.5,-3,136,6.8,31,0.29,0.548,0.367,20.7,22.6,21.2,0.295,0.529,0.349,45.8
"Morillo, Juan",666661,AZ,SI,Sinker,3.0,4,135,16.7,31,0.192,0.231,0.269,18.8,3.2,6.7,0.183,0.206,0.256,20.0
"Sisk, Evan",681895,PIT,FF,4-Seam Fastball,1.2,2,123,16.6,31,0.231,0.385,0.311,31.9,38.7,24.5,0.157,0.238,0.233,26.7
"Kahnle, Tommy",592454,BOS,CH,Changeup,-3.2,-3,106,63.1,31,0.357,0.679,0.463,20.3,16.1,14.3,0.281,0.527,0.376,60.9
"Mears, Nick",683232,KC,FF,4-Seam Fastball,1.8,2,125,36.7,31,0.167,0.208,0.263,9.3,9.7,8.6,0.303,0.418,0.376,45.5
"Bummer, Aaron",607481,KC,SI,Sinker,-2.6,-3,127,38.7,31,0.4,0.8,0.544,11.5,12.9,22.2,0.285,0.493,0.402,57.1
"Scott, Christian",681035,NYM,CU,Curveball,-4.7,-4,85,5.5,31,0.367,0.6,0.421,11.3,22.6,11.7,0.246,0.343,0.269,34.8
"Roycroft, Chris",688297,TB,FC,Cutter,-2.8,-3,101,24.7,31,0.357,0.536,0.383,14.8,12.9,12.1,0.331,0.493,0.355,42.3
"Rolison, Ryan",669020,CHC,CU,Curveball,-1.6,-2,139,17.8,31,0.31,0.552,0.389,25.4,29.0,20.5,0.26,0.447,0.327,45.0
"Vásquez, Randy",681190,SD,CH,Changeup,-2.3,-3,145,8.0,30,0.321,0.357,0.305,26.0,16.7,11.6,0.326,0.458,0.339,41.7
"Fulton, Dax",690978,MIA,FF,4-Seam Fastball,-1.1,-1,77,32.2,30,0.238,0.381,0.395,26.5,23.3,31.8,0.195,0.231,0.341,28.6
"Erceg, Lucas",668674,KC,CH,Changeup,-6.1,-7,113,13.7,30,0.542,1.0,0.64,19.6,0.0,0.0,0.435,0.628,0.487,36.0
"Barnett, Mason",686930,ATH,SL,Slider,0.7,1,145,19.5,30,0.231,0.423,0.333,28.2,26.7,23.5,0.225,0.373,0.315,55.6
"Peralta, Wandy",593974,SD,SL,Slider,0.3,1,164,16.6,30,0.25,0.375,0.343,27.5,20.0,13.3,0.218,0.279,0.301,15.8
"Bibee, Tanner",676440,CLE,ST,Sweeper,-0.2,0,116,5.0,30,0.222,0.37,0.298,19.4,20.0,11.1,0.246,0.392,0.315,33.3
"Palmquist, Carson",687223,WSH,SI,Sinker,-0.9,-1,102,32.6,30,0.44,0.56,0.474,7.0,6.7,13.3,0.305,0.378,0.35,33.3
"Lee, Dylan",669276,ATL,CH,Changeup,0.4,1,146,16.7,30,0.167,0.3,0.228,46.8,30.0,20.5,0.175,0.301,0.203,9.5
"Raley, Brooks",548384,PHI,CH,Changeup,0.9,1,91,12.6,30,0.167,0.167,0.15,25.0,33.3,20.0,0.192,0.229,0.183,20.0
"Wilson, Bryse",669060,MIL,SI,Sinker,3.0,4,139,31.2,30,0.241,0.241,0.233,12.1,23.3,18.4,0.259,0.315,0.264,59.1
"Agnos, Zach",688642,COL,ST,Sweeper,1.6,3,174,14.9,30,0.138,0.241,0.178,37.1,30.0,19.1,0.204,0.28,0.225,30.0
"Bigge, Hunter",685801,TB,SL,Slider,-1.3,-2,131,41.1,30,0.261,0.478,0.408,36.2,20.0,14.0,0.272,0.389,0.356,38.9
"Paddack, Chris",663978,TEX,FC,Cutter,-2.6,-3,133,13.1,30,0.28,0.68,0.485,23.4,10.0,12.5,0.25,0.495,0.366,47.8
"Eisert, Brandon",685126,PIT,CH,Changeup,-2.3,-3,130,20.3,30,0.345,0.448,0.358,31.5,33.3,20.0,0.278,0.391,0.303,52.6
"Stock, Robert",476594,NYM,FF,4-Seam Fastball,2.5,2,85,26.8,30,0.16,0.2,0.248,30.6,40.0,24.5,0.099,0.116,0.195,15.4
"Cleavinger, Garrett",664076,TB,ST,Sweeper,-0.7,-1,85,13.5,30,0.28,0.48,0.293,31.9,36.7,30.6,0.169,0.345,0.24,22.2
"Iglesias, Raisel",628452,ATL,SI,Sinker,0.4,1,144,20.2,30,0.333,0.5,0.428,11.8,10.0,17.6,0.286,0.425,0.384,42.9
"Hart, Kyle",606996,SD,SL,Slider,-0.3,0,125,15.1,30,0.321,0.571,0.436,19.6,6.7,16.7,0.323,0.676,0.429,40.7
"Antone, Tejay",622088,CIN,FC,Cutter,1.5,2,115,17.0,30,0.182,0.364,0.305,15.1,6.7,13.3,0.29,0.567,0.41,47.8
"Leiter, Jack",683004,TEX,SI,Sinker,-1.1,-1,102,7.3,30,0.346,0.462,0.4,5.9,6.7,14.3,0.327,0.457,0.385,37.5
"Zeferjahn, Ryan",666171,CHC,SL,Slider,0.0,0,110,10.3,30,0.25,0.333,0.373,20.4,13.3,18.2,0.225,0.297,0.321,40.0
"Granillo, Andre",701552,WSH,SL,Slider,-1.7,-2,118,59.6,30,0.321,0.571,0.402,12.2,10.0,12.0,0.297,0.454,0.348,32.0
"Gasser, Robert",688107,MIL,CH,Changeup,-2.3,-3,111,9.1,30,0.286,0.5,0.36,25.0,16.7,16.7,0.31,0.507,0.372,43.5
"Gusto, Ryan",687473,MIA,CH,Changeup,1.5,2,132,15.4,30,0.12,0.24,0.243,21.3,13.3,7.8,0.241,0.37,0.335,33.3
"Chandler, Bubba",696149,PIT,SI,Sinker,1.5,2,132,6.4,30,0.24,0.24,0.297,15.5,6.7,15.4,0.276,0.385,0.354,43.5
"Smith, Burch",572143,DET,FF,4-Seam Fastball,0.0,0,125,43.6,30,0.231,0.5,0.358,23.7,36.7,26.8,0.171,0.33,0.277,46.7
"Milner, Hoby",571948,CHC,FF,4-Seam Fastball,-0.4,0,78,13.7,30,0.231,0.308,0.297,8.5,16.7,10.6,0.224,0.292,0.288,33.3
"Woodruff, Brandon",605540,MIL,CH,Changeup,2.6,3,136,21.3,30,0.133,0.167,0.132,38.2,36.7,25.6,0.171,0.24,0.177,15.8
"Peralta, Freddy",642547,TB,ST,Sweeper,-0.8,-1,131,5.6,30,0.267,0.5,0.323,23.2,20.0,12.8,0.245,0.322,0.244,20.8
"King, Michael",650633,SD,SL,Slider,2.9,4,126,5.2,30,0.107,0.143,0.153,23.5,23.3,16.3,0.167,0.338,0.246,28.6
"Gusto, Ryan",687473,MIA,ST,Sweeper,0.5,1,114,13.3,30,0.241,0.448,0.305,15.5,16.7,17.9,0.236,0.405,0.287,37.5
"Blanco, Ronel",669854,HOU,FF,4-Seam Fastball,-2.4,-3,142,36.4,30,0.304,0.652,0.462,19.4,10.0,9.7,0.27,0.626,0.443,38.1
"Wesneski, Hayden",669713,HOU,FF,4-Seam Fastball,-0.3,0,80,24.9,30,0.214,0.321,0.263,17.1,16.7,17.9,0.279,0.485,0.349,52.2
"Raley, Brooks",548384,PHI,SI,Sinker,0.3,0,153,21.1,30,0.208,0.333,0.355,12.2,3.3,8.3,0.288,0.401,0.376,43.5
"Madden, Ty",680744,DET,FC,Cutter,3.4,4,114,19.0,30,0.111,0.222,0.197,37.9,30.0,31.0,0.16,0.281,0.239,22.2
"Rivera, Eduardo",700842,BOS,FF,4-Seam Fastball,1.6,2,114,54.3,29,0.208,0.292,0.3,21.8,17.2,14.3,0.207,0.272,0.292,52.6
"Cleavinger, Garrett",664076,TB,FF,4-Seam Fastball,-1.5,-1,91,14.4,29,0.125,0.333,0.252,26.7,44.8,21.7,0.17,0.301,0.266,41.7
"Bubic, Kris",663460,KC,SI,Sinker,2.8,3,103,12.7,29,0.208,0.25,0.288,8.2,0.0,0.0,0.283,0.347,0.348,50.0
"Basso, Brady",669620,ATH,SL,Slider,-1.2,-1,75,21.0,29,0.31,0.517,0.352,25.0,27.6,29.6,0.252,0.32,0.249,33.3
"Black, Mason",696131,KC,ST,Sweeper,0.9,1,105,20.4,29,0.214,0.357,0.26,17.8,17.2,17.2,0.255,0.499,0.332,43.5
"Warren, Austin",681810,NYM,CU,Curveball,-6.5,-4,62,9.3,29,0.308,0.538,0.395,25.0,24.1,15.6,0.295,0.453,0.359,36.8
"Jones, Jared",683003,PIT,CH,Changeup,-1.2,-2,128,12.2,29,0.25,0.393,0.322,39.0,27.6,20.0,0.259,0.324,0.269,65.0
"Strider, Spencer",675911,ATL,CU,Curveball,-0.1,0,100,14.5,29,0.111,0.259,0.191,48.6,44.8,33.3,0.055,0.109,0.113,14.3
"Alexander, Tyler",641302,TEX,FC,Cutter,0.2,0,199,22.3,29,0.273,0.455,0.368,19.1,13.8,19.0,0.25,0.386,0.341,20.0
"Davis, Tyler",699823,CWS,SL,Slider,0.9,1,126,32.0,29,0.214,0.214,0.272,18.0,6.9,6.9,0.269,0.327,0.274,42.3
"Nunez, Anthony",689296,BAL,SI,Sinker,-2.7,-3,112,14.6,29,0.458,0.667,0.555,14.8,6.9,18.2,0.34,0.602,0.452,40.9
"Winn, Cole",668390,TEX,FS,Split-Finger,-2.5,-2,101,14.2,29,0.345,0.586,0.397,32.1,27.6,27.6,0.247,0.41,0.28,33.3
"Waldron, Matt",663362,TOR,FC,Cutter,2.7,3,125,20.3,29,0.286,0.286,0.248,16.4,20.7,35.3,0.148,0.195,0.154,17.4
"Assad, Javier",665871,CHC,CH,Changeup,-3.4,-3,100,7.7,29,0.31,0.655,0.405,28.3,24.1,17.1,0.271,0.534,0.339,36.4
"Suarez, José",660761,ATH,SI,Sinker,-2.7,-2,86,8.5,29,0.462,0.615,0.518,9.1,0.0,0.0,0.397,0.488,0.407,37.0
"Bolton, Cody",675989,HOU,FF,4-Seam Fastball,-1.8,-2,111,28.4,29,0.333,0.429,0.425,25.0,34.5,21.7,0.265,0.503,0.418,50.0
"Estrada, Lazaro",681751,TOR,FF,4-Seam Fastball,-0.6,-1,101,44.3,29,0.2,0.35,0.355,22.7,20.7,17.6,0.221,0.32,0.37,53.3
"Warren, Will",701542,NYY,CU,Curveball,-2.7,-3,108,5.2,29,0.357,0.571,0.409,31.8,34.5,17.9,0.249,0.346,0.272,22.2
"Murphy, Chris",669684,CWS,CU,Curveball,1.5,2,116,22.0,29,0.115,0.115,0.197,30.4,34.5,23.8,0.129,0.14,0.179,6.3
"Abel, Mick",690953,MIN,FF,4-Seam Fastball,-0.3,0,153,42.9,29,0.391,0.522,0.46,33.8,24.1,15.9,0.337,0.652,0.478,50.0
"Rolison, Ryan",669020,CHC,ST,Sweeper,2.5,3,112,14.3,29,0.138,0.138,0.124,40.4,44.8,27.1,0.203,0.274,0.205,43.8
"Lorenzen, Michael",547179,COL,ST,Sweeper,-1.4,-2,154,7.0,29,0.25,0.429,0.314,32.8,24.1,22.6,0.245,0.431,0.302,52.4
"Backhus, Kyle",679775,PHI,ST,Sweeper,-0.1,0,121,34.2,29,0.185,0.519,0.291,35.3,31.0,22.5,0.139,0.273,0.193,21.1
"Singer, Brady",663903,CIN,FC,Cutter,-3.5,-6,157,7.2,29,0.385,0.769,0.54,18.7,0.0,0.0,0.36,0.661,0.461,23.1
"Samaniego, Tyler",701719,BOS,FF,4-Seam Fastball,-0.2,0,84,26.8,29,0.28,0.36,0.338,25.0,20.7,24.0,0.27,0.36,0.332,42.1
"Yarbrough, Ryan",642232,NYY,SI,Sinker,0.3,0,100,13.4,29,0.346,0.5,0.431,3.8,3.4,6.3,0.34,0.396,0.36,24.0
"Gibson, Trey",694346,BAL,FF,4-Seam Fastball,-0.8,-1,119,19.2,29,0.304,0.348,0.374,23.4,31.0,30.0,0.207,0.316,0.322,42.9
"Taillon, Jameson",592791,TOR,CU,Curveball,-0.8,-1,154,10.9,29,0.217,0.348,0.336,25.0,6.9,5.7,0.283,0.557,0.426,52.4
"Little, Brendon",663893,TOR,CU,Curveball,-1.2,-1,110,32.3,29,0.222,0.407,0.297,43.5,48.3,23.3,0.159,0.286,0.224,53.8
"Sandlin, David",689818,CWS,CU,Curveball,1.0,1,107,26.2,29,0.185,0.519,0.317,25.0,24.1,26.9,0.159,0.289,0.227,30.0
"Kranick, Max",668820,WSH,FF,4-Seam Fastball,-6.9,-6,88,40.9,28,0.45,0.9,0.602,16.3,7.1,7.7,0.348,0.525,0.46,36.8
"Manaea, Sean",640455,NYM,FC,Cutter,-2.4,-3,131,6.9,28,0.346,0.731,0.502,31.4,17.9,17.2,0.306,0.623,0.413,33.3
"Wilson, Bryse",669060,MIL,FF,4-Seam Fastball,-2.5,-2,84,18.8,28,0.346,0.538,0.404,25.0,32.1,25.7,0.308,0.47,0.36,52.9
"Kremer, Dean",665152,MIN,SI,Sinker,-1.2,-2,131,15.2,28,0.28,0.56,0.421,12.2,17.9,25.0,0.341,0.648,0.448,55.0
"Kikuchi, Yusei",579328,LAA,FS,Split-Finger,1.4,2,126,22.2,28,0.143,0.357,0.207,27.8,32.1,22.0,0.213,0.516,0.304,36.8
"Dotel, Wilber",696062,PIT,FC,Cutter,-1.0,-1,106,21.8,28,0.409,0.545,0.479,32.7,10.7,20.0,0.366,0.54,0.456,42.1
"Painter, Andrew",691725,PHI,CU,Curveball,0.4,0,107,7.3,28,0.2,0.28,0.268,24.1,21.4,12.0,0.179,0.307,0.237,30.0
"Bello, Brayan",678394,BOS,FF,4-Seam Fastball,-5.6,-5,96,6.7,28,0.44,0.6,0.506,14.0,14.3,8.9,0.454,0.76,0.533,59.1
"Jameson, Drey",686753,AZ,SL,Slider,0.7,1,91,34.2,28,0.308,0.462,0.359,43.2,28.6,32.0,0.266,0.387,0.308,22.2
"Boyd, Matthew",571510,CHC,CU,Curveball,1.3,2,166,12.5,28,0.083,0.167,0.189,26.3,32.1,22.5,0.162,0.183,0.229,6.7
"Avila, Luinder",679883,KC,CH,Changeup,-0.6,-1,133,10.3,28,0.259,0.333,0.275,37.0,32.1,22.0,0.248,0.378,0.285,38.9
"Silseth, Chase",681217,TEX,SI,Sinker,-2.1,-3,122,14.4,28,0.435,0.696,0.517,10.7,3.6,9.1,0.331,0.66,0.459,43.5
"Foster, Cameron",671382,BAL,FF,4-Seam Fastball,-1.5,-2,110,58.2,28,0.381,0.429,0.445,22.9,17.9,20.8,0.275,0.344,0.376,31.3
"De Jesus, Enmanuel",646241,DET,SI,Sinker,0.7,1,88,13.2,28,0.346,0.462,0.377,4.5,7.1,25.0,0.268,0.315,0.286,41.7
"Gusto, Ryan",687473,MIA,FC,Cutter,1.6,2,116,13.5,28,0.231,0.308,0.3,26.2,7.1,9.1,0.287,0.377,0.319,37.5
"Barnett, Mason",686930,ATH,ST,Sweeper,-3.1,-3,110,14.8,28,0.286,0.643,0.42,20.0,21.4,12.5,0.271,0.501,0.327,22.7
"Collyer, Gavin",686560,TEX,ST,Sweeper,0.4,0,99,22.2,28,0.192,0.308,0.248,31.3,28.6,19.0,0.146,0.193,0.185,16.7
"Santana, Dennis",642701,AZ,SI,Sinker,0.0,0,88,12.4,28,0.269,0.423,0.313,13.6,7.1,12.5,0.301,0.468,0.343,44.0
"Crow, Coleman",689441,MIL,FC,Cutter,-0.7,-1,107,36.3,28,0.348,0.609,0.409,22.2,3.6,6.7,0.279,0.518,0.39,50.0
"Moll, Sam",594580,CIN,CH,Changeup,-0.5,-1,155,16.0,28,0.095,0.238,0.273,24.6,28.6,15.1,0.169,0.354,0.343,35.7
"Armstrong, Shawn",542888,CLE,ST,Sweeper,0.0,0,164,27.5,28,0.167,0.25,0.254,29.7,32.1,17.6,0.105,0.158,0.196,20.0
"Matz, Steven",571927,TB,CU,Curveball,0.8,1,139,12.5,28,0.185,0.333,0.213,22.4,21.4,23.1,0.244,0.369,0.253,36.4
"Dobbins, Hunter",690928,STL,SL,Slider,1.8,3,144,16.9,27,0.12,0.28,0.206,22.4,22.2,17.1,0.211,0.32,0.262,26.3
"Cavalli, Cade",676917,WSH,FC,Cutter,0.7,1,130,5.6,27,0.269,0.615,0.367,18.3,3.7,3.6,0.34,0.579,0.405,46.2
"Morris, Andrew",702193,MIN,ST,Sweeper,-0.2,0,104,10.1,27,0.16,0.2,0.231,25.0,25.9,12.1,0.122,0.141,0.159,11.1
"Hollowell, Gavin",668970,CHC,FF,4-Seam Fastball,4.5,4,92,36.4,27,0.043,0.087,0.15,20.9,18.5,17.9,0.176,0.408,0.312,38.9
"Loáisiga, Jonathan",642528,AZ,CU,Curveball,0.5,1,120,15.9,27,0.24,0.4,0.28,27.3,18.5,12.2,0.225,0.361,0.262,23.8
"Civale, Aaron",650644,CHC,FS,Split-Finger,-2.9,-3,96,6.1,27,0.407,0.519,0.406,18.2,3.7,5.9,0.313,0.374,0.3,30.8
"Barlow, Scott",605130,ATH,FF,4-Seam Fastball,-3.4,-3,76,13.1,27,0.35,0.9,0.563,10.7,11.1,25.0,0.293,0.685,0.481,58.8
"Sugano, Tomoyuki",608372,COL,CU,Curveball,0.3,0,133,7.0,27,0.192,0.308,0.233,19.2,11.1,10.7,0.311,0.468,0.349,30.4
"Miller, Bryce",682243,SEA,ST,Sweeper,2.3,2,93,6.8,27,0.148,0.148,0.133,23.8,29.6,17.0,0.233,0.309,0.235,10.5
"Teng, Kai-Wei",678906,HOU,CU,Curveball,-1.5,-2,113,9.7,27,0.227,0.364,0.337,42.1,44.4,29.3,0.198,0.339,0.316,50.0
"Myers, Tobias",668964,NYM,SL,Slider,-3.3,-4,115,16.2,27,0.32,0.6,0.411,16.3,7.4,8.7,0.27,0.386,0.312,43.5
"Finnegan, Kyle",640448,DET,SL,Slider,-0.8,-1,130,14.9,27,0.25,0.375,0.319,38.7,18.5,16.7,0.226,0.422,0.322,42.1
"Bowlan, Jonathan",680742,PHI,SI,Sinker,-1.2,-1,92,11.9,27,0.375,0.375,0.462,6.1,3.7,12.5,0.377,0.424,0.392,26.1
"Teng, Kai-Wei",678906,HOU,CH,Changeup,-3.3,-4,118,10.2,27,0.346,0.538,0.393,24.1,11.1,8.1,0.4,0.602,0.442,47.8
"Holmes, Grant",656550,ATL,CH,Changeup,2.2,3,116,6.2,27,0.042,0.042,0.119,23.5,14.8,16.0,0.176,0.253,0.235,33.3
"Hoppe, Alex",695380,BAL,SI,Sinker,2.0,2,99,17.9,27,0.24,0.28,0.265,20.0,11.1,14.3,0.244,0.266,0.259,22.7
"Keller, Brad",641745,PHI,SI,Sinker,1.9,2,106,19.9,27,0.273,0.318,0.302,14.6,14.8,19.0,0.284,0.34,0.31,25.0
"Wilcox, Cole",677961,SEA,FF,4-Seam Fastball,-0.2,0,135,27.7,27,0.238,0.429,0.376,28.6,22.2,17.1,0.197,0.287,0.317,33.3
"Rock, Joe",697812,CWS,SL,Slider,0.2,0,73,37.4,27,0.261,0.261,0.304,34.2,29.6,32.0,0.275,0.381,0.346,53.3
"Bachman, Sam",696147,LAA,CH,Changeup,-2.7,-3,110,14.5,27,0.304,0.652,0.427,32.6,18.5,20.0,0.245,0.394,0.339,33.3
"Nicolas, Kyle",693312,CIN,FF,4-Seam Fastball,-3.0,-3,96,48.5,27,0.294,0.529,0.48,17.2,18.5,20.8,0.235,0.445,0.441,33.3
"Jobe, Jackson",695549,DET,FF,4-Seam Fastball,-2.6,-2,93,40.3,27,0.32,0.64,0.426,17.6,25.9,24.1,0.316,0.683,0.442,55.6
"Phillips, Evan",623465,LAD,FF,4-Seam Fastball,1.0,1,107,45.7,27,0.231,0.346,0.267,27.5,33.3,30.0,0.196,0.335,0.245,47.1
"Walker, Josh",677020,BAL,SL,Slider,1.1,1,117,44.0,27,0.125,0.292,0.239,31.7,33.3,20.9,0.153,0.232,0.199,37.5
"Hentges, Sam",656529,SF,SL,Slider,-0.7,-1,135,24.4,27,0.333,0.333,0.319,27.5,11.1,7.5,0.302,0.482,0.367,31.8
"Hicks, Jordan",663855,CWS,FF,4-Seam Fastball,3.4,4,104,15.8,27,0.042,0.083,0.124,28.1,48.1,20.3,0.085,0.108,0.151,27.3
"Lynch IV, Daniel",663738,KC,FF,4-Seam Fastball,-4.9,-6,122,15.4,27,0.35,0.8,0.535,13.3,14.8,9.5,0.31,0.674,0.489,50.0
"Sulser, Cole",642121,TB,FC,Cutter,0.6,1,89,11.5,27,0.32,0.36,0.317,18.8,3.7,16.7,0.35,0.438,0.356,32.0
"Anderson, Shaun",641312,LAA,FF,4-Seam Fastball,1.2,1,94,26.8,27,0.217,0.217,0.27,25.0,18.5,16.7,0.244,0.412,0.343,33.3
"Sommers, Drew",805427,DET,FF,4-Seam Fastball,2.1,2,118,28.5,27,0.154,0.192,0.172,55.1,66.7,31.6,0.137,0.191,0.162,37.5
"Quintana, Jose",500779,COL,CU,Curveball,0.3,0,108,15.7,26,0.25,0.417,0.358,22.4,3.8,7.1,0.31,0.464,0.335,29.2
"Thornton, Trent",663423,CHC,ST,Sweeper,0.5,0,99,17.6,26,0.208,0.25,0.24,24.4,15.4,10.8,0.207,0.282,0.249,35.0
"King, Bryan",687911,HOU,SI,Sinker,2.8,3,119,13.6,26,0.16,0.2,0.258,10.2,15.4,16.7,0.209,0.248,0.223,33.3
"Ferrer, José A.",678606,SEA,SL,Slider,-2.5,-2,100,12.0,26,0.304,0.391,0.372,33.3,26.9,15.6,0.184,0.254,0.23,29.4
"Ahlstrom, Robby",695239,TEX,SI,Sinker,0.8,1,107,22.6,26,0.36,0.4,0.352,17.9,15.4,30.8,0.309,0.414,0.329,33.3
"Ahlstrom, Robby",695239,TEX,FF,4-Seam Fastball,-1.1,-2,156,33.0,26,0.238,0.476,0.377,31.4,34.6,13.8,0.159,0.326,0.299,25.0
"Brown, Hunter",686613,HOU,CH,Changeup,-1.5,-2,117,9.8,26,0.3,0.6,0.452,42.9,11.5,13.6,0.312,0.559,0.446,35.3
"Sullivan, Sean",807743,COL,CH,Changeup,-2.9,-2,65,15.8,26,0.208,0.417,0.296,22.2,15.4,16.0,0.195,0.392,0.281,20.0
"Bednar, David",670280,NYY,CU,Curveball,-0.9,-2,179,18.9,26,0.304,0.565,0.381,40.6,23.1,18.2,0.284,0.477,0.359,27.8
"Yarbrough, Ryan",642232,NYY,FF,4-Seam Fastball,-0.8,-1,131,17.6,26,0.15,0.45,0.383,13.3,23.1,13.3,0.164,0.376,0.334,42.9
"Jax, Griffin",643377,TB,CU,Curveball,0.8,1,129,9.2,26,0.154,0.192,0.158,46.7,53.8,28.6,0.221,0.38,0.256,41.7
"Thornton, Trent",663423,CHC,FC,Cutter,0.3,0,125,22.2,26,0.192,0.385,0.242,31.9,15.4,26.7,0.248,0.437,0.291,45.5
"Alvarado, Elvis",665660,ATH,SI,Sinker,-1.1,-1,95,13.8,26,0.333,0.5,0.419,8.2,0.0,0.0,0.261,0.503,0.354,62.5
"Junk, Janson",676083,MIA,CU,Curveball,-0.5,-1,115,7.7,26,0.28,0.48,0.338,15.6,11.5,12.5,0.267,0.399,0.302,36.4
"Latz, Jacob",656641,TEX,SL,Slider,-0.5,-1,165,18.7,26,0.24,0.44,0.304,43.6,26.9,15.9,0.26,0.458,0.321,38.9
"Milner, Hoby",571948,CHC,CH,Changeup,-2.0,-2,89,15.7,26,0.348,0.478,0.373,12.2,7.7,7.7,0.39,0.586,0.426,36.4
"Santana, Dennis",642701,AZ,CH,Changeup,-3.1,-3,106,15.0,26,0.28,0.68,0.41,27.8,19.2,12.8,0.308,0.555,0.381,40.0
"Legumina, Casey",668984,TB,ST,Sweeper,-3.1,-3,102,12.0,26,0.435,0.652,0.442,30.9,23.1,14.3,0.349,0.464,0.349,36.8
"Gusto, Ryan",687473,MIA,SI,Sinker,-2.0,-2,111,12.9,26,0.417,0.625,0.504,19.2,15.4,25.0,0.311,0.419,0.344,50.0
"Hart, Kyle",606996,SD,FF,4-Seam Fastball,-2.3,-2,72,8.7,26,0.19,0.429,0.328,6.7,26.9,21.9,0.223,0.405,0.336,33.3
"Aleman, Franco",680916,CLE,SL,Slider,-3.0,-3,84,25.1,26,0.348,0.522,0.44,36.4,26.9,26.9,0.264,0.386,0.354,37.5
"Natera Jr., Samy",696519,LAA,SL,Slider,-0.2,0,83,18.0,26,0.13,0.261,0.227,60.5,57.7,38.5,0.084,0.141,0.166,12.5
"Brogdon, Connor",641401,CLE,CH,Changeup,-0.7,-1,104,39.0,26,0.208,0.375,0.374,23.5,11.5,15.8,0.283,0.462,0.336,45.5
"Assad, Javier",665871,CHC,FC,Cutter,-1.7,-3,161,12.3,26,0.304,0.609,0.456,13.6,0.0,0.0,0.327,0.601,0.428,47.8
"Krook, Matt",640454,WSH,ST,Sweeper,-4.0,-4,93,52.0,26,0.3,0.7,0.481,33.3,26.9,21.2,0.266,0.499,0.408,38.5
"Adam, Jason",592094,SD,FF,4-Seam Fastball,-2.6,-3,126,22.9,26,0.273,0.864,0.498,12.1,7.7,4.1,0.295,0.654,0.444,50.0
"Mears, Nick",683232,KC,SL,Slider,-4.2,-4,93,27.3,26,0.318,0.682,0.45,30.4,30.8,17.4,0.301,0.557,0.401,46.7
"Karinchak, James",675916,ATL,FF,4-Seam Fastball,2.5,2,98,60.5,26,0.143,0.19,0.225,24.4,23.1,21.4,0.182,0.302,0.29,43.8
"Slaten, Justin",686580,BOS,ST,Sweeper,-0.2,0,87,17.1,26,0.167,0.333,0.248,43.9,42.3,26.8,0.104,0.158,0.158,23.1
"Bido, Osvaldo",674370,CWS,FF,4-Seam Fastball,0.0,0,92,29.0,26,0.158,0.263,0.319,19.0,11.5,9.4,0.277,0.442,0.412,50.0
"Beck, Tristan",663941,SF,ST,Sweeper,1.7,2,96,38.9,26,0.2,0.2,0.2,25.0,11.5,9.4,0.186,0.225,0.199,18.2
"Roupp, Landen",694738,SF,FF,4-Seam Fastball,-1.4,-2,121,5.3,26,0.2,0.36,0.256,42.2,53.8,16.9,0.136,0.251,0.185,54.5
"Dollander, Chase",801403,COL,SL,Slider,0.6,1,108,14.5,26,0.25,0.417,0.315,31.3,19.2,19.2,0.301,0.484,0.364,68.4
"Dion, Will",702021,WSH,CH,Changeup,1.5,1,95,22.0,26,0.08,0.2,0.138,34.0,30.8,21.1,0.2,0.329,0.244,11.8
"Urquidy, José",664353,CWS,CH,Changeup,-1.2,-1,75,29.9,25,0.24,0.52,0.354,35.4,32.0,28.6,0.177,0.314,0.209,35.3
"Williamson, Brandon",682227,CIN,FF,4-Seam Fastball,-5.0,-5,106,20.5,25,0.333,0.8,0.534,11.1,4.0,3.6,0.385,0.83,0.567,40.0
"Chapman, Aroldis",547973,BOS,SL,Slider,1.2,1,119,17.6,25,0.167,0.208,0.222,42.0,44.0,30.6,0.127,0.181,0.155,15.4
"Bruihl, Justin",677865,STL,CH,Changeup,0.3,0,101,9.7,25,0.087,0.174,0.192,30.2,20.0,15.6,0.175,0.226,0.217,10.5
"Taylor, Grant",691799,CWS,SI,Sinker,3.9,4,108,10.2,25,0.174,0.174,0.171,12.7,4.0,7.1,0.134,0.197,0.188,13.6
"Cameron, Noah",702070,KC,SI,Sinker,-4.5,-4,93,4.1,25,0.524,0.81,0.592,6.3,4.0,8.3,0.359,0.583,0.439,38.1
"Kremer, Dean",665152,MIN,CU,Curveball,-1.9,-2,119,13.8,25,0.273,0.591,0.402,23.9,0.0,0.0,0.274,0.499,0.372,36.4
"Morris, Andrew",702193,MIN,CH,Changeup,-1.3,-1,116,11.3,25,0.261,0.435,0.328,25.0,16.0,8.7,0.209,0.32,0.264,47.4
"Wolfram, Grant",664991,BAL,CU,Curveball,-1.4,-1,106,16.2,25,0.333,0.542,0.389,29.3,36.0,23.1,0.253,0.305,0.242,37.5
"Zuber, Tyler",676604,MIA,ST,Sweeper,-1.0,-1,121,28.1,25,0.25,0.542,0.374,23.1,36.0,20.5,0.147,0.248,0.218,26.7
"deGrom, Jacob",594798,TEX,CU,Curveball,-1.8,-2,130,6.4,25,0.28,0.52,0.34,45.1,40.0,38.5,0.203,0.392,0.251,53.3
"Skubal, Tarik",669373,LAD,CU,Curveball,0.0,0,75,4.4,25,0.087,0.261,0.186,42.9,48.0,42.9,0.106,0.279,0.202,36.4
"Henry, Cole",669371,WSH,ST,Sweeper,-0.8,-1,98,34.8,25,0.211,0.263,0.326,28.9,24.0,13.6,0.23,0.319,0.349,38.5
"Maton, Phil",664208,CHC,SI,Sinker,0.7,1,104,19.0,25,0.294,0.471,0.448,14.0,0.0,0.0,0.365,0.662,0.519,29.4
"Holton, Tyler",663947,DET,FF,4-Seam Fastball,-0.8,-1,116,12.5,25,0.333,0.389,0.426,15.6,16.0,14.3,0.307,0.421,0.422,35.7
"Spence, Mitch",687765,KC,FC,Cutter,-1.0,-1,76,38.0,25,0.35,0.5,0.408,16.7,8.0,14.3,0.301,0.398,0.366,31.6
"Cecconi, Slade",677944,CLE,SL,Slider,1.4,1,92,5.0,25,0.087,0.087,0.179,30.4,16.0,7.8,0.188,0.259,0.212,35.0
"Chapman, Aroldis",547973,BOS,FS,Split-Finger,2.0,2,76,11.2,25,0.167,0.292,0.216,36.2,40.0,27.0,0.143,0.247,0.188,35.7
"Dobbins, Hunter",690928,STL,CU,Curveball,-1.9,-2,94,11.0,25,0.227,0.409,0.322,36.8,36.0,25.7,0.2,0.356,0.292,23.1
"Canning, Griffin",656288,SD,CU,Curveball,0.1,0,102,8.1,25,0.217,0.348,0.28,32.6,28.0,22.6,0.228,0.348,0.284,18.8
"Morgan, Eli",669212,KC,SL,Slider,-1.2,-1,101,29.8,25,0.318,0.545,0.408,38.3,36.0,33.3,0.315,0.533,0.4,61.5
"Kimbrel, Craig",518886,KC,ST,Sweeper,-1.0,-1,90,14.4,25,0.261,0.348,0.3,35.6,32.0,18.6,0.251,0.395,0.31,40.0
"Miller, Bryce",682243,SEA,SL,Slider,-1.4,-2,125,9.2,25,0.28,0.64,0.418,27.9,12.0,11.5,0.267,0.602,0.363,40.9
"Sproat, Brandon",687075,MIL,CH,Changeup,-0.1,0,137,8.1,25,0.227,0.273,0.278,31.7,12.0,8.3,0.303,0.366,0.338,42.1
"Tong, Jonah",804636,NYM,FF,4-Seam Fastball,-0.8,-1,85,45.5,25,0.211,0.211,0.384,18.4,12.0,13.6,0.226,0.354,0.358,6.3
"Hancock, Emerson",676106,SEA,CU,Curveball,-1.9,-2,86,4.3,25,0.25,0.292,0.258,39.5,52.0,21.7,0.224,0.262,0.232,18.2
"Miller, Bryce",682243,SEA,SI,Sinker,-1.8,-2,89,6.5,25,0.381,0.524,0.444,0.0,0.0,0.0,0.234,0.323,0.314,33.3
"Santa, Alimber",695001,HOU,ST,Sweeper,3.0,3,90,37.8,25,0.143,0.19,0.15,22.4,20.0,12.8,0.148,0.187,0.197,36.8
"Nelson, Ryne",669194,AZ,CU,Curveball,-2.1,-3,123,9.5,25,0.182,0.409,0.272,21.4,20.0,12.8,0.223,0.46,0.317,38.9
"Heuer, Codi",676051,CLE,FF,4-Seam Fastball,-0.3,0,81,42.9,25,0.333,0.417,0.344,11.1,8.0,9.5,0.3,0.453,0.34,54.5
"Snell, Blake",605483,LAD,FF,4-Seam Fastball,1.1,1,120,47.8,25,0.263,0.263,0.348,17.9,20.0,17.9,0.18,0.201,0.296,0.0
"Gómez, Yoendrys",672782,MIN,SI,Sinker,2.1,2,90,9.9,25,0.25,0.25,0.304,15.2,4.0,10.0,0.324,0.491,0.407,25.0
"Williamson, Brandon",682227,CIN,CH,Changeup,0.5,1,122,23.6,25,0.25,0.292,0.258,38.3,16.0,12.9,0.276,0.423,0.315,30.0
"Seabold, Connor",657756,KC,SL,Slider,0.3,0,76,16.0,24,0.25,0.3,0.29,22.2,16.7,13.8,0.27,0.432,0.34,52.9
"Gaddis, Hunter",683769,CLE,CH,Changeup,0.5,1,147,20.5,24,0.208,0.208,0.188,37.3,33.3,21.1,0.262,0.3,0.246,0.0
"Valdez, Framber",664285,DET,FF,4-Seam Fastball,-0.3,0,63,2.8,24,0.158,0.158,0.258,22.2,29.2,17.1,0.139,0.175,0.253,8.3
"Fernandez, Ryan",681676,STL,FF,4-Seam Fastball,-0.2,0,96,40.7,24,0.286,0.429,0.394,20.9,16.7,21.1,0.262,0.331,0.314,35.3
"Paredes, Mike",702474,MIN,FC,Cutter,2.3,2,85,15.4,24,0.136,0.364,0.226,21.3,12.5,23.1,0.28,0.538,0.362,50.0
"Strahm, Matt",621381,KC,CH,Changeup,-0.1,0,72,11.4,24,0.19,0.238,0.252,17.1,8.3,4.1,0.192,0.251,0.256,47.4
"Halvorsen, Seth",678020,LAD,SL,Slider,0.6,1,112,29.0,24,0.136,0.182,0.223,42.0,33.3,19.5,0.215,0.263,0.248,21.4
"Gibson, Trey",694346,BAL,FC,Cutter,-1.8,-2,119,19.2,24,0.474,0.579,0.513,21.3,4.2,5.3,0.372,0.548,0.457,44.4
"Kempner, William",687531,MIA,FF,4-Seam Fastball,-1.8,-2,96,48.2,24,0.316,0.579,0.446,39.0,33.3,30.8,0.275,0.507,0.41,36.4
"Bolton, Cody",675989,HOU,FC,Cutter,-0.5,0,93,23.8,24,0.158,0.316,0.304,18.9,25.0,33.3,0.247,0.353,0.351,46.2
"Gibson, Cade",806188,MIA,SL,Slider,0.4,0,106,16.4,24,0.2,0.35,0.304,25.5,4.2,4.8,0.313,0.466,0.363,42.9
"Collyer, Gavin",686560,TEX,FF,4-Seam Fastball,-2.6,-3,114,25.6,24,0.125,0.313,0.354,39.0,37.5,18.0,0.087,0.225,0.32,14.3
"Kerry, Brett",695049,LAA,FF,4-Seam Fastball,0.7,1,101,47.6,24,0.227,0.409,0.304,11.1,12.5,9.4,0.225,0.327,0.275,52.6
"Curry, Xzavion",675540,NYM,FF,4-Seam Fastball,1.7,1,80,33.2,24,0.227,0.273,0.26,15.4,20.8,26.3,0.2,0.347,0.271,52.9
"Abel, Mick",690953,MIN,CH,Changeup,1.8,1,63,17.6,24,0.182,0.273,0.238,31.3,29.2,35.0,0.222,0.291,0.262,60.0
"Medina, Luis",665622,ATH,CU,Curveball,0.0,0,125,12.6,24,0.227,0.455,0.292,52.3,45.8,37.9,0.208,0.468,0.299,50.0
"Bummer, Aaron",607481,KC,CU,Curveball,-5.3,-4,70,21.3,24,0.286,0.571,0.479,17.1,16.7,14.3,0.272,0.517,0.381,52.9
"Graceffo, Gordon",700669,STL,CU,Curveball,-0.6,-1,103,11.1,24,0.1,0.25,0.238,15.2,25.0,11.8,0.271,0.584,0.416,35.7
"Young, Danny",664849,ATL,ST,Sweeper,-0.6,-1,131,49.4,24,0.167,0.333,0.333,43.6,41.7,21.3,0.121,0.232,0.289,37.5
"Soriano, George",666277,STL,SI,Sinker,-4.1,-3,78,8.6,24,0.444,1.167,0.615,5.4,0.0,0.0,0.393,0.978,0.619,50.0
"Nelson, Ryne",669194,AZ,FC,Cutter,-0.2,0,128,9.9,24,0.286,0.476,0.373,15.5,0.0,0.0,0.291,0.508,0.383,23.8
"Hartlieb, Geoff",664129,ATH,FF,4-Seam Fastball,0.5,0,78,35.9,24,0.235,0.353,0.354,11.8,8.3,10.5,0.273,0.421,0.383,31.3
"Lange, Alex",656638,KC,FC,Cutter,-0.3,0,114,12.4,24,0.263,0.474,0.392,14.3,4.2,7.1,0.284,0.459,0.396,22.2
"Helsley, Ryan",664854,BAL,SL,Slider,-1.9,-2,106,38.8,24,0.238,0.429,0.335,37.0,33.3,20.5,0.183,0.24,0.249,46.2
"Cease, Dylan",656302,TOR,CU,Curveball,-0.8,-2,225,9.6,24,0.261,0.391,0.338,30.9,33.3,20.0,0.277,0.547,0.362,46.7
"Cruz, Yovanny",672442,WSH,SL,Slider,-3.4,-3,89,55.3,24,0.391,0.565,0.427,32.6,25.0,22.2,0.305,0.428,0.332,58.8
"Seabold, Connor",657756,KC,CH,Changeup,-2.4,-2,100,21.0,24,0.318,0.5,0.381,16.7,16.7,12.5,0.249,0.364,0.301,16.7
"Waldrep, Hurston",694462,ATL,SI,Sinker,-0.9,-1,83,38.6,24,0.389,0.389,0.438,9.4,4.2,12.5,0.255,0.286,0.354,41.2
"Sommers, Drew",805427,DET,SL,Slider,-0.5,0,98,23.7,24,0.182,0.318,0.254,32.7,37.5,20.5,0.132,0.24,0.206,23.1
"Morgan, David",688158,SD,CU,Curveball,-1.4,-1,103,25.9,24,0.19,0.429,0.313,41.9,45.8,24.4,0.123,0.197,0.207,40.0
"Thornton, Zac",804267,NYM,ST,Sweeper,0.8,1,102,13.8,24,0.182,0.227,0.223,26.8,20.8,17.2,0.196,0.273,0.243,35.3
"Fluharty, Mason",689254,TOR,CH,Changeup,1.0,1,81,9.6,24,0.174,0.217,0.194,27.5,16.7,14.8,0.183,0.313,0.233,31.6
"Strzelecki, Peter",657265,STL,SI,Sinker,-1.5,-1,80,42.3,24,0.333,0.571,0.396,5.4,4.2,10.0,0.232,0.394,0.322,42.9
"Vesia, Alex",681911,LAD,CH,Changeup,0.5,1,115,14.3,24,0.182,0.364,0.269,54.5,29.2,19.4,0.192,0.312,0.256,33.3
"McCullers Jr., Lance",621121,MIL,CH,Changeup,-1.2,-1,118,14.9,24,0.261,0.435,0.315,38.3,25.0,18.2,0.24,0.401,0.294,41.2
"Chandler, Bubba",696149,PIT,CU,Curveball,-2.4,-2,75,3.6,23,0.222,0.444,0.341,10.3,13.0,10.7,0.21,0.374,0.317,37.5
"Petty, Chase",695534,CIN,CH,Changeup,-1.0,-1,110,23.1,23,0.2,0.4,0.311,33.3,8.7,5.9,0.239,0.37,0.319,22.2
"Gamboa, Alec",687941,BOS,SL,Slider,-2.2,-2,79,31.7,23,0.286,0.571,0.398,18.8,8.7,7.4,0.277,0.475,0.378,35.0
"Weissert, Greg",669711,BOS,CH,Changeup,-0.6,-1,92,11.5,23,0.238,0.381,0.304,44.0,39.1,17.6,0.176,0.252,0.229,33.3
"Hentges, Sam",656529,SF,CU,Curveball,-0.7,-1,94,17.0,23,0.176,0.235,0.315,35.5,34.8,21.1,0.137,0.255,0.305,11.1
"Hurter, Brant",676428,DET,ST,Sweeper,0.3,0,97,26.9,23,0.2,0.3,0.259,39.5,43.5,29.4,0.137,0.174,0.185,9.1
"Gallen, Zac",668678,AZ,SI,Sinker,-3.8,-3,86,5.3,23,0.476,0.905,0.593,9.1,0.0,0.0,0.414,0.687,0.491,42.9
"Cantillo, Joey",676282,CLE,SL,Slider,-0.8,-1,111,5.1,23,0.333,0.524,0.396,26.8,4.3,4.0,0.343,0.471,0.38,35.0
"Holderman, Colin",670059,CLE,CU,Curveball,0.9,1,84,10.9,23,0.1,0.15,0.185,35.3,26.1,11.8,0.158,0.217,0.232,28.6
"Wesneski, Hayden",669713,HOU,ST,Sweeper,0.8,1,94,29.3,23,0.211,0.263,0.243,44.7,30.4,22.6,0.217,0.338,0.285,14.3
"Blackburn, Paul",621112,NYY,ST,Sweeper,-1.1,-1,59,5.9,23,0.182,0.318,0.235,30.3,21.7,20.8,0.205,0.366,0.263,5.9
"Blanco, Ronel",669854,HOU,SL,Slider,-7.9,-5,69,17.7,23,0.3,0.75,0.47,17.9,26.1,21.4,0.355,0.712,0.484,28.6
"Alexander, Jason",669920,HOU,FF,4-Seam Fastball,-4.5,-3,69,23.1,23,0.381,0.762,0.52,11.4,13.0,14.3,0.217,0.378,0.293,50.0
"Paddack, Chris",663978,TEX,CU,Curveball,-2.0,-2,115,11.3,23,0.333,0.667,0.446,25.6,8.7,7.1,0.311,0.64,0.427,42.1
"Wilcox, Cole",677961,SEA,SI,Sinker,-3.4,-3,78,16.0,23,0.429,0.5,0.524,16.1,4.3,9.1,0.351,0.461,0.488,46.2
"Hancock, Emerson",676106,SEA,CH,Changeup,-5.2,-5,100,5.0,23,0.304,0.565,0.409,20.5,13.0,13.0,0.218,0.487,0.297,35.0
"Domínguez, Seranthony",622554,SEA,FS,Split-Finger,1.3,1,88,10.5,23,0.091,0.227,0.157,57.5,60.9,25.5,0.148,0.284,0.206,25.0
"Woodford, Jake",663765,CHC,ST,Sweeper,-0.6,0,71,15.5,23,0.304,0.304,0.274,33.3,39.1,32.1,0.254,0.291,0.239,35.7
"Lange, Alex",656638,KC,FF,4-Seam Fastball,0.1,0,94,10.2,23,0.222,0.333,0.339,14.6,17.4,10.8,0.29,0.504,0.415,64.3
"Ahlstrom, Robby",695239,TEX,CH,Changeup,0.1,0,71,15.0,23,0.217,0.391,0.259,23.7,17.4,17.4,0.381,0.575,0.411,26.3
"Pérez, Eury",691587,MIA,CU,Curveball,0.3,0,114,5.7,23,0.15,0.2,0.233,30.0,17.4,16.0,0.267,0.399,0.342,41.2
"Junis, Jakob",596001,TEX,FF,4-Seam Fastball,-0.3,0,114,18.6,23,0.316,0.474,0.404,28.3,26.1,24.0,0.268,0.436,0.371,30.8
"Jump, Gage",695611,ATH,ST,Sweeper,0.8,1,82,6.0,23,0.227,0.273,0.211,41.0,47.8,28.9,0.192,0.236,0.18,33.3
"Gusto, Ryan",687473,MIA,CU,Curveball,-2.2,-1,59,6.9,23,0.318,0.455,0.389,20.7,21.7,26.3,0.228,0.365,0.27,47.1
"Bachar, Lake",669199,PIT,FS,Split-Finger,-0.6,-1,102,9.0,23,0.25,0.4,0.335,37.0,17.4,13.3,0.215,0.346,0.302,6.3
"Orze, Eric",679358,MIN,SL,Slider,2.3,2,97,14.3,23,0.2,0.25,0.263,21.2,4.3,10.0,0.213,0.342,0.299,21.1
"Herget, Jimmy",623474,COL,FF,4-Seam Fastball,-1.2,-1,56,8.2,23,0.111,0.278,0.278,17.9,34.8,18.2,0.147,0.349,0.315,60.0
"Bernardino, Brennan",657514,COL,FC,Cutter,-1.3,-1,98,12.1,23,0.263,0.579,0.383,21.7,0.0,0.0,0.293,0.6,0.406,23.8
"Ragans, Cole",666142,KC,SL,Slider,-1.6,-1,85,13.3,23,0.2,0.4,0.311,35.9,34.8,21.6,0.221,0.296,0.285,25.0
"Bieber, Shane",669456,TOR,FC,Cutter,-1.0,-1,100,12.1,23,0.286,0.571,0.391,21.2,0.0,0.0,0.349,0.635,0.444,33.3
"Kent, Zak",687849,WSH,SL,Slider,-4.5,-4,99,38.1,23,0.353,0.765,0.496,32.6,21.7,16.1,0.272,0.475,0.425,53.8
"Lovelady, Richard",663992,WSH,FF,4-Seam Fastball,-1.5,-2,116,21.5,23,0.222,0.389,0.341,20.4,26.1,14.3,0.264,0.373,0.351,15.4
"Hill, Jaden",677955,COL,CH,Changeup,1.2,1,96,19.5,23,0.227,0.273,0.241,46.0,26.1,22.2,0.21,0.256,0.224,25.0
"Hall, DL",669084,MIL,CH,Changeup,-1.8,-2,113,16.5,23,0.238,0.429,0.359,40.5,34.8,26.7,0.191,0.318,0.26,30.8
"Quintana, Jose",500779,COL,SV,Slurve,-4.6,-5,98,14.3,23,0.261,0.826,0.478,24.4,17.4,8.9,0.242,0.511,0.315,26.3
"Gibson, Trey",694346,BAL,CU,Curveball,-5.2,-4,82,13.2,23,0.368,0.895,0.554,26.7,17.4,25.0,0.412,0.861,0.564,66.7
"Walker, Josh",677020,BAL,SI,Sinker,0.2,0,69,25.9,23,0.316,0.368,0.372,5.1,4.3,7.1,0.214,0.266,0.293,38.9
"Ragans, Cole",666142,KC,CH,Changeup,-3.1,-3,105,16.5,22,0.318,0.636,0.402,40.4,27.3,18.8,0.252,0.54,0.332,31.3
"Lawrence, Justin",664875,WSH,FF,4-Seam Fastball,-2.5,-2,93,13.6,22,0.286,0.667,0.409,22.0,40.9,22.0,0.24,0.518,0.336,33.3
"Dobbins, Hunter",690928,STL,FS,Split-Finger,1.7,2,104,12.2,22,0.05,0.2,0.155,32.5,27.3,18.8,0.146,0.346,0.251,28.6
"Myers, Tobias",668964,NYM,FC,Cutter,-3.2,-3,82,11.5,22,0.333,0.667,0.455,15.2,4.5,9.1,0.31,0.48,0.356,30.0
"Ribalta, Orlando",687377,WSH,CH,Changeup,-0.3,0,90,14.1,22,0.111,0.111,0.209,48.4,45.5,19.2,0.063,0.071,0.175,0.0
"Walker, Taijuan",592836,PHI,FC,Cutter,-6.1,-5,84,19.8,22,0.368,0.842,0.582,17.1,9.1,18.2,0.347,0.651,0.434,22.2
"Gastelum, Luis",703725,STL,FF,4-Seam Fastball,-0.9,-1,98,32.2,22,0.25,0.65,0.4,17.4,18.2,18.2,0.265,0.523,0.367,18.8
"Duarte, Daniel",650960,NYM,FC,Cutter,3.5,4,105,33.7,22,0.15,0.2,0.202,20.7,4.5,4.8,0.192,0.221,0.226,5.3
"Beck, Tristan",663941,SF,FF,4-Seam Fastball,-5.6,-5,96,38.9,22,0.353,0.941,0.568,7.1,9.1,8.7,0.318,0.81,0.52,66.7
"Sands, Cole",663485,MIN,FF,4-Seam Fastball,0.9,1,83,39.7,22,0.188,0.25,0.298,13.2,4.5,4.3,0.224,0.419,0.358,68.8
"Little, Brendon",663893,TOR,SI,Sinker,-5.7,-5,96,28.2,22,0.526,0.947,0.676,15.4,13.6,21.4,0.341,0.591,0.423,52.9
"Mederos, Victor",682989,ATL,FF,4-Seam Fastball,3.8,3,81,22.6,22,0.158,0.158,0.162,26.8,22.7,17.2,0.167,0.196,0.185,43.8
"Barco, Hunter",682995,PIT,SI,Sinker,1.2,1,69,19.7,22,0.235,0.471,0.374,10.0,13.6,42.9,0.283,0.444,0.371,46.7
"Morales, Luis",806960,ATH,SL,Slider,-6.3,-6,94,27.2,22,0.5,1.15,0.698,33.3,13.6,13.0,0.326,0.549,0.375,33.3
"Bird, Jake",656234,WSH,CU,Curveball,-8.3,-6,77,12.1,22,0.526,1.0,0.62,22.6,18.2,12.9,0.439,0.836,0.538,50.0
"Kent, Jackson",800600,WSH,FF,4-Seam Fastball,-1.4,-1,74,45.7,22,0.313,0.313,0.436,6.3,18.2,26.7,0.223,0.286,0.351,58.3
"Rea, Colin",607067,CHC,FC,Cutter,-2.5,-3,107,5.3,22,0.474,0.684,0.57,17.8,4.5,12.5,0.428,0.707,0.514,38.9
"Rodriguez, Grayson",680570,LAA,CU,Curveball,-2.4,-3,125,11.3,22,0.333,0.5,0.43,20.5,9.1,5.6,0.346,0.487,0.41,41.2
"Ryan, Joe",657746,MIN,SL,Slider,-0.3,0,129,6.2,22,0.35,0.45,0.35,25.0,9.1,6.7,0.342,0.591,0.408,42.1
"Martin, Riley",702303,CHC,FF,4-Seam Fastball,3.9,3,65,55.1,22,0.158,0.158,0.195,17.9,22.7,23.8,0.167,0.226,0.218,33.3
"Ross, Joe",605452,TEX,SL,Slider,-3.5,-2,59,28.8,22,0.316,0.684,0.498,23.5,9.1,11.1,0.318,0.668,0.455,41.2
"Wicks, Jordan",696136,CHC,FF,4-Seam Fastball,-2.1,-1,69,38.3,22,0.381,0.571,0.423,17.5,13.6,15.8,0.268,0.372,0.295,44.4
"Mikolas, Miles",571945,WSH,ST,Sweeper,-6.3,-6,97,5.3,22,0.333,0.762,0.509,22.0,18.2,8.0,0.315,0.538,0.379,47.1
"Gordon, Tanner",685299,COL,CU,Curveball,-4.9,-5,100,9.0,22,0.4,0.85,0.541,18.9,22.7,17.2,0.19,0.445,0.305,33.3
"Sims, Lucas",608371,CWS,FF,4-Seam Fastball,-1.6,-1,78,45.6,22,0.25,0.5,0.407,6.1,13.6,21.4,0.276,0.536,0.428,64.3
"Davila, Nick",689546,SEA,SI,Sinker,1.7,2,97,23.2,22,0.238,0.381,0.286,10.6,4.5,6.7,0.326,0.456,0.354,35.0
"Morillo, Juan",666661,AZ,SL,Slider,-2.2,-3,116,14.3,22,0.35,0.55,0.402,45.2,22.7,11.9,0.279,0.497,0.366,56.3
"Sabrowski, Erik",681870,CLE,SL,Slider,4.0,3,82,13.2,22,0.091,0.136,0.098,52.4,50.0,42.3,0.119,0.191,0.132,18.2
"Marinaccio, Ron",676760,CIN,ST,Sweeper,-2.0,-2,97,9.3,22,0.318,0.682,0.418,23.9,18.2,12.5,0.268,0.43,0.295,55.6
"Legumina, Casey",668984,TB,SL,Slider,-2.6,-3,112,13.2,22,0.333,0.524,0.384,25.0,9.1,11.1,0.218,0.307,0.248,31.6
"Crochet, Garrett",676979,BOS,ST,Sweeper,-4.8,-4,74,14.3,22,0.318,0.636,0.441,25.0,50.0,20.8,0.227,0.437,0.278,63.6
"Gordon, Colton",676467,HOU,FF,4-Seam Fastball,-6.5,-5,73,36.1,22,0.421,0.895,0.573,17.5,27.3,18.2,0.345,0.612,0.447,61.5
"Pallette, Peyton",688883,CLE,CU,Curveball,0.7,1,106,24.0,22,0.15,0.15,0.186,25.7,40.9,19.1,0.252,0.315,0.287,45.5
"Matz, Steven",571927,TB,SL,Slider,-1.3,-1,96,8.6,22,0.333,0.476,0.368,19.2,9.1,7.4,0.378,0.634,0.443,42.1
"Hernández, Jonathan",642546,LAD,FF,4-Seam Fastball,3.8,3,71,17.2,22,0.105,0.105,0.177,12.5,18.2,13.8,0.204,0.258,0.269,46.7
"Messick, Parker",800048,CLE,FC,Cutter,-1.9,-3,140,6.1,22,0.3,0.75,0.459,31.5,22.7,33.3,0.225,0.49,0.34,33.3
"Scholtens, Jesse",669947,TB,ST,Sweeper,-1.3,-1,76,10.5,22,0.238,0.429,0.302,28.6,36.4,17.8,0.158,0.238,0.194,30.8
"Ohtani, Shohei",660271,LAD,CU,Curveball,-0.5,-1,133,10.0,22,0.111,0.111,0.209,38.7,36.4,19.0,0.117,0.149,0.22,20.0
"Englert, Mason",669438,TB,FF,4-Seam Fastball,-4.5,-5,100,17.3,22,0.316,1.105,0.552,28.0,22.7,12.5,0.277,0.857,0.456,56.3
"Wrobleski, Justin",680736,LAD,CH,Changeup,0.8,1,102,5.4,22,0.182,0.182,0.205,15.0,9.1,6.1,0.308,0.393,0.304,35.0
"Brieske, Beau",689225,DET,FF,4-Seam Fastball,-6.4,-5,72,48.3,22,0.333,0.833,0.523,20.5,18.2,16.0,0.248,0.553,0.405,57.1
"Topa, Justin",623437,MIN,FC,Cutter,0.7,1,95,26.5,22,0.188,0.375,0.364,17.0,9.1,7.4,0.177,0.285,0.334,42.9
"Povich, Cade",700249,BAL,CU,Curveball,1.0,1,95,21.0,22,0.158,0.211,0.234,38.9,31.8,19.4,0.172,0.232,0.248,25.0
"Scherzer, Max",453286,TOR,CU,Curveball,-1.3,-1,115,13.8,22,0.364,0.5,0.377,28.6,27.3,18.8,0.291,0.472,0.324,31.3
"Bird, Jake",656234,WSH,FF,4-Seam Fastball,-0.5,0,94,14.8,22,0.222,0.222,0.291,25.5,36.4,18.2,0.145,0.198,0.248,20.0
"Mantiply, Joe",573009,TOR,CH,Changeup,3.6,2,70,26.5,22,0.15,0.2,0.153,27.3,31.8,22.6,0.187,0.3,0.209,26.7
"Keller, Brad",641745,PHI,CH,Changeup,2.1,1,71,13.3,22,0.15,0.15,0.227,32.3,27.3,25.0,0.163,0.184,0.202,7.1
"Stock, Robert",476594,NYM,FC,Cutter,-1.1,-1,97,30.6,21,0.294,0.647,0.45,22.4,9.5,10.5,0.354,0.806,0.526,40.0
"Dreyer, Jack",676263,LAD,CU,Curveball,2.7,3,128,15.5,21,0.1,0.1,0.119,24.4,28.6,14.6,0.237,0.263,0.243,42.9
"Arrighetti, Spencer",681293,HOU,CH,Changeup,-0.3,0,104,6.9,21,0.211,0.263,0.255,25.0,4.8,7.7,0.327,0.381,0.346,33.3
"Stewart, Brock",592779,LAD,FF,4-Seam Fastball,1.0,1,78,34.2,21,0.15,0.5,0.283,37.8,42.9,34.6,0.098,0.251,0.172,18.2
"Criswell, Cooper",681867,SEA,FC,Cutter,0.8,1,98,21.2,21,0.167,0.556,0.333,27.7,33.3,25.9,0.219,0.522,0.349,41.7
"Duarte, Daniel",650960,NYM,ST,Sweeper,1.6,1,83,26.6,21,0.105,0.263,0.205,31.8,42.9,18.4,0.092,0.241,0.193,20.0
"Armstrong, Shawn",542888,CLE,SI,Sinker,-2.1,-2,98,16.4,21,0.375,0.438,0.44,18.4,9.5,7.1,0.272,0.313,0.363,42.9
"Antone, Tejay",622088,CIN,CU,Curveball,-2.0,-2,88,13.0,21,0.316,0.526,0.434,13.2,14.3,8.8,0.237,0.404,0.319,25.0
"Peralta, Freddy",642547,TB,SL,Slider,-0.3,0,120,5.1,21,0.2,0.4,0.381,47.5,23.8,12.8,0.266,0.565,0.448,40.0
"Senga, Kodai",673540,NYM,SL,Slider,-6.2,-4,67,7.2,21,0.263,0.947,0.507,47.7,23.8,27.8,0.266,0.63,0.405,50.0
"Pop, Zach",647315,PHI,SI,Sinker,3.4,3,81,62.3,21,0.111,0.167,0.169,11.8,19.0,20.0,0.218,0.336,0.272,46.7
"Thompson, Keegan",624522,COL,FF,4-Seam Fastball,-3.6,-2,56,28.7,21,0.368,0.684,0.469,18.8,19.0,21.1,0.312,0.638,0.427,40.0
"Waguespack, Jacob",621097,DET,CH,Changeup,1.0,1,77,19.9,21,0.1,0.1,0.18,32.4,23.8,14.7,0.126,0.146,0.117,6.3
"Weiss, Ryan",680802,HOU,SI,Sinker,0.3,0,66,12.5,21,0.278,0.278,0.357,19.4,19.0,50.0,0.232,0.276,0.29,35.7
"Festa, Matt",670036,CLE,SI,Sinker,0.8,0,56,6.5,21,0.3,0.3,0.29,13.6,38.1,38.1,0.187,0.256,0.214,50.0
"Petty, Chase",695534,CIN,FF,4-Seam Fastball,3.4,2,71,14.9,21,0.05,0.05,0.17,17.9,14.3,9.7,0.149,0.278,0.206,29.4
"Yean, Eddy",678868,WSH,SI,Sinker,1.2,1,80,57.1,21,0.111,0.333,0.298,18.8,14.3,25.0,0.191,0.329,0.29,33.3
"Montgomery, Mason",682254,PIT,SI,Sinker,1.4,2,126,14.3,21,0.105,0.263,0.257,38.2,38.1,27.6,0.173,0.268,0.213,33.3
"Kittredge, Andrew",552640,BAL,FF,4-Seam Fastball,-1.0,-1,63,11.5,21,0.3,0.45,0.343,7.9,9.5,16.7,0.31,0.526,0.371,61.1
"Boyle, Joe",671212,TB,SL,Slider,0.2,0,112,32.3,21,0.235,0.353,0.314,22.9,14.3,10.3,0.249,0.335,0.304,25.0
"Wesneski, Hayden",669713,HOU,FC,Cutter,-2.4,-1,52,16.2,21,0.353,0.588,0.46,29.6,14.3,37.5,0.292,0.437,0.386,42.9
"Castaño, Blas",680604,COL,ST,Sweeper,0.4,0,85,24.8,21,0.15,0.4,0.248,37.8,42.9,25.7,0.141,0.308,0.214,45.5
"Martin, Chris",455119,TEX,FC,Cutter,-1.3,-1,104,41.9,21,0.368,0.579,0.402,23.1,14.3,13.0,0.306,0.455,0.362,58.8
"Kolek, Stephen",663568,KC,FC,Cutter,1.2,1,103,12.3,21,0.19,0.619,0.245,20.8,23.8,41.7,0.193,0.397,0.249,37.5
"Hall, DL",669084,MIL,CU,Curveball,1.6,2,101,14.7,21,0.056,0.111,0.202,25.7,42.9,26.5,0.11,0.122,0.187,22.2
"García, Luis",472610,MIN,FS,Split-Finger,-0.4,0,83,31.3,21,0.176,0.235,0.325,34.1,14.3,10.7,0.197,0.27,0.313,21.4
"McGreevy, Michael",700241,STL,SL,Slider,-3.0,-3,96,4.5,21,0.381,0.571,0.41,22.5,23.8,8.8,0.355,0.712,0.451,75.0
"Petersen, Michael",656848,MIA,CH,Changeup,-0.5,-1,112,12.6,21,0.278,0.389,0.348,31.8,14.3,10.7,0.187,0.273,0.268,26.7
"Sears, JP",676664,SD,SL,Slider,2.7,2,74,14.0,21,0.105,0.105,0.162,16.7,14.3,13.0,0.149,0.177,0.227,29.4
"Carrillo, Gerardo",672629,AZ,FS,Split-Finger,4.4,3,57,27.5,21,0.053,0.105,0.126,51.9,52.4,31.4,0.081,0.089,0.133,0.0
"Bradford, Cody",674003,TEX,CH,Changeup,1.5,1,83,36.7,21,0.211,0.211,0.25,21.6,19.0,16.7,0.215,0.319,0.276,20.0
"Martin, Chris",455119,TEX,FF,4-Seam Fastball,1.2,1,65,26.2,21,0.25,0.35,0.281,21.1,23.8,18.5,0.277,0.404,0.311,40.0
"Junk, Janson",676083,MIA,SI,Sinker,-0.8,-1,60,4.0,21,0.35,0.4,0.35,5.9,4.8,11.1,0.314,0.458,0.347,36.8
"Melton, Troy",675512,DET,SI,Sinker,0.6,1,104,8.3,21,0.278,0.278,0.357,21.2,9.5,22.2,0.243,0.272,0.294,25.0
"Waldron, Matt",663362,TOR,ST,Sweeper,-4.5,-4,90,14.6,21,0.353,0.765,0.512,8.8,4.8,4.2,0.301,0.492,0.41,37.5
"Brubaker, JT",664141,SF,CU,Curveball,-0.5,0,79,8.4,21,0.222,0.278,0.288,24.1,23.8,16.7,0.291,0.403,0.358,23.1
"McCambley, Zach",685112,CIN,FC,Cutter,-0.4,0,75,43.6,21,0.333,0.429,0.333,28.9,19.0,22.2,0.329,0.47,0.343,52.9
"Barlow, Scott",605130,ATH,SI,Sinker,-6.3,-5,77,13.3,21,0.467,1.0,0.638,17.9,0.0,0.0,0.439,0.848,0.59,33.3
"Chivilli, Angel",683409,NYY,SL,Slider,0.3,0,107,37.5,20,0.263,0.474,0.333,39.2,20.0,21.1,0.206,0.407,0.28,33.3
"Boyle, Joe",671212,TB,FF,4-Seam Fastball,1.1,1,77,22.2,20,0.2,0.267,0.328,27.0,25.0,27.8,0.32,0.561,0.456,50.0
"Walker, Taijuan",592836,PHI,SI,Sinker,-3.8,-4,96,22.6,20,0.375,0.625,0.483,13.3,20.0,14.3,0.239,0.44,0.371,41.7
"Sandlin, Nick",680704,LAA,SL,Slider,-2.4,-2,85,54.1,20,0.333,0.533,0.5,37.5,20.0,20.0,0.244,0.405,0.382,18.2
"Yoho, Craig",684974,CLE,FF,4-Seam Fastball,-0.3,0,71,16.6,20,0.133,0.4,0.338,11.1,25.0,21.7,0.174,0.442,0.368,50.0
"Juenger, Hayden",696522,ATH,FF,4-Seam Fastball,-1.4,-1,90,33.8,20,0.357,0.429,0.418,15.4,0.0,0.0,0.489,0.824,0.587,60.0
"Mize, Casey",663554,SD,SV,Slurve,-0.2,0,71,4.5,20,0.25,0.25,0.225,23.1,25.0,17.9,0.273,0.358,0.277,26.7
"Juenger, Hayden",696522,ATH,CH,Changeup,0.0,0,61,22.9,20,0.211,0.263,0.233,25.0,20.0,19.0,0.201,0.258,0.223,26.7
"Yoho, Craig",684974,CLE,SI,Sinker,-0.3,0,93,21.7,20,0.214,0.429,0.4,16.1,10.0,16.7,0.211,0.404,0.391,25.0
"Urquidy, José",664353,CWS,FF,4-Seam Fastball,0.4,0,54,21.5,20,0.316,0.368,0.368,20.6,15.0,27.3,0.266,0.364,0.291,37.5
"Nardi, Andrew",677053,MIA,ST,Sweeper,-3.2,-3,87,23.0,20,0.278,0.667,0.423,40.5,35.0,22.6,0.259,0.576,0.385,36.4
"Smith, Burch",572143,DET,FC,Cutter,-4.5,-3,60,20.9,20,0.412,0.647,0.535,16.0,10.0,22.2,0.303,0.482,0.391,40.0
"Rock, Joe",697812,CWS,FF,4-Seam Fastball,-1.9,-2,95,48.7,20,0.333,0.333,0.46,27.0,15.0,17.6,0.302,0.51,0.489,55.6
"Bido, Osvaldo",674370,CWS,SI,Sinker,-2.9,-2,65,20.5,20,0.25,0.625,0.43,9.4,5.0,10.0,0.3,0.645,0.457,46.7
"Holmes, Clay",605280,CHC,FC,Cutter,-1.3,-1,75,7.0,20,0.222,0.389,0.305,32.5,15.0,13.0,0.317,0.565,0.409,26.7
"Peralta, Wandy",593974,SD,FF,4-Seam Fastball,-3.2,-3,98,9.9,20,0.353,0.353,0.375,9.3,15.0,4.8,0.301,0.4,0.362,28.6
"King, John",667463,MIA,CU,Curveball,-3.5,-3,82,11.5,20,0.412,0.765,0.53,7.1,20.0,33.3,0.28,0.629,0.427,46.2
"Perkins, Jack",678022,ATH,SI,Sinker,-9.7,-5,53,3.6,20,0.5,1.125,0.683,13.8,0.0,0.0,0.314,0.569,0.44,43.8
"Wolfram, Grant",664991,BAL,SL,Slider,-2.4,-2,80,12.3,20,0.278,0.556,0.368,44.1,30.0,26.1,0.217,0.474,0.313,46.2
"Alcantara, Sandy",645261,MIA,CU,Curveball,0.0,0,96,3.6,20,0.2,0.4,0.253,15.8,0.0,0.0,0.235,0.353,0.254,20.0
"Gil, Luis",661563,NYY,SL,Slider,-1.8,-1,71,21.1,20,0.125,0.375,0.303,32.3,20.0,21.1,0.244,0.435,0.37,50.0
"Vanasco, Ricky",676568,DET,FF,4-Seam Fastball,-3.4,-3,87,51.2,20,0.438,0.875,0.628,15.2,10.0,9.1,0.256,0.495,0.395,50.0
"Antone, Tejay",622088,CIN,FF,4-Seam Fastball,-5.7,-2,39,5.8,20,0.316,0.632,0.458,32.0,35.0,23.3,0.183,0.306,0.236,50.0
"Wilcox, Cole",677961,SEA,SL,Slider,-0.1,0,84,17.2,20,0.235,0.412,0.368,41.7,25.0,15.6,0.315,0.637,0.414,53.8
"Paddack, Chris",663978,TEX,SI,Sinker,-0.3,0,62,6.1,20,0.389,0.5,0.42,10.0,0.0,0.0,0.368,0.554,0.425,44.4
"Weissert, Greg",669711,BOS,ST,Sweeper,0.0,0,111,13.9,20,0.278,0.278,0.26,40.4,30.0,16.7,0.262,0.295,0.292,15.4
"Klein, Will",694361,LAD,CU,Curveball,-2.1,-3,123,16.1,20,0.333,0.389,0.329,24.2,25.0,17.2,0.232,0.289,0.277,30.8
"Whisenhunt, Carson",687931,SF,SL,Slider,-0.8,-1,99,17.4,20,0.25,0.5,0.315,28.6,15.0,16.7,0.207,0.432,0.268,47.1
"Rodriguez, Carlos",692230,MIL,CH,Changeup,-3.3,-2,67,36.8,20,0.294,0.529,0.403,43.2,35.0,23.3,0.224,0.353,0.314,30.0
"Holmes, Clay",605280,CHC,CU,Curveball,1.6,1,82,7.7,20,0.056,0.111,0.143,25.0,40.0,19.0,0.147,0.196,0.21,36.4
"Snell, Blake",605483,LAD,CU,Curveball,4.2,3,60,23.9,20,0.05,0.05,0.09,51.6,55.0,29.7,0.095,0.107,0.087,11.1
"Feltner, Ryan",663372,COL,CU,Curveball,-4.8,-5,113,7.5,20,0.421,1.053,0.58,14.0,0.0,0.0,0.326,0.713,0.416,45.0
"Criswell, Cooper",681867,SEA,ST,Sweeper,1.7,1,88,19.0,20,0.222,0.222,0.215,22.2,25.0,15.6,0.168,0.24,0.202,28.6
"Rucker, Michael",621074,SEA,FC,Cutter,-1.6,-1,85,19.4,20,0.333,0.556,0.413,14.6,10.0,13.3,0.269,0.403,0.328,37.5
"Burns, Chase",695505,CIN,CH,Changeup,-5.5,-6,115,5.1,20,0.474,0.842,0.568,34.1,15.0,17.6,0.334,0.64,0.428,25.0
"Petty, Chase",695534,CIN,ST,Sweeper,-1.3,-1,87,18.2,20,0.25,0.45,0.298,31.6,30.0,20.0,0.263,0.446,0.302,21.4
"Vest, Will",676684,DET,SI,Sinker,1.0,1,75,15.5,20,0.176,0.235,0.348,8.1,5.0,7.1,0.276,0.304,0.321,25.0
"Anderson, Shaun",641312,LAA,CH,Changeup,-2.3,-2,90,25.6,20,0.35,0.8,0.48,26.2,15.0,15.0,0.351,0.676,0.434,41.2
"Festa, Matt",670036,CLE,FC,Cutter,1.3,1,53,6.1,20,0.111,0.278,0.215,29.6,25.0,29.4,0.186,0.356,0.277,23.1
"Ohtani, Shohei",660271,LAD,SI,Sinker,0.6,0,69,5.2,20,0.143,0.214,0.318,20.7,15.0,42.9,0.211,0.235,0.345,45.5
"Rojas, Kendry",696070,MIN,CH,Changeup,-0.9,-1,76,14.6,20,0.222,0.333,0.289,27.0,20.0,18.2,0.234,0.379,0.262,50.0
"Carrasco, Carlos",471911,ATL,CH,Changeup,-1.0,-1,76,30.9,20,0.316,0.368,0.323,21.4,15.0,10.0,0.345,0.423,0.353,37.5
"Koenig, Jared",657649,MIL,SI,Sinker,-0.8,-1,77,47.8,20,0.313,0.313,0.41,15.2,20.0,16.0,0.237,0.346,0.34,58.3
"Strahm, Matt",621381,KC,SI,Sinker,0.3,0,92,14.5,20,0.368,0.526,0.403,9.1,5.0,11.1,0.171,0.243,0.204,33.3
"Sousa, Bennett",656986,HOU,FF,4-Seam Fastball,-3.1,-2,56,21.9,20,0.412,0.706,0.51,8.0,0.0,0.0,0.268,0.504,0.383,52.9
"Cecconi, Slade",677944,CLE,ST,Sweeper,-2.3,-2,98,5.3,20,0.389,0.833,0.495,34.8,20.0,14.3,0.256,0.56,0.358,40.0
"Parker, Mitchell",680730,WSH,CU,Curveball,-1.7,-2,103,15.5,20,0.3,0.65,0.398,29.3,15.0,13.0,0.221,0.38,0.256,29.4
"Cabrera, Jose",703615,AZ,FC,Cutter,0.0,0,73,26.2,20,0.333,0.5,0.44,15.2,5.0,14.3,0.293,0.499,0.374,29.4
"Barnes, Charlie",656212,LAD,FF,4-Seam Fastball,-3.9,-3,67,33.3,20,0.267,0.667,0.465,7.7,10.0,16.7,0.265,0.621,0.449,38.5
"Kerry, Brett",695049,LAA,SL,Slider,-0.8,0,58,27.4,20,0.25,0.45,0.343,34.3,30.0,31.6,0.307,0.526,0.357,50.0
"Stanek, Ryne",592773,STL,SI,Sinker,4.4,4,89,10.2,20,0.167,0.167,0.205,18.2,10.0,18.2,0.261,0.336,0.304,25.0
"Martin, Trevor",694680,TB,FF,4-Seam Fastball,0.9,1,80,44.4,20,0.176,0.529,0.35,39.0,30.0,35.3,0.145,0.439,0.311,54.5
"Gerber, Joey",680702,NYM,FF,4-Seam Fastball,2.1,1,70,54.3,20,0.125,0.188,0.248,21.4,20.0,26.7,0.214,0.384,0.342,58.3
"Soriano, José",667755,TOR,SL,Slider,-0.1,0,103,4.4,20,0.176,0.176,0.24,30.8,25.0,13.5,0.24,0.304,0.303,25.0
"Pintaro, Jonathan",702752,NYM,SI,Sinker,2.8,2,68,21.9,20,0.118,0.176,0.213,16.7,20.0,25.0,0.274,0.316,0.325,84.6
"Rea, Colin",607067,CHC,CU,Curveball,-5.0,-5,109,5.4,19,0.556,0.889,0.671,13.3,0.0,0.0,0.491,0.893,0.593,50.0
"Peguero, Joel",666711,SF,SI,Sinker,2.0,1,57,33.7,19,0.278,0.278,0.274,9.7,5.3,9.1,0.259,0.301,0.27,29.4
"Smith, Burch",572143,DET,CU,Curveball,1.9,1,73,25.4,19,0.278,0.333,0.285,27.0,31.6,30.0,0.222,0.252,0.208,61.5
"Gage, Matt",657424,SF,CH,Changeup,0.8,1,75,14.3,19,0.167,0.222,0.161,20.0,26.3,17.2,0.165,0.207,0.159,21.4
"Seymour, Carson",693313,SF,SI,Sinker,-0.4,0,68,29.8,19,0.294,0.588,0.405,22.9,15.8,37.5,0.318,0.59,0.416,35.7
"Phillips, Evan",623465,LAD,ST,Sweeper,-2.0,-2,87,37.2,19,0.125,0.5,0.284,29.0,21.1,11.4,0.219,0.662,0.393,46.2
"Slaten, Justin",686580,BOS,SI,Sinker,3.8,2,65,12.8,19,0.167,0.167,0.226,26.5,21.1,40.0,0.266,0.302,0.273,21.4
"Henriquez, Edgardo",683618,LAD,FC,Cutter,1.5,2,107,13.4,19,0.278,0.444,0.329,39.3,21.1,22.2,0.174,0.279,0.22,21.4
"Loáisiga, Jonathan",642528,AZ,FF,4-Seam Fastball,0.3,0,132,17.4,19,0.235,0.294,0.258,14.5,15.8,6.5,0.255,0.551,0.359,40.0
"Pallette, Peyton",688883,CLE,SL,Slider,-0.7,-1,99,22.4,19,0.176,0.412,0.292,31.4,21.1,14.3,0.182,0.286,0.253,23.1
"Smith, Cade",671922,CLE,ST,Sweeper,0.0,0,122,12.6,19,0.158,0.368,0.218,36.4,31.6,26.1,0.137,0.31,0.188,23.1
"Cabrera, Jose",703615,AZ,FF,4-Seam Fastball,2.4,2,69,24.7,19,0.25,0.25,0.3,10.7,5.3,8.3,0.395,0.715,0.509,46.7
"Zuber, Tyler",676604,MIA,SL,Slider,-7.6,-5,72,16.7,19,0.667,1.056,0.739,27.0,15.8,14.3,0.473,0.77,0.542,60.0
"Kolek, Stephen",663568,KC,ST,Sweeper,-2.8,-2,78,9.3,19,0.333,0.611,0.416,9.1,10.5,11.8,0.339,0.457,0.36,43.8
"Rojas, Kendry",696070,MIN,SI,Sinker,1.0,1,75,14.4,19,0.231,0.231,0.363,13.3,10.5,20.0,0.154,0.197,0.326,27.3
"Liberatore, Matthew",669461,STL,FC,Cutter,-4.8,-4,82,3.9,19,0.588,0.824,0.624,22.5,0.0,0.0,0.359,0.458,0.391,41.2
"O'Brien, Riley",676617,STL,SL,Slider,0.2,0,65,7.7,19,0.2,0.467,0.329,21.9,21.1,21.1,0.253,0.619,0.431,75.0
"Bubic, Kris",663460,KC,SL,Slider,1.7,1,72,8.9,19,0.118,0.118,0.168,36.7,42.1,23.5,0.24,0.269,0.274,33.3
"Suarez, Ranger",624133,BOS,SL,Slider,1.4,1,71,3.9,19,0.118,0.176,0.187,54.3,47.4,25.0,0.171,0.217,0.224,25.0
"Cano, Yennier",666974,BAL,ST,Sweeper,2.5,2,84,12.7,19,0.105,0.105,0.095,30.8,31.6,17.1,0.099,0.133,0.1,23.1
"Bassitt, Chris",605135,BAL,ST,Sweeper,0.9,1,60,5.2,19,0.176,0.235,0.234,33.3,26.3,25.0,0.252,0.289,0.283,8.3
"Morán, Jovani",663558,BOS,FC,Cutter,0.9,1,102,12.2,19,0.167,0.389,0.255,35.4,15.8,20.0,0.249,0.542,0.351,33.3
"Topa, Justin",623437,MIN,CH,Changeup,0.0,0,51,14.2,19,0.294,0.412,0.274,17.9,21.1,19.0,0.267,0.408,0.264,46.7
"Sears, JP",676664,SD,SI,Sinker,0.9,1,78,14.7,19,0.333,0.333,0.384,12.5,5.3,7.7,0.374,0.44,0.425,42.9
"Ritchie, JR",702275,ATL,FC,Cutter,-1.5,-2,99,9.7,19,0.357,0.429,0.439,19.5,5.3,10.0,0.355,0.407,0.43,23.1
"Murphy, Owen",702566,ATL,FF,4-Seam Fastball,1.2,1,65,56.0,19,0.188,0.375,0.311,17.1,26.3,17.9,0.213,0.39,0.326,45.5
"Keller, Brad",641745,PHI,ST,Sweeper,0.1,0,66,12.4,19,0.211,0.526,0.305,23.5,31.6,17.6,0.258,0.495,0.321,46.2
"Painter, Andrew",691725,PHI,CH,Changeup,4.5,3,71,4.8,19,0.105,0.105,0.095,31.0,36.8,26.9,0.155,0.19,0.15,25.0
"Banks, Tanner",621383,PHI,SI,Sinker,-4.4,-4,88,16.0,19,0.5,0.667,0.597,9.8,5.3,8.3,0.356,0.439,0.366,41.2
"Mattson, Isaac",676755,PIT,SL,Slider,-2.2,-2,79,11.5,19,0.368,0.684,0.445,27.3,26.3,27.8,0.352,0.527,0.378,50.0
"Dollander, Chase",801403,COL,CH,Changeup,-6.2,-5,78,10.5,19,0.444,0.833,0.513,31.4,31.6,17.6,0.265,0.406,0.314,38.5
"Barnett, Mason",686930,ATH,CU,Curveball,-3.7,-3,74,10.0,19,0.294,0.647,0.424,13.8,15.8,13.6,0.275,0.424,0.34,42.9
"Leiter Jr., Mark",643410,ATH,FF,4-Seam Fastball,-1.5,-1,64,11.6,19,0.333,0.4,0.403,7.7,5.3,5.0,0.307,0.396,0.388,64.3
"Weaver, Luke",596133,PIT,FC,Cutter,1.1,1,102,14.5,19,0.118,0.294,0.189,34.9,10.5,20.0,0.311,0.692,0.414,37.5
"Juenger, Hayden",696522,ATH,SL,Slider,-2.5,-2,66,24.8,19,0.471,0.647,0.434,11.4,5.3,7.1,0.264,0.446,0.27,27.8
"Blewett, Scott",656240,ATH,FF,4-Seam Fastball,-2.9,-2,67,26.4,19,0.375,0.5,0.442,12.5,21.1,16.0,0.218,0.338,0.303,38.5
"Ashcraft, Braxton",677952,PIT,FS,Split-Finger,-0.4,0,99,4.5,19,0.368,0.368,0.332,9.5,10.5,13.3,0.31,0.367,0.294,41.2
"Peoples, Ben",687239,TEX,SL,Slider,-1.0,-1,88,36.5,19,0.278,0.444,0.332,32.6,26.3,15.2,0.198,0.307,0.24,23.1
"Headrick, Brent",687396,NYY,FS,Split-Finger,0.1,0,91,9.0,19,0.211,0.316,0.226,45.5,47.4,25.0,0.246,0.281,0.232,20.0
"Aldegheri, Sam",691951,LAA,FC,Cutter,-1.6,-1,59,9.7,19,0.267,0.4,0.374,12.5,10.5,10.0,0.291,0.424,0.391,38.5
"Farris, Mitch",815083,LAA,SL,Slider,-1.0,-1,93,12.2,19,0.333,0.556,0.397,30.6,26.3,26.3,0.279,0.443,0.326,46.2
"Legumina, Casey",668984,TB,CH,Changeup,0.2,0,87,10.3,19,0.176,0.235,0.245,9.8,10.5,6.9,0.224,0.276,0.254,37.5
"Roa, Christian",685005,HOU,SI,Sinker,-5.2,-3,57,32.0,18,0.455,0.727,0.542,11.1,0.0,0.0,0.293,0.435,0.425,50.0
"Alexander, Jason",669920,HOU,SI,Sinker,-0.2,0,70,23.4,18,0.25,0.583,0.464,16.7,11.1,50.0,0.34,0.568,0.491,60.0
"Morris, Kade",695034,ATH,SI,Sinker,-4.1,-3,72,34.4,18,0.533,0.733,0.578,13.2,5.6,6.3,0.266,0.321,0.331,50.0
"Sandlin, David",689818,CWS,FC,Cutter,0.5,0,68,16.6,18,0.267,0.533,0.397,25.8,16.7,30.0,0.297,0.679,0.458,33.3
"Rodríguez, Yariel",684320,TOR,SL,Slider,0.6,0,68,39.5,18,0.25,0.438,0.339,10.0,11.1,14.3,0.291,0.513,0.382,35.7
"Thornton, Trent",663423,CHC,CU,Curveball,0.5,0,90,16.0,18,0.188,0.188,0.228,14.3,33.3,15.4,0.207,0.254,0.254,40.0
"Miller, Bryce",682243,SEA,FC,Cutter,-4.2,-3,79,5.8,18,0.313,0.875,0.511,36.4,0.0,0.0,0.246,0.538,0.371,25.0
"Assad, Javier",665871,CHC,SL,Slider,-2.3,-1,56,4.3,18,0.278,0.444,0.311,20.8,16.7,13.6,0.281,0.35,0.274,33.3
"Bummer, Aaron",607481,KC,ST,Sweeper,-2.9,-2,71,21.6,18,0.313,0.688,0.432,33.3,22.2,14.8,0.238,0.42,0.301,23.1
"Houser, Adrian",605288,SF,CU,Curveball,-4.6,-5,119,7.0,18,0.5,1.063,0.658,27.8,16.7,13.6,0.341,0.732,0.478,46.2
"Crow, Coleman",689441,MIL,CU,Curveball,2.4,1,61,20.7,18,0.125,0.125,0.178,21.9,44.4,25.8,0.198,0.359,0.287,25.0
"Anderson, Drew",623454,DET,SL,Slider,-6.0,-4,69,5.4,18,0.412,1.0,0.532,29.7,5.6,20.0,0.357,0.859,0.527,47.1
"Bratt, Mitch",683352,AZ,CH,Changeup,-0.4,0,61,10.1,18,0.278,0.333,0.269,12.9,5.6,6.7,0.242,0.332,0.248,41.2
"Booser, Cam",592155,TB,ST,Sweeper,1.8,1,42,9.6,18,0.111,0.333,0.191,52.4,61.1,45.8,0.117,0.194,0.133,28.6
"Woodruff, Brandon",605540,MIL,FC,Cutter,-0.1,0,66,10.3,18,0.222,0.444,0.331,7.4,0.0,0.0,0.309,0.549,0.364,44.4
"Pérez, Martín",527048,ATL,CU,Curveball,1.3,2,132,7.7,18,0.222,0.444,0.281,27.1,0.0,0.0,0.324,0.431,0.325,33.3
"Guerrero, Tyron",594027,BOS,SL,Slider,-0.8,0,56,11.2,18,0.176,0.235,0.258,29.0,33.3,20.0,0.153,0.199,0.182,18.2
"Rodríguez, Elmer",695684,NYY,FF,4-Seam Fastball,-2.9,-2,72,22.6,18,0.308,0.538,0.456,29.6,11.1,12.5,0.313,0.668,0.493,63.6
"Fried, Max",608331,NYY,ST,Sweeper,2.2,3,138,10.6,18,0.0,0.0,0.039,23.7,27.8,16.7,0.122,0.214,0.173,25.0
"Rasmussen, Drew",656876,TB,ST,Sweeper,-3.1,-2,58,2.8,18,0.389,0.444,0.369,13.3,11.1,7.1,0.386,0.522,0.391,37.5
"Murray, Jayden",681151,CHC,ST,Sweeper,-6.0,-5,75,24.7,18,0.444,0.889,0.561,19.4,16.7,10.3,0.261,0.593,0.357,26.7
"Rodriguez, Bradgley",699134,SD,SL,Slider,-1.1,-1,70,7.7,18,0.222,0.389,0.308,31.3,27.8,17.9,0.168,0.318,0.206,38.5
"Blewett, Scott",656240,ATH,FC,Cutter,0.7,1,74,29.1,18,0.357,0.429,0.347,31.1,5.6,12.5,0.339,0.403,0.404,40.0
"Santa, Alimber",695001,HOU,SL,Slider,0.1,0,74,31.1,18,0.214,0.429,0.367,24.1,11.1,15.4,0.248,0.399,0.371,33.3
"Peguero, Joel",666711,SF,FF,4-Seam Fastball,3.2,2,73,43.2,18,0.071,0.143,0.225,23.3,16.7,12.0,0.131,0.218,0.271,36.4
"Payamps, Joel",606303,ATL,ST,Sweeper,-1.2,-1,69,45.7,18,0.313,0.563,0.408,16.1,22.2,19.0,0.279,0.51,0.377,25.0
"Sullivan, Sean",807743,COL,ST,Sweeper,-4.6,-3,72,17.5,18,0.412,0.765,0.508,9.7,16.7,15.0,0.221,0.312,0.256,28.6
"Kikuchi, Yusei",579328,LAA,FC,Cutter,-4.5,-3,65,11.5,18,0.5,0.7,0.6,31.0,11.1,11.8,0.385,0.766,0.581,62.5
"Collyer, Gavin",686560,TEX,SI,Sinker,-0.5,0,80,17.9,18,0.125,0.125,0.439,0.0,0.0,0.0,0.166,0.2,0.46,37.5
"Assad, Javier",665871,CHC,ST,Sweeper,0.7,1,93,7.1,18,0.056,0.056,0.05,29.0,38.9,13.0,0.126,0.171,0.13,9.1
"Krook, Matt",640454,WSH,SI,Sinker,0.3,0,78,43.6,18,0.154,0.154,0.344,16.1,11.1,14.3,0.283,0.321,0.384,36.4
"Rogers, Taylor",573124,MIN,FC,Cutter,-0.1,0,108,13.1,18,0.353,0.353,0.318,17.1,11.1,10.0,0.366,0.551,0.396,43.8
"Chivilli, Angel",683409,NYY,FF,4-Seam Fastball,-0.7,0,59,20.7,18,0.267,0.533,0.397,14.8,11.1,20.0,0.296,0.432,0.378,53.8
"Soriano, George",666277,STL,ST,Sweeper,-0.2,0,94,10.3,18,0.176,0.235,0.208,37.8,38.9,16.3,0.169,0.3,0.228,30.0
"Barco, Hunter",682995,PIT,SL,Slider,-3.3,-3,85,24.2,18,0.333,0.733,0.486,17.2,11.1,9.5,0.236,0.416,0.345,15.4
"Rangel, Alan",660604,PHI,SL,Slider,2.0,2,81,16.5,18,0.125,0.125,0.178,35.3,38.9,25.9,0.173,0.219,0.229,11.1
"Shugart, Chase",663767,PHI,FF,4-Seam Fastball,-2.1,-2,73,10.5,18,0.214,0.643,0.428,28.6,27.8,21.7,0.31,0.69,0.48,33.3
"Rocker, Kumar",677958,TEX,CH,Changeup,0.6,1,81,4.0,18,0.235,0.412,0.261,24.3,5.6,9.1,0.457,0.687,0.491,47.1
"Leiter Jr., Mark",643410,ATH,CU,Curveball,0.0,0,106,19.2,18,0.25,0.5,0.358,34.9,11.1,14.3,0.261,0.439,0.342,28.6
"Duran, Jhoan",661395,PHI,ST,Sweeper,3.3,3,76,10.4,18,0.059,0.059,0.089,67.7,72.2,36.1,0.036,0.039,0.07,0.0
"Paddack, Chris",663978,TEX,ST,Sweeper,-0.3,0,78,7.7,18,0.222,0.444,0.316,25.0,16.7,13.0,0.255,0.501,0.319,26.7
"Mattson, Isaac",676755,PIT,ST,Sweeper,0.4,0,50,7.3,18,0.188,0.375,0.289,30.8,27.8,21.7,0.216,0.452,0.327,36.4
"Little, Brendon",663893,TOR,SL,Slider,-1.0,-1,97,28.4,18,0.308,0.538,0.456,55.0,22.2,22.2,0.195,0.376,0.369,33.3
"Frasso, Nick",693308,COL,FF,4-Seam Fastball,-0.5,0,69,62.2,17,0.357,0.5,0.413,16.7,17.6,21.4,0.36,0.578,0.439,25.0
"Gervase, Paul",801434,LAD,FF,4-Seam Fastball,1.8,1,55,44.4,17,0.214,0.214,0.282,43.5,41.2,63.6,0.145,0.204,0.248,57.1
"Melton, Troy",675512,DET,CU,Curveball,2.1,2,89,7.1,17,0.133,0.2,0.209,31.6,35.3,22.2,0.249,0.31,0.297,55.6
"Thornton, Zac",804267,NYM,SI,Sinker,1.8,1,78,10.6,17,0.25,0.25,0.253,17.6,11.8,13.3,0.345,0.574,0.409,42.9
"Chandler, Bubba",696149,PIT,ST,Sweeper,0.2,0,102,4.9,17,0.2,0.267,0.221,26.3,29.4,13.5,0.191,0.267,0.217,27.3
"Shugart, Chase",663767,PHI,CH,Changeup,-3.9,-2,59,8.5,17,0.353,0.647,0.424,30.8,23.5,20.0,0.22,0.372,0.252,38.5
"Wilson, Bryse",669060,MIL,FS,Split-Finger,-1.2,0,41,9.2,17,0.353,0.353,0.318,19.2,11.8,11.8,0.368,0.461,0.36,53.3
"Civale, Aaron",650644,CHC,SL,Slider,-4.3,-2,56,3.6,17,0.4,0.667,0.485,18.5,11.8,9.1,0.387,0.557,0.439,38.5
"Williamson, Brandon",682227,CIN,ST,Sweeper,3.9,2,51,9.8,17,0.063,0.063,0.094,40.7,41.2,25.9,0.152,0.176,0.175,22.2
"Canning, Griffin",656288,SD,FC,Cutter,-3.4,-3,78,6.2,17,0.4,0.8,0.526,25.0,0.0,0.0,0.275,0.563,0.393,33.3
"Way, Beck",694360,KC,FF,4-Seam Fastball,-6.7,-4,55,14.1,17,0.385,0.923,0.538,23.8,35.3,24.0,0.24,0.52,0.422,75.0
"Stock, Robert",476594,NYM,SI,Sinker,-3.9,-3,70,22.1,17,0.385,0.538,0.524,16.7,0.0,0.0,0.26,0.301,0.352,23.1
"Foley, Jason",671345,SF,SI,Sinker,0.9,1,68,45.0,17,0.313,0.375,0.326,4.0,11.8,22.2,0.253,0.338,0.282,35.7
"Murphy, Luke",684665,LAA,FF,4-Seam Fastball,1.0,1,91,61.5,17,0.154,0.154,0.271,21.9,23.5,13.3,0.102,0.159,0.25,33.3
"Blewett, Scott",656240,ATH,SL,Slider,3.9,3,64,25.2,17,0.067,0.067,0.1,29.7,29.4,17.9,0.138,0.18,0.173,18.2
"Knack, Landon",689017,LAD,FF,4-Seam Fastball,-5.3,-3,55,43.7,17,0.375,0.938,0.606,14.8,5.9,7.7,0.312,0.7,0.442,53.3
"Brubaker, JT",664141,SF,FF,4-Seam Fastball,-0.8,-1,60,6.3,17,0.267,0.333,0.315,8.3,5.9,2.8,0.326,0.552,0.412,57.1
"Pagán, Emilio",641941,CIN,FS,Split-Finger,-5.7,-5,83,17.1,17,0.375,0.688,0.465,42.9,35.3,17.1,0.233,0.446,0.313,40.0
"Hall, DL",669084,MIL,SL,Slider,3.5,2,55,8.0,17,0.133,0.2,0.209,41.9,29.4,38.5,0.153,0.198,0.216,10.0
"Dion, Will",702021,WSH,CU,Curveball,-1.3,-1,82,19.0,17,0.412,0.588,0.435,9.1,17.6,15.8,0.364,0.448,0.356,42.9
"Mlodzinski, Carmen",669387,PIT,SL,Slider,-0.6,0,68,3.9,17,0.313,0.375,0.326,20.7,5.9,5.3,0.315,0.4,0.333,33.3
"Kranick, Max",668820,WSH,SL,Slider,1.8,1,66,30.7,17,0.235,0.235,0.212,25.7,17.6,15.8,0.219,0.259,0.208,7.1
"Bassitt, Chris",605135,BAL,FF,4-Seam Fastball,-7.3,-6,79,6.8,17,0.467,1.067,0.647,17.9,0.0,0.0,0.332,0.817,0.506,33.3
"Povich, Cade",700249,BAL,CH,Changeup,-2.5,-1,50,11.0,17,0.412,0.412,0.371,18.5,17.6,23.1,0.306,0.389,0.3,50.0
"Kinley, Tyler",641755,ATL,FF,4-Seam Fastball,-0.7,-1,116,16.6,17,0.333,0.533,0.438,14.7,5.9,6.7,0.373,0.654,0.47,50.0
"Anderson, Jack",681252,MIN,FF,4-Seam Fastball,3.1,2,60,33.3,17,0.267,0.333,0.315,3.6,11.8,14.3,0.292,0.543,0.396,61.5
"Hill, Tim",657612,NYY,FF,4-Seam Fastball,-6.5,-3,43,6.3,17,0.308,0.538,0.441,26.3,29.4,21.7,0.224,0.555,0.414,62.5
"Schreiber, John",670167,KC,FC,Cutter,1.2,1,96,12.7,17,0.286,0.5,0.412,14.6,5.9,8.3,0.368,0.628,0.43,28.6
"Waldichuk, Ken",686610,WSH,CU,Curveball,-1.1,-1,61,40.9,17,0.188,0.375,0.306,39.3,29.4,17.9,0.157,0.415,0.306,36.4
"Curry, Xzavion",675540,NYM,SL,Slider,3.0,2,75,31.1,17,0.214,0.214,0.282,23.3,5.9,11.1,0.181,0.211,0.263,23.1
"Lord, Brad",695418,WSH,CH,Changeup,-3.5,-2,56,4.9,17,0.294,0.529,0.403,10.3,5.9,4.3,0.315,0.562,0.373,25.0
"Glasnow, Tyler",607192,LAD,SL,Slider,2.5,2,96,16.0,17,0.118,0.176,0.126,41.3,35.3,23.1,0.155,0.263,0.175,27.3
"Mantiply, Joe",573009,TOR,CU,Curveball,1.1,1,73,27.7,17,0.235,0.294,0.232,22.9,29.4,22.7,0.278,0.371,0.281,41.7
"Kelly, Antwone",699008,PIT,FF,4-Seam Fastball,-0.3,0,68,55.3,17,0.333,0.467,0.388,8.6,0.0,0.0,0.393,0.473,0.415,53.3
"Englert, Mason",669438,TB,FC,Cutter,1.6,1,58,10.1,17,0.313,0.438,0.347,19.4,11.8,33.3,0.31,0.473,0.358,21.4
"Yean, Eddy",678868,WSH,CH,Changeup,4.8,2,42,30.0,17,0.118,0.176,0.126,15.4,17.6,15.8,0.224,0.256,0.211,35.7
"Irvin, Jake",663623,WSH,CH,Changeup,1.8,2,87,6.8,17,0.118,0.118,0.106,29.7,29.4,20.8,0.14,0.163,0.134,25.0
"Pushard, Matt",690155,STL,FF,4-Seam Fastball,-0.7,0,54,45.0,17,0.273,0.273,0.406,21.7,17.6,18.8,0.319,0.434,0.459,75.0
"Pérez, Martín",527048,ATL,FF,4-Seam Fastball,0.2,0,83,4.8,17,0.294,0.353,0.285,9.7,17.6,17.6,0.289,0.375,0.289,57.1
"Klassen, George",691946,LAA,CH,Changeup,-1.6,-1,77,19.2,17,0.313,0.563,0.391,24.3,5.9,5.3,0.259,0.479,0.335,40.0
"Smith-Shawver, AJ",700363,ATL,FF,4-Seam Fastball,1.9,1,60,41.7,17,0.2,0.2,0.294,3.7,5.9,10.0,0.224,0.43,0.325,21.4
"Wrobleski, Justin",680736,LAD,CU,Curveball,-0.7,-1,93,4.9,17,0.353,0.588,0.4,7.3,0.0,0.0,0.338,0.559,0.384,52.9
"Latz, Jacob",656641,TEX,CU,Curveball,0.7,0,70,7.9,17,0.063,0.125,0.115,34.8,58.8,22.2,0.092,0.111,0.125,16.7
"May, Dustin",669160,MIL,CU,Curveball,-1.5,-2,131,6.6,17,0.267,0.4,0.347,26.7,23.5,11.8,0.252,0.363,0.311,58.3
"Morgan, David",688158,SD,SL,Slider,0.3,0,69,17.3,17,0.294,0.353,0.285,47.2,29.4,31.3,0.233,0.27,0.217,25.0
"Suárez, Albert",544150,BAL,CU,Curveball,-0.2,0,70,8.7,17,0.235,0.294,0.232,28.0,23.5,20.0,0.186,0.307,0.211,38.5
"Seymour, Ian",693855,TB,SL,Slider,-0.8,-1,68,4.4,17,0.375,0.625,0.456,14.6,11.8,10.5,0.273,0.418,0.279,33.3
"Brash, Matt",666374,SEA,SI,Sinker,0.7,0,55,21.0,16,0.333,0.333,0.356,22.7,18.8,37.5,0.303,0.427,0.412,70.0
"McCambley, Zach",685112,CIN,FF,4-Seam Fastball,0.8,0,57,33.1,16,0.1,0.1,0.319,22.2,18.8,18.8,0.214,0.397,0.425,42.9
"Gage, Matt",657424,SF,SI,Sinker,-3.2,-1,41,7.8,16,0.333,0.417,0.422,22.7,12.5,10.0,0.358,0.429,0.432,50.0
"Webb, Jacob",657097,CHC,SL,Slider,1.8,2,83,8.8,16,0.188,0.188,0.225,27.8,12.5,9.5,0.263,0.325,0.258,14.3
"Carrasco, Carlos",471911,ATL,SI,Sinker,-0.9,-1,67,27.2,16,0.333,0.6,0.397,13.3,6.3,9.1,0.311,0.665,0.413,40.0
"Dobnak, Randy",677976,KC,FF,4-Seam Fastball,0.8,1,66,9.3,16,0.267,0.333,0.291,16.0,18.8,10.7,0.237,0.326,0.27,25.0
"Martinez, Nick",607259,TB,SL,Slider,-7.2,-5,73,3.7,16,0.625,0.813,0.684,21.2,0.0,0.0,0.479,0.678,0.499,43.8
"Jameson, Drey",686753,AZ,CH,Changeup,-0.8,0,53,19.9,16,0.267,0.333,0.291,33.3,12.5,11.1,0.257,0.283,0.268,15.4
"Jansen, Kenley",445276,DET,SL,Slider,4.3,2,47,8.2,16,0.133,0.133,0.156,28.0,31.3,17.2,0.142,0.176,0.174,10.0
"Cuas, Jose",621016,KC,SI,Sinker,-0.6,0,65,29.7,16,0.438,0.625,0.459,16.2,6.3,10.0,0.366,0.495,0.37,46.7
"Cuas, Jose",621016,KC,FF,4-Seam Fastball,2.6,2,80,36.5,16,0.0,0.0,0.088,30.8,50.0,17.4,0.094,0.184,0.191,33.3
"Bennett, Jake",687562,BOS,ST,Sweeper,0.0,0,79,6.9,16,0.143,0.143,0.2,35.5,25.0,12.9,0.194,0.284,0.268,30.0
"Allen, Logan",671106,CLE,FF,4-Seam Fastball,-2.5,-1,55,30.9,16,0.308,0.462,0.413,13.3,18.8,13.0,0.16,0.211,0.223,54.5
"Samaniego, Tyler",701719,BOS,ST,Sweeper,1.3,1,59,18.8,16,0.188,0.188,0.169,29.2,31.3,19.2,0.221,0.412,0.27,36.4
"Bernardino, Brennan",657514,COL,CH,Changeup,-1.5,-1,58,7.2,16,0.25,0.438,0.294,28.0,31.3,20.8,0.34,0.59,0.393,45.5
"Gray, Sonny",543243,BOS,CH,Changeup,-0.2,0,96,5.0,16,0.25,0.375,0.269,12.1,0.0,0.0,0.302,0.396,0.305,25.0
"Garcia, Brandyn",805299,AZ,FC,Cutter,-0.2,0,100,20.0,16,0.214,0.5,0.403,18.4,18.8,15.8,0.211,0.409,0.318,36.4
"Black, Mason",696131,KC,SL,Slider,-0.4,0,72,14.0,16,0.2,0.4,0.281,23.3,18.8,12.5,0.321,0.559,0.393,58.3
"Lopez, Jacob",682052,ATH,SI,Sinker,1.2,1,62,3.9,16,0.167,0.417,0.313,8.7,0.0,0.0,0.259,0.525,0.38,23.1
"Hartlieb, Geoff",664129,ATH,FC,Cutter,-1.4,-1,39,18.0,16,0.308,0.462,0.356,15.0,6.3,14.3,0.274,0.41,0.329,53.8
"Voth, Austin",608723,MIN,FF,4-Seam Fastball,-6.4,-3,53,24.8,16,0.333,0.6,0.416,8.7,12.5,20.0,0.38,0.638,0.45,53.8
"Waldichuk, Ken",686610,WSH,FF,4-Seam Fastball,-3.5,-2,49,32.9,16,0.273,0.545,0.456,5.9,12.5,16.7,0.273,0.491,0.442,33.3
"Leiter, Jack",683004,TEX,CU,Curveball,-3.1,-4,122,8.7,16,0.267,0.6,0.438,38.5,43.8,21.2,0.274,0.435,0.327,25.0
"Mayza, Tim",641835,PHI,FF,4-Seam Fastball,2.9,2,70,7.8,16,0.067,0.133,0.122,41.2,56.3,25.0,0.115,0.221,0.177,33.3
"Madden, Ty",680744,DET,FS,Split-Finger,-1.1,-1,81,13.5,16,0.2,0.333,0.256,24.2,12.5,5.0,0.304,0.356,0.314,23.1
"Kirby, George",669923,SEA,FC,Cutter,2.2,1,66,3.1,16,0.214,0.286,0.278,28.1,0.0,0.0,0.327,0.43,0.375,35.7
"Varland, Louis",686973,TOR,SL,Slider,3.1,3,82,8.1,16,0.188,0.25,0.247,15.9,6.3,10.0,0.188,0.262,0.194,20.0
"Kelly, Zack",677161,BOS,ST,Sweeper,1.6,1,62,21.9,16,0.188,0.188,0.12,28.6,25.0,14.8,0.142,0.209,0.151,25.0
"Bido, Osvaldo",674370,CWS,SL,Slider,-3.3,-3,77,24.3,16,0.385,0.692,0.503,29.0,12.5,8.0,0.343,0.513,0.429,45.5
"Springs, Jeffrey",605488,ATH,ST,Sweeper,-2.8,-3,113,5.8,16,0.267,0.8,0.406,7.9,6.3,11.1,0.302,0.585,0.409,33.3
"Ferguson, Caleb",657571,STL,SV,Slurve,-3.8,-3,79,15.3,16,0.4,0.733,0.494,21.9,12.5,8.0,0.29,0.462,0.347,46.2
"Walker, Josh",677020,BAL,FF,4-Seam Fastball,-0.2,0,61,22.9,16,0.313,0.563,0.372,13.8,31.3,27.8,0.328,0.525,0.365,36.4
"Barnes, Charlie",656212,LAD,SI,Sinker,4.3,2,43,21.4,16,0.2,0.2,0.213,4.8,0.0,0.0,0.277,0.34,0.294,80.0
"Cabrera, Jose",703615,AZ,CU,Curveball,-2.9,-1,34,12.2,16,0.2,0.333,0.256,27.8,43.8,24.1,0.134,0.168,0.168,25.0
"Seymour, Carson",693313,SF,SL,Slider,0.8,0,59,25.9,16,0.2,0.2,0.213,21.4,18.8,13.0,0.293,0.378,0.317,33.3
"Abreu, Bryan",650556,HOU,FC,Cutter,1.6,1,74,8.8,16,0.154,0.231,0.266,40.5,18.8,23.1,0.168,0.274,0.284,30.0
"Nardi, Andrew",677053,MIA,SL,Slider,2.0,1,59,15.6,16,0.2,0.533,0.325,25.9,25.0,30.8,0.217,0.597,0.36,54.5
"Bido, Osvaldo",674370,CWS,ST,Sweeper,2.6,2,63,19.9,16,0.188,0.188,0.169,38.2,31.3,20.0,0.203,0.259,0.202,27.3
"Sanmartin, Reiver",665665,SF,SI,Sinker,0.9,1,59,35.5,16,0.333,0.6,0.416,20.7,18.8,33.3,0.315,0.452,0.353,41.7
"Cole, Gerrit",543037,NYY,SI,Sinker,-2.2,-1,57,4.4,16,0.462,0.538,0.491,7.4,6.3,7.7,0.492,0.696,0.546,58.3
"Stallings, Garrett",668831,MIL,CH,Changeup,5.7,3,49,40.2,16,0.133,0.133,0.156,45.2,37.5,26.1,0.165,0.179,0.185,0.0
"Hamilton, Ian",641656,ATL,SL,Slider,-3.2,-2,57,62.0,16,0.286,0.429,0.469,32.1,18.8,17.6,0.285,0.328,0.32,45.5
"Hollowell, Gavin",668970,CHC,ST,Sweeper,-2.1,-2,83,32.8,16,0.286,0.5,0.381,34.5,31.3,18.5,0.236,0.453,0.343,33.3
"Baumler, Carter",691945,TEX,CU,Curveball,-0.4,0,56,47.9,15,0.154,0.231,0.237,32.0,33.3,25.0,0.189,0.228,0.251,37.5
"Martin, Trevor",694680,TB,FS,Split-Finger,1.1,0,37,20.6,15,0.2,0.2,0.24,11.1,6.7,7.7,0.342,0.453,0.347,42.9
"Englert, Mason",669438,TB,CU,Curveball,2.0,2,105,18.2,15,0.214,0.214,0.227,29.8,26.7,12.1,0.239,0.276,0.257,10.0
"Tur, Yunior",814305,ATH,FS,Split-Finger,-7.0,-3,47,39.2,15,0.429,0.643,0.511,48.0,33.3,22.7,0.246,0.371,0.294,22.2
"Cruz, Yovanny",672442,WSH,FF,4-Seam Fastball,-2.4,-1,57,35.4,15,0.333,0.444,0.483,5.0,0.0,0.0,0.335,0.495,0.494,44.4
"Mlodzinski, Carmen",669387,PIT,FC,Cutter,-2.5,-1,55,3.1,15,0.286,0.714,0.433,22.6,6.7,16.7,0.388,0.897,0.551,61.5
"Winn, Keaton",676775,SF,SL,Slider,3.0,1,48,7.5,15,0.214,0.214,0.18,34.8,26.7,26.7,0.292,0.326,0.26,18.2
"Garcia, Robert",676395,TEX,FF,4-Seam Fastball,3.2,2,68,44.4,15,0.083,0.083,0.2,28.1,20.0,16.7,0.214,0.317,0.323,55.6
"Manaea, Sean",640455,NYM,CH,Changeup,-2.5,-2,66,3.5,15,0.231,0.538,0.323,18.2,13.3,7.4,0.373,0.548,0.395,58.3
"Woods Richardson, Simeon",680573,TOR,CU,Curveball,1.2,1,92,8.5,15,0.154,0.385,0.24,8.0,0.0,0.0,0.276,0.507,0.336,50.0
"Weiss, Ryan",680802,HOU,CH,Changeup,-1.1,-1,79,14.9,15,0.231,0.231,0.273,37.9,20.0,10.7,0.27,0.335,0.322,30.0
"Hiraldo, Yaramil",682274,BAL,FS,Split-Finger,-0.3,0,45,31.3,15,0.286,0.429,0.287,55.6,40.0,30.0,0.199,0.28,0.193,33.3
"Antone, Tejay",622088,CIN,SI,Sinker,0.4,0,61,9.0,15,0.25,0.333,0.396,20.8,13.3,20.0,0.305,0.383,0.39,40.0
"Greene, Hunter",668881,CIN,FS,Split-Finger,2.9,1,46,10.1,15,0.133,0.133,0.12,28.6,46.7,46.7,0.101,0.12,0.096,12.5
"Ullola, Miguel",699044,HOU,FF,4-Seam Fastball,0.7,0,67,76.1,15,0.133,0.333,0.193,24.2,40.0,42.9,0.164,0.301,0.196,33.3
"Espino, Daniel",682982,CLE,FF,4-Seam Fastball,0.4,0,78,65.0,15,0.182,0.273,0.33,52.8,60.0,37.5,0.106,0.213,0.284,50.0
"Thornton, Trent",663423,CHC,SI,Sinker,1.9,1,46,8.2,15,0.25,0.417,0.367,11.1,6.7,16.7,0.222,0.292,0.318,36.4
"Duarte, Daniel",650960,NYM,SI,Sinker,2.0,1,42,13.5,15,0.154,0.154,0.273,23.1,26.7,26.7,0.263,0.426,0.349,55.6
"Smith-Shawver, AJ",700363,ATL,FS,Split-Finger,0.0,0,50,34.7,15,0.214,0.214,0.287,42.9,40.0,25.0,0.241,0.269,0.254,37.5
"Palencia, Daniel",694037,CHC,SL,Slider,-1.8,-1,73,25.3,15,0.308,0.538,0.407,50.0,33.3,25.0,0.196,0.284,0.272,37.5
"Jansen, Kenley",445276,DET,SI,Sinker,-5.7,-2,38,6.6,15,0.214,0.643,0.327,33.3,53.3,33.3,0.201,0.603,0.312,71.4
"Curvelo, Luis",681168,TEX,FS,Split-Finger,-1.7,-1,38,20.3,15,0.2,0.467,0.277,28.6,26.7,16.7,0.147,0.331,0.2,36.4
"Hughes, Gabriel",687312,COL,SL,Slider,-0.9,-1,69,10.8,15,0.267,0.4,0.307,22.6,20.0,13.0,0.188,0.292,0.205,41.7
"Wrobleski, Justin",680736,LAD,ST,Sweeper,-2.3,-1,61,3.2,15,0.333,0.333,0.3,8.0,20.0,8.1,0.341,0.4,0.323,33.3
"Povich, Cade",700249,BAL,SI,Sinker,-6.0,-2,40,8.8,15,0.583,0.833,0.611,10.5,0.0,0.0,0.383,0.549,0.463,66.7
"Blanco, Ronel",669854,HOU,CU,Curveball,-0.3,0,65,16.7,15,0.231,0.692,0.42,25.0,20.0,20.0,0.172,0.328,0.276,40.0
"Mears, Nick",683232,KC,SI,Sinker,1.2,1,41,12.0,15,0.333,0.6,0.397,4.3,6.7,25.0,0.338,0.65,0.418,71.4
"Hoffman, Jeff",656546,MIN,SI,Sinker,1.6,1,49,4.8,15,0.182,0.182,0.26,26.9,13.3,33.3,0.292,0.326,0.418,40.0
"Hill, Tim",657612,NYY,SL,Slider,-3.2,-3,79,11.6,15,0.286,0.714,0.433,36.7,33.3,27.8,0.187,0.473,0.305,33.3
"Ginkel, Kevin",656464,AZ,SI,Sinker,-4.2,-1,36,4.3,15,0.467,0.6,0.527,5.0,0.0,0.0,0.329,0.372,0.305,6.7
"Zerpa, Angel",672582,MIL,SL,Slider,-1.8,-1,45,20.8,15,0.333,0.4,0.323,13.6,6.7,7.1,0.253,0.437,0.295,50.0
"Rucker, Michael",621074,SEA,SI,Sinker,2.7,1,50,11.4,15,0.231,0.231,0.273,22.7,13.3,28.6,0.239,0.269,0.288,27.3
"Miller, Bryce",682243,SEA,CU,Curveball,2.1,1,70,5.1,15,0.071,0.143,0.083,29.4,46.7,19.4,0.138,0.162,0.169,25.0
"Brown, Ben",676962,CHC,CH,Changeup,1.2,1,60,6.0,15,0.133,0.267,0.167,34.8,26.7,28.6,0.212,0.321,0.229,45.5
"Cruz, Fernando",518585,NYY,SL,Slider,1.3,2,124,13.7,15,0.182,0.182,0.307,36.6,0.0,0.0,0.169,0.215,0.308,9.1
"Imai, Tatsuya",837227,HOU,SI,Sinker,1.9,1,61,4.9,15,0.182,0.182,0.307,18.5,6.7,11.1,0.294,0.563,0.453,50.0
"Montgomery, Jordan",656756,TEX,SI,Sinker,-3.2,-2,51,31.5,15,0.5,0.714,0.54,11.1,6.7,6.7,0.384,0.646,0.456,53.8
"Cease, Dylan",656302,TOR,ST,Sweeper,-1.5,-1,95,4.0,15,0.4,0.667,0.457,23.3,13.3,11.8,0.231,0.376,0.259,30.8
"Senzatela, Antonio",622608,MIL,CU,Curveball,-2.1,-2,85,9.4,15,0.143,0.429,0.263,34.5,40.0,20.0,0.185,0.453,0.295,50.0
"Garcia, Robert",676395,TEX,CH,Changeup,-0.7,0,49,32.0,15,0.231,0.231,0.273,23.8,20.0,12.5,0.235,0.281,0.288,10.0
"Roberts, Ethan",681799,CHC,SI,Sinker,-1.5,-1,71,16.3,15,0.429,0.429,0.407,15.6,6.7,11.1,0.294,0.354,0.311,46.2
"Horton, Cade",690990,CHC,FF,4-Seam Fastball,2.4,1,46,50.0,15,0.214,0.429,0.321,19.0,13.3,22.2,0.329,0.442,0.36,41.7
"Mejia, Juan",675848,COL,SI,Sinker,3.8,2,60,6.1,15,0.154,0.231,0.204,18.8,13.3,20.0,0.154,0.242,0.208,33.3
"Boyle, Joe",671212,TB,FS,Split-Finger,-0.3,0,50,14.4,14,0.154,0.231,0.219,33.3,35.7,21.7,0.229,0.293,0.264,62.5
"Roycroft, Chris",688297,TB,FF,4-Seam Fastball,0.8,1,80,19.6,14,0.167,0.167,0.229,25.0,35.7,17.9,0.136,0.165,0.212,14.3
"Bender, Anthony",669622,MIA,SL,Slider,-1.0,-1,69,12.8,14,0.25,0.25,0.293,23.3,14.3,11.1,0.31,0.389,0.359,40.0
"Brazobán, Huascar",623211,CWS,FF,4-Seam Fastball,1.2,1,59,6.4,14,0.083,0.167,0.189,17.6,50.0,16.3,0.099,0.243,0.221,60.0
"Hoffmann, Andrew",694851,AZ,SL,Slider,-5.5,-3,47,20.5,14,0.4,0.8,0.561,25.0,14.3,22.2,0.169,0.317,0.347,12.5
"Jones, Jared",683003,PIT,CU,Curveball,-1.9,-1,74,7.1,14,0.385,0.538,0.421,31.3,21.4,13.0,0.259,0.417,0.319,40.0
"Coulombe, Danny",543056,BOS,ST,Sweeper,1.4,1,66,17.1,14,0.154,0.231,0.204,26.5,28.6,12.5,0.205,0.246,0.231,22.2
"Assad, Javier",665871,CHC,CU,Curveball,1.6,2,98,7.5,14,0.0,0.0,0.1,18.5,35.7,17.2,0.07,0.095,0.161,14.3
"Morris, Kade",695034,ATH,FF,4-Seam Fastball,-2.0,-1,42,20.1,14,0.333,0.583,0.436,13.0,7.1,8.3,0.177,0.354,0.29,45.5
"Hartlieb, Geoff",664129,ATH,SL,Slider,-3.3,-2,66,30.4,14,0.308,0.538,0.336,37.9,21.4,15.8,0.23,0.348,0.255,36.4
"Nunez, Anthony",689296,BAL,FC,Cutter,3.6,1,35,4.6,14,0.154,0.385,0.257,28.6,21.4,37.5,0.214,0.563,0.35,60.0
"Hughes, Gabriel",687312,COL,CH,Changeup,-1.6,-1,62,9.7,14,0.2,0.3,0.368,12.0,7.1,5.6,0.329,0.388,0.405,40.0
"Jump, Gage",695611,ATH,CH,Changeup,-2.3,-3,117,8.6,14,0.357,0.714,0.45,25.6,0.0,0.0,0.325,0.464,0.341,28.6
"Zuber, Tyler",676604,MIA,SI,Sinker,3.3,1,45,10.4,14,0.143,0.143,0.193,5.0,14.3,15.4,0.141,0.172,0.136,33.3
"Bachar, Lake",669199,PIT,SI,Sinker,3.2,2,55,4.9,14,0.214,0.286,0.218,15.2,0.0,0.0,0.223,0.303,0.226,28.6
"Ferguson, Tyler",621053,CHC,ST,Sweeper,0.6,0,52,20.3,14,0.154,0.385,0.257,54.5,57.1,30.8,0.148,0.38,0.254,20.0
"Povich, Cade",700249,BAL,SL,Slider,-4.8,-3,64,14.1,14,0.286,0.929,0.493,29.6,21.4,20.0,0.32,0.745,0.446,54.5
"Ekness, Josh",694795,MIA,ST,Sweeper,-3.0,-2,62,28.2,14,0.25,0.5,0.346,22.7,7.1,5.6,0.321,0.516,0.382,16.7
"Urquidy, José",664353,CWS,SI,Sinker,-2.3,-1,49,19.5,14,0.429,0.643,0.4,0.0,7.1,8.3,0.271,0.447,0.305,30.8
"Hughes, Gabriel",687312,COL,CU,Curveball,-1.4,-1,64,10.0,14,0.214,0.571,0.321,36.7,64.3,37.5,0.168,0.37,0.226,40.0
"Pearson, Nate",663878,KC,SI,Sinker,3.9,2,60,12.3,14,0.091,0.091,0.214,10.3,14.3,33.3,0.17,0.194,0.278,44.4
"Morán, Jovani",663558,BOS,SI,Sinker,2.4,1,59,7.0,14,0.167,0.167,0.229,12.5,7.1,12.5,0.251,0.311,0.309,36.4
"Hiraldo, Yaramil",682274,BAL,FF,4-Seam Fastball,-0.6,0,62,43.1,14,0.125,0.5,0.443,35.5,28.6,36.4,0.106,0.398,0.418,50.0
"Hollowell, Gavin",668970,CHC,SI,Sinker,-5.0,-3,55,21.7,14,0.455,0.818,0.575,16.0,7.1,6.3,0.389,0.489,0.448,20.0
"Carrasco, Carlos",471911,ATL,SL,Slider,-2.8,-1,34,13.8,14,0.385,0.615,0.45,32.0,21.4,27.3,0.38,0.63,0.452,50.0
"Granillo, Andre",701552,WSH,FF,4-Seam Fastball,-1.9,-1,49,24.7,14,0.286,0.286,0.477,5.0,0.0,0.0,0.308,0.467,0.5,66.7
"Sanders, Cam",676742,BAL,CH,Changeup,-3.3,-2,54,15.2,14,0.333,0.417,0.382,23.1,14.3,11.1,0.345,0.452,0.398,50.0
"Manoah, Alek",666201,LAA,CH,Changeup,-6.6,-4,63,39.1,14,0.333,0.75,0.55,16.0,14.3,15.4,0.248,0.423,0.346,30.0
"Borucki, Ryan",621366,SF,FS,Split-Finger,-6.0,-3,50,13.2,14,0.385,0.846,0.525,26.7,7.1,5.3,0.256,0.5,0.348,41.7
"Mathews, Quinn",687273,STL,FF,4-Seam Fastball,0.3,0,85,44.3,14,0.273,0.364,0.368,26.5,28.6,13.8,0.248,0.31,0.339,28.6
"Kempner, William",687531,MIA,ST,Sweeper,2.8,1,44,22.1,14,0.154,0.154,0.179,32.1,14.3,10.5,0.216,0.256,0.24,9.1
"Williamson, Brandon",682227,CIN,SI,Sinker,-4.9,-3,55,10.6,14,0.455,1.0,0.575,10.7,0.0,0.0,0.394,0.822,0.519,75.0
"Flaherty, Jack",656427,DET,SI,Sinker,0.5,0,73,4.5,14,0.167,0.25,0.204,24.0,0.0,0.0,0.227,0.303,0.25,30.8
"Crow, Coleman",689441,MIL,FF,4-Seam Fastball,-4.5,-2,54,18.3,14,0.385,0.615,0.511,12.0,7.1,4.5,0.275,0.47,0.346,33.3
"Gonzalez, Domingo",682445,SEA,SI,Sinker,-1.9,-1,31,24.0,14,0.417,0.5,0.446,5.9,7.1,33.3,0.468,0.71,0.532,45.5
"Gastelum, Luis",703725,STL,ST,Sweeper,-5.9,-4,61,20.1,14,0.5,0.833,0.589,31.8,14.3,22.2,0.283,0.56,0.406,50.0
"Beck, Brendan",694341,NYY,FF,4-Seam Fastball,-5.1,-3,67,48.2,14,0.364,1.0,0.589,22.2,0.0,0.0,0.344,0.693,0.492,72.7
"Kelly, Kevin",687330,TB,ST,Sweeper,-1.8,-1,64,8.4,14,0.143,0.429,0.296,20.0,28.6,13.8,0.172,0.316,0.208,20.0
"Curvelo, Luis",681168,TEX,FF,4-Seam Fastball,0.9,1,57,30.5,14,0.167,0.25,0.318,10.3,7.1,11.1,0.251,0.34,0.317,54.5
"Laweryson, Cody",689520,MIN,FC,Cutter,-7.0,-3,50,16.9,14,0.333,0.75,0.538,25.0,7.1,6.3,0.449,0.778,0.549,75.0
"Crow, Coleman",689441,MIL,SI,Sinker,-1.0,0,50,16.9,14,0.286,0.643,0.45,7.4,0.0,0.0,0.327,0.508,0.36,35.7
"Shuster, Jared",694363,STL,FF,4-Seam Fastball,0.9,0,49,29.5,14,0.308,0.462,0.357,5.3,7.1,12.5,0.164,0.202,0.198,33.3
"Joyce, Ben",690829,LAA,FF,4-Seam Fastball,6.3,3,49,59.8,14,0.077,0.077,0.114,24.0,50.0,41.2,0.077,0.11,0.122,16.7
"Lazar, Max",676661,PHI,FF,4-Seam Fastball,-9.0,-4,46,35.9,14,0.5,1.25,0.721,4.2,0.0,0.0,0.374,0.848,0.54,41.7
"Bello, Brayan",678394,BOS,CU,Curveball,-2.0,-1,64,4.5,14,0.214,0.643,0.35,25.9,21.4,10.3,0.225,0.694,0.378,45.5
"Núñez, Dedniel",673380,NYM,FF,4-Seam Fastball,-13.6,-6,45,61.6,14,0.571,1.214,0.811,14.3,0.0,0.0,0.416,0.726,0.485,57.1
"Rajcic, Max",691008,STL,FF,4-Seam Fastball,-1.1,-1,66,40.5,14,0.2,0.4,0.379,21.7,7.1,6.3,0.25,0.411,0.4,33.3
"Graceffo, Gordon",700669,STL,SI,Sinker,-2.3,-2,66,7.1,14,0.222,0.333,0.404,19.0,14.3,25.0,0.185,0.206,0.36,0.0
"Senga, Kodai",673540,NYM,ST,Sweeper,-2.2,-2,85,9.1,14,0.538,0.846,0.604,23.1,7.1,25.0,0.42,0.808,0.532,66.7
"Hall, DL",669084,MIL,ST,Sweeper,3.5,2,63,9.2,14,0.0,0.0,0.0,51.7,57.1,23.5,0.098,0.213,0.13,50.0
"Jax, Griffin",643377,TB,FC,Cutter,-1.6,-1,50,3.6,14,0.308,0.769,0.464,12.5,0.0,0.0,0.483,1.093,0.661,46.2
"Abel, Mick",690953,MIN,SL,Slider,0.1,0,48,13.4,14,0.357,0.429,0.346,14.3,28.6,26.7,0.393,0.446,0.371,30.0
"Sisk, Evan",681895,PIT,CH,Changeup,-2.3,-2,67,9.0,14,0.333,0.5,0.407,24.0,21.4,13.6,0.199,0.244,0.265,44.4
"Pagán, Emilio",641941,CIN,FC,Cutter,1.5,1,96,19.8,14,0.231,0.231,0.193,42.1,21.4,14.3,0.234,0.315,0.24,27.3
"Wilcox, Cole",677961,SEA,CH,Changeup,5.2,3,58,11.9,14,0.0,0.0,0.0,31.4,21.4,15.0,0.253,0.308,0.244,36.4
"Acton, Garrett",670183,MIN,FF,4-Seam Fastball,3.4,2,63,54.8,14,0.091,0.091,0.164,30.8,35.7,31.3,0.08,0.132,0.18,14.3
"Treinen, Blake",595014,LAD,FF,4-Seam Fastball,-2.0,-1,43,11.5,14,0.214,0.429,0.268,16.0,35.7,22.7,0.211,0.446,0.276,55.6
"Thompson, Keegan",624522,COL,FC,Cutter,1.7,1,47,24.1,13,0.25,0.5,0.288,25.9,15.4,13.3,0.257,0.459,0.282,81.8
"Muñoz, Andrés",662253,SEA,SI,Sinker,-1.9,-1,61,7.9,13,0.5,0.5,0.454,20.0,7.7,16.7,0.365,0.404,0.425,10.0
"Severino, Luis",622663,ATH,SL,Slider,4.1,2,46,4.2,13,0.0,0.0,0.054,42.1,53.8,30.4,0.072,0.104,0.123,40.0
"Suarez, José",660761,ATH,ST,Sweeper,4.6,1,28,2.8,13,0.0,0.0,0.108,36.4,46.2,30.0,0.056,0.121,0.171,20.0
"Simpson, Josh",681006,SEA,ST,Sweeper,-2.6,-1,42,27.5,13,0.182,0.455,0.331,29.4,23.1,20.0,0.21,0.428,0.337,25.0
"Ross, Joe",605452,TEX,FF,4-Seam Fastball,4.2,2,41,20.0,13,0.083,0.083,0.123,33.3,15.4,15.4,0.306,0.496,0.37,40.0
"Woodford, Jake",663765,CHC,FS,Split-Finger,-1.7,-1,68,14.9,13,0.231,0.385,0.331,17.2,15.4,7.7,0.291,0.341,0.274,54.5
"Cerantola, Eric",672021,KC,FF,4-Seam Fastball,-3.1,-1,45,36.9,13,0.2,0.8,0.585,16.7,7.7,14.3,0.252,0.49,0.551,50.0
"Kuhnel, Joel",669270,MIL,CH,Changeup,3.6,1,38,6.8,13,0.154,0.231,0.165,23.8,15.4,11.8,0.269,0.454,0.31,36.4
"Kelly, Zack",677161,BOS,SI,Sinker,-0.5,0,48,17.0,13,0.3,0.3,0.262,10.5,7.7,7.7,0.419,0.468,0.468,27.3
"Giolito, Lucas",608337,SD,SL,Slider,-0.5,-1,94,17.1,13,0.167,0.167,0.192,48.6,38.5,22.7,0.132,0.146,0.165,14.3
"Kranick, Max",668820,WSH,CU,Curveball,3.5,2,53,24.7,13,0.154,0.231,0.165,44.0,7.7,9.1,0.224,0.388,0.262,41.7
"Senzatela, Antonio",622608,MIL,CH,Changeup,-1.8,-1,53,5.9,13,0.333,0.417,0.358,10.0,7.7,5.3,0.501,0.717,0.538,54.5
"Anderson, Jack",681252,MIN,FS,Split-Finger,3.1,1,42,23.3,13,0.083,0.083,0.123,44.4,46.2,27.3,0.118,0.175,0.17,16.7
"Tidwell, Blade",694918,SF,SL,Slider,4.1,2,46,10.4,13,0.083,0.167,0.15,27.3,15.4,10.0,0.317,0.411,0.344,40.0
"Petty, Chase",695534,CIN,SL,Slider,-4.4,-2,45,9.4,13,0.417,0.75,0.458,13.6,15.4,20.0,0.407,0.589,0.464,72.7
"Schreiber, John",670167,KC,CH,Changeup,-1.5,-1,60,7.9,13,0.231,0.385,0.283,19.0,23.1,12.0,0.242,0.361,0.259,40.0
"Strider, Spencer",675911,ATL,CH,Changeup,1.9,1,71,10.3,13,0.091,0.091,0.123,52.0,38.5,23.8,0.147,0.16,0.196,28.6
"Ober, Bailey",641927,MIN,SI,Sinker,-4.2,-2,46,2.8,13,0.417,0.917,0.569,9.1,0.0,0.0,0.378,0.986,0.578,50.0
"Sanmartin, Reiver",665665,SF,CH,Changeup,-1.9,-1,40,24.1,13,0.333,0.5,0.385,17.4,15.4,14.3,0.301,0.382,0.327,50.0
"Mathews, Quinn",687273,STL,CH,Changeup,2.4,1,39,20.3,13,0.182,0.182,0.192,38.1,15.4,13.3,0.233,0.26,0.259,10.0
"Barnes, Charlie",656212,LAD,CH,Changeup,-3.9,-1,36,17.9,13,0.417,0.5,0.427,22.2,7.7,14.3,0.397,0.508,0.416,27.3
"Fuentes, Didier",800311,ATL,FS,Split-Finger,1.5,1,55,6.0,13,0.083,0.083,0.192,25.0,15.4,11.8,0.265,0.331,0.292,40.0
"Ritchie, JR",702275,ATL,SL,Slider,1.9,1,71,6.9,13,0.167,0.417,0.277,18.2,7.7,9.1,0.208,0.48,0.32,36.4
"Acton, Garrett",670183,MIN,SL,Slider,-3.0,-2,52,45.2,13,0.25,0.417,0.385,40.9,30.8,21.1,0.293,0.394,0.325,62.5
"Fermin, José",820862,LAA,CH,Changeup,2.6,1,45,6.0,13,0.083,0.083,0.123,18.2,15.4,16.7,0.255,0.44,0.328,40.0
"Enns, Dietrich",608650,BAL,CH,Changeup,-1.7,-1,59,20.3,13,0.125,0.25,0.312,23.5,15.4,8.3,0.199,0.35,0.36,28.6
"Walker, Taijuan",592836,PHI,SL,Slider,1.3,1,50,11.8,13,0.333,0.333,0.331,18.5,15.4,13.3,0.276,0.357,0.308,20.0
"Weiman, Blake",676620,LAA,ST,Sweeper,0.6,0,43,45.3,13,0.25,0.25,0.3,20.8,30.8,30.8,0.162,0.187,0.153,0.0
"Mills, Wyatt",670090,LAD,FF,4-Seam Fastball,-4.5,-2,42,28.2,13,0.25,0.25,0.458,11.8,23.1,18.8,0.259,0.293,0.393,33.3
"Trivino III, Lou",642152,PHI,SI,Sinker,-1.2,-1,43,29.9,13,0.4,0.4,0.385,11.1,15.4,22.2,0.319,0.38,0.344,55.6
"Schultz, Paxton",687606,WSH,CH,Changeup,-5.9,-5,87,14.3,13,0.538,1.077,0.681,24.1,0.0,0.0,0.406,0.728,0.481,38.5
"Dallas, Chad",689149,TOR,CU,Curveball,-4.8,-2,46,29.5,13,0.375,0.75,0.508,15.8,7.7,5.6,0.385,0.652,0.516,50.0
"Poulin, PJ",676571,WSH,CH,Changeup,-2.2,-2,75,11.8,13,0.385,0.462,0.373,13.8,15.4,6.3,0.347,0.427,0.337,45.5
"Dallas, Chad",689149,TOR,FC,Cutter,1.5,1,63,40.4,13,0.182,0.273,0.273,14.8,7.7,5.9,0.237,0.3,0.304,40.0
"Voth, Austin",608723,MIN,FC,Cutter,-2.2,-1,51,23.8,13,0.417,0.5,0.496,17.9,0.0,0.0,0.283,0.369,0.314,41.7
"Lee, Chase",695445,TOR,ST,Sweeper,-7.7,-4,48,37.8,13,0.333,1.083,0.575,33.3,7.7,10.0,0.239,0.439,0.291,16.7
"Duran, Jhoan",661395,PHI,CU,Curveball,-2.0,-1,73,10.0,13,0.385,0.462,0.373,44.8,46.2,20.0,0.32,0.39,0.307,42.9
"Schweitzer, Tyler",805326,CWS,ST,Sweeper,0.4,0,39,10.1,13,0.231,0.308,0.179,18.8,23.1,20.0,0.298,0.549,0.358,60.0
"Kelly, Kevin",687330,TB,FF,4-Seam Fastball,1.0,0,46,6.1,13,0.091,0.091,0.123,27.8,46.2,16.2,0.147,0.178,0.18,33.3
"Eder, Jake",671109,LAD,FF,4-Seam Fastball,4.7,2,34,60.7,13,0.182,0.182,0.192,4.8,7.7,10.0,0.316,0.673,0.415,63.6
"Foster, Cameron",671382,BAL,FC,Cutter,-4.0,-2,38,20.1,13,0.417,0.667,0.525,38.1,15.4,25.0,0.265,0.497,0.356,20.0
"Scott, Christian",681035,NYM,FS,Split-Finger,-0.6,0,51,3.3,13,0.25,0.25,0.262,13.6,7.7,4.5,0.381,0.603,0.445,36.4
"Boyle, Joe",671212,TB,ST,Sweeper,0.3,0,43,12.4,13,0.154,0.462,0.25,22.2,53.8,31.8,0.107,0.143,0.108,33.3
"Abel, Mick",690953,MIN,CU,Curveball,-0.6,0,43,12.0,13,0.182,0.182,0.246,19.0,30.8,16.0,0.128,0.155,0.213,0.0
"Dallas, Chad",689149,TOR,ST,Sweeper,-0.9,0,44,28.2,13,0.385,0.385,0.346,31.0,30.8,30.8,0.153,0.17,0.14,22.2
"Boyle, Joe",671212,TB,SI,Sinker,1.3,1,65,18.7,13,0.167,0.25,0.288,14.8,7.7,12.5,0.25,0.457,0.333,36.4
"Allard, Kolby",663465,CLE,FF,4-Seam Fastball,-2.3,-1,60,33.9,13,0.455,0.545,0.481,10.3,30.8,16.7,0.316,0.404,0.37,42.9
"Smith, Shane",681343,CWS,FF,4-Seam Fastball,-1.3,-1,74,32.9,13,0.143,0.143,0.392,26.9,38.5,17.9,0.056,0.066,0.352,0.0
"Smith, Shane",681343,CWS,CU,Curveball,2.1,1,53,23.6,13,0.0,0.0,0.285,42.3,23.1,15.0,0.214,0.235,0.352,33.3
"Manoah, Alek",666201,LAA,SI,Sinker,-0.9,0,56,34.8,13,0.3,0.5,0.423,22.7,15.4,22.2,0.217,0.578,0.416,50.0
"Wesneski, Hayden",669713,HOU,SI,Sinker,-2.7,-2,63,19.6,13,0.385,0.846,0.508,12.1,0.0,0.0,0.265,0.372,0.275,61.5
"Jameson, Drey",686753,AZ,SI,Sinker,3.8,2,51,19.2,13,0.167,0.167,0.192,8.3,0.0,0.0,0.306,0.394,0.331,41.7
"Núñez, Dedniel",673380,NYM,SL,Slider,-1.6,0,28,38.4,13,0.308,0.538,0.362,47.1,38.5,50.0,0.216,0.542,0.313,37.5
"Abner, Philip",691769,AZ,SL,Slider,-1.9,-1,47,19.2,13,0.25,0.75,0.431,14.8,15.4,10.0,0.28,0.628,0.407,60.0
"Yan, Jefry",642376,NYM,SI,Sinker,-1.9,-1,52,52.5,13,0.5,0.5,0.438,19.2,0.0,0.0,0.479,0.516,0.453,20.0
"Warren, Austin",681810,NYM,FF,4-Seam Fastball,-1.2,-1,103,15.4,13,0.231,0.538,0.319,51.1,53.8,25.0,0.189,0.441,0.261,83.3
"Eisert, Brandon",685126,PIT,SI,Sinker,1.1,0,42,6.6,13,0.111,0.111,0.285,18.8,7.7,9.1,0.221,0.249,0.356,25.0
"Abner, Philip",691769,AZ,CU,Curveball,2.1,1,48,19.6,13,0.1,0.1,0.231,25.0,0.0,0.0,0.166,0.223,0.29,10.0
"Bratt, Mitch",683352,AZ,SL,Slider,-1.9,-1,64,10.6,13,0.375,0.625,0.517,28.6,0.0,0.0,0.315,0.508,0.467,33.3
"Gil, Luis",661563,NYY,SI,Sinker,-5.9,-3,45,13.4,13,0.25,0.625,0.492,0.0,0.0,0.0,0.291,0.453,0.467,50.0
"Juenger, Hayden",696522,ATH,FC,Cutter,-2.7,-1,49,18.4,13,0.4,0.6,0.492,10.0,7.7,16.7,0.369,0.526,0.456,33.3
"Tidwell, Blade",694918,SF,SI,Sinker,3.5,2,56,12.7,13,0.167,0.167,0.192,16.0,7.7,12.5,0.392,0.475,0.404,63.6
"Carrillo, Gerardo",672629,AZ,FC,Cutter,0.8,0,62,30.0,13,0.222,0.333,0.381,4.3,7.7,33.3,0.112,0.162,0.297,37.5
"Martin, Corbin",656686,CHC,FF,4-Seam Fastball,-4.5,-3,56,50.5,13,0.333,1.0,0.592,27.6,15.4,10.5,0.193,0.61,0.445,71.4
"Sears, JP",676664,SD,ST,Sweeper,-2.9,-2,76,14.4,13,0.25,0.75,0.431,39.1,38.5,33.3,0.192,0.418,0.291,57.1
"Thielbar, Caleb",573204,CHC,ST,Sweeper,-3.0,-3,84,12.5,13,0.231,0.692,0.446,30.8,30.8,15.4,0.169,0.452,0.259,22.2
"Jump, Gage",695611,ATH,SI,Sinker,-3.3,-2,56,4.1,13,0.375,0.375,0.546,27.8,7.7,14.3,0.379,0.444,0.491,28.6
"Bolton, Cody",675989,HOU,SI,Sinker,-3.2,-2,59,15.1,13,0.417,0.917,0.569,10.0,7.7,12.5,0.352,0.704,0.466,54.5
"Simpson, Josh",681006,SEA,SI,Sinker,-5.0,-3,59,38.6,13,0.417,0.917,0.569,9.1,23.1,20.0,0.248,0.589,0.376,55.6
"Hanifee, Brenan",669724,DET,SL,Slider,-1.0,-1,74,23.1,13,0.308,0.615,0.388,21.7,30.8,15.4,0.269,0.689,0.396,66.7
"Thompson, Keegan",624522,COL,SI,Sinker,-3.7,-2,44,22.6,13,0.538,0.615,0.512,14.3,15.4,33.3,0.502,0.779,0.55,54.5
"Richards, Trevor",670950,CWS,SL,Slider,2.1,2,75,8.3,13,0.154,0.231,0.165,35.3,15.4,11.1,0.182,0.365,0.229,36.4
"Thomas, Connor",671162,KC,FF,4-Seam Fastball,1.4,1,37,24.8,13,0.2,0.3,0.273,47.4,38.5,41.7,0.135,0.195,0.256,33.3
"Wicks, Jordan",696136,CHC,CH,Changeup,0.6,0,51,28.3,13,0.231,0.308,0.235,41.7,38.5,29.4,0.257,0.315,0.249,37.5
"Gerber, Joey",680702,NYM,FC,Cutter,-3.2,-2,54,41.9,12,0.333,0.75,0.45,26.3,25.0,27.3,0.274,0.403,0.291,55.6
"Jameson, Drey",686753,AZ,FF,4-Seam Fastball,-3.2,-2,51,19.2,12,0.25,0.625,0.471,22.2,16.7,16.7,0.232,0.577,0.458,33.3
"Lambert, Peter",663567,HOU,SV,Slurve,1.8,2,85,4.3,12,0.0,0.0,0.117,15.8,16.7,14.3,0.156,0.362,0.298,50.0
"Maton, Phil",664208,CHC,ST,Sweeper,-3.6,-3,83,15.2,12,0.5,1.1,0.671,32.4,8.3,8.3,0.381,0.59,0.462,66.7
"Beck, Brendan",694341,NYY,SL,Slider,-4.0,-2,47,33.8,12,0.3,1.0,0.554,50.0,25.0,15.0,0.299,0.82,0.502,57.1
"Rodríguez, Yariel",684320,TOR,FS,Split-Finger,-8.5,-4,42,24.4,12,0.417,0.75,0.496,23.5,33.3,22.2,0.329,0.629,0.404,50.0
"Lavender, Nate",681320,NYM,FF,4-Seam Fastball,4.1,2,45,61.6,12,0.083,0.167,0.104,44.0,50.0,37.5,0.074,0.149,0.095,33.3
"Mederos, Victor",682989,ATL,SI,Sinker,0.2,0,49,13.6,12,0.3,0.4,0.371,14.3,8.3,25.0,0.346,0.43,0.4,66.7
"Faucher, Calvin",676534,MIA,FF,4-Seam Fastball,2.2,2,79,8.5,12,0.1,0.1,0.192,44.0,66.7,27.6,0.075,0.087,0.177,0.0
"Sands, Cole",663485,MIN,FC,Cutter,0.9,0,49,23.4,12,0.273,0.818,0.467,32.1,41.7,41.7,0.233,0.626,0.385,66.7
"Allen, Logan",671106,CLE,FC,Cutter,1.4,1,45,25.3,12,0.273,0.364,0.313,25.0,33.3,33.3,0.302,0.641,0.422,71.4
"Bolton, Cody",675989,HOU,CU,Curveball,0.6,0,45,11.5,12,0.273,0.455,0.342,0.0,16.7,11.1,0.327,0.583,0.411,44.4
"Rainey, Tanner",663432,DET,FF,4-Seam Fastball,4.8,2,32,57.1,12,0.0,0.0,0.175,41.7,33.3,66.7,0.127,0.199,0.279,20.0
"Lee, Chase",695445,TOR,SI,Sinker,1.6,1,49,38.6,12,0.222,0.222,0.325,0.0,0.0,0.0,0.248,0.274,0.347,33.3
"Wilson, Bryse",669060,MIL,CU,Curveball,-5.2,-1,27,6.1,12,0.333,0.583,0.392,23.5,16.7,13.3,0.227,0.352,0.247,30.0
"Nardi, Andrew",677053,MIA,CH,Changeup,-3.1,-1,44,11.6,12,0.273,0.545,0.375,30.0,16.7,14.3,0.209,0.368,0.284,33.3
"Bieber, Shane",669456,TOR,SI,Sinker,2.1,1,35,4.2,12,0.2,0.2,0.267,6.3,8.3,50.0,0.253,0.326,0.328,11.1
"Bowlan, Jonathan",680742,PHI,ST,Sweeper,-1.3,-1,71,9.2,12,0.25,0.25,0.225,29.2,33.3,12.1,0.158,0.222,0.166,25.0
"Rodríguez, Elmer",695684,NYY,CH,Changeup,0.1,0,32,10.1,12,0.2,0.3,0.296,22.2,8.3,6.7,0.199,0.233,0.273,33.3
"Maxwell, Zach",687209,CIN,FC,Cutter,-1.4,-1,57,19.9,12,0.286,0.429,0.413,21.1,0.0,0.0,0.293,0.507,0.433,50.0
"Walker, Taijuan",592836,PHI,CU,Curveball,-1.6,-1,54,12.7,12,0.167,0.417,0.242,21.7,25.0,21.4,0.158,0.437,0.242,22.2
"Seymour, Carson",693313,SF,FF,4-Seam Fastball,-0.6,0,45,19.7,12,0.3,0.4,0.371,9.5,8.3,10.0,0.452,0.771,0.548,77.8
"deGrom, Jacob",594798,TEX,SI,Sinker,-5.7,-3,44,2.2,12,0.5,0.833,0.646,11.1,0.0,0.0,0.371,0.511,0.383,25.0
"Sanmartin, Reiver",665665,SF,SL,Slider,-2.9,-1,51,30.7,12,0.25,0.667,0.375,35.3,33.3,23.5,0.169,0.45,0.261,37.5
"Martin, Trevor",694680,TB,FC,Cutter,-9.2,-4,42,23.3,12,0.583,1.167,0.738,9.5,0.0,0.0,0.413,0.88,0.541,58.3
"Muñoz, Roddery",682610,HOU,SL,Slider,-7.8,-4,46,41.1,12,0.3,1.0,0.554,63.2,33.3,21.1,0.221,0.597,0.4,66.7
"Castaño, Blas",680604,COL,CH,Changeup,-0.5,0,37,10.8,12,0.333,0.417,0.329,11.1,8.3,6.7,0.266,0.316,0.254,54.5
"Shook, TJ",669298,COL,FF,4-Seam Fastball,-0.5,0,59,44.0,12,0.182,0.455,0.3,20.0,25.0,23.1,0.184,0.258,0.232,25.0
"Cook, Alex",702047,TB,FF,4-Seam Fastball,-0.7,0,52,72.2,12,0.3,0.7,0.463,13.0,0.0,0.0,0.229,0.468,0.359,50.0
"Curvelo, Luis",681168,TEX,SL,Slider,-8.4,-5,54,28.9,12,0.545,1.182,0.721,34.5,0.0,0.0,0.411,0.767,0.518,36.4
"Bruihl, Justin",677865,STL,FF,4-Seam Fastball,-5.6,-3,58,5.6,12,0.333,0.667,0.433,19.0,33.3,10.0,0.207,0.528,0.351,16.7
"Wolfram, Grant",664991,BAL,ST,Sweeper,-1.6,-1,55,8.4,12,0.182,0.182,0.208,38.9,50.0,24.0,0.08,0.127,0.139,60.0
"De los Santos, Yerry",660787,NYY,CH,Changeup,-0.5,0,50,23.0,12,0.25,0.25,0.225,19.2,33.3,16.0,0.326,0.373,0.305,37.5
"Williams, Trevor",592866,WSH,ST,Sweeper,2.7,2,72,27.3,12,0.083,0.083,0.15,38.1,41.7,23.8,0.121,0.138,0.112,28.6
"Strzelecki, Peter",657265,STL,CU,Curveball,1.5,1,54,28.6,12,0.091,0.091,0.133,22.7,16.7,9.1,0.151,0.189,0.195,33.3
"García, Luis",472610,MIN,ST,Sweeper,-2.9,-2,53,20.0,12,0.333,0.583,0.388,30.0,8.3,6.3,0.329,0.555,0.374,45.5
"Maxwell, Zach",687209,CIN,ST,Sweeper,-1.3,-1,63,22.0,12,0.182,0.455,0.245,25.0,33.3,13.3,0.157,0.298,0.24,14.3
"Anderson, Shaun",641312,LAA,ST,Sweeper,2.8,1,47,13.4,12,0.167,0.167,0.15,33.3,33.3,23.5,0.218,0.299,0.223,25.0
"Fernández, Julian",642759,WSH,FF,4-Seam Fastball,0.5,0,42,59.2,12,0.3,0.6,0.45,14.3,0.0,0.0,0.305,0.62,0.393,63.6
"Carrasco, Carlos",471911,ATL,FF,4-Seam Fastball,7.9,2,31,12.6,12,0.091,0.091,0.082,15.0,0.0,0.0,0.46,0.631,0.469,50.0
"Minter, A.J.",621345,MIN,CH,Changeup,0.9,0,44,9.8,12,0.167,0.167,0.225,14.3,16.7,11.1,0.141,0.184,0.142,30.0
"Rolison, Ryan",669020,CHC,SI,Sinker,3.3,2,72,9.2,12,0.1,0.1,0.192,25.8,25.0,33.3,0.162,0.18,0.242,0.0
"Raquet, Nick",675919,BAL,ST,Sweeper,-5.7,-2,31,41.3,12,0.273,0.636,0.404,5.9,8.3,5.9,0.339,0.541,0.402,40.0
"Cerantola, Eric",672021,KC,SL,Slider,-6.2,-3,49,40.2,12,0.3,0.6,0.433,52.9,41.7,26.3,0.144,0.18,0.234,60.0
"Tolle, Payton",801139,BOS,CH,Changeup,2.0,1,58,3.2,12,0.083,0.333,0.167,19.2,16.7,12.5,0.204,0.454,0.279,30.0
"Smith, Dylan",681916,SF,SI,Sinker,-2.0,-1,35,7.8,12,0.286,0.286,0.442,16.7,8.3,20.0,0.32,0.394,0.472,16.7
"Stewart, Brock",592779,LAD,SI,Sinker,7.8,3,33,14.5,12,0.091,0.091,0.133,17.6,0.0,0.0,0.254,0.27,0.269,36.4
"Jobe, Jackson",695549,DET,SL,Slider,0.5,0,55,23.8,12,0.3,0.3,0.373,18.5,0.0,0.0,0.38,0.417,0.413,20.0
"Thomas, Connor",671162,KC,SI,Sinker,-9.0,-3,36,24.2,12,0.5,1.1,0.675,13.3,0.0,0.0,0.283,0.749,0.476,60.0
"Strahm, Matt",621381,KC,FC,Cutter,-2.2,-1,46,7.3,12,0.3,0.6,0.433,28.6,8.3,50.0,0.352,0.682,0.478,33.3
"Waldrep, Hurston",694462,ATL,FS,Split-Finger,-2.7,-1,41,19.1,12,0.2,0.5,0.358,31.3,16.7,10.5,0.231,0.443,0.354,12.5
"Matthews, Zebby",805673,MIN,SI,Sinker,-2.2,-2,68,4.3,12,0.4,0.8,0.586,19.2,8.3,12.5,0.347,0.643,0.47,55.6
"Leiter Jr., Mark",643410,ATH,FC,Cutter,-3.0,-2,51,9.3,12,0.556,0.556,0.55,25.0,16.7,40.0,0.411,0.532,0.484,57.1
"Bellozo, Valente",678368,COL,FC,Cutter,-4.8,-2,40,23.5,12,0.4,1.0,0.6,35.0,16.7,25.0,0.364,0.953,0.574,50.0
"Payamps, Joel",606303,ATL,FF,4-Seam Fastball,2.2,1,61,40.4,12,0.091,0.273,0.192,34.5,41.7,25.0,0.118,0.386,0.247,50.0
"Bratt, Mitch",683352,AZ,SI,Sinker,-1.1,-1,52,8.6,12,0.25,0.75,0.408,0.0,0.0,0.0,0.179,0.371,0.231,33.3
"Whisenhunt, Carson",687931,SF,SI,Sinker,1.1,0,44,7.7,12,0.364,0.364,0.358,6.7,8.3,33.3,0.28,0.373,0.319,40.0
"Peralta, Sammy",671111,LAA,SI,Sinker,-2.8,-1,35,35.7,11,0.5,0.625,0.55,20.0,27.3,75.0,0.421,0.537,0.491,40.0
"Raya, Marco",694397,MIN,FF,4-Seam Fastball,0.7,0,45,45.0,11,0.222,0.556,0.391,15.0,9.1,12.5,0.303,0.559,0.426,37.5
"Karinchak, James",675916,ATL,CU,Curveball,0.5,0,64,39.5,11,0.1,0.4,0.245,31.6,18.2,14.3,0.108,0.293,0.217,12.5
"Hernández, Elieser",622694,ATL,FF,4-Seam Fastball,-0.5,0,40,36.4,11,0.182,0.455,0.264,16.7,18.2,16.7,0.137,0.275,0.173,44.4
"Jacob, Alek",689690,SD,FF,4-Seam Fastball,-3.2,-1,37,42.5,11,0.333,0.778,0.505,26.3,18.2,25.0,0.153,0.406,0.318,42.9
"Suarez, Robert",663158,ATL,SI,Sinker,4.0,1,28,6.0,11,0.182,0.182,0.245,0.0,0.0,,0.384,0.432,0.356,36.4
"Funderburk, Kody",681892,MIN,CH,Changeup,-4.5,-2,34,5.1,11,0.556,0.556,0.473,7.1,0.0,0.0,0.395,0.54,0.403,60.0
"Cosgrove, Tom",676680,WSH,FF,4-Seam Fastball,0.5,0,44,24.4,11,0.273,0.545,0.345,13.6,18.2,15.4,0.178,0.335,0.218,44.4
"Kent, Zak",687849,WSH,CU,Curveball,-1.6,-1,48,18.5,11,0.273,0.364,0.277,31.8,27.3,13.6,0.305,0.395,0.304,37.5
"Duran, Jhoan",661395,PHI,CH,Changeup,3.5,1,41,5.6,11,0.0,0.0,0.0,12.5,45.5,23.8,0.025,0.034,0.026,0.0
"Carrasco, Carlos",471911,ATL,FC,Cutter,-5.6,-2,38,15.4,11,0.5,0.875,0.618,10.0,0.0,0.0,0.412,0.692,0.532,25.0
"Schultz, Paxton",687606,WSH,SL,Slider,-4.7,-2,44,7.2,11,0.455,0.636,0.473,23.5,9.1,5.6,0.452,0.658,0.477,40.0
"Kent, Jackson",800600,WSH,CH,Changeup,-1.4,0,34,21.0,11,0.111,0.444,0.309,37.5,36.4,26.7,0.244,0.526,0.394,60.0
"Little, Brendon",663893,TOR,FF,4-Seam Fastball,-3.5,-1,36,10.6,11,0.429,0.714,0.564,33.3,27.3,30.0,0.232,0.311,0.405,25.0
"Macko, Adam",671936,TOR,CH,Changeup,2.0,1,51,12.8,11,0.091,0.091,0.082,44.4,45.5,27.8,0.119,0.148,0.115,16.7
"Walker, Taijuan",592836,PHI,FF,4-Seam Fastball,-14.9,-6,42,9.9,11,0.571,1.571,0.814,0.0,9.1,6.7,0.483,1.13,0.685,66.7
"Shuster, Jared",694363,STL,CH,Changeup,-4.9,-2,34,20.5,11,0.333,0.333,0.373,36.4,18.2,20.0,0.244,0.264,0.308,14.3
"Murphy, Luke",684665,LAA,FC,Cutter,3.2,1,34,23.0,11,0.0,0.0,0.191,13.3,0.0,0.0,0.063,0.074,0.232,0.0
"Tong, Jonah",804636,NYM,CH,Changeup,2.7,1,52,27.8,11,0.091,0.091,0.09,30.0,36.4,17.4,0.102,0.184,0.121,57.1
"Sims, Lucas",608371,CWS,SL,Slider,-1.9,-1,41,24.0,11,0.5,0.5,0.43,27.8,18.2,18.2,0.244,0.262,0.276,12.5
"Curry, Xzavion",675540,NYM,FS,Split-Finger,0.7,0,39,16.2,11,0.2,0.2,0.227,44.4,27.3,30.0,0.108,0.138,0.159,14.3
"Edwards Jr., Carl",605218,NYM,FF,4-Seam Fastball,3.6,2,53,53.5,11,0.111,0.111,0.209,57.1,45.5,55.6,0.142,0.173,0.239,25.0
"Voth, Austin",608723,MIN,ST,Sweeper,1.2,0,40,18.7,11,0.273,0.273,0.245,14.3,0.0,0.0,0.243,0.367,0.263,27.3
"Brebbia, John",605154,COL,SL,Slider,-4.1,-2,45,47.9,11,0.364,0.636,0.591,10.3,9.1,6.7,0.353,0.655,0.426,40.0
"Barnett, Mason",686930,ATH,CH,Changeup,-0.3,0,52,7.0,11,0.182,0.455,0.264,36.8,27.3,25.0,0.145,0.309,0.191,25.0
"Basso, Brady",669620,ATH,FC,Cutter,-1.3,0,35,9.8,11,0.4,0.7,0.423,15.0,0.0,0.0,0.435,0.692,0.552,72.7
"Perkins, Jack",678022,ATH,SL,Slider,3.3,1,41,2.8,11,0.091,0.182,0.114,33.3,36.4,23.5,0.187,0.229,0.182,28.6
"Kikuchi, Yusei",579328,LAA,CU,Curveball,3.8,2,50,8.8,11,0.125,0.125,0.145,23.8,9.1,14.3,0.291,0.333,0.31,33.3
"McLean, Nolan",690997,NYM,SL,Slider,1.4,1,60,2.5,11,0.0,0.0,0.191,40.0,27.3,21.4,0.025,0.032,0.209,0.0
"Castaño, Blas",680604,COL,FC,Cutter,-8.5,-4,51,14.9,11,0.75,1.875,0.914,20.8,9.1,11.1,0.577,1.3,0.699,75.0
"Hughes, Gabriel",687312,COL,ST,Sweeper,-0.7,0,49,7.7,11,0.3,0.4,0.341,18.2,18.2,9.5,0.213,0.272,0.254,25.0
"Newcomb, Sean",656794,CWS,CH,Changeup,-2.1,-1,30,2.7,11,0.273,0.455,0.391,5.9,0.0,0.0,0.343,0.488,0.358,36.4
"Gil, Luis",661563,NYY,CH,Changeup,0.5,0,69,20.5,11,0.091,0.364,0.182,32.0,27.3,14.3,0.153,0.443,0.242,25.0
"Bennett, Jake",687562,BOS,CU,Curveball,-2.0,-1,40,3.5,11,0.222,0.222,0.291,17.6,18.2,9.5,0.273,0.6,0.426,28.6
"Snelling, Robby",702281,MIA,CU,Curveball,-4.2,-1,29,33.7,11,0.333,0.444,0.405,31.3,9.1,7.1,0.259,0.37,0.348,62.5
"Garrett, Braxton",666129,MIA,SI,Sinker,-5.6,-2,37,28.7,11,0.5,0.75,0.582,17.6,18.2,28.6,0.378,0.679,0.517,50.0
"Harris, Hogan",663687,ATH,SL,Slider,-0.4,0,81,7.5,11,0.2,0.2,0.227,30.8,18.2,9.1,0.151,0.159,0.189,0.0
"Kelly, Michael",547184,ATH,ST,Sweeper,-4.7,-2,50,41.3,11,0.444,0.889,0.586,28.0,0.0,0.0,0.377,0.509,0.444,44.4
"Curvelo, Luis",681168,TEX,SI,Sinker,-9.3,-4,38,20.3,11,0.6,1.1,0.718,13.6,9.1,20.0,0.499,0.863,0.59,77.8
"Basso, Brady",669620,ATH,CU,Curveball,-0.8,-1,67,18.8,11,0.2,0.2,0.227,37.5,36.4,22.2,0.231,0.268,0.26,33.3
"Quantrill, Cal",615698,TEX,CU,Curveball,2.0,1,54,4.4,11,0.182,0.182,0.164,8.7,9.1,11.1,0.229,0.336,0.246,20.0
"Dobnak, Randy",677976,KC,SL,Slider,-1.0,0,32,4.5,11,0.3,0.3,0.309,31.6,27.3,17.6,0.307,0.366,0.328,42.9
"Falter, Bailey",663559,KC,SL,Slider,-9.8,-4,41,22.8,11,0.455,0.727,0.509,26.3,18.2,18.2,0.251,0.466,0.304,44.4
"Shook, TJ",669298,COL,ST,Sweeper,-7.2,-2,31,23.1,11,0.364,0.818,0.491,17.6,9.1,12.5,0.326,0.733,0.444,50.0
"Ross, Joe",605452,TEX,SI,Sinker,-4.2,-2,50,24.4,11,0.556,1.0,0.668,16.0,0.0,0.0,0.389,0.597,0.473,44.4
"Lugo, Seth",607625,KC,SV,Slurve,-4.1,-1,36,1.5,11,0.5,0.6,0.505,18.8,9.1,10.0,0.308,0.387,0.336,22.2
"Sullivan, Sean",807743,COL,FC,Cutter,1.4,1,62,15.0,11,0.111,0.222,0.177,19.4,18.2,15.4,0.135,0.233,0.205,25.0
"Gonzalez, Domingo",682445,SEA,SL,Slider,0.4,0,46,35.7,11,0.2,0.2,0.227,35.0,18.2,28.6,0.32,0.602,0.417,62.5
"Davila, Nick",689546,SEA,FF,4-Seam Fastball,-6.1,-3,47,11.2,11,0.5,0.833,0.627,23.8,9.1,7.1,0.337,0.491,0.512,60.0
"Vanasco, Ricky",676568,DET,CH,Changeup,0.3,0,44,25.9,11,0.273,0.364,0.277,29.2,18.2,11.8,0.323,0.431,0.325,33.3
"Cabrera, Jose",703615,AZ,SI,Sinker,-9.6,-3,26,9.3,11,0.444,0.778,0.555,25.0,9.1,100.0,0.302,0.534,0.416,50.0
"Bolton, Cody",675989,HOU,ST,Sweeper,-0.2,0,41,10.5,11,0.222,0.444,0.291,30.0,27.3,20.0,0.111,0.173,0.196,42.9
"Kimbrel, Craig",518886,KC,CU,Curveball,-0.9,-1,56,9.0,11,0.3,0.4,0.341,5.3,9.1,7.1,0.296,0.399,0.337,44.4
"Okert, Steven",595345,HOU,SI,Sinker,3.4,2,51,5.3,11,0.1,0.2,0.177,6.3,0.0,0.0,0.343,0.431,0.373,20.0
"Baumler, Carter",691945,TEX,FF,4-Seam Fastball,-6.7,-3,39,33.3,11,0.286,0.714,0.518,16.7,9.1,10.0,0.237,0.585,0.472,66.7
"Roa, Christian",685005,HOU,FF,4-Seam Fastball,-0.4,0,45,25.3,11,0.125,0.5,0.373,33.3,18.2,16.7,0.255,0.631,0.46,66.7
"Cecconi, Slade",677944,CLE,CH,Changeup,-5.0,-2,41,2.2,11,0.455,0.455,0.409,27.8,27.3,15.8,0.322,0.366,0.302,37.5
"Greene, Hunter",668881,CIN,SI,Sinker,-5.3,-1,28,6.1,11,0.545,0.636,0.523,14.3,0.0,0.0,0.541,0.616,0.504,27.3
"Loáisiga, Jonathan",642528,AZ,FC,Cutter,2.9,1,42,5.5,11,0.273,0.364,0.277,23.1,9.1,12.5,0.33,0.374,0.307,30.0
"VanWey, Logan",701121,HOU,FF,4-Seam Fastball,4.6,2,40,50.0,11,0.2,0.2,0.18,34.8,36.4,30.8,0.123,0.144,0.118,42.9
"Heuer, Codi",676051,CLE,SL,Slider,-4.9,-3,61,32.3,11,0.5,0.75,0.6,26.3,0.0,0.0,0.356,0.443,0.399,55.6
"Javier, Cristian",664299,HOU,FC,Cutter,5.7,2,39,6.0,11,0.2,0.2,0.164,14.8,0.0,0.0,0.321,0.472,0.343,45.5
"Nelson, Ryne",669194,AZ,SI,Sinker,-3.2,-2,48,3.7,11,0.364,1.0,0.559,21.4,0.0,0.0,0.268,0.745,0.418,45.5
"Allard, Kolby",663465,CLE,FC,Cutter,-0.2,0,40,22.6,11,0.364,0.636,0.423,30.0,27.3,30.0,0.31,0.537,0.358,37.5
"Casparius, Ben",676508,LAD,FF,4-Seam Fastball,-1.7,-1,41,41.4,11,0.375,0.375,0.436,43.8,18.2,22.2,0.414,0.689,0.532,33.3
"Martinez, Nick",607259,TB,CU,Curveball,-1.1,-1,103,5.2,11,0.364,0.545,0.391,16.7,0.0,0.0,0.371,0.725,0.463,18.2
"Peguero, Joel",666711,SF,SL,Slider,-7.3,-3,39,23.1,11,0.4,0.6,0.536,20.0,9.1,6.3,0.159,0.193,0.203,0.0
"Stewart, Brock",592779,LAD,ST,Sweeper,0.7,0,56,24.6,11,0.182,0.182,0.164,30.0,18.2,9.1,0.248,0.329,0.247,22.2
"Saucedo, Tayler",642048,LAA,SI,Sinker,-3.0,-1,32,19.9,11,0.444,0.444,0.455,33.3,18.2,33.3,0.319,0.362,0.371,42.9
"Kelly, Zack",677161,BOS,FF,4-Seam Fastball,-2.3,-1,39,13.8,11,0.143,0.143,0.39,18.2,36.4,17.4,0.096,0.105,0.272,25.0
"Kahnle, Tommy",592454,BOS,FF,4-Seam Fastball,0.0,0,51,30.4,11,0.125,0.25,0.305,12.0,0.0,0.0,0.307,0.393,0.412,50.0
"Burgos, Raymond",670103,BOS,FC,Cutter,3.8,1,26,21.8,11,0.1,0.4,0.245,0.0,0.0,0.0,0.249,0.588,0.377,20.0
"Coulombe, Danny",543056,BOS,FF,4-Seam Fastball,-1.5,-1,38,9.9,11,0.286,0.286,0.418,6.3,0.0,0.0,0.324,0.365,0.446,0.0
"Beck, Tristan",663941,SF,SL,Slider,2.6,1,40,16.2,11,0.3,0.3,0.27,26.1,9.1,12.5,0.197,0.283,0.209,30.0
"Fitzpatrick, Brian",702153,MIL,CH,Changeup,0.6,0,36,33.0,11,0.182,0.182,0.245,15.0,18.2,13.3,0.194,0.215,0.179,0.0
"Bassitt, Chris",605135,BAL,CH,Changeup,-1.7,-1,64,5.5,11,0.4,0.5,0.423,26.3,0.0,0.0,0.367,0.557,0.426,70.0
"Dion, Will",702021,WSH,FC,Cutter,-6.9,-3,37,8.6,10,0.556,0.778,0.59,16.7,0.0,0.0,0.466,0.587,0.483,22.2
"Severino, Luis",622663,ATH,CH,Changeup,0.6,0,59,5.4,10,0.1,0.3,0.16,30.0,30.0,33.3,0.139,0.334,0.195,28.6
"Anderson, Jack",681252,MIN,ST,Sweeper,2.7,1,28,15.6,10,0.2,0.2,0.18,27.8,20.0,20.0,0.17,0.213,0.17,0.0
"Cuas, Jose",621016,KC,ST,Sweeper,0.1,0,55,25.1,10,0.3,0.3,0.27,36.4,40.0,26.7,0.344,0.374,0.316,0.0
"France, J.P.",641585,HOU,FF,4-Seam Fastball,-3.0,-1,26,22.2,10,0.333,0.333,0.46,0.0,10.0,12.5,0.182,0.388,0.426,40.0
"Gamboa, Alec",687941,BOS,SI,Sinker,6.1,2,31,12.4,10,0.1,0.1,0.09,14.3,30.0,30.0,0.089,0.096,0.081,42.9
"Simpson, Josh",681006,SEA,CU,Curveball,-1.9,-1,39,25.5,10,0.333,0.667,0.45,26.3,40.0,22.2,0.211,0.569,0.361,40.0
"Smith, Shane",681343,CWS,CH,Changeup,-5.2,-2,41,18.2,10,0.5,0.8,0.555,28.6,20.0,13.3,0.28,0.334,0.267,37.5
"Foley, Jason",671345,SF,SL,Slider,-0.6,0,38,25.2,10,0.2,0.6,0.325,27.8,10.0,11.1,0.258,0.492,0.319,33.3
"Rodríguez, Elmer",695684,NYY,ST,Sweeper,0.9,0,52,16.4,10,0.2,0.2,0.18,50.0,30.0,25.0,0.249,0.274,0.231,14.3
"Singer, Brady",663903,CIN,FF,4-Seam Fastball,-7.1,-4,54,2.5,10,0.4,0.7,0.47,13.0,20.0,12.5,0.381,0.75,0.474,50.0
"Martin, Chris",455119,TEX,FS,Split-Finger,-19.0,-5,24,9.7,10,0.6,1.2,0.755,0.0,10.0,8.3,0.499,0.864,0.58,33.3
"Van Eyk, CJ",669310,TOR,FC,Cutter,-12.8,-4,29,22.7,10,0.556,1.111,0.7,5.0,0.0,0.0,0.456,0.779,0.544,55.6
"Mushinski, Parker",656786,COL,FF,4-Seam Fastball,-9.8,-3,27,19.4,10,0.667,0.833,0.675,0.0,0.0,0.0,0.506,0.936,0.648,66.7
"Emanuel, Kent",592288,CIN,SI,Sinker,0.3,0,27,28.1,10,0.25,0.375,0.355,0.0,0.0,0.0,0.236,0.301,0.327,50.0
"Mathews, Quinn",687273,STL,SL,Slider,-3.2,-1,38,19.8,10,0.375,0.75,0.52,25.0,30.0,14.3,0.158,0.324,0.302,40.0
"Laweryson, Cody",689520,MIN,CH,Changeup,-3.1,-1,43,14.5,10,0.333,0.667,0.45,10.0,10.0,6.7,0.364,0.661,0.464,62.5
"Knack, Landon",689017,LAD,SL,Slider,-5.5,-1,22,17.5,10,0.25,0.75,0.465,16.7,20.0,22.2,0.159,0.42,0.334,33.3
"Vivas, Jorbit",678391,WSH,CU,Curveball,-18.9,-4,22,57.9,10,0.7,1.3,0.845,0.0,0.0,,0.504,1.16,0.695,50.0
"Morales, Luis",806960,ATH,SI,Sinker,0.9,0,39,11.3,10,0.3,0.3,0.27,17.6,20.0,28.6,0.266,0.313,0.256,25.0
"Rasmussen, Drew",656876,TB,CU,Curveball,2.7,2,80,3.8,10,0.0,0.0,0.0,26.3,30.0,27.3,0.185,0.453,0.267,28.6
"Carrillo, Gerardo",672629,AZ,SI,Sinker,3.4,2,45,21.7,10,0.125,0.125,0.23,11.8,0.0,0.0,0.161,0.365,0.316,25.0
"Henriquez, Edgardo",683618,LAD,CU,Curveball,-2.8,-1,41,5.1,10,0.143,0.286,0.335,30.0,20.0,14.3,0.111,0.115,0.28,0.0
"Yoho, Craig",684974,CLE,FC,Cutter,-2.4,-1,55,12.9,10,0.333,0.778,0.485,30.8,0.0,0.0,0.299,0.635,0.424,22.2
"Iglesias, Raisel",628452,ATL,SL,Slider,2.8,1,42,5.9,10,0.0,0.0,0.07,35.3,40.0,18.2,0.075,0.231,0.183,60.0
"Hartlieb, Geoff",664129,ATH,SI,Sinker,-5.9,-2,34,15.7,10,0.556,0.889,0.625,36.8,0.0,0.0,0.227,0.355,0.294,44.4
"Burgos, Raymond",670103,BOS,SI,Sinker,5.6,2,42,35.3,10,0.1,0.1,0.09,4.0,10.0,11.1,0.134,0.158,0.127,44.4
"Rodríguez, Yariel",684320,TOR,SI,Sinker,-2.9,-1,26,15.1,10,0.167,0.167,0.46,10.0,0.0,0.0,0.231,0.253,0.407,16.7
"Schweitzer, Tyler",805326,CWS,CH,Changeup,0.1,0,40,10.3,10,0.222,0.222,0.25,18.2,10.0,5.3,0.201,0.228,0.24,25.0
"Fermin, José",820862,LAA,FF,4-Seam Fastball,-7.8,-4,45,6.0,10,0.4,1.2,0.675,15.0,10.0,6.7,0.409,0.848,0.614,75.0
"Holderman, Colin",670059,CLE,FF,4-Seam Fastball,-2.5,-1,34,4.4,10,0.25,0.25,0.32,33.3,50.0,18.5,0.168,0.245,0.282,66.7
"Crow, Coleman",689441,MIL,ST,Sweeper,-1.3,0,23,7.8,10,0.2,0.3,0.305,6.7,0.0,0.0,0.269,0.317,0.257,20.0
"Hoffman, Nolan",676510,PHI,FF,4-Seam Fastball,-0.5,0,28,34.1,10,0.429,0.429,0.41,7.7,10.0,10.0,0.288,0.318,0.354,28.6
"Saucedo, Tayler",642048,LAA,ST,Sweeper,5.9,2,36,22.4,10,0.1,0.1,0.09,44.4,40.0,28.6,0.1,0.235,0.139,33.3
"Gilbert, Tyler",656457,CWS,SI,Sinker,-7.6,-3,34,36.2,10,0.5,1.0,0.645,5.6,10.0,10.0,0.417,0.808,0.555,42.9
"Pearson, Nate",663878,KC,CU,Curveball,3.2,2,53,10.9,10,0.0,0.0,0.0,53.3,70.0,36.8,0.059,0.147,0.085,33.3
"Barnes, Charlie",656212,LAD,SL,Slider,-4.4,-2,42,20.9,10,0.333,0.778,0.485,35.3,30.0,21.4,0.339,0.722,0.468,33.3
"Irvin, Cole",608344,LAD,FC,Cutter,-8.0,-2,29,28.4,10,0.6,0.8,0.61,11.1,10.0,16.7,0.412,0.523,0.406,55.6
"Heuer, Codi",676051,CLE,CH,Changeup,1.8,1,46,24.3,10,0.0,0.0,0.21,57.9,40.0,26.7,0.063,0.068,0.25,33.3
"Díaz, Yilber",700270,DET,FF,4-Seam Fastball,-8.4,-3,40,54.1,10,0.667,1.222,0.79,16.7,10.0,6.7,0.453,0.985,0.614,37.5
"Santos, Gregory",666619,SF,SI,Sinker,2.1,1,29,33.7,10,0.222,0.333,0.285,12.5,0.0,0.0,0.397,0.512,0.424,66.7
"Curry, Xzavion",675540,NYM,CU,Curveball,-8.3,-2,28,11.6,10,0.3,1.0,0.525,0.0,0.0,0.0,0.301,0.659,0.406,40.0
"Grove, Michael",675627,TB,SL,Slider,4.6,2,34,38.2,10,0.111,0.111,0.09,44.4,40.0,22.2,0.162,0.221,0.215,33.3
"Spence, Mitch",687765,KC,SI,Sinker,-5.4,-2,34,17.0,10,0.444,0.778,0.535,0.0,0.0,0.0,0.292,0.384,0.335,44.4
"Suarez, Robert",663158,ATL,FC,Cutter,-0.2,0,69,14.8,10,0.5,0.5,0.45,23.3,0.0,0.0,0.467,0.559,0.448,20.0
"Heasley, Jonathan",669169,TB,FF,4-Seam Fastball,-4.9,-1,25,39.1,10,0.4,0.9,0.54,5.3,10.0,25.0,0.392,0.846,0.521,66.7
"Fulton, Dax",690978,MIA,SL,Slider,1.5,1,40,16.7,10,0.2,0.4,0.25,23.5,20.0,18.2,0.187,0.392,0.245,37.5
"Hurt, Kyle",669165,LAD,SL,Slider,-1.6,-1,59,9.1,10,0.444,0.556,0.465,38.1,0.0,0.0,0.287,0.375,0.328,33.3
"Hernández, Elieser",622694,ATL,CH,Changeup,-0.7,0,38,34.5,10,0.25,0.25,0.32,41.2,40.0,22.2,0.107,0.124,0.219,0.0
"Santa, Alimber",695001,HOU,SI,Sinker,0.1,0,56,23.5,10,0.111,0.111,0.34,8.7,0.0,0.0,0.191,0.205,0.229,22.2
"Bellozo, Valente",678368,COL,FF,4-Seam Fastball,0.5,0,36,21.2,10,0.222,0.556,0.36,15.8,10.0,9.1,0.433,0.902,0.573,87.5
"Hoffmann, Andrew",694851,AZ,CH,Changeup,-1.6,-1,64,27.9,10,0.333,0.444,0.375,28.0,30.0,14.3,0.326,0.359,0.339,33.3
"Bennett, Jake",687562,BOS,FC,Cutter,1.4,1,48,4.2,10,0.333,0.333,0.34,36.0,0.0,0.0,0.234,0.328,0.288,44.4
"Fulton, Dax",690978,MIA,ST,Sweeper,0.4,0,90,37.7,10,0.111,0.111,0.16,34.3,30.0,10.0,0.165,0.185,0.21,16.7
"Snell, Blake",605483,LAD,CH,Changeup,-0.8,0,40,15.9,10,0.444,0.556,0.395,48.1,10.0,12.5,0.401,0.533,0.369,11.1
"Pivetta, Nick",601713,SD,ST,Sweeper,3.9,1,35,12.4,10,0.1,0.1,0.09,40.9,60.0,30.0,0.1,0.122,0.094,50.0
"Roa, Christian",685005,HOU,SL,Slider,1.2,1,62,34.8,10,0.111,0.111,0.16,35.7,40.0,14.3,0.19,0.321,0.266,100.0
"Gonzalez, Domingo",682445,SEA,FF,4-Seam Fastball,-2.4,-1,50,38.8,10,0.286,0.857,0.535,17.4,20.0,15.4,0.262,0.569,0.453,60.0
"Spence, Mitch",687765,KC,SL,Slider,-9.2,-4,40,20.0,10,0.571,1.143,0.715,30.8,10.0,12.5,0.26,0.298,0.382,33.3
"Lucchesi, Joey",664192,LAA,SI,Sinker,-1.9,-1,57,51.4,10,0.375,0.75,0.52,4.2,20.0,12.5,0.311,0.579,0.443,83.3
"Santana, Dennis",642701,AZ,FC,Cutter,1.3,1,54,7.6,10,0.333,0.333,0.34,19.2,10.0,16.7,0.282,0.431,0.345,50.0
"Brito, Jhony",666745,SD,CH,Changeup,5.8,1,23,29.5,10,0.1,0.2,0.125,30.0,20.0,14.3,0.179,0.215,0.172,12.5
"Ferguson, Tyler",621053,CHC,SI,Sinker,1.2,0,23,9.0,10,0.25,0.25,0.32,14.3,20.0,33.3,0.199,0.237,0.292,0.0
"Drake, Kohl",684442,AZ,CH,Changeup,2.5,1,56,17.2,10,0.1,0.1,0.09,40.0,40.0,25.0,0.211,0.234,0.196,16.7
"Mushinski, Parker",656786,COL,ST,Sweeper,1.9,1,40,28.8,10,0.1,0.2,0.215,13.6,0.0,0.0,0.105,0.14,0.105,10.0
"Bernardino, Brennan",657514,COL,FF,4-Seam Fastball,-2.0,-1,45,5.5,10,0.375,0.5,0.445,11.1,20.0,8.7,0.332,0.363,0.384,0.0
"Foley, Jason",671345,SF,FS,Split-Finger,1.3,0,25,16.6,10,0.143,0.429,0.3,23.1,10.0,16.7,0.161,0.272,0.278,14.3
"Rodriguez, Carlos",692230,MIL,FC,Cutter,3.8,2,49,26.9,10,0.2,0.2,0.18,20.0,0.0,0.0,0.208,0.305,0.217,10.0
"Adam, Jason",592094,SD,ST,Sweeper,-0.3,0,38,6.9,10,0.222,0.222,0.25,17.6,30.0,15.8,0.197,0.394,0.296,33.3
"Koenig, Jared",657649,MIL,FC,Cutter,-7.0,-3,43,26.7,9,0.625,1.25,0.778,20.0,11.1,12.5,0.421,0.856,0.553,57.1
"Brash, Matt",666374,SEA,CH,Changeup,5.0,2,35,13.4,9,0.111,0.111,0.1,27.8,0.0,0.0,0.423,0.51,0.402,22.2
"Klassen, George",691946,LAA,SI,Sinker,-0.9,0,33,8.2,9,0.0,0.0,0.389,16.7,0.0,0.0,0.288,0.395,0.52,75.0
"Garrett, Braxton",666129,MIA,ST,Sweeper,-0.9,0,26,20.2,9,0.25,0.5,0.4,23.1,22.2,22.2,0.121,0.155,0.191,16.7
"Vodnik, Victor",680767,MIA,FC,Cutter,1.3,0,14,1.8,9,0.222,0.667,0.361,20.0,11.1,100.0,0.218,0.394,0.257,37.5
"Muñoz, Roddery",682610,HOU,FF,4-Seam Fastball,-6.5,-2,29,25.9,9,0.333,1.0,0.594,27.3,22.2,25.0,0.404,0.596,0.521,100.0
"Way, Beck",694360,KC,ST,Sweeper,-0.1,0,61,15.7,9,0.222,0.222,0.2,30.4,44.4,11.4,0.118,0.16,0.122,0.0
"Irvin, Cole",608344,LAD,SI,Sinker,-0.8,0,23,22.5,9,0.167,0.167,0.433,25.0,22.2,50.0,0.227,0.514,0.441,75.0
"Gonzales, Marco",594835,TEX,CH,Changeup,-6.4,-2,25,21.2,9,0.444,0.556,0.439,0.0,0.0,0.0,0.276,0.385,0.284,22.2
"Blubaugh, AJ",805123,HOU,FC,Cutter,0.2,0,64,4.8,9,0.25,0.25,0.278,48.0,0.0,0.0,0.259,0.43,0.339,12.5
"Vanasco, Ricky",676568,DET,CU,Curveball,-9.8,-4,39,22.9,9,0.571,0.857,0.733,18.2,0.0,0.0,0.336,0.714,0.499,42.9
"Espino, Daniel",682982,CLE,SL,Slider,-3.1,-1,29,24.2,9,0.333,0.667,0.422,20.0,11.1,14.3,0.335,0.393,0.316,50.0
"Kelly, Antwone",699008,PIT,ST,Sweeper,-2.4,-1,33,26.8,9,0.25,0.625,0.4,15.8,22.2,11.8,0.248,0.464,0.347,16.7
"Sandlin, David",689818,CWS,CH,Changeup,1.4,0,27,6.6,9,0.111,0.333,0.178,30.8,33.3,17.6,0.224,0.302,0.227,33.3
"Drake, Kohl",684442,AZ,FC,Cutter,-5.1,-2,41,12.6,9,0.571,0.714,0.594,29.4,0.0,0.0,0.552,0.74,0.592,42.9
"Abbott, Andrew",671096,CIN,FC,Cutter,-0.1,0,64,2.7,9,0.375,0.75,0.5,36.8,11.1,25.0,0.287,0.573,0.402,28.6
"Molina, Anthony",683627,ATL,FF,4-Seam Fastball,-5.7,-2,32,36.4,9,0.375,0.75,0.5,0.0,0.0,0.0,0.378,0.844,0.536,37.5
"Sands, Cole",663485,MIN,CU,Curveball,-2.3,-1,27,12.9,9,0.333,0.333,0.3,41.7,44.4,26.7,0.236,0.266,0.221,40.0
"Bummer, Aaron",607481,KC,FC,Cutter,5.1,2,33,10.1,9,0.0,0.0,0.156,20.0,0.0,0.0,0.089,0.289,0.268,28.6
"Phillips, Evan",623465,LAD,FC,Cutter,-3.3,-1,29,12.4,9,0.556,0.667,0.539,10.0,0.0,0.0,0.43,0.569,0.435,11.1
"McGee, Easton",668834,KC,CU,Curveball,-1.4,0,25,21.0,9,0.25,0.375,0.317,25.0,33.3,30.0,0.268,0.426,0.344,80.0
"Springs, Jeffrey",605488,ATH,FC,Cutter,0.6,0,35,1.8,9,0.125,0.125,0.178,8.3,22.2,13.3,0.124,0.152,0.185,0.0
"Smith, Hagen",696146,CWS,FF,4-Seam Fastball,2.2,1,43,46.2,9,0.0,0.0,0.233,33.3,33.3,25.0,0.239,0.267,0.382,100.0
"Duarte, Daniel",650960,NYM,FF,4-Seam Fastball,2.5,1,45,14.4,9,0.0,0.0,0.0,21.1,44.4,18.2,0.106,0.164,0.116,20.0
"Topa, Justin",623437,MIN,ST,Sweeper,-6.6,-4,60,16.7,9,0.444,1.222,0.683,5.9,11.1,4.5,0.399,1.109,0.625,37.5
"Newcomb, Sean",656794,CWS,CU,Curveball,3.5,1,26,2.4,9,0.0,0.0,0.078,15.4,22.2,10.5,0.069,0.075,0.134,33.3
"Edwards Jr., Carl",605218,NYM,CU,Curveball,-5.4,-2,30,30.3,9,0.25,0.625,0.4,38.5,33.3,33.3,0.178,0.344,0.273,40.0
"Tur, Yunior",814305,ATH,FF,4-Seam Fastball,-13.1,-5,35,29.2,9,0.714,1.714,0.939,7.1,0.0,0.0,0.625,1.552,0.863,42.9
"Thompson, Ryan",657044,AZ,FF,4-Seam Fastball,-7.6,-2,28,4.3,9,0.375,0.875,0.539,18.2,33.3,20.0,0.377,0.795,0.512,60.0
"Kelly, Michael",547184,ATH,FF,4-Seam Fastball,-6.7,-2,27,22.3,9,0.429,1.0,0.611,33.3,44.4,30.8,0.21,0.562,0.404,66.7
"Gordon, Colton",676467,HOU,ST,Sweeper,-3.7,-2,60,29.7,9,0.75,1.25,0.761,11.1,11.1,4.3,0.362,0.664,0.442,25.0
"Criswell, Jeff",676105,COL,SL,Slider,-2.5,-1,37,46.8,9,0.25,0.625,0.4,33.3,11.1,7.7,0.344,0.705,0.469,28.6
"Tur, Yunior",814305,ATH,FC,Cutter,-2.7,-1,36,30.0,9,0.286,0.714,0.478,47.4,11.1,20.0,0.306,0.768,0.498,33.3
"Estrada, Lazaro",681751,TOR,CU,Curveball,5.2,2,37,16.2,9,0.0,0.0,0.0,28.6,22.2,20.0,0.109,0.255,0.152,42.9
"Henderson, Logan",701656,MIL,ST,Sweeper,-1.4,0,32,3.4,9,0.222,0.333,0.239,20.0,44.4,19.0,0.249,0.484,0.309,40.0
"McDermott, Chayce",694646,NYM,FC,Cutter,-1.4,-1,45,42.1,9,0.286,1.0,0.538,31.8,11.1,20.0,0.249,0.448,0.342,14.3
"Dollander, Chase",801403,COL,CU,Curveball,-1.4,-1,59,7.9,9,0.286,0.286,0.278,45.0,44.4,28.6,0.23,0.271,0.251,50.0
"Hicks, Jordan",663855,CWS,FS,Split-Finger,1.9,0,21,3.2,9,0.222,0.222,0.2,50.0,55.6,38.5,0.17,0.189,0.157,50.0
"Abel, Mick",690953,MIN,ST,Sweeper,0.6,0,38,10.6,9,0.125,0.125,0.178,29.4,11.1,5.9,0.17,0.272,0.247,14.3
"Banks, Tanner",621383,PHI,CH,Changeup,-2.0,-1,27,4.9,9,0.25,0.625,0.322,36.4,33.3,15.0,0.252,0.538,0.298,33.3
"Mills, Wyatt",670090,LAD,SL,Slider,4.1,2,44,29.5,9,0.0,0.0,0.156,20.0,11.1,20.0,0.069,0.127,0.219,16.7
"Pintaro, Jonathan",702752,NYM,FF,4-Seam Fastball,0.2,0,33,10.6,9,0.143,0.143,0.256,27.3,66.7,35.3,0.011,0.012,0.164,0.0
"Nicolas, Kyle",693312,CIN,SL,Slider,-0.3,0,66,33.3,9,0.167,0.167,0.429,31.8,0.0,0.0,0.297,0.319,0.456,16.7
"Duarte, Daniel",650960,NYM,CH,Changeup,4.2,2,37,11.9,9,0.111,0.111,0.1,13.0,11.1,5.9,0.354,0.416,0.335,25.0
"Tong, Jonah",804636,NYM,FC,Cutter,-0.3,0,38,20.3,9,0.286,0.714,0.4,25.0,0.0,0.0,0.31,0.714,0.415,50.0
"Seabold, Connor",657756,KC,FC,Cutter,-1.1,-1,48,10.1,9,0.286,0.286,0.4,36.4,0.0,0.0,0.196,0.244,0.319,14.3
"Van Eyk, CJ",669310,TOR,CU,Curveball,-2.1,-1,29,22.7,9,0.333,0.333,0.4,15.4,11.1,11.1,0.21,0.255,0.203,62.5
"Lazar, Max",676661,PHI,FC,Cutter,1.1,0,26,20.3,9,0.25,0.25,0.2,30.8,11.1,16.7,0.176,0.261,0.252,57.1
"Sandlin, Nick",680704,LAA,FS,Split-Finger,-4.4,-2,37,23.6,9,0.375,0.625,0.456,35.7,11.1,16.7,0.238,0.291,0.283,42.9
"Williams, Trevor",592866,WSH,SI,Sinker,-7.3,-3,39,14.8,9,0.625,1.125,0.739,6.7,0.0,0.0,0.509,0.951,0.626,75.0
"Mills, Wyatt",670090,LAD,SI,Sinker,-3.1,-1,40,26.8,9,0.333,0.333,0.433,29.4,0.0,0.0,0.321,0.414,0.446,33.3
"Cano, Yennier",666974,BAL,FF,4-Seam Fastball,-5.3,-2,33,5.0,9,0.286,0.857,0.517,42.9,33.3,25.0,0.295,0.985,0.563,100.0
"Trivino III, Lou",642152,PHI,FC,Cutter,0.5,0,45,31.3,9,0.286,0.286,0.356,28.6,22.2,25.0,0.114,0.126,0.235,20.0
"Saucedo, Tayler",642048,LAA,FF,4-Seam Fastball,-1.6,-1,31,19.3,9,0.222,0.667,0.361,31.3,44.4,30.8,0.19,0.512,0.291,60.0
"Helsley, Ryan",664854,BAL,FS,Split-Finger,5.1,2,33,12.1,9,0.111,0.111,0.1,50.0,33.3,33.3,0.107,0.118,0.1,33.3
"Sims, Lucas",608371,CWS,ST,Sweeper,-0.5,0,35,20.5,9,0.143,0.286,0.294,46.7,33.3,27.3,0.163,0.23,0.289,25.0
"Kerry, Brett",695049,LAA,CH,Changeup,4.3,2,47,22.2,9,0.0,0.0,0.0,47.8,33.3,18.8,0.037,0.049,0.036,0.0
"Stewart, Brock",592779,LAD,CH,Changeup,0.9,0,39,17.1,9,0.0,0.0,0.178,29.4,44.4,33.3,0.085,0.092,0.147,0.0
"Ramos, Wilkin",678576,SF,SI,Sinker,-4.8,-2,37,60.7,9,0.571,0.571,0.556,11.1,0.0,0.0,0.33,0.385,0.399,57.1
"Gervase, Paul",801434,LAD,SL,Slider,0.9,0,48,38.7,9,0.25,0.25,0.278,23.5,11.1,12.5,0.261,0.277,0.289,42.9
"Orze, Eric",679358,MIN,CU,Curveball,-0.8,0,63,9.3,9,0.444,0.444,0.4,26.1,11.1,7.1,0.463,0.572,0.449,37.5
"Weissert, Greg",669711,BOS,SL,Slider,-0.9,-1,68,8.5,9,0.25,0.75,0.439,8.7,22.2,22.2,0.397,0.765,0.513,50.0
"Klein, John",804619,MIN,FF,4-Seam Fastball,-5.3,-2,41,50.0,9,0.5,1.167,0.694,10.5,11.1,5.6,0.301,0.538,0.47,60.0
"Giolito, Lucas",608337,SD,CU,Curveball,-2.7,-1,37,6.7,9,0.222,0.556,0.322,7.1,0.0,0.0,0.226,0.593,0.34,33.3
"Palmquist, Carson",687223,WSH,FF,4-Seam Fastball,-6.1,-3,49,15.7,9,0.333,0.833,0.556,22.7,33.3,13.6,0.226,0.543,0.447,33.3
"Smith, Hagen",696146,CWS,SL,Slider,-3.2,-1,23,24.7,9,0.143,0.571,0.378,20.0,33.3,23.1,0.112,0.281,0.282,50.0
"Smith, Dylan",681916,SF,FS,Split-Finger,1.7,0,27,6.0,9,0.143,0.143,0.256,50.0,33.3,30.0,0.242,0.378,0.362,75.0
"Jobe, Jackson",695549,DET,CH,Changeup,1.5,0,27,11.7,9,0.125,0.125,0.178,38.5,33.3,25.0,0.157,0.204,0.216,40.0
"Detmers, Reid",672282,LAA,SI,Sinker,-2.4,-1,29,1.3,9,0.167,0.167,0.375,7.7,11.1,14.3,0.145,0.409,0.405,20.0
"De Jesus, Enmanuel",646241,DET,SL,Slider,-5.8,-2,39,5.8,9,0.429,0.857,0.578,16.7,11.1,9.1,0.339,0.632,0.477,33.3
"Pivetta, Nick",601713,SD,CU,Curveball,-0.5,0,50,17.7,9,0.375,0.375,0.378,35.3,33.3,23.1,0.213,0.243,0.255,20.0
"Imanaga, Shota",684007,CHC,SL,Slider,0.0,0,45,2.0,9,0.375,0.375,0.378,34.6,11.1,7.7,0.357,0.386,0.367,14.3
"Bassitt, Chris",605135,BAL,SL,Slider,2.4,1,25,2.2,9,0.125,0.125,0.278,0.0,0.0,0.0,0.174,0.243,0.238,25.0
"Zeferjahn, Ryan",666171,CHC,CU,Curveball,-4.3,-1,28,2.6,9,0.286,0.286,0.356,45.5,33.3,18.8,0.157,0.182,0.271,0.0
"Bellozo, Valente",678368,COL,ST,Sweeper,-5.0,-2,36,21.2,9,0.143,0.571,0.338,29.4,11.1,11.1,0.234,0.675,0.412,14.3
"Woo, Bryan",693433,SEA,CU,Curveball,-4.0,-1,34,1.6,9,0.25,0.375,0.317,33.3,44.4,22.2,0.109,0.171,0.183,25.0
"Bellozo, Valente",678368,COL,CH,Changeup,-0.1,0,31,18.2,9,0.143,0.143,0.256,46.2,33.3,23.1,0.162,0.238,0.288,50.0
"Cortes, Carlos",666126,ATH,CH,Changeup,-8.2,-3,32,24.1,9,0.625,1.125,0.739,0.0,0.0,0.0,0.387,0.821,0.53,75.0
"Spence, Mitch",687765,KC,CU,Curveball,-9.1,-3,33,16.5,9,0.375,0.875,0.539,43.8,33.3,25.0,0.232,0.594,0.382,60.0
"Seymour, Carson",693313,SF,FC,Cutter,-2.2,-1,45,19.7,9,0.429,0.429,0.456,38.9,22.2,33.3,0.331,0.363,0.39,20.0
"Castaño, Blas",680604,COL,FF,4-Seam Fastball,0.7,0,29,8.5,9,0.25,0.25,0.313,14.3,11.1,6.3,0.434,0.595,0.476,28.6
"Franco, Jose",683742,CIN,CH,Changeup,-2.8,-1,47,13.5,8,0.429,0.571,0.469,37.5,12.5,11.1,0.313,0.443,0.375,16.7
"Webb, Jacob",657097,CHC,CU,Curveball,1.9,1,63,6.7,8,0.143,0.143,0.2,8.3,0.0,0.0,0.301,0.36,0.336,71.4
"Thornton, Zac",804267,NYM,CH,Changeup,-3.2,-1,28,3.8,8,0.5,0.5,0.45,14.3,25.0,15.4,0.33,0.357,0.305,16.7
"Blackburn, Paul",621112,NYY,FF,4-Seam Fastball,-5.1,-2,31,3.1,8,0.4,1.0,0.625,11.1,12.5,11.1,0.157,0.199,0.359,50.0
"Murphy, Chris",669684,CWS,ST,Sweeper,-0.4,0,30,5.7,8,0.125,0.25,0.156,30.0,50.0,20.0,0.126,0.213,0.141,50.0
"Waldrep, Hurston",694462,ATL,SL,Slider,-4.7,-1,31,14.4,8,0.5,1.0,0.65,38.5,25.0,33.3,0.341,0.785,0.53,50.0
"Eflin, Zach",621107,BAL,CH,Changeup,4.7,1,19,25.7,8,0.143,0.286,0.244,38.5,37.5,33.3,0.132,0.248,0.228,50.0
"VanWey, Logan",701121,HOU,ST,Sweeper,2.5,1,23,28.7,8,0.286,0.286,0.225,7.7,0.0,0.0,0.385,0.636,0.385,37.5
"Baker, Bryan",641329,TB,SL,Slider,-9.3,-2,26,3.3,8,0.375,0.875,0.519,14.3,12.5,16.7,0.385,0.663,0.447,71.4
"Gonzales, Marco",594835,TEX,FF,4-Seam Fastball,3.9,1,38,32.2,8,0.143,0.286,0.244,29.4,37.5,27.3,0.147,0.243,0.233,50.0
"Brieske, Beau",689225,DET,SL,Slider,3.1,1,36,24.2,8,0.125,0.125,0.113,31.8,37.5,18.8,0.143,0.157,0.132,0.0
"Kempner, William",687531,MIA,SI,Sinker,6.1,2,29,14.6,8,0.0,0.0,0.0,18.2,25.0,20.0,0.207,0.27,0.206,16.7
"Gervase, Paul",801434,LAD,FC,Cutter,3.0,1,19,15.3,8,0.286,0.286,0.313,0.0,0.0,0.0,0.396,0.57,0.451,28.6
"Hudson, Bryan",663542,CWS,SI,Sinker,-1.3,-1,42,4.9,8,0.5,0.5,0.486,27.3,25.0,28.6,0.328,0.388,0.368,60.0
"Estrada, Lazaro",681751,TOR,FC,Cutter,3.0,2,53,23.2,8,0.0,0.0,0.175,25.9,0.0,0.0,0.184,0.261,0.319,33.3
"Cruz, Fernando",518585,NYY,SI,Sinker,-5.4,-1,27,3.0,8,0.167,0.667,0.425,9.1,12.5,33.3,0.222,0.524,0.408,60.0
"Wesneski, Hayden",669713,HOU,CH,Changeup,3.3,1,30,9.3,8,0.25,0.25,0.225,43.8,37.5,37.5,0.283,0.304,0.261,20.0
"Misiorowski, Jacob",694819,MIL,CH,Changeup,4.9,1,28,1.3,8,0.0,0.0,0.0,30.0,37.5,33.3,0.147,0.242,0.166,20.0
"Drake, Kohl",684442,AZ,CU,Curveball,-10.4,-6,56,17.2,8,0.571,1.714,0.9,27.8,12.5,4.2,0.316,1.112,0.601,66.7
"Halvorsen, Seth",678020,LAD,FS,Split-Finger,-7.1,-2,30,7.8,8,0.286,0.714,0.45,37.5,37.5,27.3,0.402,1.112,0.633,50.0
"Shook, TJ",669298,COL,CH,Changeup,-11.3,-3,28,20.9,8,0.5,1.125,0.675,23.1,25.0,18.2,0.199,0.29,0.202,33.3
"Dodd, Dylan",689266,ATL,SL,Slider,-3.0,-1,34,5.3,8,0.25,0.375,0.269,60.0,62.5,25.0,0.201,0.249,0.196,33.3
"Williamson, Brandon",682227,CIN,CU,Curveball,1.1,1,47,9.1,8,0.0,0.0,0.088,7.7,0.0,0.0,0.181,0.223,0.242,0.0
"Madden, Ty",680744,DET,SI,Sinker,-2.0,-1,64,10.7,8,0.375,0.875,0.631,17.9,12.5,14.3,0.402,0.785,0.505,42.9
"Kelly, Michael",547184,ATH,SL,Slider,-4.9,-2,32,26.4,8,0.571,0.571,0.538,15.4,12.5,25.0,0.547,0.658,0.545,50.0
"Allard, Kolby",663465,CLE,CH,Changeup,-5.3,-2,33,18.6,8,0.25,0.625,0.363,17.4,12.5,5.9,0.297,0.591,0.372,57.1
"Foster, Cameron",671382,BAL,SL,Slider,-4.3,-2,41,21.7,8,0.5,0.625,0.494,29.4,25.0,11.1,0.185,0.206,0.17,33.3
"Gordon, Colton",676467,HOU,CH,Changeup,2.9,1,25,12.4,8,0.25,0.25,0.225,38.5,50.0,40.0,0.157,0.17,0.144,25.0
"Barco, Hunter",682995,PIT,CH,Changeup,-2.0,-1,30,8.5,8,0.2,0.2,0.375,22.2,12.5,14.3,0.185,0.295,0.389,50.0
"Thornton, Zac",804267,NYM,CU,Curveball,4.5,1,22,3.0,8,0.0,0.0,0.088,20.0,25.0,18.2,0.11,0.137,0.182,20.0
"Banda, Anthony",607455,MIN,CH,Changeup,3.7,1,39,6.4,8,0.0,0.0,0.1,37.5,0.0,0.0,0.175,0.208,0.242,0.0
"Smith, Shane",681343,CWS,SL,Slider,-13.9,-3,25,11.1,8,0.5,0.875,0.7,7.7,0.0,0.0,0.29,0.389,0.295,37.5
"Harrison, Kyle",690986,MIL,SI,Sinker,-10.2,-3,34,2.0,8,0.75,1.375,0.9,12.5,0.0,0.0,0.515,0.883,0.594,37.5
"Estes, Joey",683155,ATH,FF,4-Seam Fastball,-0.2,0,30,42.3,8,0.286,0.714,0.356,41.2,37.5,33.3,0.245,0.426,0.253,40.0
"Miller, Erik",669062,BOS,CH,Changeup,-10.1,-4,35,4.6,8,0.714,1.0,0.738,25.0,12.5,12.5,0.332,0.439,0.378,33.3
"Harvey, Hunter",640451,CHC,FF,4-Seam Fastball,-3.6,-1,38,50.0,8,0.375,0.75,0.475,10.5,12.5,9.1,0.298,0.805,0.458,28.6
"Stratton, Hunter",676702,PIT,FF,4-Seam Fastball,-2.2,-1,25,44.6,8,0.5,0.5,0.45,13.3,12.5,11.1,0.409,0.476,0.386,28.6
"Nola, Aaron",605400,PHI,SL,Slider,-3.8,-1,21,0.9,8,0.286,0.714,0.45,26.7,0.0,0.0,0.21,0.399,0.314,57.1
"Stock, Robert",476594,NYM,CH,Changeup,-0.2,0,33,10.4,8,0.25,0.25,0.225,50.0,50.0,36.4,0.309,0.344,0.283,0.0
"McDermott, Chayce",694646,NYM,FF,4-Seam Fastball,0.3,0,41,38.3,8,0.25,0.25,0.338,14.3,12.5,7.1,0.321,0.582,0.382,57.1
"Englert, Mason",669438,TB,SL,Slider,-0.1,0,37,6.4,8,0.25,0.375,0.269,37.5,25.0,12.5,0.225,0.556,0.324,50.0
"Stallings, Garrett",668831,MIL,SI,Sinker,2.4,1,30,24.6,8,0.143,0.143,0.2,15.4,12.5,20.0,0.099,0.111,0.167,33.3
"Trivino III, Lou",642152,PHI,CH,Changeup,-13.5,-3,25,17.4,8,0.5,1.0,0.644,30.0,0.0,0.0,0.205,0.276,0.329,16.7
"Wicks, Jordan",696136,CHC,SL,Slider,-5.4,-2,36,20.0,8,0.571,1.0,0.675,25.0,0.0,0.0,0.387,0.776,0.517,42.9
"Blewett, Scott",656240,ATH,SI,Sinker,0.5,0,27,10.6,8,0.375,0.5,0.381,6.7,0.0,0.0,0.282,0.324,0.265,25.0
"Rivera, Eduardo",700842,BOS,CH,Changeup,-2.7,-1,31,14.8,8,0.25,0.625,0.363,35.3,50.0,22.2,0.187,0.605,0.326,25.0
"Whisenhunt, Carson",687931,SF,SV,Slurve,-4.0,-1,26,4.6,8,0.333,0.333,0.4,37.5,12.5,14.3,0.188,0.327,0.339,20.0
"Snell, Blake",605483,LAD,SL,Slider,1.6,0,31,12.4,8,0.125,0.125,0.113,52.9,37.5,27.3,0.207,0.253,0.2,40.0
"Santos, Gregory",666619,SF,SL,Slider,-0.1,0,44,51.2,8,0.143,0.429,0.288,6.3,12.5,7.1,0.215,0.318,0.284,33.3
"Allen, Logan",671106,CLE,SI,Sinker,1.1,0,34,19.1,8,0.286,0.286,0.313,5.9,25.0,16.7,0.182,0.203,0.233,20.0
"Drohan, Shane",675660,MIL,CH,Changeup,-2.7,-2,76,4.8,8,0.286,0.429,0.356,33.3,25.0,9.1,0.352,0.457,0.393,20.0
"Paez, Jedixson",699151,CWS,FF,4-Seam Fastball,-15.3,-4,23,35.4,8,0.667,1.667,0.813,15.4,0.0,0.0,0.502,1.167,0.616,57.1
"Cabrera, Jose",703615,AZ,CH,Changeup,0.6,0,32,11.5,8,0.25,0.375,0.269,11.8,0.0,0.0,0.262,0.393,0.281,25.0
"Solesky, Chase",686678,TB,SI,Sinker,-10.2,-2,22,37.9,8,0.714,1.0,0.738,0.0,12.5,20.0,0.429,0.54,0.454,50.0
"Murray, Jayden",681151,CHC,CH,Changeup,-5.9,-1,23,7.6,8,0.286,0.857,0.494,0.0,0.0,0.0,0.313,0.588,0.419,28.6
"Rajcic, Max",691008,STL,ST,Sweeper,-4.5,-1,19,11.7,8,0.25,0.75,0.406,36.4,37.5,50.0,0.116,0.318,0.181,40.0
"Kerkering, Orion",689147,PHI,FS,Split-Finger,-0.8,0,50,5.5,8,0.0,0.0,0.129,40.0,37.5,10.0,0.082,0.086,0.075,0.0
"Martin, Chris",455119,TEX,SI,Sinker,-7.2,-2,30,12.1,8,0.429,1.429,0.744,5.9,0.0,0.0,0.409,1.042,0.617,57.1
"Alvarez, Andrew",674841,WSH,CH,Changeup,0.6,0,48,3.9,8,0.25,0.25,0.225,41.2,0.0,0.0,0.15,0.186,0.144,0.0
"Borucki, Ryan",621366,SF,ST,Sweeper,2.4,1,36,9.5,8,0.125,0.125,0.113,35.7,25.0,14.3,0.094,0.111,0.089,16.7
"Jobe, Jackson",695549,DET,SI,Sinker,2.5,1,35,15.2,8,0.0,0.0,0.175,16.7,0.0,0.0,0.076,0.085,0.229,16.7
"Hiraldo, Yaramil",682274,BAL,SL,Slider,-3.1,-1,37,25.7,8,0.286,0.714,0.45,41.2,37.5,33.3,0.179,0.31,0.27,25.0
"Klein, John",804619,MIN,CH,Changeup,5.7,1,23,28.0,8,0.0,0.0,0.088,18.2,12.5,12.5,0.1,0.109,0.29,33.3
"Leibrandt, Brandon",605335,CIN,CH,Changeup,-5.1,-1,27,27.3,8,0.429,0.571,0.469,45.5,25.0,16.7,0.241,0.429,0.34,20.0
"Gómez, Yoendrys",672782,MIN,CH,Changeup,-1.2,-1,45,4.9,8,0.286,0.286,0.313,11.1,12.5,6.7,0.309,0.36,0.346,33.3
"Rangel, Alan",660604,PHI,CU,Curveball,-5.0,-3,59,12.0,8,0.714,0.857,0.694,7.7,12.5,6.7,0.437,0.532,0.456,33.3
"Yan, Jefry",642376,NYM,SL,Slider,-0.6,0,26,26.3,8,0.167,0.167,0.288,77.8,62.5,41.7,0.052,0.058,0.212,100.0
"Anderson, Jack",681252,MIN,SL,Slider,-4.8,-2,40,22.2,8,0.375,0.875,0.519,47.4,25.0,100.0,0.354,0.801,0.478,50.0
"Lazar, Max",676661,PHI,FS,Split-Finger,4.9,2,32,25.0,8,0.0,0.0,0.0,33.3,50.0,26.7,0.077,0.1,0.078,0.0
"France, J.P.",641585,HOU,CU,Curveball,-0.8,0,33,28.2,8,0.143,0.286,0.244,21.4,37.5,18.8,0.166,0.261,0.247,25.0
"Voth, Austin",608723,MIN,CU,Curveball,-8.3,-3,34,15.9,8,0.4,1.2,0.494,28.6,12.5,8.3,0.393,0.849,0.417,50.0
"Herget, Jimmy",623474,COL,CH,Changeup,-2.3,-1,53,7.8,8,0.286,0.429,0.307,33.3,0.0,0.0,0.3,0.347,0.283,12.5
"Saucedo, Tayler",642048,LAA,SL,Slider,-2.8,-1,43,26.7,8,0.571,0.714,0.581,38.1,0.0,0.0,0.458,0.782,0.554,28.6
"Hanifee, Brenan",669724,DET,CH,Changeup,-5.4,-1,25,7.8,8,0.25,1.0,0.5,9.1,0.0,0.0,0.255,0.805,0.437,25.0
"Wiemer, Joey",686894,WSH,SL,Slider,-3.6,-1,16,37.2,7,0.5,0.5,0.457,0.0,0.0,0.0,0.424,0.497,0.43,20.0
"Lucchesi, Joey",664192,LAA,FF,4-Seam Fastball,-16.8,-3,16,14.4,7,0.75,1.0,0.736,16.7,0.0,0.0,0.362,0.672,0.553,50.0
"Peralta, Sammy",671111,LAA,SL,Slider,-3.7,-1,27,27.6,7,0.167,0.667,0.333,25.0,42.9,33.3,0.172,0.531,0.29,50.0
"France, J.P.",641585,HOU,CH,Changeup,-0.2,0,18,15.4,7,0.333,0.333,0.357,25.0,0.0,0.0,0.592,1.033,0.692,33.3
"Ullola, Miguel",699044,HOU,SL,Slider,-11.3,-2,17,19.3,7,0.333,0.833,0.514,37.5,28.6,50.0,0.355,0.778,0.508,25.0
"Gordon, Colton",676467,HOU,SI,Sinker,-5.4,-1,27,13.4,7,0.429,0.714,0.486,9.1,0.0,0.0,0.426,0.686,0.474,42.9
"Alvarado, Elvis",665660,ATH,FS,Split-Finger,3.2,1,32,4.7,7,0.0,0.0,0.0,46.2,57.1,21.1,0.032,0.038,0.031,0.0
"Johnson, Seth",686751,ATH,SI,Sinker,-3.4,-1,34,8.0,7,0.333,0.667,0.457,15.4,14.3,100.0,0.314,0.447,0.382,40.0
"Morris, Kade",695034,ATH,ST,Sweeper,-0.8,0,26,12.4,7,0.143,0.571,0.286,30.0,28.6,15.4,0.103,0.144,0.106,20.0
"Morales, Luis",806960,ATH,CH,Changeup,-6.5,-2,31,9.0,7,0.333,0.333,0.529,12.5,0.0,0.0,0.155,0.185,0.468,0.0
"Harris, Hogan",663687,ATH,CH,Changeup,-6.5,-3,51,4.7,7,0.429,1.286,0.7,26.7,14.3,14.3,0.202,0.433,0.268,33.3
"Rom, Drew",680723,ATH,SI,Sinker,0.2,0,31,18.0,7,0.333,0.333,0.357,30.8,28.6,50.0,0.183,0.197,0.242,100.0
"Blewett, Scott",656240,ATH,FS,Split-Finger,-5.0,-1,22,8.7,7,0.429,0.429,0.386,0.0,0.0,0.0,0.489,0.604,0.47,28.6
"Scherzer, Max",453286,TOR,FC,Cutter,0.5,0,38,4.6,7,0.143,0.571,0.286,25.0,14.3,9.1,0.206,0.539,0.31,16.7
"Estrada, Lazaro",681751,TOR,SL,Slider,-2.6,-1,23,10.1,7,0.429,0.429,0.386,18.2,14.3,16.7,0.295,0.339,0.274,16.7
"Molina, Anthony",683627,ATL,CU,Curveball,3.1,1,24,27.3,7,0.286,0.286,0.257,35.7,14.3,9.1,0.097,0.111,0.089,0.0
"Waldrep, Hurston",694462,ATL,CU,Curveball,-2.7,-1,26,12.1,7,0.167,0.667,0.386,50.0,57.1,50.0,0.127,0.353,0.27,50.0
"Richardson, Lyon",680689,MIL,CH,Changeup,2.0,1,28,41.2,7,0.0,0.0,0.2,57.1,42.9,33.3,0.051,0.058,0.234,0.0
"Kuhnel, Joel",669270,MIL,FF,4-Seam Fastball,-11.9,-4,31,5.5,7,0.429,1.286,0.7,30.8,28.6,8.7,0.319,0.719,0.438,40.0
"Kuhnel, Joel",669270,MIL,CU,Curveball,-2.0,0,18,3.2,7,0.286,0.571,0.357,36.4,57.1,40.0,0.217,0.242,0.2,0.0
"Ashby, Aaron",676879,MIL,FF,4-Seam Fastball,-7.9,-2,26,2.1,7,0.333,1.0,0.564,7.7,14.3,5.9,0.264,0.849,0.485,60.0
"Gastelum, Luis",703725,STL,SI,Sinker,6.7,2,28,9.2,7,0.0,0.0,0.1,8.3,0.0,0.0,0.204,0.243,0.261,0.0
"Mautz, Brycen",802408,STL,FF,4-Seam Fastball,0.3,0,27,45.8,7,0.333,0.333,0.357,14.3,0.0,0.0,0.338,0.409,0.38,16.7
"Rajcic, Max",691008,STL,CH,Changeup,5.3,1,19,11.7,7,0.143,0.143,0.129,9.1,0.0,0.0,0.213,0.449,0.276,42.9
"Zimmermann, Bruce",669145,STL,SI,Sinker,4.9,1,23,31.9,7,0.143,0.143,0.129,0.0,0.0,0.0,0.214,0.298,0.221,14.3
"Strzelecki, Peter",657265,STL,FF,4-Seam Fastball,0.8,0,20,10.6,7,0.2,0.4,0.379,30.8,28.6,25.0,0.134,0.358,0.344,66.7
"Shuster, Jared",694363,STL,FC,Cutter,-1.4,0,28,16.9,7,0.286,0.714,0.543,12.5,0.0,0.0,0.305,0.723,0.431,85.7
"Romero, JoJo",668941,STL,FF,4-Seam Fastball,-15.2,-2,14,1.9,7,0.167,0.667,0.386,50.0,42.9,23.1,0.237,0.748,0.45,33.3
"Horton, Cade",690990,CHC,CH,Changeup,8.6,2,19,20.7,7,0.0,0.0,0.0,18.2,0.0,0.0,0.115,0.13,0.105,14.3
"Wantz, Andrew",681806,CHC,FF,4-Seam Fastball,-11.0,-3,28,34.6,7,0.75,1.5,0.843,0.0,0.0,0.0,0.553,1.375,0.751,75.0
"Jameson, Drey",686753,AZ,ST,Sweeper,1.3,0,20,7.5,7,0.0,0.0,0.2,14.3,14.3,16.7,0.043,0.145,0.254,50.0
"Drake, Kohl",684442,AZ,SL,Slider,3.5,1,29,8.9,7,0.0,0.0,0.1,14.3,14.3,8.3,0.227,0.506,0.363,40.0
"Cabrera, Jose",703615,AZ,ST,Sweeper,-3.5,-2,45,16.1,7,0.167,0.667,0.386,43.8,28.6,20.0,0.149,0.321,0.272,25.0
"Knack, Landon",689017,LAD,CH,Changeup,5.1,2,32,25.4,7,0.0,0.0,0.0,33.3,42.9,27.3,0.08,0.108,0.081,25.0
"Klein, Will",694361,LAD,SL,Slider,-3.8,-1,35,4.6,7,0.6,0.8,0.636,21.4,0.0,,0.404,0.482,0.477,60.0
"Borucki, Ryan",621366,SF,FC,Cutter,-7.5,-1,18,4.7,7,0.143,0.571,0.286,15.4,14.3,14.3,0.181,0.424,0.253,33.3
"Harris, Trent",805345,SF,CU,Curveball,-1.7,0,22,21.4,7,0.167,0.333,0.279,50.0,42.9,27.3,0.113,0.186,0.211,33.3
"Allard, Kolby",663465,CLE,SI,Sinker,-5.5,-1,20,11.3,7,0.333,0.833,0.514,15.4,0.0,0.0,0.267,0.701,0.447,50.0
"Muñoz, Andrés",662253,SEA,CH,Changeup,1.6,1,38,4.9,7,0.0,0.0,0.0,100.0,100.0,38.9,,,0.0,
"Robles, Victor",645302,SEA,CU,Curveball,-6.5,-1,15,57.7,7,0.5,0.5,0.486,0.0,0.0,0.0,0.427,0.546,0.459,33.3
"Snelling, Robby",702281,MIA,FF,4-Seam Fastball,-5.8,-2,28,32.6,7,0.333,0.833,0.514,16.7,14.3,10.0,0.335,0.714,0.476,40.0
"Zuber, Tyler",676604,MIA,CU,Curveball,0.8,0,21,4.9,7,0.143,0.143,0.129,40.0,42.9,16.7,0.117,0.138,0.112,25.0
"Brzykcy, Zach",694350,MIA,FF,4-Seam Fastball,-3.5,-1,23,47.9,7,0.4,0.6,0.507,11.1,14.3,14.3,0.261,0.3,0.374,25.0
"Weisenburger, Jack",674073,NYM,ST,Sweeper,7.0,2,25,31.6,7,0.0,0.0,0.0,29.4,28.6,16.7,0.114,0.3,0.171,20.0
"Senga, Kodai",673540,NYM,SI,Sinker,-1.7,-1,35,3.8,7,0.333,0.833,0.514,18.8,14.3,33.3,0.351,0.866,0.537,40.0
"McDermott, Chayce",694646,NYM,SL,Slider,-9.5,-2,16,15.0,7,0.167,0.667,0.386,25.0,28.6,22.2,0.23,0.864,0.482,50.0
"Vivas, Jorbit",678391,WSH,SL,Slider,-2.3,0,16,42.1,7,0.2,0.2,0.329,0.0,0.0,,0.162,0.286,0.336,40.0
"Kent, Jackson",800600,WSH,SL,Slider,-4.3,-2,39,24.1,7,0.571,0.857,0.614,23.5,14.3,10.0,0.372,0.455,0.361,33.3
"Lovelady, Richard",663992,WSH,SL,Slider,-3.4,-1,32,5.9,7,0.571,1.0,0.783,26.7,14.3,100.0,0.479,1.008,0.625,33.3
"Enns, Dietrich",608650,BAL,ST,Sweeper,0.3,0,27,9.3,7,0.167,0.167,0.129,30.0,42.9,18.8,0.203,0.226,0.188,0.0
"Jacob, Alek",689690,SD,CH,Changeup,4.5,1,30,34.5,7,0.0,0.0,0.1,70.6,57.1,33.3,0.086,0.093,0.167,50.0
"Matsui, Yuki",673513,SD,SI,Sinker,1.6,0,23,2.9,7,0.0,0.0,0.2,0.0,0.0,0.0,0.115,0.133,0.277,0.0
"Estrada, Jeremiah",669093,SD,SL,Slider,-2.4,-1,49,9.9,7,0.333,0.833,0.514,18.8,14.3,9.1,0.124,0.212,0.223,40.0
"Pop, Zach",647315,PHI,SL,Slider,-1.1,0,34,26.2,7,0.333,0.667,0.357,23.1,28.6,16.7,0.279,0.373,0.307,60.0
"McFarlane, Alex",686934,PHI,SI,Sinker,0.9,0,25,32.1,7,0.2,0.2,0.329,11.1,0.0,0.0,0.362,0.45,0.453,40.0
"Alvarado, José",621237,PHI,CU,Curveball,-2.8,-1,27,3.0,7,0.167,0.333,0.279,30.0,57.1,16.0,0.172,0.233,0.248,50.0
"Murdock, Noah",668716,PIT,SI,Sinker,-0.9,0,27,45.8,7,0.5,0.5,0.457,8.3,28.6,40.0,0.16,0.167,0.283,66.7
"Mattson, Isaac",676755,PIT,CH,Changeup,-2.8,-2,67,9.7,7,0.429,0.571,0.436,21.1,28.6,8.0,0.232,0.503,0.31,40.0
"Ross, Joe",605452,TEX,FS,Split-Finger,-2.4,-1,42,20.5,7,0.429,0.571,0.436,47.8,14.3,7.7,0.258,0.282,0.24,16.7
"Montgomery, Jordan",656756,TEX,CU,Curveball,2.5,1,42,25.9,7,0.143,0.143,0.129,33.3,42.9,27.3,0.176,0.422,0.251,25.0
"Corniell, Jose",692030,TEX,FF,4-Seam Fastball,-9.4,-3,27,26.0,7,0.5,1.5,0.764,20.0,14.3,16.7,0.239,0.483,0.474,66.7
"Sulser, Cole",642121,TB,ST,Sweeper,-14.1,-5,32,4.1,7,0.429,1.286,0.7,33.3,42.9,12.5,0.274,0.814,0.453,50.0
"Burgos, Raymond",670103,BOS,ST,Sweeper,7.4,2,24,20.2,7,0.0,0.0,0.0,35.7,28.6,15.4,0.119,0.203,0.139,20.0
"Morán, Jovani",663558,BOS,ST,Sweeper,2.8,1,37,4.4,7,0.0,0.0,0.0,15.8,57.1,17.4,0.024,0.033,0.024,0.0
"Rivera, Eduardo",700842,BOS,SL,Slider,-1.1,-1,65,31.0,7,0.167,0.167,0.357,25.0,14.3,5.3,0.221,0.266,0.282,20.0
"Guerrero, Tyron",594027,BOS,FS,Split-Finger,-7.1,-1,21,4.2,7,0.429,0.857,0.543,30.8,28.6,14.3,0.392,0.715,0.471,40.0
"Miller, Erik",669062,BOS,FF,4-Seam Fastball,-4.7,-3,58,7.6,7,0.25,0.5,0.479,22.2,14.3,3.8,0.221,0.295,0.426,33.3
"Leibrandt, Brandon",605335,CIN,SL,Slider,-5.4,-1,22,22.2,7,0.5,1.0,0.9,25.0,0.0,0.0,0.498,1.242,0.721,33.3
"Sullivan, Sean",807743,COL,SI,Sinker,-5.7,-1,24,5.8,7,0.5,1.167,0.693,10.0,0.0,,0.467,0.796,0.567,33.3
"Hughes, Gabriel",687312,COL,SI,Sinker,-4.5,-2,42,6.6,7,0.714,0.857,0.693,21.1,14.3,11.1,0.343,0.442,0.339,16.7
"Herrera, Welinton",700327,COL,FF,4-Seam Fastball,1.2,0,28,62.2,7,0.333,0.333,0.357,14.3,14.3,14.3,0.376,0.496,0.425,40.0
"Gordon, Tanner",685299,COL,SI,Sinker,-8.0,-3,38,3.4,7,0.571,1.429,0.821,16.7,0.0,0.0,0.449,0.986,0.601,71.4
"Criswell, Jeff",676105,COL,FF,4-Seam Fastball,-1.6,-1,33,41.8,7,0.333,0.833,0.514,22.2,28.6,28.6,0.28,0.579,0.411,25.0
"Brebbia, John",605154,COL,FF,4-Seam Fastball,-1.2,0,37,39.4,7,0.286,0.714,0.414,11.8,0.0,0.0,0.354,0.891,0.514,42.9
"Kimbrel, Craig",518886,KC,SI,Sinker,3.1,1,39,6.3,7,0.0,0.0,0.2,15.8,14.3,8.3,0.06,0.067,0.24,0.0
"Black, Mason",696131,KC,FC,Cutter,-3.4,-1,40,7.8,7,0.4,0.4,0.457,23.1,0.0,0.0,0.405,0.471,0.473,20.0
"Black, Mason",696131,KC,CU,Curveball,0.5,0,32,6.2,7,0.286,0.286,0.257,15.4,14.3,11.1,0.201,0.237,0.193,33.3
"Thomas, Connor",671162,KC,ST,Sweeper,-8.0,-2,24,16.1,7,0.6,1.2,0.643,11.1,0.0,0.0,0.384,0.519,0.383,16.7
"McGee, Easton",668834,KC,SI,Sinker,-2.8,-1,22,18.5,7,0.4,0.4,0.457,16.7,14.3,16.7,0.365,0.387,0.437,50.0
"McGee, Easton",668834,KC,FF,4-Seam Fastball,-9.5,-3,28,23.5,7,0.429,1.0,0.593,40.0,42.9,20.0,0.317,0.604,0.392,50.0
"Lynch IV, Daniel",663738,KC,CU,Curveball,2.3,1,57,7.2,7,0.143,0.286,0.179,37.5,0.0,0.0,0.328,0.522,0.363,71.4
"Hanifee, Brenan",669724,DET,FF,4-Seam Fastball,2.8,1,27,8.4,7,0.0,0.0,0.1,35.7,42.9,14.3,0.192,0.489,0.344,33.3
"Vest, Will",676684,DET,CH,Changeup,1.0,1,55,11.4,7,0.0,0.0,0.1,54.5,42.9,14.3,0.119,0.139,0.194,0.0
"Holton, Tyler",663947,DET,CU,Curveball,-8.4,-3,37,4.0,7,0.5,1.25,0.714,36.4,14.3,5.6,0.373,0.957,0.615,66.7
"Verlander, Justin",434378,DET,FF,4-Seam Fastball,0.4,0,34,42.5,7,0.286,0.714,0.407,7.1,0.0,0.0,0.402,0.757,0.489,57.1
"Hurter, Brant",676428,DET,FF,4-Seam Fastball,-10.9,-2,15,4.2,7,0.5,0.667,0.536,25.0,28.6,16.7,0.316,0.506,0.4,50.0
"Adams, Travis",701519,MIN,SI,Sinker,3.8,2,41,6.0,7,0.0,0.0,0.117,0.0,14.3,20.0,0.204,0.308,0.301,20.0
"Go, Woo-Suk",808970,MIN,SL,Slider,-7.7,-2,29,33.7,7,0.571,1.286,0.771,25.0,14.3,16.7,0.34,0.645,0.416,83.3
"Sands, Cole",663485,MIN,SI,Sinker,-15.7,-3,16,7.7,7,0.714,1.143,0.793,9.1,0.0,,0.451,0.636,0.469,57.1
"Go, Woo-Suk",808970,MIN,FF,4-Seam Fastball,-7.4,-3,34,39.5,7,0.6,1.4,0.793,14.3,14.3,12.5,0.396,1.059,0.633,75.0
"Voth, Austin",608723,MIN,SI,Sinker,-4.4,-1,28,13.1,7,0.75,0.75,0.686,12.5,0.0,0.0,0.473,0.542,0.551,0.0
"Sandlin, David",689818,CWS,ST,Sweeper,1.4,0,20,4.9,7,0.143,0.143,0.129,36.4,42.9,18.8,0.194,0.232,0.182,0.0
"Schultz, Noah",702273,CWS,CU,Curveball,-0.7,0,26,2.3,7,0.286,0.429,0.307,25.0,28.6,13.3,0.261,0.424,0.296,40.0
"Urquidy, José",664353,CWS,CU,Curveball,-1.8,-1,40,15.9,7,0.286,0.286,0.257,44.4,42.9,33.3,0.116,0.149,0.114,25.0
"Burke, Sean",680732,CWS,CH,Changeup,-0.7,0,48,2.1,7,0.286,0.429,0.307,25.0,0.0,0.0,0.485,0.585,0.467,28.6
"Davis, Tyler",699823,CWS,FS,Split-Finger,-4.7,-1,25,6.3,7,0.429,0.571,0.436,27.3,42.9,21.4,0.294,0.362,0.285,50.0
"Castro, Kervin",665645,NYY,FC,Cutter,5.4,1,18,19.1,7,0.143,0.143,0.129,16.7,28.6,25.0,0.218,0.245,0.202,40.0
"Castro, Kervin",665645,NYY,SI,Sinker,5.3,1,16,17.0,7,0.167,0.167,0.229,40.0,42.9,37.5,0.101,0.112,0.178,33.3
"Castro, Kervin",665645,NYY,FF,4-Seam Fastball,0.9,0,49,52.1,7,0.167,0.333,0.279,21.7,28.6,13.3,0.304,0.387,0.357,25.0
"Montgomery, Jordan",656756,TEX,CH,Changeup,-2.4,-1,23,14.2,6,0.333,0.833,0.483,35.7,16.7,11.1,0.276,0.553,0.347,40.0
"Morales, Luis",806960,ATH,ST,Sweeper,-6.4,-2,24,6.9,6,0.4,0.6,0.475,22.2,16.7,10.0,0.242,0.28,0.305,25.0
"Grove, Michael",675627,TB,FF,4-Seam Fastball,-11.1,-2,16,18.0,6,0.5,1.167,0.692,0.0,16.7,50.0,0.437,0.998,0.592,40.0
"Garcia, Julian",670062,CIN,SL,Slider,2.5,1,60,13.8,6,0.0,0.0,0.117,30.8,33.3,25.0,0.031,0.036,0.141,0.0
"Morris, Kade",695034,ATH,SL,Slider,-0.8,0,33,15.8,6,0.4,0.6,0.358,7.7,16.7,14.3,0.293,0.315,0.285,80.0
"Raya, Marco",694397,MIN,CH,Changeup,2.6,0,17,17.0,6,0.167,0.167,0.15,33.3,16.7,25.0,0.184,0.226,0.178,20.0
"Falter, Bailey",663559,KC,CU,Curveball,-10.2,-2,17,9.4,6,0.5,1.0,0.633,27.3,16.7,25.0,0.429,0.682,0.477,60.0
"Leibrandt, Brandon",605335,CIN,FF,4-Seam Fastball,-5.1,-1,23,23.2,6,0.2,0.8,0.333,27.3,16.7,20.0,0.185,0.458,0.241,20.0
"Sandlin, David",689818,CWS,SI,Sinker,0.2,0,36,8.8,6,0.0,0.0,0.233,7.1,33.3,25.0,0.038,0.041,0.258,0.0
"Ragans, Cole",666142,KC,CU,Curveball,-6.9,-4,54,8.5,6,0.8,2.6,1.267,12.5,0.0,0.0,0.626,2.283,1.111,60.0
"Nikhazy, Doug",680951,CWS,FF,4-Seam Fastball,3.5,1,18,46.2,6,0.2,0.2,0.267,14.3,0.0,,0.241,0.261,0.301,40.0
"Imanaga, Shota",684007,CHC,CU,Curveball,0.9,1,61,2.7,6,0.2,0.2,0.267,0.0,0.0,0.0,0.355,0.602,0.462,40.0
"Bolton, Cody",675989,HOU,CH,Changeup,0.1,0,42,10.7,6,0.167,0.167,0.15,26.7,0.0,0.0,0.407,0.521,0.4,50.0
"Murphy, Chris",669684,CWS,CH,Changeup,1.3,0,19,3.6,6,0.167,0.167,0.15,50.0,50.0,30.0,0.112,0.123,0.102,66.7
"Muñoz, Rolddy",691548,ATL,SI,Sinker,-10.9,-2,15,30.6,6,0.6,1.2,0.75,16.7,0.0,0.0,0.455,0.977,0.619,60.0
"Murphy, Owen",702566,ATL,CH,Changeup,0.2,0,24,20.7,6,0.333,0.333,0.3,5.6,0.0,0.0,0.513,0.739,0.538,66.7
"Leibrandt, Brandon",605335,CIN,SI,Sinker,-3.3,0,14,14.1,6,0.5,0.667,0.508,0.0,0.0,0.0,0.466,0.998,0.617,50.0
"Manoah, Alek",666201,LAA,FF,4-Seam Fastball,3.5,1,19,11.8,6,0.167,0.333,0.208,11.1,0.0,0.0,0.311,0.617,0.397,33.3
"Murdock, Noah",668716,PIT,CU,Curveball,1.4,0,20,33.9,6,0.167,0.167,0.15,42.9,33.3,20.0,0.134,0.148,0.126,50.0
"Barco, Hunter",682995,PIT,ST,Sweeper,2.7,1,22,6.3,6,0.167,0.167,0.15,27.3,33.3,16.7,0.185,0.249,0.187,50.0
"Gibson, Cade",806188,MIA,FF,4-Seam Fastball,1.9,0,26,4.0,6,0.2,0.4,0.325,37.5,16.7,33.3,0.086,0.108,0.184,25.0
"Casparius, Ben",676508,LAD,ST,Sweeper,1.3,0,27,27.3,6,0.167,0.167,0.15,25.0,16.7,10.0,0.225,0.246,0.207,20.0
"Harris, Trent",805345,SF,SI,Sinker,3.4,1,25,24.3,6,0.333,0.333,0.3,46.2,66.7,44.4,0.265,0.283,0.241,50.0
"Manoah, Alek",666201,LAA,SL,Slider,-2.1,0,23,14.3,6,0.0,0.0,0.35,40.0,16.7,9.1,0.018,0.031,0.361,0.0
"Wells, Tyler",669330,TB,CU,Curveball,1.0,0,42,4.5,6,0.167,0.167,0.15,25.0,16.7,25.0,0.288,0.394,0.297,40.0
"Callihan, Tyler",682997,PIT,SL,Slider,1.9,0,18,34.0,6,0.2,0.2,0.267,0.0,0.0,0.0,0.315,0.449,0.389,60.0
"Dotel, Wilber",696062,PIT,CH,Changeup,1.1,0,39,8.0,6,0.167,0.167,0.15,20.0,16.7,7.7,0.36,0.447,0.355,40.0
"Enns, Dietrich",608650,BAL,FC,Cutter,-3.9,-1,29,10.0,6,1.0,1.0,0.68,18.2,0.0,0.0,0.264,0.287,0.287,0.0
"Murray, Jayden",681151,CHC,SI,Sinker,-0.5,0,29,9.5,6,0.5,0.5,0.533,14.3,0.0,0.0,0.396,0.429,0.476,25.0
"Tiedemann, Ricky",694357,TOR,ST,Sweeper,0.9,0,16,59.3,6,0.333,0.333,0.3,25.0,16.7,33.3,0.374,0.535,0.388,40.0
"Devenski, Chris",606965,PIT,FF,4-Seam Fastball,-1.2,0,15,38.5,6,0.333,0.333,0.3,12.5,16.7,14.3,0.218,0.363,0.247,40.0
"Phillips, Tyler",663969,MIA,SL,Slider,0.9,0,20,1.2,6,0.167,0.667,0.333,0.0,0.0,0.0,0.329,1.053,0.565,50.0
"Fisher, Braydon",680755,TOR,FC,Cutter,-4.8,-1,30,3.0,6,0.6,0.8,0.625,23.5,0.0,0.0,0.329,0.541,0.424,20.0
"Canning, Griffin",656288,SD,ST,Sweeper,1.4,1,44,3.5,6,0.0,0.0,0.117,30.0,66.7,25.0,0.01,0.012,0.124,0.0
"Hedges, Austin",595978,CLE,CH,Changeup,5.9,1,15,50.0,6,0.167,0.167,0.15,0.0,0.0,0.0,0.281,0.357,0.273,33.3
"Pivetta, Nick",601713,SD,FC,Cutter,0.5,0,29,10.2,6,0.333,0.5,0.358,6.3,16.7,16.7,0.344,0.382,0.319,0.0
"Pecko, Ethan",814490,HOU,SI,Sinker,1.1,0,27,30.3,6,0.25,0.25,0.383,40.0,33.3,33.3,0.131,0.209,0.331,50.0
"Harris, Trent",805345,SF,FC,Cutter,-0.4,0,28,27.2,6,0.4,0.4,0.417,27.3,33.3,28.6,0.167,0.194,0.245,0.0
"Wrobleski, Justin",680736,LAD,FC,Cutter,-18.6,-4,24,1.3,6,0.8,2.2,1.142,25.0,0.0,0.0,0.643,1.39,0.834,40.0
"Murphy, Chris",669684,CWS,SI,Sinker,-6.2,-1,17,3.2,6,0.5,1.0,0.633,21.4,0.0,0.0,0.427,0.675,0.473,50.0
"Fleming, Josh",676596,TOR,SI,Sinker,-4.3,-1,29,37.7,6,0.6,1.2,0.633,0.0,0.0,0.0,0.396,1.021,0.559,66.7
"Sands, Cole",663485,MIN,FS,Split-Finger,-3.2,-1,34,16.3,6,0.2,0.8,0.4,28.6,16.7,10.0,0.289,0.779,0.445,20.0
"Mears, Nick",683232,KC,CU,Curveball,0.2,0,46,13.5,6,0.333,0.333,0.3,26.7,33.3,22.2,0.258,0.484,0.318,50.0
"Gilbert, Tyler",656457,CWS,ST,Sweeper,-1.4,0,34,36.2,6,0.2,0.4,0.325,35.7,33.3,12.5,0.128,0.265,0.257,33.3
"Backhus, Kyle",679775,PHI,CH,Changeup,0.1,0,37,10.5,6,0.167,0.167,0.15,15.4,16.7,6.3,0.197,0.238,0.192,20.0
"Gibson, Cade",806188,MIA,CH,Changeup,-3.1,-1,42,6.5,6,0.5,0.667,0.508,23.5,16.7,7.7,0.279,0.395,0.289,80.0
"Mayza, Tim",641835,PHI,FS,Split-Finger,-4.8,-1,23,2.6,6,0.333,0.5,0.358,25.0,33.3,14.3,0.233,0.356,0.254,25.0
"McFarlane, Alex",686934,PHI,SL,Slider,0.2,0,15,19.2,6,0.2,0.2,0.267,50.0,33.3,40.0,0.178,0.209,0.26,66.7
"Fleming, Josh",676596,TOR,CU,Curveball,-2.1,-1,26,33.8,6,0.333,0.333,0.5,23.1,0.0,0.0,0.189,0.268,0.448,66.7
"Hoffman, Nolan",676510,PHI,FC,Cutter,-0.2,0,28,34.1,6,0.333,0.333,0.3,7.7,0.0,0.0,0.313,0.486,0.345,33.3
"Harvey, Hunter",640451,CHC,FS,Split-Finger,1.9,0,25,32.9,6,0.0,0.0,0.117,38.5,33.3,14.3,0.039,0.061,0.152,33.3
"Pushard, Matt",690155,STL,ST,Sweeper,-4.4,-1,15,12.5,6,0.167,0.333,0.358,14.3,16.7,12.5,0.198,0.373,0.237,40.0
"Scott, Christian",681035,NYM,SI,Sinker,-2.7,-1,28,1.8,6,0.4,0.4,0.417,18.2,0.0,0.0,0.315,0.598,0.438,60.0
"Garrett, Braxton",666129,MIA,FF,4-Seam Fastball,-0.4,0,28,21.7,6,0.0,0.0,0.35,18.2,16.7,14.3,0.09,0.095,0.379,0.0
"Santa, Alimber",695001,HOU,FF,4-Seam Fastball,1.3,0,18,7.6,6,0.167,0.167,0.15,0.0,33.3,20.0,0.341,0.378,0.316,50.0
"Hurter, Brant",676428,DET,CH,Changeup,0.0,0,40,11.1,6,0.2,0.2,0.267,31.6,16.7,7.7,0.279,0.302,0.33,25.0
"Rashi, Taylor",688497,AZ,FF,4-Seam Fastball,0.9,0,14,31.1,6,0.2,0.2,0.267,22.2,16.7,33.3,0.296,0.328,0.343,50.0
"Raya, Marco",694397,MIN,ST,Sweeper,0.1,0,27,27.0,6,0.333,0.333,0.3,36.4,33.3,25.0,0.349,0.411,0.332,0.0
"Carrillo, Gerardo",672629,AZ,ST,Sweeper,5.1,1,20,9.7,6,0.167,0.167,0.15,33.3,33.3,40.0,0.28,0.302,0.256,0.0
"Strowd, Kade",669704,AZ,FC,Cutter,-4.2,-1,23,71.9,6,0.333,0.333,0.5,0.0,16.7,20.0,0.291,0.35,0.491,0.0
"Seelinger, Matt",676910,NYM,FC,Cutter,-4.3,-1,22,42.3,6,0.4,0.6,0.475,27.3,16.7,16.7,0.166,0.276,0.273,25.0
"Barlow, Scott",605130,ATH,SL,Slider,-1.7,0,23,4.0,6,0.0,0.0,0.35,16.7,0.0,0.0,0.037,0.118,0.382,33.3
"McGee, Easton",668834,KC,ST,Sweeper,-9.5,-2,22,18.5,6,0.667,1.333,0.842,16.7,0.0,0.0,0.404,0.66,0.454,16.7
"Winn, Cole",668390,TEX,SI,Sinker,-23.6,-3,11,1.5,6,0.667,1.667,0.967,0.0,0.0,0.0,0.443,1.036,0.611,50.0
"Wicks, Jordan",696136,CHC,SI,Sinker,-9.2,-1,15,8.3,6,0.6,0.6,0.567,10.0,0.0,0.0,0.279,0.305,0.332,40.0
"Pallante, Andre",669467,STL,FS,Split-Finger,0.8,1,61,2.8,6,0.0,0.0,0.0,31.8,16.7,7.1,0.156,0.187,0.148,40.0
"Rashi, Taylor",688497,AZ,SL,Slider,2.5,0,14,31.1,6,0.167,0.667,0.333,54.5,33.3,50.0,0.309,0.714,0.433,50.0
"Montgomery, Jordan",656756,TEX,FF,4-Seam Fastball,-0.4,0,26,16.0,6,0.333,0.5,0.358,0.0,0.0,0.0,0.365,0.407,0.341,16.7
"Slaten, Justin",686580,BOS,CU,Curveball,4.6,1,17,3.3,6,0.167,0.167,0.15,44.4,66.7,44.4,0.026,0.028,0.024,0.0
"Corniell, Jose",692030,TEX,CH,Changeup,-7.2,-2,27,26.0,6,0.5,1.167,0.692,57.1,33.3,25.0,0.203,0.552,0.313,75.0
"Rajcic, Max",691008,STL,CU,Curveball,0.8,0,42,25.8,6,0.0,0.0,0.233,37.5,50.0,16.7,0.015,0.018,0.243,0.0
"De los Santos, Yerry",660787,NYY,FF,4-Seam Fastball,4.5,1,23,10.6,6,0.167,0.167,0.15,11.1,33.3,25.0,0.174,0.359,0.226,50.0
"Shuster, Jared",694363,STL,SL,Slider,3.3,1,34,20.5,6,0.0,0.0,0.0,16.7,16.7,11.1,0.191,0.308,0.213,60.0
"Thomas, Connor",671162,KC,FC,Cutter,-7.6,-2,21,14.1,6,0.667,1.167,0.783,13.3,0.0,0.0,0.433,0.881,0.559,66.7
"Falter, Bailey",663559,KC,FS,Split-Finger,-3.7,-1,18,10.0,6,0.333,0.5,0.358,42.9,50.0,75.0,0.186,0.253,0.19,66.7
"Fernández, Julian",642759,WSH,CH,Changeup,0.6,0,29,40.8,6,0.0,0.0,0.117,62.5,50.0,21.4,0.001,0.001,0.117,0.0
"Richardson, Lyon",680689,MIL,SI,Sinker,-8.8,-2,24,35.3,6,0.25,1.0,0.68,0.0,16.7,33.3,0.369,1.269,0.684,33.3
"Sandlin, Nick",680704,LAA,FF,4-Seam Fastball,4.4,1,21,13.4,6,0.0,0.0,0.117,14.3,16.7,10.0,0.069,0.078,0.169,25.0
"Dion, Will",702021,WSH,SI,Sinker,-0.6,0,21,4.9,6,0.333,0.333,0.3,10.0,16.7,25.0,0.15,0.178,0.143,20.0
"Samaniego, Tyler",701719,BOS,FC,Cutter,-3.8,-1,24,7.6,6,0.5,1.0,0.633,33.3,0.0,,0.504,1.048,0.656,16.7
"Rodriguez, Carlos",692230,MIL,FF,4-Seam Fastball,-1.3,-1,49,26.9,6,0.333,0.5,0.358,5.3,0.0,0.0,0.331,0.409,0.323,16.7
"Frasso, Nick",693308,COL,CH,Changeup,1.9,0,25,22.5,6,0.167,0.167,0.15,54.5,50.0,25.0,0.162,0.207,0.161,0.0
"Bowden, Ben",641386,ATH,FF,4-Seam Fastball,-2.1,-1,28,70.0,6,0.333,0.667,0.558,18.2,0.0,0.0,0.298,0.689,0.556,33.3
"Trevino, Jose",624431,CIN,KN,Knuckleball,-7.7,-2,26,36.1,6,0.667,0.833,0.658,11.1,16.7,25.0,0.512,0.742,0.542,40.0
"Wilkinson, Matt",683363,SF,FF,4-Seam Fastball,6.8,1,18,72.0,6,0.167,0.167,0.15,0.0,0.0,0.0,0.256,0.276,0.234,16.7
"Martin, Riley",702303,CHC,SL,Slider,-9.6,-2,18,15.3,6,0.333,0.833,0.483,40.0,50.0,50.0,0.184,0.656,0.346,66.7
"Granillo, Andre",701552,WSH,SI,Sinker,-5.6,-1,26,13.1,6,0.5,0.75,0.592,8.3,0.0,0.0,0.255,0.294,0.394,25.0
"Emanuel, Kent",592288,CIN,ST,Sweeper,-2.8,-1,26,27.1,6,0.25,0.25,0.383,0.0,33.3,15.4,0.13,0.166,0.316,0.0
"Oviedo, Johan",670912,BOS,FF,4-Seam Fastball,-9.7,-2,25,34.7,6,0.5,1.167,0.692,21.4,16.7,11.1,0.366,0.545,0.39,80.0
"Cosgrove, Tom",676680,WSH,SI,Sinker,-5.2,-1,15,8.3,6,0.4,0.6,0.475,12.5,0.0,0.0,0.406,0.572,0.468,40.0
"Fitzpatrick, Brian",702153,MIL,SI,Sinker,0.3,0,20,18.3,6,0.333,0.5,0.358,33.3,16.7,33.3,0.242,0.414,0.279,40.0
"Koenig, Jared",657649,MIL,CH,Changeup,-2.0,-1,31,19.3,6,0.333,0.667,0.417,37.5,33.3,22.2,0.059,0.076,0.059,0.0
"Kirby, George",669923,SEA,FS,Split-Finger,-0.3,0,21,1.0,6,0.167,0.167,0.15,20.0,33.3,20.0,0.259,0.292,0.241,50.0
"Bummer, Aaron",607481,KC,FF,4-Seam Fastball,-5.9,-2,27,8.2,6,0.5,1.167,0.692,12.5,16.7,10.0,0.478,1.145,0.678,100.0
"Ekness, Josh",694795,MIA,CU,Curveball,-0.5,0,20,9.1,6,0.0,0.0,0.15,11.1,16.7,12.5,0.11,0.127,0.103,40.0
"Henry, Cole",669371,WSH,SI,Sinker,-5.3,-1,28,9.9,6,0.667,1.167,0.783,27.8,33.3,18.2,0.379,0.551,0.402,50.0
"Woodruff, Brandon",605540,MIL,CU,Curveball,2.1,1,28,4.4,6,0.0,0.0,0.15,22.2,33.3,28.6,0.102,0.158,0.111,50.0
"Ragans, Cole",666142,KC,FC,Cutter,-1.0,0,36,5.6,6,0.4,0.4,0.567,22.2,0.0,0.0,0.31,0.349,0.355,40.0
"Criswell, Cooper",681867,SEA,FF,4-Seam Fastball,3.0,1,28,6.1,5,0.0,0.0,0.0,38.5,60.0,20.0,0.057,0.064,0.053,0.0
"Peralta, Sammy",671111,LAA,CH,Changeup,6.1,1,15,15.3,5,0.0,0.0,0.14,50.0,40.0,66.7,0.155,0.179,0.256,50.0
"Allard, Kolby",663465,CLE,CU,Curveball,-6.8,-2,24,13.6,5,0.6,0.8,0.61,14.3,20.0,11.1,0.427,0.519,0.417,25.0
"Estévez, Carlos",608032,KC,FF,4-Seam Fastball,-15.0,-2,15,55.6,5,1.0,2.0,1.04,16.7,0.0,0.0,0.579,1.242,0.737,100.0
"Kriske, Brooks",621139,ATH,FS,Split-Finger,6.4,1,19,50.0,5,0.0,0.0,0.0,44.4,40.0,33.3,0.231,0.259,0.214,33.3
"Del Castillo, Adrian",680728,AZ,CU,Curveball,-10.6,-1,7,43.8,5,0.6,0.6,0.54,0.0,0.0,,0.569,0.748,0.566,80.0
"Brogdon, Connor",641401,CLE,FC,Cutter,0.2,0,27,10.1,5,0.2,0.8,0.4,36.4,0.0,0.0,0.297,0.734,0.429,40.0
"Díaz, Yilber",700270,DET,SL,Slider,-4.1,-1,30,40.5,5,0.5,0.75,0.57,20.0,40.0,20.0,0.399,0.482,0.448,50.0
"Burgos, Juan",686228,AZ,SI,Sinker,-3.4,-1,16,42.1,5,0.25,0.5,0.39,12.5,0.0,0.0,0.179,0.289,0.298,25.0
"Stewart, Brock",592779,LAD,FC,Cutter,2.2,0,22,9.6,5,0.0,0.0,0.28,25.0,20.0,50.0,0.052,0.055,0.308,0.0
"Verlander, Justin",434378,DET,CU,Curveball,-6.6,-1,14,17.5,5,0.5,0.5,0.5,16.7,20.0,12.5,0.381,0.44,0.428,66.7
"Buttó, José",676130,SF,SI,Sinker,-8.3,-2,25,39.7,5,0.75,1.5,0.9,12.5,0.0,,0.467,0.765,0.563,25.0
"Buttó, José",676130,SF,FF,4-Seam Fastball,-4.4,-1,16,25.4,5,0.333,0.667,0.53,50.0,40.0,66.7,0.09,0.188,0.351,100.0
"Irvin, Cole",608344,LAD,FF,4-Seam Fastball,3.8,1,21,20.6,5,0.0,0.0,0.14,10.0,20.0,12.5,0.182,0.28,0.299,66.7
"Walker, Ryan",676254,SF,FF,4-Seam Fastball,-2.3,0,14,2.9,5,0.25,0.25,0.32,0.0,0.0,0.0,0.155,0.212,0.265,50.0
"Treinen, Blake",595014,LAD,FC,Cutter,4.8,2,35,9.4,5,0.2,0.2,0.18,25.0,40.0,22.2,0.131,0.206,0.145,66.7
"Anderson, Drew",623454,DET,SI,Sinker,-5.5,-1,20,1.6,5,0.4,0.4,0.54,0.0,0.0,,0.3,0.349,0.277,0.0
"Beck, Tristan",663941,SF,CU,Curveball,-10.3,-1,13,5.3,5,0.75,0.75,0.54,0.0,0.0,0.0,0.472,0.527,0.411,80.0
"Bivens, Spencer",702352,SF,SI,Sinker,3.9,1,27,60.0,5,0.2,0.2,0.18,15.4,40.0,28.6,0.202,0.259,0.201,33.3
"Olds, Wyatt",681544,BOS,SL,Slider,12.8,1,9,39.1,5,0.0,0.0,0.0,71.4,60.0,60.0,0.069,0.071,0.062,0.0
"Jobe, Jackson",695549,DET,CU,Curveball,-7.1,-1,21,9.1,5,0.5,0.75,0.57,0.0,20.0,14.3,0.41,0.527,0.468,66.7
"Brieske, Beau",689225,DET,SI,Sinker,4.5,1,22,14.8,5,0.2,0.2,0.18,20.0,20.0,16.7,0.288,0.487,0.327,75.0
"Schlittler, Cam",693645,NYY,SL,Slider,2.1,1,28,1.2,5,0.0,0.0,0.0,25.0,20.0,7.7,0.168,0.331,0.207,25.0
"Johnson, Seth",686751,ATH,ST,Sweeper,7.8,1,11,2.6,5,0.0,0.0,0.0,28.6,40.0,28.6,0.033,0.036,0.03,0.0
"Morris, Kade",695034,ATH,CH,Changeup,-11.3,-2,19,9.1,5,0.8,1.4,0.94,22.2,0.0,0.0,0.611,0.987,0.682,60.0
"Emanuel, Kent",592288,CIN,CH,Changeup,0.8,0,23,24.0,5,0.2,0.6,0.32,55.6,40.0,50.0,0.252,0.545,0.334,66.7
"Bellozo, Valente",678368,COL,SI,Sinker,-6.3,-1,19,11.2,5,0.4,1.0,0.58,0.0,0.0,0.0,0.408,0.944,0.571,40.0
"Ahlstrom, Robby",695239,TEX,CU,Curveball,-5.1,-1,24,5.1,5,0.5,0.5,0.5,10.0,0.0,0.0,0.388,0.418,0.425,50.0
"Corniell, Jose",692030,TEX,FC,Cutter,-4.1,-1,15,14.4,5,0.4,0.6,0.43,18.2,0.0,0.0,0.259,0.391,0.279,40.0
"Beeks, Jalen",656222,TEX,FC,Cutter,-4.5,-2,37,9.1,5,0.4,1.6,0.8,30.0,20.0,20.0,0.447,1.664,0.864,75.0
"Urquidy, José",664353,CWS,ST,Sweeper,-3.1,-1,32,12.7,5,0.5,0.75,0.57,58.3,40.0,20.0,0.387,0.476,0.435,50.0
"Gonzales, Marco",594835,TEX,SV,Slurve,2.3,1,25,21.2,5,0.2,0.2,0.18,11.1,0.0,0.0,0.136,0.174,0.132,0.0
"Bradford, Cody",674003,TEX,SL,Slider,-4.3,-1,17,7.5,5,0.25,1.0,0.4,0.0,0.0,0.0,0.426,1.286,0.574,60.0
"Santos, Winston",692437,TEX,FF,4-Seam Fastball,-3.4,-1,18,54.5,5,0.25,1.0,0.54,0.0,0.0,0.0,0.334,0.801,0.519,25.0
"Teodo, Emiliano",693713,TEX,SL,Slider,3.9,1,15,34.9,5,0.0,0.0,0.14,14.3,20.0,20.0,0.159,0.31,0.296,66.7
"Oviedo, Johan",670912,BOS,SL,Slider,-4.1,-1,14,19.4,5,0.25,1.0,0.54,25.0,40.0,66.7,0.279,0.868,0.518,50.0
"Weiman, Blake",676620,LAA,SL,Slider,3.7,1,30,31.6,5,0.2,0.2,0.18,36.4,20.0,14.3,0.253,0.443,0.301,25.0
"Mejia, Juan",675848,COL,CH,Changeup,-0.9,0,27,2.7,5,0.25,0.5,0.39,20.0,20.0,16.7,0.208,0.368,0.334,33.3
"Thompson, Keegan",624522,COL,ST,Sweeper,-0.1,0,19,9.7,5,0.2,0.4,0.25,50.0,40.0,50.0,0.252,0.682,0.389,33.3
"Montgomery, Mason",682254,PIT,CH,Changeup,3.7,1,23,2.6,5,0.2,0.2,0.18,10.0,20.0,33.3,0.235,0.259,0.219,50.0
"Lee, Chase",695445,TOR,FF,4-Seam Fastball,-1.4,0,17,13.4,5,0.0,0.0,0.42,33.3,20.0,12.5,0.009,0.026,0.426,100.0
"Coulombe, Danny",543056,BOS,CU,Curveball,3.8,1,24,6.2,5,0.0,0.0,0.0,20.0,20.0,9.1,0.08,0.123,0.088,0.0
"Flores Jr., Rafael",804668,PIT,SL,Slider,-1.1,0,7,87.5,5,0.4,0.4,0.36,16.7,0.0,,0.356,0.482,0.362,80.0
"Doval, Camilo",666808,PIT,CH,Changeup,2.3,1,24,2.9,5,0.0,0.0,0.0,62.5,60.0,23.1,0.039,0.096,0.055,0.0
"Curtis, Khristian",694753,PIT,FC,Cutter,3.2,1,22,32.4,5,0.0,0.0,0.28,37.5,20.0,33.3,0.071,0.083,0.321,0.0
"Lee, Chase",695445,TOR,CH,Changeup,-3.3,0,13,10.2,5,0.4,0.4,0.36,0.0,0.0,0.0,0.433,0.546,0.426,60.0
"Rodríguez, Yariel",684320,TOR,FF,4-Seam Fastball,-3.6,-1,36,20.9,5,0.667,0.667,0.64,23.1,0.0,0.0,0.313,0.339,0.452,0.0
"Van Eyk, CJ",669310,TOR,CH,Changeup,2.4,1,29,22.7,5,0.2,0.2,0.18,20.0,0.0,0.0,0.135,0.146,0.124,0.0
"Andrews, Tanner",681084,TOR,FS,Split-Finger,-2.6,0,18,41.9,5,0.25,0.25,0.32,25.0,20.0,20.0,0.11,0.115,0.219,0.0
"McFarlane, Alex",686934,PHI,FF,4-Seam Fastball,-0.4,0,24,30.8,5,0.4,0.4,0.36,21.4,20.0,10.0,0.394,0.669,0.451,50.0
"Keller, Brian",662144,PHI,FC,Cutter,6.2,1,13,33.3,5,0.2,0.2,0.18,9.1,0.0,0.0,0.247,0.484,0.307,40.0
"McCambley, Zach",685112,CIN,ST,Sweeper,-3.1,-1,38,22.1,5,0.4,0.4,0.36,33.3,40.0,11.1,0.293,0.323,0.271,33.3
"Taillon, Jameson",592791,TOR,SL,Slider,-0.1,0,14,1.0,5,0.2,0.4,0.25,20.0,20.0,10.0,0.318,0.382,0.309,50.0
"Rock, Joe",697812,CWS,SI,Sinker,0.6,0,20,10.3,5,0.25,0.5,0.39,0.0,20.0,100.0,0.183,0.298,0.306,100.0
"Nicolas, Kyle",693312,CIN,CU,Curveball,-0.1,0,32,16.2,5,0.2,0.2,0.18,33.3,40.0,22.2,0.271,0.452,0.308,66.7
"Varland, Louis",686973,TOR,SI,Sinker,-3.2,-1,26,2.6,5,0.5,0.5,0.5,0.0,0.0,0.0,0.301,0.365,0.372,25.0
"Matsui, Yuki",673513,SD,ST,Sweeper,-2.9,-1,31,3.9,5,0.2,0.8,0.4,27.3,60.0,17.6,0.238,0.668,0.376,100.0
"Brito, Jhony",666745,SD,SI,Sinker,-5.7,-1,17,21.8,5,0.6,1.2,0.76,16.7,0.0,0.0,0.372,0.656,0.439,60.0
"Fleming, Josh",676596,TOR,CH,Changeup,-0.5,0,18,23.4,5,0.4,0.4,0.36,25.0,20.0,20.0,0.39,0.467,0.377,50.0
"Smith, Shane",681343,CWS,SI,Sinker,-2.1,-1,32,14.2,5,0.5,0.75,0.57,0.0,20.0,16.7,0.472,0.53,0.492,33.3
"Waldrep, Hurston",694462,ATL,FC,Cutter,2.0,1,34,15.8,5,0.0,0.0,0.14,7.7,0.0,0.0,0.118,0.179,0.242,25.0
"Mederos, Victor",682989,ATL,CH,Changeup,-3.2,-1,33,9.2,5,0.4,0.4,0.36,53.8,40.0,12.5,0.233,0.254,0.216,0.0
"Muñoz, Rolddy",691548,ATL,SL,Slider,-1.4,0,28,57.1,5,0.4,0.4,0.36,40.0,40.0,16.7,0.238,0.43,0.285,66.7
"Solesky, Chase",686678,TB,ST,Sweeper,2.7,0,15,25.9,5,0.0,0.0,0.18,0.0,40.0,25.0,0.083,0.095,0.076,0.0
"Kerr, Ray",678061,ATL,CU,Curveball,-2.2,0,18,52.9,5,0.333,0.333,0.4,36.4,0.0,0.0,0.227,0.339,0.356,25.0
"Hamilton, Ian",641656,ATL,FF,4-Seam Fastball,1.4,0,25,27.2,5,0.25,0.25,0.32,22.2,20.0,16.7,0.309,0.403,0.385,66.7
"Grove, Michael",675627,TB,SI,Sinker,-0.1,0,18,20.2,5,0.2,0.8,0.4,10.0,0.0,0.0,0.244,0.69,0.383,20.0
"Grove, Michael",675627,TB,FC,Cutter,-16.4,-2,14,15.7,5,0.4,1.0,0.58,25.0,0.0,0.0,0.495,1.53,0.839,60.0
"Lucchesi, Joey",664192,LAA,CU,Curveball,-0.5,0,30,27.0,5,0.25,0.25,0.32,44.4,20.0,10.0,0.233,0.258,0.313,66.7
"Eflin, Zach",621107,BAL,SI,Sinker,-2.4,0,14,18.9,5,0.5,0.5,0.5,50.0,40.0,40.0,0.26,0.283,0.329,100.0
"Paez, Jedixson",699151,CWS,CH,Changeup,-0.6,0,15,23.1,5,0.0,0.0,0.28,37.5,0.0,0.0,0.267,0.298,0.431,33.3
"Stallings, Garrett",668831,MIL,FC,Cutter,3.3,1,35,28.7,5,0.0,0.0,0.14,28.6,40.0,25.0,0.032,0.037,0.165,0.0
"Senzatela, Antonio",622608,MIL,SL,Slider,-0.7,0,21,2.3,5,0.0,0.0,0.18,0.0,0.0,0.0,0.155,0.192,0.13,20.0
"Fitzpatrick, Brian",702153,MIL,SL,Slider,-1.1,0,20,18.3,5,0.333,0.333,0.46,33.3,0.0,0.0,0.148,0.164,0.364,66.7
"Rodriguez, Carlos",692230,MIL,ST,Sweeper,4.6,1,15,8.2,5,0.2,0.2,0.18,20.0,20.0,12.5,0.162,0.18,0.151,0.0
"Anderson, Grant",681982,MIL,CH,Changeup,-8.2,-2,19,2.5,5,0.4,1.0,0.58,20.0,20.0,12.5,0.485,1.055,0.651,50.0
"Rutledge, Jackson",671131,WSH,FC,Cutter,-4.7,-1,20,45.5,5,0.6,0.6,0.54,30.8,20.0,16.7,0.199,0.225,0.187,25.0
"Fitzpatrick, Brian",702153,MIL,FF,4-Seam Fastball,0.0,0,23,21.1,5,0.25,0.25,0.32,20.0,40.0,18.2,0.33,0.353,0.38,50.0
"McCullers Jr., Lance",621121,MIL,FF,4-Seam Fastball,-6.6,-2,29,3.7,5,0.4,1.2,0.83,33.3,0.0,0.0,0.357,0.646,0.427,40.0
"Cruz, Yovanny",672442,WSH,FS,Split-Finger,5.1,1,15,9.3,5,0.0,0.0,0.0,50.0,80.0,36.4,0.032,0.033,0.029,0.0
"Seelinger, Matt",676910,NYM,FF,4-Seam Fastball,-7.5,-2,20,38.5,5,0.5,1.5,0.79,33.3,20.0,33.3,0.272,0.739,0.47,66.7
"Curry, Xzavion",675540,NYM,SI,Sinker,0.9,0,19,7.9,5,0.25,0.5,0.39,14.3,20.0,100.0,0.297,0.342,0.36,0.0
"Weisenburger, Jack",674073,NYM,FC,Cutter,-4.1,-1,15,19.0,5,0.667,0.667,0.64,0.0,0.0,0.0,0.378,0.515,0.511,33.3
"Shuster, Jared",694363,STL,SI,Sinker,-7.2,-2,21,12.7,5,0.667,1.0,0.71,0.0,0.0,0.0,0.496,0.681,0.581,100.0
"Edwards Jr., Carl",605218,NYM,CH,Changeup,4.6,1,16,16.2,5,0.0,0.0,0.14,55.6,60.0,50.0,0.159,0.238,0.275,100.0
"Blach, Ty",621389,CHC,SI,Sinker,7.4,1,19,63.3,5,0.0,0.0,0.0,14.3,20.0,33.3,0.264,0.303,0.244,75.0
"Javier, Cristian",664299,HOU,SI,Sinker,1.8,0,12,1.8,5,0.25,0.25,0.32,16.7,0.0,,0.282,0.418,0.376,50.0
"Lavender, Nate",681320,NYM,SL,Slider,4.4,1,16,21.9,5,0.0,0.0,0.28,14.3,0.0,0.0,0.175,0.239,0.387,33.3
"Yan, Jefry",642376,NYM,FF,4-Seam Fastball,6.5,1,21,21.2,5,0.0,0.0,0.0,37.5,40.0,28.6,0.161,0.248,0.176,100.0
"Ober, Bailey",641927,MIN,CU,Curveball,-0.9,0,26,1.6,5,0.25,0.5,0.39,0.0,0.0,0.0,0.415,1.048,0.628,25.0
"Thomas, Connor",671162,KC,CH,Changeup,-3.8,-1,31,20.8,5,0.5,0.5,0.5,25.0,0.0,0.0,0.42,0.556,0.475,50.0
"Sandlin, Nick",680704,LAA,SI,Sinker,-10.6,-1,14,8.9,5,0.333,1.333,0.54,12.5,0.0,0.0,0.487,1.855,0.757,100.0
"Ferguson, Tyler",621053,CHC,FC,Cutter,4.2,1,20,7.8,5,0.2,0.2,0.18,10.0,0.0,0.0,0.224,0.244,0.206,40.0
"Black, Mason",696131,KC,CH,Changeup,-1.1,0,22,4.3,5,0.4,0.4,0.36,28.6,20.0,16.7,0.316,0.426,0.323,75.0
"Go, Woo-Suk",808970,MIN,CU,Curveball,3.5,0,13,15.1,5,0.2,0.2,0.18,50.0,40.0,40.0,0.129,0.149,0.122,0.0
"Weiman, Blake",676620,LAA,SI,Sinker,-14.0,-2,11,11.6,5,0.8,0.8,0.72,0.0,0.0,0.0,0.406,0.477,0.382,40.0
"Fulton, Dax",690978,MIA,CH,Changeup,3.6,1,15,6.3,5,0.2,0.2,0.18,33.3,0.0,0.0,0.284,0.308,0.261,20.0
"Alexander, Jason",669920,HOU,ST,Sweeper,-6.4,-1,18,6.0,5,0.4,1.2,0.65,20.0,20.0,50.0,0.264,0.729,0.411,50.0
"Gausman, Kevin",592332,CHC,CH,Changeup,2.8,1,24,1.0,5,0.2,0.2,0.18,23.1,20.0,16.7,0.089,0.103,0.083,50.0
"Hollowell, Gavin",668970,CHC,CH,Changeup,1.1,0,23,9.1,5,0.2,0.4,0.25,63.6,40.0,25.0,0.221,0.515,0.307,66.7
"Ferguson, Tyler",621053,CHC,SL,Slider,-1.8,0,23,9.0,5,0.2,0.4,0.25,14.3,0.0,0.0,0.183,0.41,0.246,40.0
"Funderburk, Kody",681892,MIN,SL,Slider,2.2,1,36,5.4,5,0.0,0.0,0.0,18.2,0.0,0.0,0.229,0.247,0.208,40.0
"Minter, A.J.",621345,MIN,SI,Sinker,5.3,1,20,4.5,5,0.0,0.0,0.0,12.5,0.0,0.0,0.134,0.186,0.138,20.0
"Kelly, Michael",547184,ATH,SI,Sinker,-0.8,0,11,9.1,4,0.333,0.333,0.4,0.0,25.0,25.0,0.131,0.147,0.268,0.0
"Harris, Trent",805345,SF,ST,Sweeper,-2.8,-1,28,27.2,4,0.333,0.667,0.488,11.1,25.0,10.0,0.291,0.421,0.403,50.0
"Santillan, Tony",663574,CIN,SL,Slider,-0.2,0,12,2.4,4,0.0,0.0,0.175,50.0,25.0,20.0,0.044,0.056,0.208,50.0
"Pannone, Thomas",623381,MIL,SI,Sinker,7.8,1,10,17.9,4,0.0,0.0,0.175,14.3,0.0,0.0,0.243,0.294,0.348,33.3
"Murphy, Luke",684665,LAA,SL,Slider,8.3,1,10,6.8,4,0.0,0.0,0.0,50.0,50.0,50.0,0.172,0.207,0.166,50.0
"Irvin, Cole",608344,LAD,CH,Changeup,-1.4,0,22,21.6,4,0.25,1.0,0.5,28.6,0.0,0.0,0.27,0.922,0.495,25.0
"Aldegheri, Sam",691951,LAA,SL,Slider,-8.8,-2,28,4.6,4,0.75,1.5,0.95,11.1,0.0,0.0,0.635,1.064,0.722,50.0
"Bigge, Hunter",685801,TB,FS,Split-Finger,3.1,1,17,5.3,4,0.0,0.0,0.0,40.0,50.0,22.2,0.229,0.321,0.235,50.0
"Faucher, Calvin",676534,MIA,SL,Slider,-0.6,0,25,2.7,4,0.25,0.25,0.225,30.0,25.0,11.1,0.426,0.909,0.56,33.3
"Shook, TJ",669298,COL,FC,Cutter,-3.8,-1,16,11.9,4,0.667,1.0,0.713,33.3,0.0,0.0,0.472,0.699,0.551,66.7
"Roa, Christian",685005,HOU,CH,Changeup,-10.9,-2,14,7.9,4,0.75,0.75,0.675,12.5,0.0,0.0,0.622,0.75,0.595,50.0
"Marte, Yunior",628708,CIN,SL,Slider,-11.3,-1,12,57.1,4,0.75,1.0,0.763,44.4,25.0,14.3,0.537,0.654,0.519,33.3
"Sandoval, Patrick",663776,BOS,ST,Sweeper,-18.9,-2,11,1.9,4,0.75,1.5,0.95,0.0,25.0,12.5,0.42,0.887,0.548,33.3
"McDonald, Trevor",686790,SF,FF,4-Seam Fastball,-16.2,-2,11,1.0,4,0.667,1.667,0.9,16.7,25.0,12.5,0.381,0.837,0.558,100.0
"Buttó, José",676130,SF,SL,Slider,-12.9,-2,13,20.6,4,0.5,1.25,0.725,57.1,50.0,33.3,0.423,1.161,0.661,50.0
"Oviedo, Johan",670912,BOS,CU,Curveball,1.3,0,18,25.0,4,0.0,0.0,0.175,11.1,0.0,0.0,0.028,0.028,0.271,33.3
"Phillips, Connor",683175,CIN,CU,Curveball,-11.7,-2,16,2.9,4,0.25,1.0,0.5,16.7,25.0,14.3,0.377,1.222,0.659,100.0
"Teodo, Emiliano",693713,TEX,SI,Sinker,-4.3,-1,25,58.1,4,0.667,0.667,0.625,20.0,0.0,0.0,0.426,0.541,0.49,33.3
"Mushinski, Parker",656786,COL,CU,Curveball,-0.9,0,23,16.5,4,0.25,0.25,0.225,30.0,0.0,0.0,0.289,0.345,0.278,50.0
"Teng, Kai-Wei",678906,HOU,SL,Slider,-0.6,0,21,1.8,4,0.0,0.0,0.35,66.7,25.0,50.0,0.011,0.021,0.358,0.0
"Mejia, Juan",675848,COL,SL,Slider,0.2,0,25,2.5,4,0.25,0.25,0.225,36.4,0.0,0.0,0.257,0.291,0.239,0.0
"White, Josh",687985,MIA,SL,Slider,-13.4,-1,10,23.3,4,0.5,2.0,0.85,33.3,25.0,33.3,0.5,2.0,0.85,100.0
"Cornelio, Riley",683000,WSH,FC,Cutter,-3.7,-1,17,4.1,4,0.5,0.5,0.575,0.0,0.0,0.0,0.279,0.31,0.479,50.0
"Gonzales, Marco",594835,TEX,FC,Cutter,-0.4,0,20,16.9,4,0.333,0.333,0.4,37.5,0.0,0.0,0.327,0.432,0.42,33.3
"Montgomery, Jordan",656756,TEX,SL,Slider,-0.8,0,20,12.3,4,0.25,0.25,0.225,33.3,25.0,12.5,0.335,0.383,0.312,0.0
"Pecko, Ethan",814490,HOU,FF,4-Seam Fastball,2.1,1,28,31.5,4,0.0,0.0,0.0,25.0,0.0,0.0,0.191,0.227,0.178,0.0
"Mushinski, Parker",656786,COL,FC,Cutter,1.0,0,22,15.8,4,0.333,0.333,0.4,12.5,0.0,0.0,0.52,0.598,0.534,0.0
"Palencia, Daniel",694037,CHC,SI,Sinker,2.2,0,7,2.4,4,0.25,0.25,0.225,20.0,25.0,50.0,0.145,0.224,0.157,33.3
"Corniell, Jose",692030,TEX,SL,Slider,-3.7,0,8,7.7,4,0.333,0.667,0.417,25.0,25.0,100.0,0.1,0.259,0.149,33.3
"Palmquist, Carson",687223,WSH,FC,Cutter,2.1,1,31,9.9,4,0.333,0.333,0.4,26.7,0.0,0.0,0.217,0.24,0.329,0.0
"Waldichuk, Ken",686610,WSH,FC,Cutter,-2.1,-1,27,18.1,4,0.25,1.0,0.5,28.6,0.0,0.0,0.544,1.346,0.793,50.0
"Williams, Trevor",592866,WSH,CH,Changeup,-3.9,-1,24,9.1,4,0.667,0.667,0.625,10.0,0.0,0.0,0.199,0.216,0.313,33.3
"Garcia, Robert",676395,TEX,SL,Slider,-3.0,-1,36,23.5,4,0.5,1.0,0.663,55.6,0.0,0.0,0.404,0.452,0.538,50.0
"Gilbert, Tyler",656457,CWS,FC,Cutter,-8.9,-2,17,18.1,4,0.667,2.0,0.988,14.3,0.0,0.0,0.635,1.663,0.893,100.0
"Rutledge, Jackson",671131,WSH,FS,Split-Finger,-11.4,-1,12,27.3,4,0.5,1.5,0.75,75.0,25.0,16.7,0.497,0.553,0.582,0.0
"Kriske, Brooks",621139,ATH,FF,4-Seam Fastball,3.7,0,12,31.6,4,0.25,0.25,0.225,0.0,0.0,0.0,0.176,0.2,0.164,25.0
"Weiss, Ryan",680802,HOU,CU,Curveball,0.8,0,18,3.4,4,0.25,0.25,0.225,0.0,0.0,0.0,0.193,0.359,0.233,50.0
"Pushard, Matt",690155,STL,CH,Changeup,9.4,1,9,7.5,4,0.0,0.0,0.0,20.0,25.0,33.3,0.248,0.281,0.236,33.3
"Ross, Joe",605452,TEX,CU,Curveball,0.4,0,13,6.3,4,0.25,0.25,0.225,42.9,50.0,50.0,0.162,0.182,0.151,0.0
"Estes, Joey",683155,ATH,SL,Slider,0.8,0,15,21.1,4,0.25,0.5,0.313,22.2,0.0,0.0,0.188,0.286,0.2,50.0
"Burgos, Juan",686228,AZ,FC,Cutter,-4.4,-1,14,36.8,4,0.667,0.667,0.6,12.5,0.0,0.0,0.253,0.315,0.25,0.0
"Johnson, Seth",686751,ATH,CU,Curveball,-2.9,-1,27,6.3,4,0.333,0.333,0.4,30.0,50.0,15.4,0.202,0.234,0.32,100.0
"Cortes, Carlos",666126,ATH,SL,Slider,-3.6,-1,15,11.3,4,0.25,1.0,0.5,0.0,0.0,0.0,0.33,0.868,0.499,25.0
"Kimbrel, Craig",518886,KC,CH,Changeup,-5.3,-1,19,3.0,4,0.25,0.5,0.313,50.0,50.0,25.0,0.089,0.096,0.08,0.0
"Mathews, Quinn",687273,STL,CU,Curveball,3.4,1,26,13.5,4,0.0,0.0,0.0,9.1,25.0,11.1,0.015,0.034,0.021,33.3
"Rodríguez, Elmer",695684,NYY,CU,Curveball,-0.6,0,29,9.1,4,0.25,0.25,0.225,66.7,50.0,28.6,0.073,0.08,0.067,0.0
"Johnston, Troy",687859,COL,SL,Slider,1.8,0,12,57.1,4,0.0,0.0,0.175,16.7,0.0,0.0,0.165,0.184,0.288,66.7
"White, Josh",687985,MIA,FF,4-Seam Fastball,-2.2,0,22,51.2,4,0.0,0.0,0.525,0.0,0.0,0.0,0.02,0.025,0.53,0.0
"Seelinger, Matt",676910,NYM,CU,Curveball,-13.7,-1,10,19.2,4,0.5,1.0,0.663,25.0,0.0,0.0,0.283,0.556,0.539,50.0
"Brieske, Beau",689225,DET,CH,Changeup,-0.3,0,19,12.8,4,0.25,0.25,0.225,0.0,0.0,0.0,0.345,0.396,0.32,50.0
"Arrighetti, Spencer",681293,HOU,SL,Slider,-0.4,0,16,1.1,4,0.333,0.333,0.4,25.0,0.0,0.0,0.519,0.987,0.655,66.7
"Fernandez, Ryan",681676,STL,CH,Changeup,-3.5,-1,28,11.9,4,0.333,0.333,0.625,45.5,25.0,11.1,0.327,0.356,0.401,50.0
"Phillips, Evan",623465,LAD,SI,Sinker,-8.5,-1,11,4.7,4,0.5,1.25,0.725,14.3,25.0,20.0,0.231,0.74,0.401,33.3
"Stock, Robert",476594,NYM,ST,Sweeper,-1.6,0,32,10.1,4,0.333,0.333,0.4,14.3,0.0,0.0,0.286,0.421,0.4,66.7
"Fried, Max",608331,NYY,SL,Slider,-1.3,0,16,1.2,4,0.0,0.0,0.175,60.0,50.0,18.2,0.057,0.069,0.217,0.0
"Ramos, Wilkin",678576,SF,FF,4-Seam Fastball,-0.3,0,13,21.3,4,0.0,0.0,0.35,28.6,25.0,14.3,0.437,0.536,0.559,0.0
"Sanmartin, Reiver",665665,SF,FF,4-Seam Fastball,-14.6,-2,16,9.6,4,0.75,1.5,0.95,20.0,25.0,10.0,0.551,1.182,0.727,100.0
"Mills, Wyatt",670090,LAD,ST,Sweeper,-0.9,0,23,15.4,4,0.333,0.333,0.4,37.5,25.0,10.0,0.377,0.435,0.44,0.0
"Zimmermann, Bruce",669145,STL,CU,Curveball,-6.2,-1,9,12.5,4,0.5,0.5,0.45,0.0,0.0,0.0,0.339,0.388,0.313,25.0
"Mautz, Brycen",802408,STL,SL,Slider,-10.3,-1,9,15.3,4,0.333,0.667,0.488,66.7,50.0,66.7,0.017,0.035,0.191,0.0
"King, Bryan",687911,HOU,CH,Changeup,1.3,0,9,1.0,4,0.0,0.0,0.225,0.0,0.0,0.0,0.397,0.446,0.369,50.0
"Bigge, Hunter",685801,TB,CU,Curveball,-4.6,0,7,2.2,4,0.25,0.5,0.313,0.0,0.0,0.0,0.146,0.362,0.211,25.0
"Wantz, Andrew",681806,CHC,ST,Sweeper,-3.7,0,10,12.3,4,0.25,0.5,0.313,0.0,0.0,0.0,0.117,0.142,0.109,0.0
"Hoffman, Nolan",676510,PHI,SI,Sinker,-1.3,0,12,14.6,4,0.333,0.333,0.4,50.0,25.0,100.0,0.305,0.336,0.389,50.0
"Martinez, Seth",661527,BOS,ST,Sweeper,-3.7,0,9,40.9,4,0.25,0.5,0.313,40.0,25.0,20.0,0.124,0.199,0.138,33.3
"Dollander, Chase",801403,COL,ST,Sweeper,1.7,1,40,5.4,4,0.0,0.0,0.0,36.4,50.0,25.0,0.062,0.074,0.06,100.0
"Keller, Brian",662144,PHI,ST,Sweeper,7.9,1,10,25.6,4,0.0,0.0,0.0,33.3,50.0,25.0,0.151,0.185,0.144,0.0
"Alvarado, José",621237,PHI,FF,4-Seam Fastball,-3.0,-1,18,2.0,4,0.25,0.25,0.225,25.0,50.0,13.3,0.251,0.267,0.229,0.0
"Lazar, Max",676661,PHI,CU,Curveball,5.2,1,24,18.8,4,0.0,0.0,0.0,14.3,0.0,,0.28,0.311,0.261,50.0
"Beck, Brendan",694341,NYY,FS,Split-Finger,7.5,1,10,7.2,4,0.0,0.0,0.0,25.0,25.0,16.7,0.137,0.176,0.131,0.0
"Davitt, Duncan",701474,CWS,SL,Slider,-2.4,0,12,42.9,4,0.333,0.667,0.488,0.0,0.0,0.0,0.351,0.444,0.432,66.7
"Schweitzer, Tyler",805326,CWS,SI,Sinker,-5.6,-1,13,3.4,4,0.5,0.5,0.575,40.0,0.0,0.0,0.149,0.152,0.418,50.0
"Ferguson, Tyler",621053,CHC,CH,Changeup,6.8,1,15,5.9,4,0.0,0.0,0.0,50.0,0.0,0.0,0.433,0.899,0.564,75.0
"Castellano, Eiberson",682769,COL,SI,Sinker,-16.0,-1,8,22.9,4,0.75,1.0,0.763,16.7,0.0,0.0,0.486,0.649,0.488,50.0
"Márquez, Germán",608566,SD,CH,Changeup,-11.9,-3,29,3.2,4,0.5,1.5,0.813,0.0,25.0,25.0,0.304,0.72,0.43,66.7
"Brazobán, Huascar",623211,CWS,SL,Slider,3.3,0,6,0.6,4,0.25,0.25,0.225,40.0,50.0,40.0,0.401,0.501,0.392,50.0
"Jacob, Alek",689690,SD,SI,Sinker,-2.8,0,17,19.5,4,0.5,0.5,0.45,0.0,0.0,0.0,0.412,0.457,0.383,25.0
"Mushinski, Parker",656786,COL,SI,Sinker,-3.5,-1,22,15.8,4,0.5,0.5,0.45,0.0,0.0,0.0,0.473,0.585,0.459,50.0
"Alexander, Jason",669920,HOU,FC,Cutter,-7.0,-2,22,7.4,4,0.75,1.25,0.85,11.1,0.0,0.0,0.397,0.62,0.431,50.0
"Little, Luke",681432,CHC,FF,4-Seam Fastball,-9.4,-1,14,73.7,4,0.5,1.25,0.725,25.0,0.0,0.0,0.423,1.165,0.659,50.0
"Pintaro, Jonathan",702752,NYM,CH,Changeup,2.9,1,20,6.4,4,0.0,0.0,0.0,11.1,25.0,7.1,0.181,0.346,0.221,33.3
"Harvey, Hunter",640451,CHC,SL,Slider,-23.6,-2,10,13.2,4,0.5,1.25,0.95,0.0,25.0,33.3,0.274,0.708,0.407,66.7
"Martin, Riley",702303,CHC,CU,Curveball,0.4,0,35,29.7,4,0.0,0.0,0.175,10.0,50.0,12.5,0.153,0.167,0.28,100.0
"Curtis, Khristian",694753,PIT,CH,Changeup,5.8,1,14,20.6,4,0.0,0.0,0.0,0.0,0.0,0.0,0.323,0.437,0.332,25.0
"Curtis, Khristian",694753,PIT,SL,Slider,10.7,1,9,13.2,4,0.0,0.0,0.0,42.9,75.0,60.0,0.022,0.024,0.02,0.0
"Martin, Corbin",656686,CHC,CU,Curveball,-3.9,-1,27,24.3,4,0.667,0.667,0.625,45.5,0.0,0.0,0.257,0.285,0.357,33.3
"Kerr, Ray",678061,ATL,FF,4-Seam Fastball,6.7,1,14,41.2,4,0.0,0.0,0.0,0.0,0.0,0.0,0.248,0.309,0.241,25.0
"Verlander, Justin",434378,DET,SL,Slider,-7.7,-2,22,27.5,4,0.5,1.25,0.725,30.8,0.0,0.0,0.461,1.149,0.677,75.0
"Del Castillo, Adrian",680728,AZ,SL,Slider,2.0,0,9,56.3,4,0.25,0.25,0.225,0.0,0.0,0.0,0.404,0.75,0.488,50.0
"Andrews, Tanner",681084,TOR,FF,4-Seam Fastball,6.0,1,16,37.2,4,0.0,0.0,0.175,16.7,0.0,0.0,0.195,0.528,0.401,33.3
"Flaherty, Jack",656427,DET,CH,Changeup,-1.8,-1,42,2.6,4,0.0,0.0,0.175,27.3,0.0,0.0,0.253,0.283,0.352,0.0
"Hernández, Elieser",622694,ATL,FC,Cutter,-1.8,0,20,18.2,4,0.333,0.333,0.4,37.5,0.0,0.0,0.25,0.267,0.346,33.3
"Smith, Burch",572143,DET,CH,Changeup,0.9,0,27,9.4,4,0.0,0.0,0.0,18.2,25.0,9.1,0.132,0.29,0.176,33.3
"Kelly, Antwone",699008,PIT,CH,Changeup,-7.1,-1,11,8.9,4,0.25,1.0,0.5,0.0,50.0,22.2,0.02,0.052,0.031,0.0
"López, Reynaldo",625643,ATL,CH,Changeup,-1.6,-1,43,3.5,4,0.25,0.25,0.225,20.0,25.0,14.3,0.34,0.402,0.322,66.7
"Foley, Jason",671345,SF,FF,4-Seam Fastball,1.4,0,20,13.2,4,0.0,0.0,0.175,28.6,50.0,25.0,0.062,0.073,0.217,0.0
"Lowder, Rhett",695076,CIN,CU,Curveball,-2.7,-1,37,2.2,4,0.5,1.25,0.725,7.7,0.0,0.0,0.32,0.784,0.462,25.0
"Thompson, Keegan",624522,COL,CU,Curveball,-2.5,0,16,8.2,4,0.5,1.0,0.417,16.7,25.0,100.0,0.474,0.574,0.323,0.0
"Macko, Adam",671936,TOR,CU,Curveball,-1.9,-1,30,7.5,4,0.0,0.0,0.35,50.0,50.0,14.3,,,0.35,
"Devenski, Chris",606965,PIT,CH,Changeup,1.9,0,18,46.2,4,0.25,0.25,0.225,25.0,50.0,28.6,0.21,0.238,0.193,50.0
"Fairbanks, Pete",664126,MIA,CH,Changeup,3.1,0,14,2.0,4,0.0,0.0,0.0,0.0,0.0,0.0,0.204,0.39,0.249,25.0
"Mears, Nick",683232,KC,CH,Changeup,-0.5,0,36,10.6,4,0.0,0.0,0.175,33.3,25.0,6.7,0.126,0.148,0.265,0.0
"McGee, Easton",668834,KC,FC,Cutter,5.6,1,17,14.3,4,0.0,0.0,0.175,8.3,0.0,0.0,0.057,0.069,0.214,0.0
"Newcomb, Sean",656794,CWS,FC,Cutter,-5.3,-1,15,1.4,4,0.333,0.333,0.4,0.0,0.0,0.0,0.351,0.372,0.413,33.3
"Stratton, Hunter",676702,PIT,SL,Slider,1.8,0,18,32.1,4,0.25,0.25,0.225,14.3,50.0,33.3,0.174,0.2,0.167,0.0
"Curtis, Khristian",694753,PIT,FF,4-Seam Fastball,-2.5,0,20,29.4,4,0.5,0.5,0.45,22.2,0.0,0.0,0.524,0.975,0.636,50.0
"Wantz, Andrew",681806,CHC,FC,Cutter,1.8,0,22,27.2,4,0.333,0.333,0.4,30.8,25.0,33.3,0.318,0.389,0.407,50.0
"Basso, Brady",669620,ATH,SI,Sinker,-8.3,-2,25,7.0,4,0.75,1.5,0.95,8.3,0.0,0.0,0.435,0.719,0.49,50.0
"Barnes, Charlie",656212,LAD,ST,Sweeper,-6.9,-1,13,6.5,4,0.5,0.75,0.538,0.0,0.0,0.0,0.425,0.547,0.413,25.0
"Mederos, Victor",682989,ATL,ST,Sweeper,-3.6,-1,15,4.2,4,0.5,0.75,0.538,25.0,25.0,10.0,0.392,0.559,0.413,33.3
"Tidwell, Blade",694918,SF,CH,Changeup,-1.4,0,25,5.7,4,0.25,0.25,0.225,0.0,0.0,0.0,0.079,0.087,0.074,0.0
"Heasley, Jonathan",669169,TB,SL,Slider,5.0,1,21,32.8,4,0.0,0.0,0.0,10.0,0.0,0.0,0.08,0.239,0.132,25.0
"Carrillo, Gerardo",672629,AZ,FF,4-Seam Fastball,-3.7,-1,23,11.1,4,0.5,0.5,0.45,22.2,25.0,12.5,0.308,0.338,0.285,33.3
"Martin, Trevor",694680,TB,SI,Sinker,-2.1,0,13,7.2,4,0.0,0.0,0.35,0.0,0.0,,0.177,0.417,0.471,50.0
"Leasure, Jordan",673929,CWS,SI,Sinker,9.1,1,11,3.5,3,0.0,0.0,0.0,12.5,0.0,0.0,0.367,0.42,0.345,33.3
"Uberstine, Tyler",700413,BOS,SI,Sinker,7.0,1,10,22.2,3,0.0,0.0,0.0,40.0,0.0,0.0,0.181,0.282,0.192,33.3
"Burgos, Raymond",670103,BOS,CH,Changeup,2.6,1,21,17.6,3,0.0,0.0,0.0,30.8,33.3,12.5,0.328,0.362,0.302,50.0
"Heasley, Jonathan",669169,TB,CH,Changeup,-12.6,-2,12,18.8,3,0.667,1.667,0.967,16.7,33.3,12.5,0.513,1.506,0.835,100.0
"Roycroft, Chris",688297,TB,ST,Sweeper,-24.9,-4,17,4.2,3,0.667,2.667,1.333,33.3,0.0,0.0,0.734,2.316,1.259,100.0
"Martin, Trevor",694680,TB,CU,Curveball,-7.6,-1,8,4.4,3,0.5,1.0,0.65,0.0,0.0,0.0,0.117,0.135,0.306,0.0
"Cook, Alex",702047,TB,CH,Changeup,6.2,1,9,12.5,3,0.0,0.0,0.0,50.0,66.7,66.7,0.088,0.1,0.079,100.0
"Booser, Cam",592155,TB,CH,Changeup,7.1,1,7,1.6,3,0.0,0.0,0.0,20.0,33.3,14.3,0.126,0.235,0.151,50.0
"Castellano, Eiberson",682769,COL,CU,Curveball,5.7,1,13,37.1,3,0.0,0.0,0.0,75.0,66.7,50.0,0.061,0.072,0.055,0.0
"Castellano, Eiberson",682769,COL,FF,4-Seam Fastball,2.1,0,12,34.3,3,0.0,0.0,0.233,28.6,0.0,0.0,0.336,0.409,0.448,0.0
"Corniell, Jose",692030,TEX,ST,Sweeper,-10.8,-2,18,17.3,3,0.667,1.667,0.95,0.0,0.0,0.0,0.628,0.842,0.631,33.3
"De los Santos, Yerry",660787,NYY,SL,Slider,-0.8,0,13,6.0,3,0.333,0.333,0.3,33.3,33.3,50.0,0.1,0.103,0.091,0.0
"Rocker, Kumar",677958,TEX,FS,Split-Finger,-14.5,-3,20,1.0,3,0.5,2.0,0.9,28.6,0.0,0.0,0.455,1.508,0.774,50.0
"Eovaldi, Nathan",543135,TEX,SL,Slider,0.2,0,17,0.8,3,0.5,0.5,0.3,11.1,0.0,0.0,0.134,0.15,0.244,33.3
"Peoples, Ben",687239,TEX,CH,Changeup,-1.7,0,10,4.1,3,0.333,0.333,0.3,16.7,0.0,0.0,0.199,0.209,0.184,0.0
"Martin, Chris",455119,TEX,ST,Sweeper,-5.9,-1,11,4.4,3,0.667,0.667,0.6,0.0,0.0,0.0,0.288,0.34,0.273,0.0
"Martin, Chris",455119,TEX,CU,Curveball,-4.7,-1,14,5.6,3,0.667,0.667,0.6,0.0,0.0,0.0,0.41,0.508,0.397,33.3
"Kingham, Nolan",663884,TEX,FF,4-Seam Fastball,-2.7,0,13,59.1,3,,,0.467,0.0,0.0,0.0,,,0.525,0.0
"Klassen, George",691946,LAA,CU,Curveball,-0.5,0,19,4.7,3,0.333,0.333,0.3,28.6,33.3,33.3,0.549,0.646,0.522,50.0
"Frasso, Nick",693308,COL,FC,Cutter,-14.8,-1,7,6.3,3,0.667,1.0,0.717,25.0,0.0,0.0,0.332,0.916,0.517,66.7
"Bidois, Brandan",684049,PIT,CH,Changeup,-8.7,-1,11,3.4,3,0.333,0.333,0.533,20.0,33.3,14.3,0.314,0.343,0.521,0.0
"Stratton, Hunter",676702,PIT,FC,Cutter,-0.3,0,11,19.6,3,0.333,0.667,0.417,25.0,0.0,0.0,0.691,0.841,0.666,33.3
"Fulmer, Michael",605242,LAA,FC,Cutter,-1.5,0,14,32.6,3,0.667,0.667,0.6,25.0,33.3,33.3,0.624,0.784,0.614,50.0
"Pop, Zach",647315,PHI,FC,Cutter,-7.0,-1,15,11.5,3,1.0,1.0,0.767,20.0,0.0,0.0,0.611,0.65,0.65,0.0
"Trivino III, Lou",642152,PHI,FF,4-Seam Fastball,-14.4,-1,7,4.9,3,0.5,2.0,0.9,33.3,33.3,25.0,0.315,1.192,0.644,100.0
"Trivino III, Lou",642152,PHI,ST,Sweeper,1.9,0,24,16.7,3,0.0,0.0,0.233,72.7,66.7,22.2,,,0.233,
"Gibson, Trey",694346,BAL,ST,Sweeper,-24.7,-3,12,1.9,3,0.667,2.0,1.083,0.0,0.0,0.0,0.485,0.973,0.618,66.7
"Erceg, Lucas",668674,KC,FC,Cutter,-1.6,0,6,0.7,3,0.0,0.0,0.233,50.0,33.3,33.3,0.001,0.001,0.233,0.0
"Pearson, Nate",663878,KC,CH,Changeup,2.9,0,17,3.5,3,0.0,0.0,0.0,33.3,33.3,14.3,0.029,0.037,0.028,0.0
"Cerantola, Eric",672021,KC,FC,Cutter,-0.2,0,28,23.0,3,0.0,0.0,0.233,50.0,33.3,20.0,0.187,0.554,0.437,100.0
"Enns, Dietrich",608650,BAL,CU,Curveball,-8.6,-1,16,5.5,3,0.667,0.667,0.6,28.6,33.3,16.7,0.262,0.301,0.247,50.0
"Walker, Josh",677020,BAL,CH,Changeup,-0.5,0,19,7.1,3,0.333,0.333,0.3,16.7,0.0,0.0,0.352,0.385,0.328,66.7
"Wolfram, Grant",664991,BAL,FC,Cutter,8.8,1,9,1.4,3,0.0,0.0,0.0,16.7,0.0,0.0,0.181,0.204,0.165,0.0
"Raquet, Nick",675919,BAL,SI,Sinker,1.1,0,20,26.7,3,0.0,0.0,0.467,16.7,0.0,0.0,0.231,0.297,0.546,0.0
"Duran, Carlos",679922,KC,SI,Sinker,3.6,0,6,50.0,3,0.333,0.333,0.3,0.0,0.0,,0.167,0.194,0.152,0.0
"Anderson, Shaun",641312,LAA,SI,Sinker,-0.1,0,26,7.4,3,0.333,0.333,0.3,12.5,0.0,0.0,0.36,0.449,0.351,66.7
"Varland, Gus",681402,WSH,CH,Changeup,-9.6,-1,13,2.3,3,0.667,1.667,0.967,0.0,0.0,0.0,0.612,1.387,0.849,33.3
"Henry, Cole",669371,WSH,FC,Cutter,-8.4,-2,20,7.1,3,0.667,1.667,0.967,0.0,0.0,0.0,0.445,1.151,0.662,66.7
"Kranick, Max",668820,WSH,ST,Sweeper,-12.7,-1,8,3.7,3,0.667,1.333,0.833,37.5,33.3,20.0,0.255,0.781,0.429,50.0
"Rutledge, Jackson",671131,WSH,SI,Sinker,-6.4,-1,12,27.3,3,0.667,1.0,0.717,16.7,0.0,0.0,0.388,1.013,0.587,66.7
"Waldichuk, Ken",686610,WSH,ST,Sweeper,-21.7,-2,10,6.7,3,0.333,1.333,0.667,33.3,33.3,100.0,0.188,0.727,0.376,50.0
"Myers, Tobias",668964,NYM,ST,Sweeper,-16.0,-2,10,1.4,3,0.667,1.0,0.717,25.0,33.3,12.5,0.447,0.529,0.429,100.0
"Weisenburger, Jack",674073,NYM,FF,4-Seam Fastball,-2.4,0,20,25.3,3,0.333,0.667,0.417,28.6,33.3,9.1,0.175,0.27,0.193,50.0
"Pintaro, Jonathan",702752,NYM,CU,Curveball,-1.3,0,17,5.5,3,0.333,0.333,0.3,33.3,66.7,20.0,0.33,0.366,0.305,0.0
"Zuñiga, Guillo",670871,NYM,FF,4-Seam Fastball,3.2,0,7,38.9,3,0.0,0.0,0.233,0.0,0.0,0.0,0.028,0.028,0.25,0.0
"Lavender, Nate",681320,NYM,ST,Sweeper,7.3,1,8,11.0,3,0.0,0.0,0.0,16.7,33.3,25.0,0.068,0.245,0.127,50.0
"Vodnik, Victor",680767,MIA,SI,Sinker,-2.1,0,17,2.2,3,0.667,0.667,0.6,22.2,0.0,,0.393,0.433,0.365,33.3
"Nardi, Andrew",677053,MIA,SI,Sinker,1.3,0,7,1.9,3,0.0,0.0,0.233,0.0,0.0,0.0,0.201,0.209,0.354,50.0
"Murphy, Luke",684665,LAA,CH,Changeup,-9.5,-1,13,8.8,3,0.667,0.667,0.6,0.0,0.0,0.0,0.522,0.701,0.531,66.7
"Kempner, William",687531,MIA,FC,Cutter,4.5,1,25,12.6,3,0.0,0.0,0.0,44.4,66.7,50.0,0.066,0.072,0.059,0.0
"Bazardo, Eduard",660825,SEA,FS,Split-Finger,1.6,0,19,2.1,3,0.0,0.0,0.0,12.5,0.0,0.0,0.036,0.036,0.033,0.0
"Allen, Logan",671106,CLE,ST,Sweeper,-6.7,-2,30,16.9,3,0.667,2.0,1.083,40.0,0.0,0.0,0.465,1.428,0.783,66.7
"Allen, Logan",671106,CLE,CH,Changeup,-2.3,0,14,7.9,3,0.333,0.333,0.3,40.0,33.3,16.7,0.098,0.099,0.089,50.0
"Espino, Daniel",682982,CLE,CU,Curveball,4.9,1,13,10.8,3,0.0,0.0,0.0,50.0,66.7,66.7,0.164,0.173,0.147,0.0
"Aleman, Franco",680916,CLE,CH,Changeup,2.7,1,25,7.5,3,0.0,0.0,0.0,11.1,0.0,0.0,0.105,0.264,0.156,33.3
"Seymour, Carson",693313,SF,FS,Split-Finger,-13.4,-1,10,4.4,3,0.667,1.667,0.967,0.0,0.0,0.0,0.236,0.332,0.243,33.3
"Tidwell, Blade",694918,SF,CU,Curveball,7.5,0,6,1.4,3,0.0,0.0,0.0,0.0,0.0,0.0,0.248,0.308,0.243,0.0
"Smith, Dylan",681916,SF,CU,Curveball,1.7,0,30,6.7,3,0.0,0.0,0.233,0.0,0.0,0.0,0.315,0.434,0.446,50.0
"Casparius, Ben",676508,LAD,CU,Curveball,-15.5,-2,16,16.2,3,0.667,1.667,0.967,20.0,0.0,0.0,0.218,0.617,0.346,33.3
"Ohtani, Shohei",660271,LAD,FC,Cutter,-3.1,0,9,0.7,3,0.5,0.5,0.533,0.0,0.0,,0.472,0.579,0.537,50.0
"Hernández, Jonathan",642546,LAD,FS,Split-Finger,-15.2,-1,6,1.5,3,0.333,1.333,0.667,50.0,66.7,40.0,0.199,0.725,0.378,100.0
"Rainey, Tanner",663432,DET,SL,Slider,-2.9,-1,22,39.3,3,0.5,0.5,0.533,37.5,0.0,0.0,0.319,0.377,0.435,50.0
"Ohtani, Shohei",660271,LAD,SL,Slider,1.8,0,15,1.1,3,0.0,0.0,0.0,10.0,0.0,0.0,0.474,1.107,0.523,33.3
"Burgos, Juan",686228,AZ,ST,Sweeper,8.2,1,8,21.1,3,0.0,0.0,0.0,16.7,0.0,0.0,0.007,0.011,0.008,33.3
"Martinez, Justin",679885,AZ,FF,4-Seam Fastball,3.0,0,11,57.9,3,0.0,0.0,0.233,0.0,0.0,0.0,0.173,0.329,0.374,0.0
"Vargas, Ildemaro",545121,AZ,CU,Curveball,0.1,0,7,14.6,3,0.0,0.0,0.233,0.0,0.0,0.0,0.291,0.366,0.418,50.0
"Bratt, Mitch",683352,AZ,CU,Curveball,2.0,0,22,3.6,3,0.0,0.0,0.233,20.0,0.0,,0.006,0.007,0.237,0.0
"Aldegheri, Sam",691951,LAA,CU,Curveball,1.3,1,46,7.5,3,0.0,0.0,0.233,22.2,33.3,16.7,0.148,0.173,0.336,100.0
"Arcia, Orlando",606115,MIN,CU,Curveball,-1.9,0,8,57.1,3,0.0,0.0,0.233,0.0,0.0,,0.273,0.304,0.397,0.0
"Go, Woo-Suk",808970,MIN,FS,Split-Finger,8.1,1,10,11.6,3,0.0,0.0,0.0,16.7,33.3,14.3,0.198,0.21,0.183,0.0
"Palencia, Daniel",694037,CHC,FS,Split-Finger,-10.2,-2,18,6.2,3,0.667,1.667,0.967,44.4,0.0,0.0,0.331,0.651,0.419,33.3
"Murray, Jayden",681151,CHC,FC,Cutter,0.1,0,14,4.6,3,0.333,0.333,0.3,16.7,0.0,,0.466,0.718,0.504,100.0
"Velasquez, Vince",592826,CHC,FC,Cutter,11.6,1,8,18.6,3,0.0,0.0,0.0,0.0,0.0,0.0,0.019,0.023,0.019,0.0
"Wantz, Andrew",681806,CHC,SI,Sinker,1.4,0,15,18.5,3,0.0,0.0,0.233,14.3,0.0,0.0,0.145,0.166,0.321,0.0
"Saucedo, Tayler",642048,LAA,CH,Changeup,2.5,0,19,11.8,3,0.0,0.0,0.0,50.0,66.7,25.0,0.081,0.161,0.101,100.0
"Velasquez, Vince",592826,CHC,FF,4-Seam Fastball,4.1,1,21,48.8,3,0.0,0.0,0.0,11.1,0.0,0.0,0.338,0.384,0.323,66.7
"Joyce, Ben",690829,LAA,SI,Sinker,1.6,0,25,30.5,3,0.0,0.0,0.0,66.7,0.0,0.0,0.208,0.231,0.194,33.3
"Velasquez, Vince",592826,CHC,CU,Curveball,10.6,1,6,14.0,3,0.0,0.0,0.0,0.0,0.0,0.0,0.052,0.174,0.092,33.3
"Martin, Corbin",656686,CHC,ST,Sweeper,4.8,1,13,11.7,3,0.0,0.0,0.0,57.1,66.7,40.0,0.026,0.034,0.023,0.0
"Horton, Cade",690990,CHC,ST,Sweeper,0.1,0,11,12.0,3,0.0,0.0,0.233,50.0,66.7,25.0,,,0.233,
"Rajcic, Max",691008,STL,SI,Sinker,-0.9,0,12,7.4,3,0.333,0.667,0.417,0.0,33.3,50.0,0.163,0.185,0.151,50.0
"Zimmermann, Bruce",669145,STL,SL,Slider,-8.0,-1,12,16.7,3,0.667,1.333,0.833,0.0,0.0,0.0,0.316,0.515,0.352,66.7
"Bruihl, Justin",677865,STL,FC,Cutter,-12.5,-1,12,1.1,3,1.0,1.333,1.017,14.3,0.0,,0.711,1.042,0.759,33.3
"Pushard, Matt",690155,STL,SL,Slider,-0.1,0,26,21.7,3,0.5,0.5,0.3,0.0,0.0,0.0,0.467,0.511,0.296,0.0
"Zimmermann, Bruce",669145,STL,FS,Split-Finger,6.2,1,11,15.3,3,0.0,0.0,0.0,50.0,33.3,33.3,0.062,0.073,0.056,0.0
"Strzelecki, Peter",657265,STL,ST,Sweeper,5.8,1,16,8.5,3,0.0,0.0,0.0,25.0,0.0,,0.01,0.026,0.014,0.0
"Zimmermann, Bruce",669145,STL,FC,Cutter,-0.5,0,9,12.5,3,0.0,0.0,0.233,25.0,33.3,33.3,0.003,0.003,0.235,0.0
"Abel, Mick",690953,MIN,SI,Sinker,-4.0,0,12,3.4,3,0.5,0.5,0.533,33.3,0.0,,0.482,0.747,0.584,100.0
"Bachman, Sam",696147,LAA,FF,4-Seam Fastball,1.1,0,24,3.2,3,0.0,0.0,0.0,33.3,66.7,28.6,0.009,0.022,0.013,0.0
"Patrick, Chad",694477,MIL,CH,Changeup,-12.8,-1,8,0.6,3,0.5,1.0,0.65,0.0,0.0,0.0,0.214,0.555,0.448,50.0
"Zerpa, Angel",672582,MIL,FF,4-Seam Fastball,-7.6,-1,11,5.1,3,0.5,0.5,0.533,16.7,33.3,10.0,0.487,0.515,0.53,0.0
"Pannone, Thomas",623381,MIL,ST,Sweeper,-1.8,0,4,7.1,3,0.0,0.0,0.3,33.3,66.7,50.0,0.052,0.083,0.056,0.0
"Fitzpatrick, Brian",702153,MIL,ST,Sweeper,0.3,0,10,9.2,3,0.333,0.333,0.3,20.0,0.0,0.0,0.125,0.133,0.114,0.0
"Pannone, Thomas",623381,MIL,FC,Cutter,1.2,0,25,44.6,3,0.333,0.333,0.3,9.1,0.0,0.0,0.523,0.602,0.494,33.3
"García, Luis",472610,MIN,FF,4-Seam Fastball,-44.2,-2,5,1.9,3,0.333,1.333,0.667,0.0,0.0,0.0,0.477,1.263,0.725,66.7
"Koenig, Jared",657649,MIL,CU,Curveball,4.9,0,8,5.0,3,0.0,0.0,0.0,0.0,0.0,0.0,0.205,0.301,0.219,33.3
"McDougal, Tanner",701780,CWS,FF,4-Seam Fastball,-5.6,-1,20,80.0,3,,,0.7,20.0,0.0,0.0,,,0.7,
"Murphy, Chris",669684,CWS,SV,Slurve,1.7,0,11,2.1,3,0.0,0.0,0.233,28.6,33.3,11.1,0.134,0.151,0.316,100.0
"Smith, Hagen",696146,CWS,FC,Cutter,2.0,0,23,24.7,3,0.0,0.0,0.233,30.0,33.3,50.0,0.266,0.293,0.398,0.0
"Bido, Osvaldo",674370,CWS,CH,Changeup,1.3,0,20,6.3,3,0.0,0.0,0.0,16.7,0.0,0.0,0.169,0.174,0.153,0.0
"Sims, Lucas",608371,CWS,CU,Curveball,2.1,0,12,7.0,3,0.0,0.0,0.0,25.0,66.7,40.0,0.045,0.046,0.042,0.0
"Smith-Shawver, AJ",700363,ATL,SI,Sinker,-6.0,-1,12,8.3,3,0.667,1.0,0.717,16.7,0.0,,0.701,1.159,0.784,66.7
"Payamps, Joel",606303,ATL,SI,Sinker,-6.3,-1,16,10.6,3,0.5,2.0,0.9,16.7,0.0,0.0,0.375,1.381,0.713,50.0
"Molina, Anthony",683627,ATL,CH,Changeup,-0.5,0,24,27.3,3,0.333,0.333,0.3,11.1,0.0,0.0,0.561,0.647,0.533,100.0
"Smith-Shawver, AJ",700363,ATL,CU,Curveball,2.0,0,15,10.4,3,0.0,0.0,0.233,16.7,0.0,0.0,0.449,0.525,0.503,100.0
"Estrada, Lazaro",681751,TOR,FS,Split-Finger,-17.4,-2,14,6.1,3,0.333,1.333,0.667,20.0,0.0,0.0,0.401,1.282,0.699,33.3
"Van Eyk, CJ",669310,TOR,FF,4-Seam Fastball,-0.2,0,13,10.2,3,0.333,0.333,0.3,20.0,0.0,0.0,0.322,0.566,0.373,33.3
"Fulmer, Michael",605242,LAA,CU,Curveball,11.1,1,7,16.3,3,0.0,0.0,0.0,0.0,0.0,0.0,0.504,0.55,0.464,0.0
"Brazobán, Huascar",623211,CWS,FC,Cutter,-0.4,0,28,3.0,3,0.333,0.667,0.417,33.3,66.7,16.7,0.283,0.337,0.268,100.0
"Ponce, Cody",664074,TOR,CH,Changeup,6.8,1,12,25.5,3,0.0,0.0,0.0,44.4,66.7,33.3,0.143,0.302,0.185,100.0
"Ponce, Cody",664074,TOR,SL,Slider,1.5,0,17,36.2,3,0.0,0.0,0.233,80.0,33.3,16.7,0.165,0.193,0.332,0.0
"Leiter Jr., Mark",643410,ATH,SL,Slider,-28.1,-1,5,0.9,3,0.667,1.667,0.967,0.0,0.0,,0.656,1.641,0.963,33.3
"Morris, Kade",695034,ATH,CU,Curveball,-2.0,0,17,8.1,3,0.0,0.0,0.233,50.0,33.3,14.3,0.109,0.109,0.299,0.0
"France, J.P.",641585,HOU,SI,Sinker,-26.4,-2,6,5.1,3,0.333,1.333,0.667,0.0,0.0,0.0,0.338,0.802,0.478,66.7
"Schuemann, Max",680474,NYY,CU,Curveball,-1.0,0,9,64.3,3,0.333,0.333,0.3,0.0,0.0,0.0,0.342,0.4,0.324,0.0
"Hanner, Bradley",690440,NYY,FF,4-Seam Fastball,-31.3,-3,8,66.7,3,0.333,1.333,0.667,16.7,33.3,50.0,0.214,0.606,0.34,50.0
"Sousa, Bennett",656986,HOU,SI,Sinker,0.8,0,18,7.0,3,0.333,0.333,0.3,8.3,0.0,0.0,0.356,0.382,0.325,0.0
"Meyers, Jake",676694,HOU,SL,Slider,8.7,1,9,100.0,3,0.0,0.0,0.0,0.0,0.0,,0.407,0.459,0.382,66.7
"France, J.P.",641585,HOU,FC,Cutter,3.5,1,27,23.1,3,0.0,0.0,0.0,12.5,0.0,0.0,0.17,0.199,0.161,66.7
"Pecko, Ethan",814490,HOU,CU,Curveball,5.1,1,10,11.2,3,0.0,0.0,0.0,25.0,33.3,16.7,0.07,0.261,0.13,50.0
"Alexander, Jason",669920,HOU,SL,Slider,5.3,1,15,5.0,3,0.0,0.0,0.0,22.2,33.3,20.0,0.003,0.005,0.004,0.0
"Peralta, Sammy",671111,LAA,ST,Sweeper,-24.5,-3,13,13.3,3,0.667,2.0,1.083,0.0,0.0,0.0,0.354,1.266,0.661,33.3
"Antone, Tejay",622088,CIN,SL,Slider,-7.2,-1,8,1.2,3,0.333,1.0,0.533,16.7,33.3,20.0,0.205,0.604,0.334,50.0
"Weissert, Greg",669711,BOS,CU,Curveball,-6.4,-1,20,2.5,3,0.5,1.0,0.65,0.0,33.3,7.7,0.205,0.465,0.418,100.0
"Burgos, Raymond",670103,BOS,FF,4-Seam Fastball,-36.5,-2,6,5.0,3,0.667,1.667,0.967,25.0,33.3,25.0,0.626,1.588,0.923,100.0
"Uberstine, Tyler",700413,BOS,FF,4-Seam Fastball,-12.2,-1,10,22.2,3,0.667,1.667,0.967,14.3,33.3,14.3,0.549,1.308,0.777,100.0
"Uberstine, Tyler",700413,BOS,ST,Sweeper,-5.1,-1,11,24.4,3,0.333,0.667,0.417,50.0,33.3,16.7,0.145,0.201,0.148,0.0
"Oviedo, Johan",670912,BOS,SI,Sinker,-6.1,-1,14,19.4,3,0.667,1.0,0.717,0.0,0.0,0.0,0.566,1.572,0.888,66.7
"Schuemann, Max",680474,NYY,SL,Slider,3.9,0,5,35.7,2,0.0,0.0,0.35,0.0,0.0,0.0,0.523,0.588,0.591,0.0
"King, John",667463,MIA,FF,4-Seam Fastball,-14.1,-1,9,1.3,2,1.0,4.0,1.35,0.0,0.0,0.0,0.946,3.289,1.223,100.0
"Garrett, Braxton",666129,MIA,SL,Slider,-4.6,-1,21,16.3,2,1.0,1.0,0.8,16.7,0.0,0.0,0.267,0.3,0.47,0.0
"Emanuel, Kent",592288,CIN,SL,Slider,-2.4,0,20,20.8,2,0.5,1.0,0.625,40.0,0.0,0.0,0.108,0.142,0.101,0.0
"Ekness, Josh",694795,MIA,SI,Sinker,-0.6,0,20,9.1,2,0.5,0.5,0.45,14.3,0.0,0.0,0.528,0.638,0.501,50.0
"Spence, Mitch",687765,KC,CH,Changeup,-4.1,-1,17,8.5,2,0.5,0.5,0.45,0.0,0.0,0.0,0.248,0.269,0.228,100.0
"Martin, Corbin",656686,CHC,SI,Sinker,11.0,0,4,3.6,2,0.0,0.0,0.0,0.0,0.0,,0.51,0.605,0.483,50.0
"Fulmer, Michael",605242,LAA,ST,Sweeper,3.8,0,8,18.6,2,0.0,0.0,0.0,75.0,100.0,40.0,,,0.0,
"Arcia, Orlando",606115,MIN,SL,Slider,-10.5,-1,6,42.9,2,1.0,1.0,0.8,0.0,0.0,,0.157,0.25,0.434,0.0
"Herget, Kevin",643361,NYM,FC,Cutter,11.9,0,3,27.3,2,0.0,0.0,0.0,0.0,0.0,0.0,0.151,0.201,0.151,50.0
"Imai, Tatsuya",837227,HOU,CH,Changeup,-4.8,-1,29,2.3,2,0.5,2.0,1.0,62.5,50.0,16.7,0.477,1.657,0.875,100.0
"Woodford, Jake",663765,CHC,CU,Curveball,10.2,0,4,0.9,2,0.0,0.0,0.0,50.0,50.0,33.3,0.26,0.292,0.246,0.0
"Ríos, Yacksel",605441,CHC,SI,Sinker,9.2,0,5,38.5,2,0.0,0.0,0.0,33.3,50.0,100.0,0.17,0.207,0.165,0.0
"Ríos, Yacksel",605441,CHC,FF,4-Seam Fastball,12.4,1,5,38.5,2,0.0,0.0,0.0,0.0,0.0,0.0,0.692,0.867,0.672,50.0
"Blach, Ty",621389,CHC,FC,Cutter,4.8,0,8,26.7,2,0.0,0.0,0.0,50.0,50.0,25.0,0.276,0.344,0.259,0.0
"Woodford, Jake",663765,CHC,SL,Slider,-0.5,0,7,1.5,2,0.0,0.0,0.35,0.0,0.0,0.0,0.02,0.027,0.36,100.0
"Weisenburger, Jack",674073,NYM,SI,Sinker,4.5,1,15,19.0,2,0.0,0.0,0.0,12.5,0.0,0.0,0.146,0.184,0.148,50.0
"Woodford, Jake",663765,CHC,FF,4-Seam Fastball,12.2,0,4,0.9,2,0.0,0.0,0.0,50.0,50.0,25.0,0.043,0.047,0.04,0.0
"Kelly, Antoine",681520,CHC,SL,Slider,5.5,0,7,38.9,2,0.0,0.0,0.0,20.0,50.0,25.0,0.325,0.367,0.307,100.0
"Gordon, Colton",676467,HOU,SL,Slider,-48.7,-5,11,5.4,2,1.0,4.0,2.0,20.0,0.0,0.0,0.324,1.266,0.649,100.0
"Martin, Corbin",656686,CHC,CH,Changeup,3.3,0,8,7.2,2,0.0,0.0,0.0,33.3,0.0,0.0,0.678,1.264,0.826,100.0
"Morris, Andrew",702193,MIN,CU,Curveball,-4.5,-1,17,1.7,2,0.5,1.0,0.625,20.0,0.0,0.0,0.143,0.278,0.179,0.0
"Mautz, Brycen",802408,STL,SI,Sinker,-0.1,0,10,16.9,2,0.5,0.5,0.45,0.0,0.0,,0.321,0.391,0.305,0.0
"Gerber, Joey",680702,NYM,CH,Changeup,25.6,1,2,1.6,2,0.0,0.0,0.0,50.0,50.0,50.0,0.095,0.11,0.086,0.0
"Warren, Austin",681810,NYM,FC,Cutter,3.9,0,9,1.3,2,0.0,0.0,0.0,40.0,0.0,0.0,0.273,0.29,0.25,50.0
"Pushard, Matt",690155,STL,CU,Curveball,-2.1,0,15,12.5,2,0.5,0.5,0.45,33.3,50.0,16.7,0.162,0.296,0.19,100.0
"Blackburn, Paul",621112,NYY,SL,Slider,-6.4,0,6,0.6,2,0.5,0.5,0.45,0.0,0.0,0.0,0.347,0.372,0.319,50.0
"Tong, Jonah",804636,NYM,CU,Curveball,-3.6,0,12,6.4,2,0.5,0.5,0.45,0.0,0.0,0.0,0.178,0.192,0.164,50.0
"McGee, Easton",668834,KC,CH,Changeup,-7.5,0,5,4.2,2,0.5,1.0,0.625,0.0,0.0,,0.213,0.299,0.227,0.0
"Grove, Michael",675627,TB,CU,Curveball,8.1,1,7,7.9,2,0.0,0.0,0.0,50.0,50.0,100.0,0.019,0.019,0.018,0.0
"Warren, Austin",681810,NYM,CH,Changeup,-4.4,0,7,1.0,2,0.5,0.5,0.45,33.3,0.0,0.0,0.506,0.638,0.493,50.0
"Parker, Mitchell",680730,WSH,FS,Split-Finger,5.0,0,4,0.6,2,0.0,0.0,0.0,100.0,100.0,50.0,,,0.0,
"Svanson, Matt",694335,STL,FF,4-Seam Fastball,-3.8,0,9,1.1,2,0.0,0.0,0.35,0.0,0.0,0.0,0.011,0.021,0.357,0.0
"Sánchez, Gary",596142,MIL,SL,Slider,5.0,0,4,13.3,2,0.5,0.5,0.45,0.0,0.0,,0.382,0.414,0.347,50.0
"Pannone, Thomas",623381,MIL,FF,4-Seam Fastball,-8.8,0,4,7.1,2,0.5,0.5,0.45,0.0,0.0,0.0,0.29,0.333,0.269,0.0
"Pannone, Thomas",623381,MIL,CH,Changeup,-18.1,-1,6,10.7,2,1.0,4.0,1.35,0.0,0.0,0.0,0.754,2.476,1.015,100.0
"Richardson, Lyon",680689,MIL,ST,Sweeper,19.2,0,2,2.9,2,0.0,0.0,0.0,0.0,0.0,0.0,0.124,0.139,0.113,0.0
"Uribe, Abner",682842,MIL,FF,4-Seam Fastball,26.4,1,2,0.3,2,0.0,0.0,0.0,0.0,0.0,0.0,0.196,0.213,0.18,0.0
"Seymour, Ian",693855,TB,CU,Curveball,-2.8,0,14,0.9,2,0.0,0.0,0.35,50.0,0.0,0.0,0.886,1.183,0.791,100.0
"Cannon, Jonathan",686563,CWS,FF,4-Seam Fastball,-6.8,-1,8,57.1,2,,,0.7,100.0,0.0,,,,0.7,
"Solesky, Chase",686678,TB,FF,4-Seam Fastball,5.7,0,6,10.3,2,0.0,0.0,0.0,33.3,50.0,33.3,0.033,0.103,0.056,0.0
"Hudson, Bryan",663542,CWS,FC,Cutter,3.0,0,13,1.5,2,0.0,0.0,0.0,0.0,0.0,0.0,0.184,0.254,0.193,0.0
"Solesky, Chase",686678,TB,FC,Cutter,-13.4,-1,9,15.5,2,0.5,2.0,1.0,20.0,0.0,,0.584,1.669,0.943,50.0
"Nikhazy, Doug",680951,CWS,SI,Sinker,8.1,0,6,15.4,2,0.0,0.0,0.0,33.3,50.0,50.0,0.062,0.074,0.056,0.0
"Gilbert, Tyler",656457,CWS,FF,4-Seam Fastball,7.3,1,7,7.4,2,0.0,0.0,0.0,0.0,0.0,0.0,0.141,0.176,0.137,0.0
"Paez, Jedixson",699151,CWS,SI,Sinker,7.2,1,9,13.8,2,0.0,0.0,0.0,0.0,0.0,,0.207,0.765,0.396,50.0
"Davitt, Duncan",701474,CWS,FF,4-Seam Fastball,6.0,0,8,28.6,2,0.0,0.0,0.0,25.0,50.0,25.0,0.281,0.313,0.26,100.0
"Espada, Jose",664744,BAL,FF,4-Seam Fastball,13.2,1,6,40.0,2,0.0,0.0,0.0,20.0,0.0,0.0,0.342,0.395,0.323,50.0
"Heasley, Jonathan",669169,TB,CU,Curveball,-14.3,-1,6,9.4,2,1.0,1.0,0.9,0.0,0.0,0.0,0.452,0.548,0.434,50.0
"Eflin, Zach",621107,BAL,ST,Sweeper,-14.0,-1,7,9.5,2,0.5,2.0,1.0,33.3,50.0,33.3,0.262,1.03,0.528,100.0
"Leasure, Jordan",673929,CWS,FS,Split-Finger,2.9,0,9,2.9,2,0.0,0.0,0.0,50.0,50.0,25.0,0.062,0.062,0.056,0.0
"Acuña, Luisangel",682668,CWS,SL,Slider,13.7,1,4,16.0,2,0.0,0.0,0.0,0.0,0.0,,0.506,0.6,0.48,50.0
"Fuentes, Didier",800311,ATL,CU,Curveball,-39.4,-2,4,0.4,2,1.0,2.0,1.25,0.0,0.0,,0.695,1.078,0.754,100.0
"Hernández, Elieser",622694,ATL,SL,Slider,-1.3,0,12,10.9,2,0.5,0.5,0.45,33.3,0.0,0.0,0.654,0.708,0.604,0.0
"Hamilton, Ian",641656,ATL,SI,Sinker,-2.8,0,10,10.9,2,0.5,0.5,0.45,20.0,0.0,,0.45,0.459,0.409,50.0
"Murphy, Owen",702566,ATL,CU,Curveball,-5.7,-1,12,10.3,2,0.5,1.0,0.625,16.7,0.0,0.0,0.386,0.508,0.381,100.0
"Payamps, Joel",606303,ATL,CH,Changeup,-11.0,0,4,2.6,2,0.5,1.0,0.625,0.0,0.0,,0.408,0.741,0.485,50.0
"Smith-Shawver, AJ",700363,ATL,SL,Slider,-11.2,-1,7,4.9,2,1.0,1.0,0.8,0.0,0.0,0.0,0.657,0.758,0.662,0.0
"Murphy, Owen",702566,ATL,SL,Slider,-2.1,0,13,11.2,2,0.0,0.0,0.45,60.0,50.0,25.0,0.011,0.027,0.017,0.0
"Helsley, Ryan",664854,BAL,CU,Curveball,-4.0,0,11,4.0,2,0.5,0.5,0.45,50.0,50.0,33.3,0.233,0.258,0.213,0.0
"Way, Beck",694360,KC,CH,Changeup,3.2,0,13,3.3,2,0.0,0.0,0.0,40.0,50.0,20.0,0.152,0.153,0.137,0.0
"Cook, Alex",702047,TB,SL,Slider,-3.1,0,11,15.3,2,0.5,0.5,0.45,25.0,0.0,0.0,0.23,0.306,0.218,0.0
"Cuas, Jose",621016,KC,FC,Cutter,-0.2,0,17,7.8,2,0.0,0.0,0.35,25.0,0.0,0.0,0.466,0.512,0.567,0.0
"Espada, Jose",664744,BAL,SL,Slider,-12.7,-1,8,53.3,2,1.0,1.0,0.9,0.0,0.0,0.0,0.387,0.43,0.358,50.0
"Brito, Jhony",666745,SD,ST,Sweeper,1.8,0,18,23.1,2,0.0,0.0,0.0,50.0,100.0,20.0,,,0.0,
"Molina, Anthony",683627,ATL,SL,Slider,9.4,1,8,9.1,2,0.0,0.0,0.0,50.0,50.0,50.0,0.277,0.302,0.257,0.0
"Leibrandt, Brandon",605335,CIN,ST,Sweeper,4.6,0,9,9.1,2,0.0,0.0,0.0,0.0,0.0,0.0,0.173,0.206,0.16,0.0
"Seymour, Ian",693855,TB,FC,Cutter,-12.6,-1,11,0.7,2,1.0,2.0,1.25,16.7,0.0,0.0,0.504,1.094,0.662,100.0
"Miller, Mason",695243,SD,CH,Changeup,0.6,0,19,2.2,2,0.0,0.0,0.0,16.7,50.0,25.0,0.079,0.096,0.073,0.0
"Brito, Jhony",666745,SD,FF,4-Seam Fastball,-0.7,0,7,9.0,2,0.0,0.0,0.35,0.0,0.0,0.0,0.254,0.953,0.601,100.0
"Van Eyk, CJ",669310,TOR,ST,Sweeper,-4.6,0,9,7.0,2,0.5,0.5,0.45,0.0,0.0,0.0,0.507,0.571,0.473,50.0
"Pivetta, Nick",601713,SD,SI,Sinker,14.7,1,4,1.4,2,0.0,0.0,0.0,0.0,0.0,0.0,0.048,0.056,0.043,0.0
"Sears, JP",676664,SD,FC,Cutter,-17.5,-2,9,1.7,2,1.0,3.0,1.625,25.0,0.0,,0.504,1.163,0.702,100.0
"Ponce, Cody",664074,TOR,CU,Curveball,-6.5,0,6,12.8,2,0.0,0.0,0.45,33.3,0.0,0.0,0.267,0.284,0.242,0.0
"McFarlane, Alex",686934,PHI,ST,Sweeper,1.3,0,14,17.9,2,0.0,0.0,0.0,50.0,50.0,20.0,0.077,0.077,0.07,0.0
"Ponce, Cody",664074,TOR,FF,4-Seam Fastball,-3.1,0,12,25.5,2,0.5,1.0,0.625,28.6,0.0,0.0,0.151,0.315,0.197,50.0
"Bowlan, Jonathan",680742,PHI,CU,Curveball,-12.8,-1,8,1.0,2,1.0,1.0,0.8,0.0,0.0,0.0,0.121,0.142,0.408,0.0
"Higgins, P.J.",664731,CIN,CH,Changeup,6.0,1,9,90.0,2,0.0,0.0,0.0,50.0,50.0,100.0,0.011,0.013,0.011,0.0
"Barco, Hunter",682995,PIT,FS,Split-Finger,-3.1,0,15,4.3,2,0.0,0.0,0.35,33.3,0.0,0.0,0.395,0.439,0.528,100.0
"Kelly, Antwone",699008,PIT,SL,Slider,-2.1,0,9,7.3,2,0.0,0.0,0.35,50.0,0.0,0.0,0.052,0.057,0.373,0.0
"Brebbia, John",605154,COL,ST,Sweeper,-7.7,0,5,5.3,2,0.5,1.0,0.625,75.0,50.0,50.0,0.124,0.299,0.175,100.0
"Castellano, Eiberson",682769,COL,CH,Changeup,-3.6,0,2,5.7,2,0.5,0.5,0.45,0.0,0.0,,0.549,0.631,0.511,100.0
"Yates, Kirby",489446,PIT,ST,Sweeper,-12.1,-1,10,1.7,2,0.5,2.0,1.0,0.0,50.0,16.7,0.377,1.238,0.665,100.0
"Andrews, Tanner",681084,TOR,SL,Slider,6.0,1,9,20.9,2,0.0,0.0,0.0,25.0,0.0,,0.096,0.28,0.153,50.0
"Van Eyk, CJ",669310,TOR,SI,Sinker,-1.7,0,19,14.8,2,,,0.35,16.7,0.0,0.0,,,0.64,100.0
"Sewald, Paul",623149,TOR,FC,Cutter,4.9,0,7,1.1,2,0.0,0.0,0.0,0.0,0.0,,0.086,0.098,0.077,0.0
"Callihan, Tyler",682997,PIT,CH,Changeup,-0.4,0,10,18.9,2,0.5,0.5,0.45,0.0,0.0,,0.226,0.255,0.211,0.0
"Suarez, José",660761,ATH,FC,Cutter,-11.9,-1,7,0.7,2,1.0,2.0,1.25,0.0,0.0,,0.574,0.671,0.552,50.0
"Bowden, Ben",641386,ATH,CH,Changeup,-5.1,0,9,22.5,2,0.5,0.5,0.45,0.0,0.0,0.0,0.52,0.547,0.472,50.0
"Harris, Hogan",663687,ATH,FC,Cutter,-2.3,0,14,1.3,2,0.5,0.5,0.45,0.0,0.0,,0.339,0.382,0.316,50.0
"Estes, Joey",683155,ATH,CH,Changeup,-9.9,0,4,5.6,2,0.5,0.5,0.45,0.0,0.0,,0.377,0.412,0.341,0.0
"Kingham, Nolan",663884,TEX,SL,Slider,11.2,0,4,18.2,2,0.0,0.0,0.0,50.0,50.0,100.0,0.115,0.14,0.111,0.0
"Santos, Winston",692437,TEX,CH,Changeup,10.3,1,5,15.2,2,0.0,0.0,0.0,50.0,50.0,100.0,0.153,0.195,0.149,0.0
"Gonzales, Marco",594835,TEX,SI,Sinker,9.7,0,5,4.2,2,0.0,0.0,0.35,0.0,0.0,,0.026,0.035,0.364,0.0
"Manfredi, Mark",815081,COL,FF,4-Seam Fastball,0.7,0,11,57.9,2,0.5,0.5,0.45,25.0,50.0,100.0,0.25,0.3,0.241,0.0
"Rom, Drew",680723,ATH,FS,Split-Finger,-6.2,0,8,4.7,2,0.5,1.0,0.625,0.0,0.0,,0.467,1.161,0.679,50.0
"Bradford, Cody",674003,TEX,CU,Curveball,2.4,0,14,6.2,2,0.5,0.5,0.45,0.0,0.0,,0.435,1.169,0.677,50.0
"Santos, Winston",692437,TEX,SL,Slider,-1.6,0,10,30.3,2,0.5,0.5,0.45,0.0,0.0,0.0,0.32,0.383,0.298,0.0
"Corniell, Jose",692030,TEX,SI,Sinker,-1.0,0,9,8.7,2,0.5,0.5,0.45,14.3,0.0,0.0,0.316,0.352,0.289,0.0
"Joyce, Ben",690829,LAA,SL,Slider,5.3,0,8,9.8,2,0.0,0.0,0.0,50.0,50.0,33.3,0.017,0.018,0.015,0.0
"Rom, Drew",680723,ATH,ST,Sweeper,-13.4,-3,23,13.4,2,0.5,2.0,1.0,0.0,0.0,0.0,0.456,1.106,0.65,100.0
"Estes, Joey",683155,ATH,ST,Sweeper,-14.8,-1,7,9.9,2,0.5,2.0,1.0,25.0,50.0,33.3,0.023,0.043,0.028,0.0
"Estes, Joey",683155,ATH,FC,Cutter,0.4,0,15,21.1,2,0.0,0.0,0.35,40.0,0.0,0.0,0.52,0.573,0.591,0.0
"Martinez, Seth",661527,BOS,CH,Changeup,-41.5,-1,2,9.1,2,1.0,1.0,0.8,0.0,0.0,0.0,0.917,1.102,0.788,100.0
"Criswell, Jeff",676105,COL,CH,Changeup,-1.3,0,9,11.4,2,0.0,0.0,0.35,25.0,0.0,0.0,0.072,0.077,0.382,0.0
"Castro, Kervin",665645,NYY,CU,Curveball,3.5,0,11,11.7,2,0.0,0.0,0.0,33.3,50.0,33.3,0.07,0.212,0.118,0.0
"Rodón, Carlos",607074,NYY,CU,Curveball,1.8,0,15,1.7,2,0.0,0.0,0.0,66.7,50.0,50.0,0.071,0.078,0.065,0.0
"Mushinski, Parker",656786,COL,CH,Changeup,9.8,0,5,3.6,2,0.0,0.0,0.0,0.0,0.0,0.0,0.357,0.391,0.325,100.0
"Frasso, Nick",693308,COL,SL,Slider,2.6,0,10,9.0,2,0.0,0.0,0.0,66.7,50.0,33.3,0.019,0.021,0.018,0.0
"Herrera, Welinton",700327,COL,SL,Slider,2.3,0,10,22.2,2,0.0,0.0,0.0,20.0,0.0,0.0,0.169,0.25,0.18,100.0
"Pecko, Ethan",814490,HOU,ST,Sweeper,-6.8,-1,9,10.1,2,0.5,1.0,0.625,25.0,50.0,16.7,0.032,0.07,0.043,0.0
"Muñoz, Roddery",682610,HOU,SI,Sinker,-1.9,0,13,11.6,2,0.5,0.5,0.45,50.0,0.0,0.0,0.09,0.103,0.084,50.0
"Buttó, José",676130,SF,CH,Changeup,-1.7,0,8,12.7,2,0.0,0.0,0.35,100.0,50.0,100.0,,,0.35,
"Bivens, Spencer",702352,SF,ST,Sweeper,1.3,0,11,24.4,2,0.0,0.0,0.0,25.0,50.0,14.3,0.025,0.064,0.037,0.0
"Javier, Cristian",664299,HOU,SL,Slider,-7.4,0,5,0.8,2,0.5,1.0,0.625,0.0,0.0,0.0,0.315,0.972,0.533,50.0
"Eder, Jake",671109,LAD,SL,Slider,-2.4,0,19,33.9,2,0.5,1.0,0.625,18.2,0.0,0.0,0.619,1.148,0.746,100.0
"Santos, Gregory",666619,SF,FF,4-Seam Fastball,-4.4,0,11,12.8,2,0.0,0.0,0.8,0.0,0.0,0.0,0.338,0.355,0.502,100.0
"Ramos, Wilkin",678576,SF,CU,Curveball,-4.1,0,9,14.8,2,0.5,1.0,0.625,33.3,0.0,0.0,0.541,0.7,0.536,50.0
"McDonald, Trevor",686790,SF,FC,Cutter,-2.3,0,9,0.8,2,0.5,0.5,0.45,40.0,0.0,0.0,0.499,0.573,0.468,0.0
"Sommers, Drew",805427,DET,CH,Changeup,-13.2,-2,13,3.1,2,1.0,2.5,1.45,25.0,0.0,0.0,0.327,0.682,0.424,50.0
"Irvin, Cole",608344,LAD,SV,Slurve,5.9,0,7,6.9,2,0.0,0.0,0.0,20.0,50.0,25.0,0.09,0.091,0.081,0.0
"Casparius, Ben",676508,LAD,FC,Cutter,2.8,0,13,13.1,2,0.0,0.0,0.35,42.9,0.0,0.0,0.026,0.04,0.362,0.0
"Santos, Gregory",666619,SF,CH,Changeup,-69.5,-1,2,2.3,2,1.0,1.5,1.075,0.0,0.0,0.0,0.396,0.473,0.381,50.0
"Rashi, Taylor",688497,AZ,FS,Split-Finger,-2.1,0,8,17.8,2,0.5,0.5,0.45,50.0,0.0,0.0,0.13,0.149,0.121,0.0
"Verlander, Justin",434378,DET,ST,Sweeper,-7.1,0,2,2.5,2,0.0,0.0,0.35,0.0,0.0,0.0,0.003,0.006,0.352,0.0
"Clarke, Taylor",664199,AZ,FF,4-Seam Fastball,-6.2,-1,16,2.0,2,1.0,1.0,0.9,0.0,0.0,0.0,0.5,0.579,0.472,0.0
"Brogdon, Connor",641401,CLE,CU,Curveball,-6.1,0,7,2.6,2,0.0,0.0,0.45,0.0,50.0,33.3,0.175,0.199,0.166,0.0
"Soroka, Michael",647336,AZ,ST,Sweeper,1.9,0,10,0.7,2,0.0,0.0,0.0,25.0,50.0,11.1,0.056,0.208,0.11,100.0
"Romano, Jordan",605447,COL,ST,Sweeper,-18.8,-1,3,0.7,2,,,0.7,,0.0,0.0,,,0.7,
"Martinez, Justin",679885,AZ,FS,Split-Finger,-3.1,0,4,21.1,2,0.0,0.0,0.35,0.0,0.0,0.0,0.145,0.145,0.417,0.0
"Pecko, Ethan",814490,HOU,CH,Changeup,-10.9,-1,7,7.9,2,1.0,1.0,0.8,0.0,0.0,0.0,0.86,0.985,0.762,0.0
"Peralta, Sammy",671111,LAA,FF,4-Seam Fastball,-2.5,0,8,8.2,2,0.0,0.0,0.35,0.0,50.0,16.7,,,0.35,
"Muñoz, Roddery",682610,HOU,FC,Cutter,-3.9,-1,19,17.0,2,1.0,1.0,0.8,20.0,0.0,0.0,0.717,0.806,0.683,100.0
"Raya, Marco",694397,MIN,CU,Curveball,-3.3,0,10,10.0,2,0.0,0.0,0.35,0.0,0.0,0.0,0.098,0.103,0.394,100.0
"Robles, Victor",645302,SEA,FF,4-Seam Fastball,-8.8,-1,11,42.3,2,1.0,1.0,0.9,0.0,0.0,0.0,0.678,0.837,0.662,50.0
"Criswell, Cooper",681867,SEA,SV,Slurve,-5.7,0,4,0.9,2,0.5,0.5,0.45,0.0,0.0,0.0,0.233,0.282,0.226,50.0
"Simpson, Josh",681006,SEA,FF,4-Seam Fastball,-15.1,-1,7,4.6,2,1.0,2.0,0.975,25.0,0.0,0.0,0.311,0.681,0.556,100.0
"Snelling, Robby",702281,MIA,SL,Slider,7.7,1,8,9.3,2,0.0,0.0,0.0,33.3,0.0,0.0,0.103,0.106,0.093,0.0
"Blach, Ty",621389,CHC,CH,Changeup,-4.1,0,3,10.0,2,0.5,0.5,0.45,33.3,0.0,,0.378,0.419,0.344,50.0
"Brzykcy, Zach",694350,MIA,CU,Curveball,6.2,0,6,12.5,2,0.0,0.0,0.0,50.0,50.0,33.3,0.056,0.062,0.05,0.0
"Fulton, Dax",690978,MIA,SI,Sinker,2.0,0,17,7.1,2,0.0,0.0,0.0,14.3,0.0,0.0,0.522,0.795,0.558,100.0
"Webb, Jacob",657097,CHC,ST,Sweeper,-1.1,0,26,2.8,2,0.5,1.0,0.625,42.9,0.0,0.0,0.586,0.707,0.559,100.0
"Bender, Anthony",669622,MIA,CH,Changeup,0.6,0,12,2.2,2,0.0,0.0,0.0,33.3,50.0,14.3,0.19,0.298,0.204,100.0
"Cuas, Jose",621016,KC,CH,Changeup,-61.2,-1,2,0.9,2,1.0,1.5,1.075,0.0,0.0,0.0,0.802,0.934,0.759,100.0
"Brzykcy, Zach",694350,MIA,SL,Slider,4.0,0,11,22.9,2,0.0,0.0,0.0,0.0,0.0,0.0,0.3,0.329,0.27,100.0
"Mahle, Tyler",641816,ATL,SI,Sinker,-1.5,0,17,0.9,1,1.0,1.0,0.9,28.6,0.0,0.0,0.281,0.306,0.259,100.0
"Kinley, Tyler",641755,ATL,FS,Split-Finger,-18.8,-1,3,0.4,1,1.0,1.0,0.9,0.0,0.0,,0.152,0.183,0.137,0.0
"La Sorsa, Joe",686747,BOS,FF,4-Seam Fastball,18.4,0,2,25.0,1,0.0,0.0,0.0,,100.0,100.0,,,0.0,
"Holderman, Colin",670059,CLE,FC,Cutter,-108.4,-1,1,0.1,1,1.0,4.0,2.0,0.0,0.0,0.0,0.897,3.405,1.763,100.0
"Davitt, Duncan",701474,CWS,SI,Sinker,-53.2,-1,2,7.1,1,1.0,4.0,2.0,0.0,0.0,,0.429,0.905,0.555,100.0
"Hanner, Bradley",690440,NYY,ST,Sweeper,7.5,0,3,25.0,1,0.0,0.0,0.0,50.0,100.0,50.0,,,0.0,
"Payamps, Joel",606303,ATL,FC,Cutter,-50.8,-1,1,0.7,1,1.0,1.0,0.9,0.0,0.0,,0.74,0.895,0.721,100.0
"Estévez, Carlos",608032,KC,SL,Slider,-0.1,0,6,22.2,1,0.0,0.0,0.0,0.0,0.0,0.0,0.006,0.006,0.005,0.0
"Klein, John",804619,MIN,CU,Curveball,2.5,0,6,7.3,1,0.0,0.0,0.0,0.0,0.0,0.0,0.146,0.173,0.135,0.0
"Snelling, Robby",702281,MIA,SI,Sinker,3.7,0,7,8.1,1,0.0,0.0,0.0,33.3,0.0,0.0,0.146,0.173,0.137,0.0
"Sanders, Cam",676742,BAL,SI,Sinker,-4.0,-1,13,3.7,1,1.0,1.0,0.9,33.3,0.0,,0.204,0.22,0.184,0.0
"Holmes, Clay",605280,CHC,FF,4-Seam Fastball,-8.1,-1,7,0.7,1,1.0,1.0,0.9,0.0,0.0,0.0,0.637,0.65,0.573,0.0
"Rojas, Josh",668942,KC,CU,Curveball,4.2,0,6,46.2,1,0.0,0.0,0.0,0.0,0.0,0.0,0.146,0.173,0.135,0.0
"Bernardino, Brennan",657514,COL,ST,Sweeper,2.9,0,9,1.1,1,0.0,0.0,0.0,20.0,0.0,0.0,0.371,0.39,0.334,0.0
"Falter, Bailey",663559,KC,SI,Sinker,-12.2,0,4,2.2,1,,,0.7,100.0,0.0,0.0,,,0.7,
"Taylor, Grant",691799,CWS,FC,Cutter,-15.3,-1,4,0.4,1,1.0,1.0,0.9,0.0,0.0,0.0,0.62,0.705,0.558,0.0
"Nicolas, Kyle",693312,CIN,SI,Sinker,-12.1,0,4,2.0,1,1.0,1.0,0.9,0.0,0.0,0.0,0.823,0.905,0.765,0.0
"Duran, Carlos",679922,KC,SL,Slider,7.7,0,3,25.0,1,0.0,0.0,0.0,100.0,100.0,100.0,,,0.0,
"Pivetta, Nick",601713,SD,SL,Slider,10.3,0,2,0.7,1,0.0,0.0,0.0,100.0,100.0,50.0,,,0.0,
"Rucker, Michael",621074,SEA,CH,Changeup,4.1,0,3,0.7,1,0.0,0.0,0.0,0.0,0.0,,0.187,0.187,0.168,0.0
"Kerr, Ray",678061,ATL,SI,Sinker,11.6,0,2,5.9,1,0.0,0.0,0.0,0.0,0.0,,0.124,0.157,0.126,0.0
"Brebbia, John",605154,COL,CH,Changeup,1.9,0,7,7.4,1,0.0,0.0,0.0,33.3,0.0,0.0,0.049,0.089,0.055,0.0
"Fulmer, Michael",605242,LAA,CH,Changeup,3.3,0,4,9.3,1,0.0,0.0,0.0,0.0,0.0,,0.15,0.173,0.141,0.0
"Jacob, Alek",689690,SD,ST,Sweeper,7.1,0,3,3.4,1,0.0,0.0,0.0,0.0,0.0,0.0,0.045,0.045,0.04,0.0
"Brito, Jhony",666745,SD,SL,Slider,4.1,1,13,16.7,1,0.0,0.0,0.0,40.0,0.0,,0.006,0.009,0.008,0.0
"Domínguez, Seranthony",622554,SEA,CU,Curveball,1.2,0,15,1.8,1,0.0,0.0,0.0,66.7,0.0,0.0,0.261,0.292,0.245,0.0
"Kinley, Tyler",641755,ATL,SI,Sinker,-7.1,0,7,1.0,1,,,0.7,,0.0,,,,0.7,
"Muñoz, Rolddy",691548,ATL,FF,4-Seam Fastball,3.9,0,3,6.1,1,0.0,0.0,0.0,,100.0,33.3,,,0.0,
"Beck, Brendan",694341,NYY,SI,Sinker,1.2,0,7,5.0,1,0.0,0.0,0.0,50.0,0.0,0.0,0.494,0.533,0.453,100.0
"Basso, Brady",669620,ATH,ST,Sweeper,6.6,0,3,0.8,1,0.0,0.0,0.0,100.0,100.0,100.0,,,0.0,
"Manfredi, Mark",815081,COL,ST,Sweeper,28.5,0,1,5.3,1,0.0,0.0,0.0,0.0,0.0,,0.237,0.351,0.269,0.0
"Morán, Jovani",663558,BOS,CU,Curveball,-29.3,-1,2,0.2,1,1.0,2.0,1.25,0.0,0.0,,0.646,1.469,0.884,100.0
"Brash, Matt",666374,SEA,FF,4-Seam Fastball,1.8,0,16,6.1,1,0.0,0.0,0.0,0.0,0.0,0.0,0.089,0.106,0.08,0.0
"Johnston, Troy",687859,COL,CH,Changeup,-1.2,0,9,42.9,1,,,0.7,0.0,0.0,0.0,,,0.7,
"Durán, Rodolfo",660710,SD,CU,Curveball,-63.3,-1,1,2.2,1,1.0,2.0,1.25,0.0,0.0,0.0,0.537,1.076,0.673,100.0
"Gonzalez, Domingo",682445,SEA,CH,Changeup,13.9,0,2,1.6,1,0.0,0.0,0.0,0.0,0.0,,0.011,0.012,0.01,0.0
"Moore, Dylan",664238,PHI,SL,Slider,-8.2,0,3,15.0,1,,,0.7,,0.0,,,,0.7,
"Keller, Brian",662144,PHI,FF,4-Seam Fastball,2.1,0,11,28.2,1,0.0,0.0,0.0,16.7,100.0,14.3,,,0.0,
"Hoffman, Nolan",676510,PHI,ST,Sweeper,-0.2,0,11,13.4,1,,,0.0,80.0,0.0,0.0,,,0.014,0.0
"Horton, Cade",690990,CHC,CU,Curveball,-8.1,-1,9,9.8,1,1.0,1.0,0.9,0.0,0.0,0.0,0.637,0.716,0.591,100.0
"Rolison, Ryan",669020,CHC,CH,Changeup,-3.3,0,9,1.2,1,1.0,1.0,0.9,0.0,0.0,0.0,0.486,0.554,0.45,100.0
"Kempner, William",687531,MIA,CH,Changeup,5.4,0,5,2.5,1,0.0,0.0,0.0,0.0,0.0,,0.266,0.282,0.239,100.0
"Bellozo, Valente",678368,COL,CU,Curveball,-0.3,0,8,4.7,1,0.0,0.0,0.0,100.0,100.0,50.0,,,0.0,
"Voth, Austin",608723,MIN,FS,Split-Finger,-35.6,-3,8,3.7,1,1.0,4.0,2.0,0.0,0.0,0.0,0.583,2.303,1.183,100.0
"Romano, Jordan",605447,COL,FS,Split-Finger,1.6,0,9,2.0,1,0.0,0.0,0.0,100.0,100.0,25.0,,,0.0,
"Keller, Brian",662144,PHI,SI,Sinker,-49.7,-2,5,12.8,1,1.0,4.0,2.0,0.0,0.0,,0.931,3.616,1.86,100.0
"Brzykcy, Zach",694350,MIA,CH,Changeup,-5.0,0,7,14.6,1,1.0,1.0,0.9,33.3,0.0,0.0,0.449,0.504,0.414,0.0
"Miles, Spencer",693686,TOR,CH,Changeup,-27.3,-1,2,0.2,1,1.0,1.0,0.9,0.0,0.0,0.0,0.452,0.479,0.408,100.0
"Fleming, Josh",676596,TOR,FC,Cutter,-12.1,0,4,5.2,1,0.0,0.0,0.9,0.0,0.0,0.0,0.549,0.605,0.508,100.0
"Lavender, Nate",681320,NYM,CH,Changeup,7.9,0,4,5.5,1,0.0,0.0,0.0,50.0,100.0,100.0,,,0.0,
"Wantz, Andrew",681806,CHC,CU,Curveball,6.3,0,3,3.7,1,0.0,0.0,0.0,50.0,0.0,0.0,0.047,0.047,0.042,0.0
"Bivens, Spencer",702352,SF,FC,Cutter,-5.0,0,4,8.9,1,,,0.7,33.3,0.0,0.0,,,0.7,
"Zuñiga, Guillo",670871,NYM,CH,Changeup,12.1,0,2,11.1,1,0.0,0.0,0.0,50.0,100.0,50.0,,,0.0,
"VanWey, Logan",701121,HOU,FC,Cutter,-9.5,-1,6,7.5,1,1.0,1.0,0.9,0.0,0.0,,0.571,0.638,0.529,100.0
"Brooks, Aaron",605156,TB,SL,Slider,-11.5,0,4,23.5,1,,,0.7,,0.0,0.0,,,0.7,
"Marte, Yunior",628708,CIN,SI,Sinker,-12.6,0,3,14.3,1,,,0.7,50.0,0.0,0.0,,,0.7,
"Kahnle, Tommy",592454,BOS,SL,Slider,-4.3,0,11,6.5,1,1.0,1.0,0.9,0.0,0.0,0.0,0.204,0.205,0.184,0.0
"Weisenburger, Jack",674073,NYM,CH,Changeup,15.6,0,2,2.5,1,0.0,0.0,0.0,100.0,100.0,100.0,,,0.0,
"Murdock, Noah",668716,PIT,FC,Cutter,-4.8,0,8,13.6,1,,,0.7,33.3,0.0,0.0,,,0.7,
"Boyd, Matthew",571510,CHC,SI,Sinker,4.4,0,6,0.5,1,0.0,0.0,0.0,0.0,0.0,0.0,0.134,0.145,0.123,0.0
"Frazier, Adam",624428,LAA,CU,Curveball,4.4,0,4,8.9,1,0.0,0.0,0.0,0.0,0.0,0.0,0.523,0.583,0.492,0.0
"Short, Zack",670097,NYM,SI,Sinker,3.8,0,4,40.0,1,0.0,0.0,0.0,0.0,0.0,0.0,0.02,0.044,0.027,0.0
"Strowd, Kade",669704,AZ,CU,Curveball,2.9,0,6,18.8,1,0.0,0.0,0.0,0.0,0.0,0.0,0.669,0.772,0.628,100.0
"Brooks, Aaron",605156,TB,SI,Sinker,-2.9,0,7,41.2,1,,,0.7,50.0,0.0,,,,0.7,
"Skenes, Paul",694973,PIT,CU,Curveball,1.3,0,10,0.4,1,0.0,0.0,0.0,20.0,0.0,0.0,0.151,0.17,0.141,0.0
"Kelly, Antoine",681520,CHC,FF,4-Seam Fastball,20.5,0,2,11.1,1,0.0,0.0,0.0,0.0,0.0,,0.54,0.611,0.503,100.0
"Martin, Corbin",656686,CHC,SL,Slider,2.8,0,3,2.7,1,0.0,0.0,0.0,0.0,0.0,0.0,0.006,0.008,0.007,0.0
"Wilkinson, Matt",683363,SF,FC,Cutter,28.0,0,1,4.0,1,0.0,0.0,0.0,0.0,0.0,,0.003,0.003,0.003,0.0
"Waguespack, Jacob",621097,DET,CU,Curveball,-2.8,0,13,3.4,1,1.0,1.0,0.9,40.0,0.0,0.0,0.94,1.084,0.882,100.0
"Watson, Ryan",670245,LAA,FS,Split-Finger,-0.8,0,10,1.1,1,0.0,0.0,0.0,66.7,0.0,0.0,0.032,0.032,0.029,0.0
"Wicks, Jordan",696136,CHC,CU,Curveball,4.0,0,8,4.4,1,0.0,0.0,0.0,0.0,0.0,0.0,0.249,0.28,0.238,100.0
"Lowder, Rhett",695076,CIN,ST,Sweeper,6.0,0,2,0.1,1,0.0,0.0,0.0,100.0,100.0,100.0,,,0.0,
"Bivens, Spencer",702352,SF,FF,4-Seam Fastball,-41.4,0,1,2.2,1,1.0,1.0,0.9,0.0,0.0,,0.594,0.669,0.554,100.0
"Blubaugh, AJ",805123,HOU,CU,Curveball,-8.7,-1,14,1.1,1,1.0,4.0,2.0,20.0,0.0,0.0,0.663,2.439,1.265,100.0
"Devenski, Chris",606965,PIT,ST,Sweeper,-53.6,-2,4,10.3,1,1.0,4.0,2.0,50.0,0.0,,0.266,0.72,0.399,100.0
"Devenski, Chris",606965,PIT,SI,Sinker,-33.1,-1,2,5.1,1,1.0,1.0,0.9,0.0,0.0,,0.871,1.25,0.911,100.0
"Gamboa, Alec",687941,BOS,CH,Changeup,1.2,0,5,2.0,1,0.0,0.0,0.0,50.0,100.0,33.3,,,0.0,
"Wantz, Andrew",681806,CHC,CH,Changeup,5.9,0,3,3.7,1,0.0,0.0,0.0,0.0,0.0,0.0,0.926,1.122,0.889,100.0
"Kelly, Antoine",681520,CHC,SI,Sinker,-3.9,0,9,50.0,1,,,0.7,0.0,0.0,0.0,,,0.7,
"Ríos, Yacksel",605441,CHC,FS,Split-Finger,7.5,0,2,15.4,1,0.0,0.0,0.0,100.0,100.0,100.0,,,0.0,
"Velasquez, Vince",592826,CHC,CH,Changeup,10.4,0,2,4.7,1,0.0,0.0,0.0,50.0,100.0,100.0,,,0.0,
"Little, Luke",681432,CHC,ST,Sweeper,6.5,0,4,21.1,1,0.0,0.0,0.0,50.0,100.0,50.0,,,0.0,
"Sandoval, Patrick",663776,BOS,CU,Curveball,0.5,0,26,4.5,1,0.0,0.0,0.0,20.0,0.0,0.0,0.014,0.023,0.015,0.0
"Zimmermann, Bruce",669145,STL,FF,4-Seam Fastball,-7.9,-1,8,11.1,1,1.0,2.0,1.25,0.0,0.0,0.0,0.703,1.072,0.75,100.0
"Abner, Philip",691769,AZ,CH,Changeup,-1.0,0,13,5.3,1,0.0,0.0,0.0,66.7,100.0,20.0,,,0.0,
"McDermott, Chayce",694646,NYM,FS,Split-Finger,0.5,0,5,4.7,1,0.0,0.0,0.0,0.0,0.0,0.0,0.001,0.001,0.0,0.0
"Snelling, Robby",702281,MIA,CH,Changeup,-1.1,0,14,16.3,1,,,0.7,37.5,0.0,0.0,,,0.7,
"Uberstine, Tyler",700413,BOS,FC,Cutter,-0.7,0,9,20.0,1,,,0.7,25.0,0.0,,,,0.7,
"Bivens, Spencer",702352,SF,CH,Changeup,-37.0,-1,2,4.4,1,1.0,1.0,0.9,0.0,0.0,0.0,0.183,0.206,0.166,0.0
"Gordon, Colton",676467,HOU,CU,Curveball,7.3,0,6,3.0,1,0.0,0.0,0.0,0.0,0.0,,0.371,0.779,0.483,100.0
"VanWey, Logan",701121,HOU,SI,Sinker,6.4,0,3,3.8,1,0.0,0.0,0.0,0.0,0.0,,0.249,0.334,0.239,0.0
"Herget, Kevin",643361,NYM,FF,4-Seam Fastball,12.5,0,4,36.4,1,0.0,0.0,0.0,0.0,0.0,0.0,0.071,0.133,0.082,0.0
"Brooks, Aaron",605156,TB,CH,Changeup,28.7,0,1,5.9,1,0.0,0.0,0.0,0.0,0.0,,0.003,0.004,0.003,0.0
"Liberatore, Matthew",669461,STL,ST,Sweeper,-22.8,0,2,0.1,1,1.0,1.0,0.9,0.0,0.0,0.0,0.223,0.272,0.218,0.0
"Fisher, Braydon",680755,TOR,SI,Sinker,-16.0,0,2,0.2,1,,,0.7,,0.0,,,,0.7,
"Williams, Devin",642207,NYM,FC,Cutter,-5.7,-1,9,1.2,1,1.0,1.0,0.9,0.0,0.0,0.0,0.069,0.075,0.062,0.0
"Gamboa, Alec",687941,BOS,CU,Curveball,1.0,0,6,2.4,1,0.0,0.0,0.0,0.0,0.0,0.0,0.2,0.733,0.379,100.0
"Tiedemann, Ricky",694357,TOR,CH,Changeup,23.5,0,1,3.7,1,0.0,0.0,0.0,,100.0,100.0,,,0.0,
"Abreu, Bryan",650556,HOU,CH,Changeup,31.1,0,1,0.1,1,0.0,0.0,0.0,0.0,0.0,,0.623,0.703,0.579,100.0
"Rajcic, Max",691008,STL,SL,Slider,8.3,0,5,3.1,1,0.0,0.0,0.0,0.0,0.0,,0.073,0.074,0.067,0.0
"Bachman, Sam",696147,LAA,ST,Sweeper,-28.4,-1,4,0.5,1,1.0,4.0,2.0,50.0,0.0,,0.28,0.793,0.451,100.0
"Mautz, Brycen",802408,STL,CU,Curveball,0.9,0,13,22.0,1,0.0,0.0,0.0,0.0,0.0,0.0,0.266,0.72,0.399,100.0
"Samaniego, Tyler",701719,BOS,CH,Changeup,1.6,0,19,6.1,1,0.0,0.0,0.0,16.7,0.0,0.0,0.059,0.061,0.053,0.0
"Imai, Tatsuya",837227,HOU,CU,Curveball,5.1,0,6,0.5,1,0.0,0.0,0.0,0.0,0.0,,0.29,0.311,0.272,100.0
"Manfredi, Mark",815081,COL,SL,Slider,0.6,0,4,21.1,1,0.0,0.0,0.0,100.0,100.0,50.0,,,0.0,
"Crochet, Garrett",676979,BOS,CH,Changeup,0.9,0,22,4.2,1,0.0,0.0,0.0,62.5,100.0,20.0,,,0.0,
"Liberatore, Matthew",669461,STL,FS,Split-Finger,-1.2,0,9,0.4,1,0.0,0.0,0.0,0.0,0.0,0.0,0.497,0.587,0.482,0.0
"Baumler, Carter",691945,TEX,SI,Sinker,-2.1,0,8,6.8,1,,,0.7,0.0,0.0,0.0,,,0.7,
"McCann, James",543510,AZ,CU,Curveball,22.4,0,1,1.8,1,0.0,0.0,0.0,0.0,0.0,0.0,0.169,0.643,0.33,100.0
"Basso, Brady",669620,ATH,CH,Changeup,-24.8,-1,4,1.1,1,1.0,2.0,1.25,0.0,0.0,0.0,0.431,0.781,0.51,100.0
"Klein, John",804619,MIN,FC,Cutter,5.6,1,9,11.0,1,0.0,0.0,0.0,0.0,0.0,0.0,0.011,0.028,0.018,0.0
"Bird, Jake",656234,WSH,CH,Changeup,8.9,0,2,0.3,1,0.0,0.0,0.0,0.0,100.0,50.0,,,0.0,
"Stanek, Ryne",592773,STL,ST,Sweeper,7.2,0,2,0.2,1,0.0,0.0,0.0,100.0,100.0,100.0,,,0.0,
"Strzelecki, Peter",657265,STL,CH,Changeup,0.3,0,19,10.1,1,0.0,0.0,0.0,33.3,100.0,20.0,,,0.0,
"O'Brien, Riley",676617,STL,CH,Changeup,-5.1,0,8,1.0,1,,,0.7,100.0,0.0,0.0,,,0.7,
"Natera Jr., Samy",696519,LAA,FS,Split-Finger,-0.6,0,5,1.1,1,0.0,0.0,0.0,50.0,100.0,33.3,,,0.0,
"Kent, Jackson",800600,WSH,CU,Curveball,-5.8,-1,15,9.3,1,1.0,1.0,0.9,0.0,0.0,0.0,0.969,1.094,0.904,0.0
"Krook, Matt",640454,WSH,FC,Cutter,-5.3,0,7,3.9,1,1.0,1.0,0.9,25.0,0.0,0.0,0.963,1.087,0.905,0.0
"Velasquez, Vince",592826,CHC,SL,Slider,-15.3,-1,4,9.3,1,1.0,2.0,1.25,33.3,0.0,0.0,0.434,0.439,0.391,0.0
"Rashi, Taylor",688497,AZ,SV,Slurve,2.3,0,4,8.9,1,0.0,0.0,0.0,33.3,100.0,33.3,,,0.0,
"Kent, Zak",687849,WSH,SI,Sinker,-24.1,-1,4,1.5,1,1.0,2.0,1.25,0.0,0.0,0.0,0.76,2.712,1.419,100.0
"Yean, Eddy",678868,WSH,SL,Slider,-6.8,-1,14,10.0,1,1.0,2.0,1.25,0.0,0.0,0.0,0.341,0.392,0.307,0.0
"Estévez, Carlos",608032,KC,CH,Changeup,-9.2,-1,6,22.2,1,1.0,1.0,0.9,0.0,0.0,,0.729,0.855,0.708,100.0
"Pecko, Ethan",814490,HOU,FC,Cutter,-4.2,0,8,9.0,1,,,0.7,33.3,0.0,0.0,,,0.7,
"Weston, Cameron",687721,BAL,ST,Sweeper,3.4,0,6,35.3,1,0.0,0.0,0.0,25.0,100.0,25.0,,,0.0,
"Weston, Cameron",687721,BAL,SI,Sinker,-3.9,0,7,41.2,1,,,0.7,0.0,0.0,0.0,,,0.7,
"Eflin, Zach",621107,BAL,CU,Curveball,1.1,0,16,21.6,1,0.0,0.0,0.0,50.0,100.0,14.3,,,0.0,
"Vaughn, Andrew",683734,MIL,SL,Slider,-18.7,-1,4,13.8,1,1.0,1.0,,0.0,0.0,0.0,,,,0.0
"Imai, Tatsuya",837227,HOU,FS,Split-Finger,-2.6,-1,42,3.4,1,0.0,0.0,0.0,75.0,100.0,20.0,,,0.0,
"Javier, Cristian",664299,HOU,CU,Curveball,-4.2,-1,13,2.0,1,,,0.7,33.3,0.0,0.0,,,0.7,
"VanWey, Logan",701121,HOU,CH,Changeup,-1.5,0,8,10.0,1,0.0,0.0,0.0,50.0,100.0,25.0,,,0.0,
"Ullola, Miguel",699044,HOU,CU,Curveball,5.5,0,3,3.4,1,0.0,0.0,0.0,50.0,100.0,50.0,,,0.0,
"Raquet, Nick",675919,BAL,SL,Slider,2.4,0,20,26.7,1,0.0,0.0,0.0,0.0,0.0,0.0,0.057,0.061,0.051,0.0
"Cano, Yennier",666974,BAL,SL,Slider,2.1,0,8,1.2,1,0.0,0.0,0.0,0.0,0.0,0.0,0.023,0.036,0.026,100.0
"Richardson, Lyon",680689,MIL,FF,4-Seam Fastball,-17.3,-1,8,11.8,1,1.0,4.0,2.0,0.0,0.0,,0.923,3.622,1.857,100.0
"Herrera, Welinton",700327,COL,CH,Changeup,1.2,0,7,15.6,1,0.0,0.0,0.0,50.0,100.0,50.0,,,0.0,
"Zerpa, Angel",672582,MIL,CH,Changeup,-19.7,-3,13,6.0,1,1.0,4.0,2.0,20.0,0.0,0.0,0.803,3.176,1.64,100.0
"Kremer, Dean",665152,MIN,SL,Slider,-1.3,0,15,1.7,1,0.0,0.0,0.0,33.3,100.0,11.1,,,0.0,
"Uberstine, Tyler",700413,BOS,CH,Changeup,4.1,0,5,11.1,1,0.0,0.0,0.0,0.0,0.0,0.0,0.121,0.142,0.109,0.0
"Raquet, Nick",675919,BAL,FC,Cutter,5.0,0,3,4.0,1,0.0,0.0,0.0,0.0,0.0,0.0,0.58,0.661,0.528,0.0
"Woodruff, Brandon",605540,MIL,ST,Sweeper,6.1,0,5,0.8,1,0.0,0.0,0.0,0.0,0.0,0.0,0.089,0.319,0.166,100.0
"Fulmer, Michael",605242,LAA,SI,Sinker,4.9,0,7,16.3,1,0.0,0.0,0.0,66.7,100.0,33.3,,,0.0,
"Stallings, Garrett",668831,MIL,FF,4-Seam Fastball,7.7,0,2,1.6,1,0.0,0.0,0.0,0.0,0.0,0.0,0.376,0.391,0.358,100.0
"Knack, Landon",689017,LAD,CU,Curveball,0.6,0,17,13.5,1,,,0.0,33.3,0.0,0.0,,,0.468,100.0
"Eflin, Zach",621107,BAL,FC,Cutter,2.6,0,11,14.9,1,0.0,0.0,0.0,0.0,0.0,,0.543,1.134,0.699,100.0
"Weston, Cameron",687721,BAL,SL,Slider,17.7,0,2,11.8,1,0.0,0.0,0.0,0.0,0.0,0.0,0.483,0.524,0.446,100.0
"Nikhazy, Doug",680951,CWS,SL,Slider,-17.0,-1,3,7.7,1,,,0.7,,0.0,0.0,,,0.7,
"Kingham, Nolan",663884,TEX,SI,Sinker,-13.7,0,3,13.6,1,1.0,1.0,0.9,33.3,0.0,0.0,0.226,0.246,0.203,0.0
"McDougal, Tanner",701780,CWS,SL,Slider,-13.7,0,2,8.0,1,,,0.7,,0.0,,,,0.7,
"Manfredi, Mark",815081,COL,SI,Sinker,-12.9,0,2,10.5,1,,,0.7,,0.0,,,,0.7,
"Rogers, Jake",668670,CWS,KN,Knuckleball,23.1,0,1,2.3,1,0.0,0.0,0.0,100.0,100.0,100.0,,,0.0,
"Cannon, Jonathan",686563,CWS,ST,Sweeper,-6.5,0,3,21.4,1,,,0.7,,0.0,,,,0.7,
"Brooks, Aaron",605156,TB,FF,4-Seam Fastball,-17.6,-1,5,29.4,1,1.0,4.0,2.0,0.0,0.0,0.0,0.374,1.108,0.61,100.0
"Casparius, Ben",676508,LAD,CH,Changeup,6.7,0,2,2.0,1,0.0,0.0,0.0,,100.0,100.0,,,0.0,
"Bazardo, Eduard",660825,SEA,FF,4-Seam Fastball,3.8,0,4,0.4,1,0.0,0.0,0.0,0.0,0.0,0.0,0.011,0.02,0.015,0.0
"Yoho, Craig",684974,CLE,ST,Sweeper,-13.4,-1,4,0.9,1,,,0.7,0.0,0.0,0.0,,,0.7,
"Kriske, Brooks",621139,ATH,FC,Cutter,-4.8,0,7,18.4,1,1.0,1.0,0.9,0.0,0.0,,0.629,1.097,0.718,100.0
"Rock, Joe",697812,CWS,CH,Changeup,-0.4,0,7,3.6,1,0.0,0.0,0.0,0.0,0.0,0.0,0.006,0.011,0.007,0.0
"Gaddis, Hunter",683769,CLE,FS,Split-Finger,-0.1,0,7,1.0,1,0.0,0.0,0.0,100.0,100.0,50.0,,,0.0,
"McDougal, Tanner",701780,CWS,CU,Curveball,6.4,0,2,8.0,1,0.0,0.0,0.0,0.0,0.0,0.0,0.172,0.177,0.155,0.0
"Lucchesi, Joey",664192,LAA,FS,Split-Finger,0.8,0,8,7.2,1,0.0,0.0,0.0,50.0,100.0,25.0,,,0.0,
"Rodriguez, Carlos",692230,MIL,CU,Curveball,-21.2,0,2,1.1,1,,,0.7,,0.0,0.0,,,0.7,
"Teodo, Emiliano",693713,TEX,CH,Changeup,-18.9,-1,3,7.0,1,1.0,2.0,1.25,33.3,0.0,0.0,0.384,0.441,0.362,0.0
"Harris, Hogan",663687,ATH,SV,Slurve,-18.6,-1,4,0.4,1,1.0,1.0,0.9,0.0,0.0,0.0,0.469,0.626,0.452,100.0
"Pallette, Peyton",688883,CLE,CH,Changeup,-1.1,0,6,1.4,1,0.0,0.0,0.0,0.0,0.0,0.0,0.122,0.157,0.117,0.0
"Fedde, Erick",607200,CWS,FF,4-Seam Fastball,-2.3,-1,27,1.4,1,0.0,0.0,0.0,0.0,0.0,0.0,0.169,0.63,0.333,100.0
"Sims, Lucas",608371,CWS,SI,Sinker,32.7,0,1,0.6,1,0.0,0.0,0.0,0.0,0.0,,0.046,0.05,0.041,0.0
"Tur, Yunior",814305,ATH,ST,Sweeper,-65.8,-1,2,1.7,1,1.0,4.0,2.0,0.0,0.0,,0.889,3.417,1.754,100.0
"Paez, Jedixson",699151,CWS,FC,Cutter,1.4,0,11,16.9,1,0.0,0.0,0.0,0.0,0.0,,0.003,0.003,0.003,0.0
"Davitt, Duncan",701474,CWS,ST,Sweeper,5.9,0,3,10.7,1,0.0,0.0,0.0,0.0,0.0,0.0,0.451,1.437,0.78,100.0
"Olds, Wyatt",681544,BOS,FF,4-Seam Fastball,-2.3,0,11,47.8,1,1.0,1.0,0.9,16.7,0.0,,0.991,1.035,0.892,0.0
"Wilson, Bryse",669060,MIL,CH,Changeup,9.6,0,2,0.4,1,0.0,0.0,0.0,100.0,100.0,100.0,,,0.0,
"Verlander, Justin",434378,DET,CH,Changeup,4.5,0,8,10.0,1,0.0,0.0,0.0,0.0,0.0,0.0,0.02,0.063,0.031,0.0
"La Sorsa, Joe",686747,BOS,SI,Sinker,-84.9,-2,2,25.0,1,1.0,4.0,2.0,0.0,0.0,,0.8,3.089,1.594,100.0
"Kuhnel, Joel",669270,MIL,SL,Slider,0.5,0,8,1.4,1,0.0,0.0,0.0,33.3,100.0,16.7,,,0.0,
"Hall, DL",669084,MIL,FC,Cutter,-10.3,0,3,0.4,1,,,0.7,,0.0,,,,0.7,
"Kerry, Brett",695049,LAA,ST,Sweeper,-24.0,-1,3,1.4,1,1.0,2.0,1.25,0.0,0.0,0.0,0.571,0.621,0.525,0.0
"Manfredi, Mark",815081,COL,CH,Changeup,25.4,0,1,5.3,1,0.0,0.0,0.0,0.0,0.0,,0.001,0.001,0.0,0.0
"Weiman, Blake",676620,LAA,CH,Changeup,2.4,0,5,5.3,1,0.0,0.0,0.0,0.0,0.0,0.0,0.229,0.25,0.218,100.0
"Alvarado, Elvis",665660,ATH,CH,Changeup,18.2,0,1,0.1,1,0.0,0.0,0.0,0.0,0.0,0.0,0.086,0.332,0.175,100.0
"Thompson, Keegan",624522,COL,CH,Changeup,0.4,0,13,6.7,1,0.0,0.0,0.0,0.0,0.0,0.0,0.079,0.083,0.071,0.0
"Higgins, P.J.",664731,CIN,SL,Slider,24.5,0,1,10.0,1,0.0,0.0,0.0,0.0,0.0,,0.066,0.11,0.081,0.0
"Hoppe, Alex",695380,BAL,CH,Changeup,-7.4,0,6,1.1,1,1.0,1.0,0.9,0.0,0.0,,0.949,1.076,0.876,0.0
