mlbam_id,player_name,team,season,vs_rhp_pa,vs_rhp_so,vs_rhp_k_pct,vs_lhp_pa,vs_lhp_so,vs_lhp_k_pct,overall_pa,overall_so,overall_k_pct,source,source_timestamp,refresh_status
682928,"Abrams, CJ",,2026,368,73,19.83695652173913,168,51,30.357142857142858,536,124,23.134328358208954,BASEBALL_SAVANT_CURRENT_SEASON,2026-08-20T23:44:25.220153+00:00,CURRENT
677800,"Abreu, Wilyer",,2026,379,80,21.108179419525065,163,26,15.950920245398773,542,106,19.55719557195572,BASEBALL_SAVANT_CURRENT_SEASON,2026-08-20T23:44:25.220153+00:00,CURRENT
660670,"Acuña Jr., Ronald",,2026,222,49,22.07207207207207,108,28,25.925925925925927,330,77,23.333333333333332,BASEBALL_SAVANT_CURRENT_SEASON,2026-08-20T23:44:25.220153+00:00,CURRENT
682668,"Acuña, Luisangel",,2026,112,24,21.428571428571427,90,15,16.666666666666668,202,39,19.306930693069308,BASEBALL_SAVANT_CURRENT_SEASON,2026-08-20T23:44:25.220153+00:00,CURRENT
642715,"Adames, Willy",,2026,360,95,26.38888888888889,129,38,29.45736434108527,489,133,27.198364008179958,BASEBALL_SAVANT_CURRENT_SEASON,2026-08-20T23:44:25.220153+00:00,CURRENT
666176,"Adell, Jo",,2026,364,92,25.274725274725274,148,32,21.62162162162162,512,124,24.21875,BASEBALL_SAVANT_CURRENT_SEASON,2026-08-20T23:44:25.220153+00:00,CURRENT
645277,"Albies, Ozzie",,2026,328,60,18.29268292682927,214,15,7.009345794392523,542,75,13.837638376383763,BASEBALL_SAVANT_CURRENT_SEASON,2026-08-20T23:44:25.220153+00:00,CURRENT
682634,"Alcántara, Kevin",,2026,9,4,44.44444444444444,17,6,35.294117647058826,26,10,38.46153846153846,BASEBALL_SAVANT_CURRENT_SEASON,2026-08-20T23:44:25.220153+00:00,CURRENT
677942,"Alexander, Blaze",,2026,162,33,20.37037037037037,84,21,25.0,246,54,21.951219512195124,BASEBALL_SAVANT_CURRENT_SEASON,2026-08-20T23:44:25.220153+00:00,CURRENT
672613,"Alfonzo, Eliezer",,2026,13,1,7.6923076923076925,14,1,7.142857142857143,27,2,7.407407407407407,BASEBALL_SAVANT_CURRENT_SEASON,2026-08-20T23:44:25.220153+00:00,CURRENT
669397,"Allen, Nick",,2026,96,22,22.916666666666668,32,5,15.625,128,27,21.09375,BASEBALL_SAVANT_CURRENT_SEASON,2026-08-20T23:44:25.220153+00:00,CURRENT
624413,"Alonso, Pete",,2026,389,91,23.39331619537275,163,42,25.766871165644172,552,133,24.094202898550726,BASEBALL_SAVANT_CURRENT_SEASON,2026-08-20T23:44:25.220153+00:00,CURRENT
514888,"Altuve, Jose",,2026,331,69,20.845921450151057,100,18,18.0,431,87,20.185614849187935,BASEBALL_SAVANT_CURRENT_SEASON,2026-08-20T23:44:25.220153+00:00,CURRENT
682626,"Alvarez, Francisco",,2026,238,63,26.470588235294116,92,31,33.69565217391305,330,94,28.484848484848484,BASEBALL_SAVANT_CURRENT_SEASON,2026-08-20T23:44:25.220153+00:00,CURRENT
670541,"Alvarez, Yordan",,2026,405,71,17.530864197530864,145,23,15.862068965517242,550,94,17.09090909090909,BASEBALL_SAVANT_CURRENT_SEASON,2026-08-20T23:44:25.220153+00:00,CURRENT
691182,"Amador, Adael",,2026,9,3,33.333333333333336,4,2,50.0,13,5,38.46153846153846,BASEBALL_SAVANT_CURRENT_SEASON,2026-08-20T23:44:25.220153+00:00,CURRENT
665804,"Amaya, Miguel",,2026,145,42,28.96551724137931,63,12,19.047619047619047,208,54,25.96153846153846,BASEBALL_SAVANT_CURRENT_SEASON,2026-08-20T23:44:25.220153+00:00,CURRENT
609280,"Andujar, Miguel",,2026,173,27,15.606936416184972,81,11,13.580246913580247,254,38,14.960629921259843,BASEBALL_SAVANT_CURRENT_SEASON,2026-08-20T23:44:25.220153+00:00,CURRENT
701350,"Anthony, Roman",,2026,93,25,26.881720430107528,38,8,21.05263157894737,131,33,25.19083969465649,BASEBALL_SAVANT_CURRENT_SEASON,2026-08-20T23:44:25.220153+00:00,CURRENT
803011,"Antonacci, Sam",,2026,334,48,14.37125748502994,93,19,20.43010752688172,427,67,15.690866510538642,BASEBALL_SAVANT_CURRENT_SEASON,2026-08-20T23:44:25.220153+00:00,CURRENT
666018,"Aranda, Jonathan",,2026,387,81,20.930232558139537,154,44,28.571428571428573,541,125,23.10536044362292,BASEBALL_SAVANT_CURRENT_SEASON,2026-08-20T23:44:25.220153+00:00,CURRENT
606115,"Arcia, Orlando",,2026,30,3,10.0,20,5,25.0,50,8,16.0,BASEBALL_SAVANT_CURRENT_SEASON,2026-08-20T23:44:25.220153+00:00,CURRENT
571448,"Arenado, Nolan",,2026,343,72,20.99125364431487,120,24,20.0,463,96,20.734341252699785,BASEBALL_SAVANT_CURRENT_SEASON,2026-08-20T23:44:25.220153+00:00,CURRENT
672356,"Arias, Gabriel",,2026,92,35,38.04347826086956,47,23,48.93617021276596,139,58,41.726618705035975,BASEBALL_SAVANT_CURRENT_SEASON,2026-08-20T23:44:25.220153+00:00,CURRENT
668227,"Arozarena, Randy",,2026,380,82,21.57894736842105,132,26,19.696969696969695,512,108,21.09375,BASEBALL_SAVANT_CURRENT_SEASON,2026-08-20T23:44:25.220153+00:00,CURRENT
650333,"Arraez, Luis",,2026,378,11,2.9100529100529102,156,13,8.333333333333334,534,24,4.49438202247191,BASEBALL_SAVANT_CURRENT_SEASON,2026-08-20T23:44:25.220153+00:00,CURRENT
695490,"Arroyo, Edwin",,2026,108,24,22.22222222222222,34,7,20.58823529411765,142,31,21.830985915492956,BASEBALL_SAVANT_CURRENT_SEASON,2026-08-20T23:44:25.220153+00:00,CURRENT
640492,"Azócar, José",,2026,6,1,16.666666666666668,12,3,25.0,18,4,22.22222222222222,BASEBALL_SAVANT_CURRENT_SEASON,2026-08-20T23:44:25.220153+00:00,CURRENT
664056,"Bader, Harrison",,2026,87,28,32.18390804597701,24,6,25.0,111,34,30.63063063063063,BASEBALL_SAVANT_CURRENT_SEASON,2026-08-20T23:44:25.220153+00:00,CURRENT
678225,"Bae, Jihwan",,2026,2,1,50.0,2,0,0.0,4,1,25.0,BASEBALL_SAVANT_CURRENT_SEASON,2026-08-20T23:44:25.220153+00:00,CURRENT
672275,"Bailey, Patrick",,2026,221,55,24.8868778280543,44,12,27.272727272727273,265,67,25.28301886792453,BASEBALL_SAVANT_CURRENT_SEASON,2026-08-20T23:44:25.220153+00:00,CURRENT
663609,"Baker, Luken",,2026,2,2,100.0,3,1,33.333333333333336,5,3,60.0,BASEBALL_SAVANT_CURRENT_SEASON,2026-08-20T23:44:25.220153+00:00,CURRENT
686948,"Baldwin, Drake",,2026,287,59,20.557491289198605,176,35,19.886363636363637,463,94,20.302375809935207,BASEBALL_SAVANT_CURRENT_SEASON,2026-08-20T23:44:25.220153+00:00,CURRENT
694208,"Ballesteros, Moisés",,2026,206,42,20.388349514563107,24,6,25.0,230,48,20.869565217391305,BASEBALL_SAVANT_CURRENT_SEASON,2026-08-20T23:44:25.220153+00:00,CURRENT
680718,"Barger, Addison",,2026,24,6,25.0,4,1,25.0,28,7,25.0,BASEBALL_SAVANT_CURRENT_SEASON,2026-08-20T23:44:25.220153+00:00,CURRENT
678489,"Barrosa, Jorge",,2026,103,31,30.097087378640776,55,11,20.0,158,42,26.582278481012658,BASEBALL_SAVANT_CURRENT_SEASON,2026-08-20T23:44:25.220153+00:00,CURRENT
663698,"Bart, Joey",,2026,62,15,24.193548387096776,66,20,30.303030303030305,128,35,27.34375,BASEBALL_SAVANT_CURRENT_SEASON,2026-08-20T23:44:25.220153+00:00,CURRENT
678545,"Basabe, Osleivis",,2026,43,8,18.6046511627907,21,2,9.523809523809524,64,10,15.625,BASEBALL_SAVANT_CURRENT_SEASON,2026-08-20T23:44:25.220153+00:00,CURRENT
694212,"Basallo, Samuel",,2026,236,53,22.45762711864407,79,30,37.9746835443038,315,83,26.349206349206348,BASEBALL_SAVANT_CURRENT_SEASON,2026-08-20T23:44:25.220153+00:00,CURRENT
703520,"Bateman, Brett",,2026,31,6,19.35483870967742,20,4,20.0,51,10,19.607843137254903,BASEBALL_SAVANT_CURRENT_SEASON,2026-08-20T23:44:25.220153+00:00,CURRENT
683146,"Baty, Brett",,2026,314,82,26.11464968152866,77,27,35.064935064935064,391,109,27.877237851662404,BASEBALL_SAVANT_CURRENT_SEASON,2026-08-20T23:44:25.220153+00:00,CURRENT
641343,"Bauers, Jake",,2026,340,91,26.764705882352942,117,25,21.367521367521366,457,116,25.38293216630197,BASEBALL_SAVANT_CURRENT_SEASON,2026-08-20T23:44:25.220153+00:00,CURRENT
683953,"Bazzana, Travis",,2026,270,55,20.37037037037037,127,33,25.984251968503937,397,88,22.16624685138539,BASEBALL_SAVANT_CURRENT_SEASON,2026-08-20T23:44:25.220153+00:00,CURRENT
687637,"Beavers, Dylan",,2026,202,56,27.722772277227723,35,7,20.0,237,63,26.582278481012658,BASEBALL_SAVANT_CURRENT_SEASON,2026-08-20T23:44:25.220153+00:00,CURRENT
687597,"Beck, Jordan",,2026,66,17,25.757575757575758,56,16,28.571428571428573,122,33,27.049180327868854,BASEBALL_SAVANT_CURRENT_SEASON,2026-08-20T23:44:25.220153+00:00,CURRENT
605137,"Bell, Josh",,2026,340,74,21.764705882352942,161,29,18.012422360248447,501,103,20.55888223552894,BASEBALL_SAVANT_CURRENT_SEASON,2026-08-20T23:44:25.220153+00:00,CURRENT
641355,"Bellinger, Cody",,2026,284,46,16.197183098591548,151,24,15.894039735099337,435,70,16.091954022988507,BASEBALL_SAVANT_CURRENT_SEASON,2026-08-20T23:44:25.220153+00:00,CURRENT
701807,"Benge, Carson",,2026,375,74,19.733333333333334,128,33,25.78125,503,107,21.272365805168985,BASEBALL_SAVANT_CURRENT_SEASON,2026-08-20T23:44:25.220153+00:00,CURRENT
643217,"Benintendi, Andrew",,2026,334,75,22.45508982035928,44,15,34.09090909090909,378,90,23.80952380952381,BASEBALL_SAVANT_CURRENT_SEASON,2026-08-20T23:44:25.220153+00:00,CURRENT
666181,"Benson, Will",,2026,113,38,33.6283185840708,1,0,0.0,114,38,33.333333333333336,BASEBALL_SAVANT_CURRENT_SEASON,2026-08-20T23:44:25.220153+00:00,CURRENT
682674,"Bericoto, Victor",,2026,37,8,21.62162162162162,41,14,34.146341463414636,78,22,28.205128205128204,BASEBALL_SAVANT_CURRENT_SEASON,2026-08-20T23:44:25.220153+00:00,CURRENT
672642,"Berroa, Steward",,2026,2,0,0.0,5,4,80.0,7,4,57.142857142857146,BASEBALL_SAVANT_CURRENT_SEASON,2026-08-20T23:44:25.220153+00:00,CURRENT
605141,"Betts, Mookie",,2026,259,34,13.127413127413128,123,10,8.130081300813009,382,44,11.518324607329843,BASEBALL_SAVANT_CURRENT_SEASON,2026-08-20T23:44:25.220153+00:00,CURRENT
666182,"Bichette, Bo",,2026,404,76,18.81188118811881,144,24,16.666666666666668,548,100,18.248175182481752,BASEBALL_SAVANT_CURRENT_SEASON,2026-08-20T23:44:25.220153+00:00,CURRENT
672012,"Black, Tyler",,2026,27,7,25.925925925925927,1,0,0.0,28,7,25.0,BASEBALL_SAVANT_CURRENT_SEASON,2026-08-20T23:44:25.220153+00:00,CURRENT
668709,"Bleday, JJ",,2026,310,65,20.967741935483872,100,24,24.0,410,89,21.70731707317073,BASEBALL_SAVANT_CURRENT_SEASON,2026-08-20T23:44:25.220153+00:00,CURRENT
669208,"Bliss, Ryan",,2026,7,2,28.571428571428573,3,1,33.333333333333336,10,3,30.0,BASEBALL_SAVANT_CURRENT_SEASON,2026-08-20T23:44:25.220153+00:00,CURRENT
593428,"Bogaerts, Xander",,2026,360,71,19.72222222222222,122,14,11.475409836065573,482,85,17.634854771784234,BASEBALL_SAVANT_CURRENT_SEASON,2026-08-20T23:44:25.220153+00:00,CURRENT
664761,"Bohm, Alec",,2026,358,50,13.966480446927374,146,19,13.013698630136986,504,69,13.69047619047619,BASEBALL_SAVANT_CURRENT_SEASON,2026-08-20T23:44:25.220153+00:00,CURRENT
703607,"Bolte, Henry",,2026,192,43,22.395833333333332,122,41,33.60655737704918,314,84,26.751592356687897,BASEBALL_SAVANT_CURRENT_SEASON,2026-08-20T23:44:25.220153+00:00,CURRENT
687749,"Bowen, Jase",,2026,38,15,39.473684210526315,43,15,34.883720930232556,81,30,37.03703703703704,BASEBALL_SAVANT_CURRENT_SEASON,2026-08-20T23:44:25.220153+00:00,CURRENT
687394,"Brannigan, Jack",,2026,0,0,,1,1,100.0,1,1,100.0,BASEBALL_SAVANT_CURRENT_SEASON,2026-08-20T23:44:25.220153+00:00,CURRENT
608324,"Bregman, Alex",,2026,429,69,16.083916083916083,143,20,13.986013986013987,572,89,15.55944055944056,BASEBALL_SAVANT_CURRENT_SEASON,2026-08-20T23:44:25.220153+00:00,CURRENT
686823,"Brennan, Will",,2026,21,3,14.285714285714286,2,0,0.0,23,3,13.043478260869565,BASEBALL_SAVANT_CURRENT_SEASON,2026-08-20T23:44:25.220153+00:00,CURRENT
681146,"Bride, Jonah",,2026,3,1,33.333333333333336,3,1,33.333333333333336,6,2,33.333333333333336,BASEBALL_SAVANT_CURRENT_SEASON,2026-08-20T23:44:25.220153+00:00,CURRENT
682877,"Brito, Juan",,2026,36,9,25.0,20,8,40.0,56,17,30.357142857142858,BASEBALL_SAVANT_CURRENT_SEASON,2026-08-20T23:44:25.220153+00:00,CURRENT
660644,"Bruján, Vidal",,2026,9,1,11.11111111111111,4,0,0.0,13,1,7.6923076923076925,BASEBALL_SAVANT_CURRENT_SEASON,2026-08-20T23:44:25.220153+00:00,CURRENT
669394,"Burger, Jake",,2026,364,96,26.373626373626372,116,32,27.586206896551722,480,128,26.666666666666668,BASEBALL_SAVANT_CURRENT_SEASON,2026-08-20T23:44:25.220153+00:00,CURRENT
676475,"Burleson, Alec",,2026,372,61,16.397849462365592,167,29,17.365269461077844,539,90,16.697588126159555,BASEBALL_SAVANT_CURRENT_SEASON,2026-08-20T23:44:25.220153+00:00,CURRENT
683737,"Busch, Michael",,2026,400,91,22.75,166,34,20.481927710843372,566,125,22.084805653710248,BASEBALL_SAVANT_CURRENT_SEASON,2026-08-20T23:44:25.220153+00:00,CURRENT
671732,"Butler, Lawrence",,2026,285,72,25.263157894736842,106,27,25.471698113207548,391,99,25.319693094629155,BASEBALL_SAVANT_CURRENT_SEASON,2026-08-20T23:44:25.220153+00:00,CURRENT
621439,"Buxton, Byron",,2026,280,68,24.285714285714285,108,26,24.074074074074073,388,94,24.22680412371134,BASEBALL_SAVANT_CURRENT_SEASON,2026-08-20T23:44:25.220153+00:00,CURRENT
595879,"Báez, Javier",,2026,107,21,19.626168224299064,37,5,13.513513513513514,144,26,18.055555555555557,BASEBALL_SAVANT_CURRENT_SEASON,2026-08-20T23:44:25.220153+00:00,CURRENT
695491,"Báez, Joshua",,2026,12,4,33.333333333333336,13,3,23.076923076923077,25,7,28.0,BASEBALL_SAVANT_CURRENT_SEASON,2026-08-20T23:44:25.220153+00:00,CURRENT
676609,"Caballero, José",,2026,239,48,20.0836820083682,123,39,31.70731707317073,362,87,24.03314917127072,BASEBALL_SAVANT_CURRENT_SEASON,2026-08-20T23:44:25.220153+00:00,CURRENT
665828,"Cabrera, Oswaldo",,2026,11,4,36.36363636363637,0,0,,11,4,36.36363636363637,BASEBALL_SAVANT_CURRENT_SEASON,2026-08-20T23:44:25.220153+00:00,CURRENT
695506,"Caglianone, Jac",,2026,320,78,24.375,141,40,28.368794326241133,461,118,25.59652928416486,BASEBALL_SAVANT_CURRENT_SEASON,2026-08-20T23:44:25.220153+00:00,CURRENT
683357,"Caissie, Owen",,2026,256,92,35.9375,36,19,52.77777777777778,292,111,38.013698630136986,BASEBALL_SAVANT_CURRENT_SEASON,2026-08-20T23:44:25.220153+00:00,CURRENT
669743,"Call, Alex",,2026,96,17,17.708333333333332,58,9,15.517241379310345,154,26,16.883116883116884,BASEBALL_SAVANT_CURRENT_SEASON,2026-08-20T23:44:25.220153+00:00,CURRENT
814430,"Callahan, Brett",,2026,11,2,18.181818181818183,0,0,,11,2,18.181818181818183,BASEBALL_SAVANT_CURRENT_SEASON,2026-08-20T23:44:25.220153+00:00,CURRENT
682997,"Callihan, Tyler",,2026,100,38,38.0,7,0,0.0,107,38,35.51401869158879,BASEBALL_SAVANT_CURRENT_SEASON,2026-08-20T23:44:25.220153+00:00,CURRENT
665856,"Camargo, Jair",,2026,0,0,,2,1,50.0,2,1,50.0,BASEBALL_SAVANT_CURRENT_SEASON,2026-08-20T23:44:25.220153+00:00,CURRENT
663662,"Cameron, Daz",,2026,1,0,0.0,5,1,20.0,6,1,16.666666666666668,BASEBALL_SAVANT_CURRENT_SEASON,2026-08-20T23:44:25.220153+00:00,CURRENT
691406,"Caminero, Junior",,2026,407,81,19.9017199017199,148,22,14.864864864864865,555,103,18.55855855855856,BASEBALL_SAVANT_CURRENT_SEASON,2026-08-20T23:44:25.220153+00:00,CURRENT
669134,"Campusano, Luis",,2026,125,26,20.8,32,7,21.875,157,33,21.019108280254777,BASEBALL_SAVANT_CURRENT_SEASON,2026-08-20T23:44:25.220153+00:00,CURRENT
600869,"Candelario, Jeimer",,2026,13,5,38.46153846153846,7,3,42.857142857142854,20,8,40.0,BASEBALL_SAVANT_CURRENT_SEASON,2026-08-20T23:44:25.220153+00:00,CURRENT
686527,"Canzone, Dominic",,2026,306,62,20.26143790849673,76,17,22.36842105263158,382,79,20.680628272251308,BASEBALL_SAVANT_CURRENT_SEASON,2026-08-20T23:44:25.220153+00:00,CURRENT
605170,"Caratini, Victor",,2026,228,36,15.789473684210526,108,31,28.703703703703702,336,67,19.94047619047619,BASEBALL_SAVANT_CURRENT_SEASON,2026-08-20T23:44:25.220153+00:00,CURRENT
666185,"Carlson, Dylan",,2026,1,0,0.0,3,2,66.66666666666667,4,2,50.0,BASEBALL_SAVANT_CURRENT_SEASON,2026-08-20T23:44:25.220153+00:00,CURRENT
681481,"Carpenter, Kerry",,2026,232,67,28.879310344827587,27,8,29.62962962962963,259,75,28.957528957528957,BASEBALL_SAVANT_CURRENT_SEASON,2026-08-20T23:44:25.220153+00:00,CURRENT
694249,"Carrigg, Cole",,2026,133,23,17.293233082706767,100,25,25.0,233,48,20.600858369098713,BASEBALL_SAVANT_CURRENT_SEASON,2026-08-20T23:44:25.220153+00:00,CURRENT
682998,"Carroll, Corbin",,2026,366,82,22.404371584699454,173,35,20.23121387283237,539,117,21.70686456400742,BASEBALL_SAVANT_CURRENT_SEASON,2026-08-20T23:44:25.220153+00:00,CURRENT
694497,"Carter, Evan",,2026,300,66,22.0,61,21,34.42622950819672,361,87,24.099722991689752,BASEBALL_SAVANT_CURRENT_SEASON,2026-08-20T23:44:25.220153+00:00,CURRENT
592206,"Castellanos, Nick",,2026,88,25,28.40909090909091,34,9,26.470588235294116,122,34,27.868852459016395,BASEBALL_SAVANT_CURRENT_SEASON,2026-08-20T23:44:25.220153+00:00,CURRENT
650489,"Castro, Willi",,2026,285,76,26.666666666666668,150,40,26.666666666666668,435,116,26.666666666666668,BASEBALL_SAVANT_CURRENT_SEASON,2026-08-20T23:44:25.220153+00:00,CURRENT
695508,"Cauley, Cam",,2026,28,4,14.285714285714286,37,11,29.72972972972973,65,15,23.076923076923077,BASEBALL_SAVANT_CURRENT_SEASON,2026-08-20T23:44:25.220153+00:00,CURRENT
701852,"Cavanaugh, Drew",,2026,82,15,18.29268292682927,13,6,46.15384615384615,95,21,22.105263157894736,BASEBALL_SAVANT_CURRENT_SEASON,2026-08-20T23:44:25.220153+00:00,CURRENT
665953,"Chaparro, Andrés",,2026,29,7,24.137931034482758,107,24,22.429906542056074,136,31,22.794117647058822,BASEBALL_SAVANT_CURRENT_SEASON,2026-08-20T23:44:25.220153+00:00,CURRENT
656305,"Chapman, Matt",,2026,257,61,23.735408560311285,95,20,21.05263157894737,352,81,23.011363636363637,BASEBALL_SAVANT_CURRENT_SEASON,2026-08-20T23:44:25.220153+00:00,CURRENT
691907,"Cheng, Tsung-Che",,2026,39,10,25.641025641025642,5,4,80.0,44,14,31.818181818181817,BASEBALL_SAVANT_CURRENT_SEASON,2026-08-20T23:44:25.220153+00:00,CURRENT
665862,"Chisholm Jr., Jazz",,2026,318,91,28.61635220125786,142,51,35.91549295774648,460,142,30.869565217391305,BASEBALL_SAVANT_CURRENT_SEASON,2026-08-20T23:44:25.220153+00:00,CURRENT
694192,"Chourio, Jackson",,2026,305,74,24.262295081967213,116,29,25.0,421,103,24.465558194774346,BASEBALL_SAVANT_CURRENT_SEASON,2026-08-20T23:44:25.220153+00:00,CURRENT
701675,"Church, Nathan",,2026,277,54,19.494584837545126,76,13,17.105263157894736,353,67,18.980169971671387,BASEBALL_SAVANT_CURRENT_SEASON,2026-08-20T23:44:25.220153+00:00,CURRENT
703601,"Clark, Max",,2026,53,12,22.641509433962263,22,5,22.727272727272727,75,17,22.666666666666668,BASEBALL_SAVANT_CURRENT_SEASON,2026-08-20T23:44:25.220153+00:00,CURRENT
672016,"Clarke, Denzel",,2026,35,16,45.714285714285715,25,8,32.0,60,24,40.0,BASEBALL_SAVANT_CURRENT_SEASON,2026-08-20T23:44:25.220153+00:00,CURRENT
682729,"Clase, Jonatan",,2026,17,6,35.294117647058826,8,2,25.0,25,8,32.0,BASEBALL_SAVANT_CURRENT_SEASON,2026-08-20T23:44:25.220153+00:00,CURRENT
665019,"Clemens, Kody",,2026,338,76,22.485207100591715,112,25,22.321428571428573,450,101,22.444444444444443,BASEBALL_SAVANT_CURRENT_SEASON,2026-08-20T23:44:25.220153+00:00,CURRENT
676391,"Clement, Ernie",,2026,342,30,8.771929824561404,157,17,10.828025477707007,499,47,9.418837675350701,BASEBALL_SAVANT_CURRENT_SEASON,2026-08-20T23:44:25.220153+00:00,CURRENT
805904,"Cole, Zach",,2026,47,17,36.170212765957444,6,4,66.66666666666667,53,21,39.62264150943396,BASEBALL_SAVANT_CURRENT_SEASON,2026-08-20T23:44:25.220153+00:00,CURRENT
686555,"Collins, Isaac",,2026,289,65,22.491349480968857,132,28,21.21212121212121,421,93,22.090261282660332,BASEBALL_SAVANT_CURRENT_SEASON,2026-08-20T23:44:25.220153+00:00,CURRENT
624424,"Conforto, Michael",,2026,219,66,30.136986301369863,8,1,12.5,227,67,29.515418502202643,BASEBALL_SAVANT_CURRENT_SEASON,2026-08-20T23:44:25.220153+00:00,CURRENT
665052,"Conine, Griffin",,2026,165,51,30.90909090909091,33,9,27.272727272727273,198,60,30.303030303030305,BASEBALL_SAVANT_CURRENT_SEASON,2026-08-20T23:44:25.220153+00:00,CURRENT
661388,"Contreras, William",,2026,375,49,13.066666666666666,134,22,16.417910447761194,509,71,13.948919449901767,BASEBALL_SAVANT_CURRENT_SEASON,2026-08-20T23:44:25.220153+00:00,CURRENT
575929,"Contreras, Willson",,2026,358,99,27.6536312849162,123,23,18.69918699186992,481,122,25.363825363825363,BASEBALL_SAVANT_CURRENT_SEASON,2026-08-20T23:44:25.220153+00:00,CURRENT
695257,"Cook, Billy",,2026,19,7,36.8421052631579,30,12,40.0,49,19,38.775510204081634,BASEBALL_SAVANT_CURRENT_SEASON,2026-08-20T23:44:25.220153+00:00,CURRENT
621043,"Correa, Carlos",,2026,93,20,21.50537634408602,48,6,12.5,141,26,18.43971631205674,BASEBALL_SAVANT_CURRENT_SEASON,2026-08-20T23:44:25.220153+00:00,CURRENT
666126,"Cortes, Carlos",,2026,271,39,14.391143911439114,18,4,22.22222222222222,289,43,14.878892733564014,BASEBALL_SAVANT_CURRENT_SEASON,2026-08-20T23:44:25.220153+00:00,CURRENT
681297,"Cowser, Colton",,2026,258,73,28.294573643410853,44,18,40.90909090909091,302,91,30.132450331125828,BASEBALL_SAVANT_CURRENT_SEASON,2026-08-20T23:44:25.220153+00:00,CURRENT
813841,"Cox, Jonah",,2026,12,6,50.0,30,15,50.0,42,21,50.0,BASEBALL_SAVANT_CURRENT_SEASON,2026-08-20T23:44:25.220153+00:00,CURRENT
641487,"Crawford, J.P.",,2026,257,56,21.78988326848249,107,18,16.822429906542055,364,74,20.32967032967033,BASEBALL_SAVANT_CURRENT_SEASON,2026-08-20T23:44:25.220153+00:00,CURRENT
702222,"Crawford, Justin",,2026,318,57,17.92452830188679,56,11,19.642857142857142,374,68,18.181818181818183,BASEBALL_SAVANT_CURRENT_SEASON,2026-08-20T23:44:25.220153+00:00,CURRENT
686611,"Crews, Dylan",,2026,202,50,24.752475247524753,105,23,21.904761904761905,307,73,23.778501628664497,BASEBALL_SAVANT_CURRENT_SEASON,2026-08-20T23:44:25.220153+00:00,CURRENT
630105,"Cronenworth, Jake",,2026,228,53,23.24561403508772,67,11,16.417910447761194,295,64,21.694915254237287,BASEBALL_SAVANT_CURRENT_SEASON,2026-08-20T23:44:25.220153+00:00,CURRENT
699625,"Crooks, Jimmy",,2026,115,36,31.304347826086957,17,7,41.1764705882353,132,43,32.57575757575758,BASEBALL_SAVANT_CURRENT_SEASON,2026-08-20T23:44:25.220153+00:00,CURRENT
691718,"Crow-Armstrong, Pete",,2026,386,103,26.683937823834196,184,51,27.717391304347824,570,154,27.017543859649123,BASEBALL_SAVANT_CURRENT_SEASON,2026-08-20T23:44:25.220153+00:00,CURRENT
665833,"Cruz, Oneil",,2026,206,66,32.03883495145631,84,35,41.666666666666664,290,101,34.827586206896555,BASEBALL_SAVANT_CURRENT_SEASON,2026-08-20T23:44:25.220153+00:00,CURRENT
669360,"Cruz, Trei",,2026,4,2,50.0,1,1,100.0,5,3,60.0,BASEBALL_SAVANT_CURRENT_SEASON,2026-08-20T23:44:25.220153+00:00,CURRENT
701785,"Culpepper, Kaelen",,2026,21,4,19.047619047619047,19,7,36.8421052631579,40,11,27.5,BASEBALL_SAVANT_CURRENT_SEASON,2026-08-20T23:44:25.220153+00:00,CURRENT
680779,"Davis, Henry",,2026,183,37,20.218579234972676,75,18,24.0,258,55,21.31782945736434,BASEBALL_SAVANT_CURRENT_SEASON,2026-08-20T23:44:25.220153+00:00,CURRENT
650559,"De La Cruz, Bryan",,2026,21,6,28.571428571428573,15,2,13.333333333333334,36,8,22.22222222222222,BASEBALL_SAVANT_CURRENT_SEASON,2026-08-20T23:44:25.220153+00:00,CURRENT
682829,"De La Cruz, Elly",,2026,352,96,27.272727272727273,131,36,27.480916030534353,483,132,27.32919254658385,BASEBALL_SAVANT_CURRENT_SEASON,2026-08-20T23:44:25.220153+00:00,CURRENT
691277,"De Los Santos, Deyvison",,2026,3,1,33.333333333333336,4,2,50.0,7,3,42.857142857142854,BASEBALL_SAVANT_CURRENT_SEASON,2026-08-20T23:44:25.220153+00:00,CURRENT
800050,"DeLauter, Chase",,2026,311,39,12.540192926045016,142,25,17.6056338028169,453,64,14.1280353200883,BASEBALL_SAVANT_CURRENT_SEASON,2026-08-20T23:44:25.220153+00:00,CURRENT
676356,"DeLuca, Jonny",,2026,146,29,19.863013698630137,107,22,20.560747663551403,253,51,20.158102766798418,BASEBALL_SAVANT_CURRENT_SEASON,2026-08-20T23:44:25.220153+00:00,CURRENT
681909,"Dean, Justin",,2026,9,3,33.333333333333336,1,1,100.0,10,4,40.0,BASEBALL_SAVANT_CURRENT_SEASON,2026-08-20T23:44:25.220153+00:00,CURRENT
680728,"Del Castillo, Adrian",,2026,164,43,26.21951219512195,28,11,39.285714285714285,192,54,28.125,BASEBALL_SAVANT_CURRENT_SEASON,2026-08-20T23:44:25.220153+00:00,CURRENT
669384,"Delgado, Raynel",,2026,28,4,14.285714285714286,8,1,12.5,36,5,13.88888888888889,BASEBALL_SAVANT_CURRENT_SEASON,2026-08-20T23:44:25.220153+00:00,CURRENT
646240,"Devers, Rafael",,2026,353,88,24.929178470254957,180,53,29.444444444444443,533,141,26.454033771106943,BASEBALL_SAVANT_CURRENT_SEASON,2026-08-20T23:44:25.220153+00:00,CURRENT
701305,"Dezenzo, Zach",,2026,53,22,41.509433962264154,30,10,33.333333333333336,83,32,38.55421686746988,BASEBALL_SAVANT_CURRENT_SEASON,2026-08-20T23:44:25.220153+00:00,CURRENT
673237,"Diaz, Yainer",,2026,179,23,12.849162011173185,69,15,21.73913043478261,248,38,15.32258064516129,BASEBALL_SAVANT_CURRENT_SEASON,2026-08-20T23:44:25.220153+00:00,CURRENT
693307,"Dingler, Dillon",,2026,345,70,20.28985507246377,155,41,26.451612903225808,500,111,22.2,BASEBALL_SAVANT_CURRENT_SEASON,2026-08-20T23:44:25.220153+00:00,CURRENT
691176,"Domínguez, Jasson",,2026,129,28,21.705426356589147,85,18,21.176470588235293,214,46,21.49532710280374,BASEBALL_SAVANT_CURRENT_SEASON,2026-08-20T23:44:25.220153+00:00,CURRENT
680977,"Donovan, Brendan",,2026,105,13,12.380952380952381,46,10,21.73913043478261,151,23,15.2317880794702,BASEBALL_SAVANT_CURRENT_SEASON,2026-08-20T23:44:25.220153+00:00,CURRENT
686668,"Doyle, Brenton",,2026,95,32,33.68421052631579,66,17,25.757575757575758,161,49,30.434782608695652,BASEBALL_SAVANT_CURRENT_SEASON,2026-08-20T23:44:25.220153+00:00,CURRENT
643289,"Dubón, Mauricio",,2026,309,43,13.915857605177994,176,19,10.795454545454545,485,62,12.783505154639176,BASEBALL_SAVANT_CURRENT_SEASON,2026-08-20T23:44:25.220153+00:00,CURRENT
694362,"Dunn, Blake",,2026,113,22,19.469026548672566,42,11,26.19047619047619,155,33,21.29032258064516,BASEBALL_SAVANT_CURRENT_SEASON,2026-08-20T23:44:25.220153+00:00,CURRENT
686554,"Dunn, Oliver",,2026,8,2,25.0,4,1,25.0,12,3,25.0,BASEBALL_SAVANT_CURRENT_SEASON,2026-08-20T23:44:25.220153+00:00,CURRENT
677649,"Duran, Ezequiel",,2026,340,83,24.41176470588235,112,27,24.107142857142858,452,110,24.336283185840706,BASEBALL_SAVANT_CURRENT_SEASON,2026-08-20T23:44:25.220153+00:00,CURRENT
680776,"Duran, Jarren",,2026,383,112,29.242819843342037,126,31,24.603174603174605,509,143,28.094302554027504,BASEBALL_SAVANT_CURRENT_SEASON,2026-08-20T23:44:25.220153+00:00,CURRENT
702332,"Durbin, Caleb",,2026,338,50,14.792899408284024,123,12,9.75609756097561,461,62,13.449023861171366,BASEBALL_SAVANT_CURRENT_SEASON,2026-08-20T23:44:25.220153+00:00,CURRENT
660710,"Durán, Rodolfo",,2026,72,19,26.38888888888889,19,5,26.31578947368421,91,24,26.373626373626372,BASEBALL_SAVANT_CURRENT_SEASON,2026-08-20T23:44:25.220153+00:00,CURRENT
553869,"Díaz, Elias",,2026,98,25,25.510204081632654,68,14,20.58823529411765,166,39,23.49397590361446,BASEBALL_SAVANT_CURRENT_SEASON,2026-08-20T23:44:25.220153+00:00,CURRENT
650490,"Díaz, Yandy",,2026,388,56,14.43298969072165,152,20,13.157894736842104,540,76,14.074074074074074,BASEBALL_SAVANT_CURRENT_SEASON,2026-08-20T23:44:25.220153+00:00,CURRENT
681987,"Eaton, Nate",,2026,16,4,25.0,23,8,34.78260869565217,39,12,30.76923076923077,BASEBALL_SAVANT_CURRENT_SEASON,2026-08-20T23:44:25.220153+00:00,CURRENT
669242,"Edman, Tommy",,2026,127,21,16.53543307086614,63,17,26.984126984126984,190,38,20.0,BASEBALL_SAVANT_CURRENT_SEASON,2026-08-20T23:44:25.220153+00:00,CURRENT
669364,"Edwards, Xavier",,2026,414,52,12.560386473429952,123,20,16.260162601626018,537,72,13.40782122905028,BASEBALL_SAVANT_CURRENT_SEASON,2026-08-20T23:44:25.220153+00:00,CURRENT
805811,"Eldridge, Bryce",,2026,239,63,26.359832635983263,100,28,28.0,339,91,26.843657817109143,BASEBALL_SAVANT_CURRENT_SEASON,2026-08-20T23:44:25.220153+00:00,CURRENT
806068,"Emerson, Colt",,2026,161,55,34.161490683229815,81,28,34.5679012345679,242,83,34.29752066115702,BASEBALL_SAVANT_CURRENT_SEASON,2026-08-20T23:44:25.220153+00:00,CURRENT
666464,"Encarnacion, Jerar",,2026,17,3,17.647058823529413,18,5,27.77777777777778,35,8,22.857142857142858,BASEBALL_SAVANT_CURRENT_SEASON,2026-08-20T23:44:25.220153+00:00,CURRENT
687952,"Encarnacion-Strand, Christian",,2026,57,12,21.05263157894737,36,11,30.555555555555557,93,23,24.731182795698924,BASEBALL_SAVANT_CURRENT_SEASON,2026-08-20T23:44:25.220153+00:00,CURRENT
641555,"Escarra, J.C.",,2026,72,16,22.22222222222222,21,2,9.523809523809524,93,18,19.35483870967742,BASEBALL_SAVANT_CURRENT_SEASON,2026-08-20T23:44:25.220153+00:00,CURRENT
669289,"Espinal, Santiago",,2026,24,4,16.666666666666668,36,4,11.11111111111111,60,8,13.333333333333334,BASEBALL_SAVANT_CURRENT_SEASON,2026-08-20T23:44:25.220153+00:00,CURRENT
805999,"Ewing, A.J.",,2026,262,67,25.572519083969464,96,28,29.166666666666668,358,95,26.536312849162012,BASEBALL_SAVANT_CURRENT_SEASON,2026-08-20T23:44:25.220153+00:00,CURRENT
656413,"Fairchild, Stuart",,2026,5,3,60.0,22,11,50.0,27,14,51.851851851851855,BASEBALL_SAVANT_CURRENT_SEASON,2026-08-20T23:44:25.220153+00:00,CURRENT
571657,"Farmer, Kyle",,2026,5,1,20.0,11,3,27.272727272727273,16,4,25.0,BASEBALL_SAVANT_CURRENT_SEASON,2026-08-20T23:44:25.220153+00:00,CURRENT
693459,"Fedko, Kyler",,2026,8,2,25.0,11,6,54.54545454545455,19,8,42.10526315789474,BASEBALL_SAVANT_CURRENT_SEASON,2026-08-20T23:44:25.220153+00:00,CURRENT
676439,"Feduccia, Hunter",,2026,159,42,26.41509433962264,33,5,15.151515151515152,192,47,24.479166666666668,BASEBALL_SAVANT_CURRENT_SEASON,2026-08-20T23:44:25.220153+00:00,CURRENT
666023,"Fermin, Freddy",,2026,156,32,20.512820512820515,61,12,19.672131147540984,217,44,20.276497695852534,BASEBALL_SAVANT_CURRENT_SEASON,2026-08-20T23:44:25.220153+00:00,CURRENT
665877,"Fermín, José",,2026,143,19,13.286713286713287,127,14,11.023622047244094,270,33,12.222222222222221,BASEBALL_SAVANT_CURRENT_SEASON,2026-08-20T23:44:25.220153+00:00,CURRENT
699912,"Fernandez, Jose",,2026,134,30,22.388059701492537,56,13,23.214285714285715,190,43,22.63157894736842,BASEBALL_SAVANT_CURRENT_SEASON,2026-08-20T23:44:25.220153+00:00,CURRENT
804668,"Flores Jr., Rafael",,2026,25,6,24.0,31,9,29.032258064516128,56,15,26.785714285714285,BASEBALL_SAVANT_CURRENT_SEASON,2026-08-20T23:44:25.220153+00:00,CURRENT
695670,"Ford, Harry",,2026,25,7,28.0,35,11,31.428571428571427,60,18,30.0,BASEBALL_SAVANT_CURRENT_SEASON,2026-08-20T23:44:25.220153+00:00,CURRENT
663743,"Fortes, Nick",,2026,142,18,12.67605633802817,133,15,11.278195488721805,275,33,12.0,BASEBALL_SAVANT_CURRENT_SEASON,2026-08-20T23:44:25.220153+00:00,CURRENT
679822,"Foscue, Justin",,2026,67,19,28.35820895522388,102,24,23.529411764705884,169,43,25.443786982248522,BASEBALL_SAVANT_CURRENT_SEASON,2026-08-20T23:44:25.220153+00:00,CURRENT
641584,"Fraley, Jake",,2026,80,21,26.25,10,4,40.0,90,25,27.77777777777778,BASEBALL_SAVANT_CURRENT_SEASON,2026-08-20T23:44:25.220153+00:00,CURRENT
664034,"France, Ty",,2026,259,54,20.84942084942085,109,28,25.68807339449541,368,82,22.282608695652176,BASEBALL_SAVANT_CURRENT_SEASON,2026-08-20T23:44:25.220153+00:00,CURRENT
681047,"Franklin, Christian",,2026,15,3,20.0,14,4,28.571428571428573,29,7,24.137931034482758,BASEBALL_SAVANT_CURRENT_SEASON,2026-08-20T23:44:25.220153+00:00,CURRENT
624428,"Frazier, Adam",,2026,91,28,30.76923076923077,19,3,15.789473684210526,110,31,28.181818181818183,BASEBALL_SAVANT_CURRENT_SEASON,2026-08-20T23:44:25.220153+00:00,CURRENT
690976,"Freeland, Alex",,2026,192,53,27.604166666666668,32,15,46.875,224,68,30.357142857142858,BASEBALL_SAVANT_CURRENT_SEASON,2026-08-20T23:44:25.220153+00:00,CURRENT
683227,"Freeman, Cody",,2026,13,3,23.076923076923077,17,4,23.529411764705884,30,7,23.333333333333332,BASEBALL_SAVANT_CURRENT_SEASON,2026-08-20T23:44:25.220153+00:00,CURRENT
518692,"Freeman, Freddie",,2026,358,53,14.804469273743017,174,34,19.54022988505747,532,87,16.353383458646615,BASEBALL_SAVANT_CURRENT_SEASON,2026-08-20T23:44:25.220153+00:00,CURRENT
671289,"Freeman, Tyler",,2026,188,19,10.106382978723405,102,15,14.705882352941176,290,34,11.724137931034482,BASEBALL_SAVANT_CURRENT_SEASON,2026-08-20T23:44:25.220153+00:00,CURRENT
686217,"Frelick, Sal",,2026,238,23,9.663865546218487,75,8,10.666666666666666,313,31,9.904153354632587,BASEBALL_SAVANT_CURRENT_SEASON,2026-08-20T23:44:25.220153+00:00,CURRENT
670770,"Friedl, TJ",,2026,212,49,23.11320754716981,34,8,23.529411764705884,246,57,23.170731707317074,BASEBALL_SAVANT_CURRENT_SEASON,2026-08-20T23:44:25.220153+00:00,CURRENT
681807,"Fry, David",,2026,58,13,22.413793103448278,110,38,34.54545454545455,168,51,30.357142857142858,BASEBALL_SAVANT_CURRENT_SEASON,2026-08-20T23:44:25.220153+00:00,CURRENT
690924,"Fulford, Braxton",,2026,20,6,30.0,54,25,46.2962962962963,74,31,41.891891891891895,BASEBALL_SAVANT_CURRENT_SEASON,2026-08-20T23:44:25.220153+00:00,CURRENT
801501,"Furman, Nate",,2026,8,1,12.5,0,0,,8,1,12.5,BASEBALL_SAVANT_CURRENT_SEASON,2026-08-20T23:44:25.220153+00:00,CURRENT
605244,"Garcia, Aramis",,2026,16,6,37.5,3,0,0.0,19,6,31.57894736842105,BASEBALL_SAVANT_CURRENT_SEASON,2026-08-20T23:44:25.220153+00:00,CURRENT
691373,"Garcia, Jhostynxon",,2026,34,12,35.294117647058826,17,5,29.41176470588235,51,17,33.333333333333336,BASEBALL_SAVANT_CURRENT_SEASON,2026-08-20T23:44:25.220153+00:00,CURRENT
672580,"Garcia, Maikel",,2026,241,38,15.767634854771785,67,9,13.432835820895523,308,47,15.25974025974026,BASEBALL_SAVANT_CURRENT_SEASON,2026-08-20T23:44:25.220153+00:00,CURRENT
671277,"García Jr., Luis",,2026,364,59,16.208791208791208,65,12,18.46153846153846,429,71,16.55011655011655,BASEBALL_SAVANT_CURRENT_SEASON,2026-08-20T23:44:25.220153+00:00,CURRENT
666969,"García, Adolis",,2026,191,68,35.602094240837694,68,16,23.529411764705884,259,84,32.432432432432435,BASEBALL_SAVANT_CURRENT_SEASON,2026-08-20T23:44:25.220153+00:00,CURRENT
641598,"Garver, Mitch",,2026,85,32,37.64705882352941,64,17,26.5625,149,49,32.88590604026846,BASEBALL_SAVANT_CURRENT_SEASON,2026-08-20T23:44:25.220153+00:00,CURRENT
681508,"Gasper, Mickey",,2026,112,15,13.392857142857142,20,7,35.0,132,22,16.666666666666668,BASEBALL_SAVANT_CURRENT_SEASON,2026-08-20T23:44:25.220153+00:00,CURRENT
680869,"Gelof, Zack",,2026,210,52,24.761904761904763,77,18,23.376623376623378,287,70,24.390243902439025,BASEBALL_SAVANT_CURRENT_SEASON,2026-08-20T23:44:25.220153+00:00,CURRENT
694197,"Genao, Angel",,2026,30,2,6.666666666666667,16,1,6.25,46,3,6.521739130434782,BASEBALL_SAVANT_CURRENT_SEASON,2026-08-20T23:44:25.220153+00:00,CURRENT
687551,"Gilbert, Drew",,2026,262,38,14.50381679389313,41,13,31.70731707317073,303,51,16.831683168316832,BASEBALL_SAVANT_CURRENT_SEASON,2026-08-20T23:44:25.220153+00:00,CURRENT
665926,"Giménez, Andrés",,2026,303,62,20.462046204620464,117,19,16.23931623931624,420,81,19.285714285714285,BASEBALL_SAVANT_CURRENT_SEASON,2026-08-20T23:44:25.220153+00:00,CURRENT
502671,"Goldschmidt, Paul",,2026,179,49,27.374301675977655,151,30,19.867549668874172,330,79,23.939393939393938,BASEBALL_SAVANT_CURRENT_SEASON,2026-08-20T23:44:25.220153+00:00,CURRENT
693304,"Gonzales, Nick",,2026,341,56,16.422287390029325,153,26,16.99346405228758,494,82,16.59919028340081,BASEBALL_SAVANT_CURRENT_SEASON,2026-08-20T23:44:25.220153+00:00,CURRENT
694224,"Gonzalez, Gabriel",,2026,1,0,0.0,3,0,0.0,4,0,0.0,BASEBALL_SAVANT_CURRENT_SEASON,2026-08-20T23:44:25.220153+00:00,CURRENT
694378,"Gonzalez, Jacob",,2026,147,27,18.367346938775512,28,4,14.285714285714286,175,31,17.714285714285715,BASEBALL_SAVANT_CURRENT_SEASON,2026-08-20T23:44:25.220153+00:00,CURRENT
663853,"Gonzalez, Romy",,2026,33,9,27.272727272727273,40,12,30.0,73,21,28.767123287671232,BASEBALL_SAVANT_CURRENT_SEASON,2026-08-20T23:44:25.220153+00:00,CURRENT
696100,"Goodman, Hunter",,2026,314,99,31.528662420382165,146,53,36.3013698630137,460,152,33.04347826086956,BASEBALL_SAVANT_CURRENT_SEASON,2026-08-20T23:44:25.220153+00:00,CURRENT
669357,"Gorman, Nolan",,2026,191,64,33.50785340314136,39,10,25.641025641025642,230,74,32.17391304347826,BASEBALL_SAVANT_CURRENT_SEASON,2026-08-20T23:44:25.220153+00:00,CURRENT
656484,"Gray, Tristan",,2026,168,49,29.166666666666668,21,11,52.38095238095238,189,60,31.746031746031747,BASEBALL_SAVANT_CURRENT_SEASON,2026-08-20T23:44:25.220153+00:00,CURRENT
682985,"Greene, Riley",,2026,339,89,26.253687315634217,154,44,28.571428571428573,493,133,26.97768762677485,BASEBALL_SAVANT_CURRENT_SEASON,2026-08-20T23:44:25.220153+00:00,CURRENT
545341,"Grichuk, Randal",,2026,68,14,20.58823529411765,133,32,24.06015037593985,201,46,22.885572139303484,BASEBALL_SAVANT_CURRENT_SEASON,2026-08-20T23:44:25.220153+00:00,CURRENT
804606,"Griffin, Konnor",,2026,186,48,25.806451612903224,62,17,27.419354838709676,248,65,26.20967741935484,BASEBALL_SAVANT_CURRENT_SEASON,2026-08-20T23:44:25.220153+00:00,CURRENT
663757,"Grisham, Trent",,2026,307,53,17.263843648208468,118,21,17.796610169491526,425,74,17.41176470588235,BASEBALL_SAVANT_CURRENT_SEASON,2026-08-20T23:44:25.220153+00:00,CURRENT
687093,"Grissom, Vaughn",,2026,203,42,20.689655172413794,120,18,15.0,323,60,18.575851393188856,BASEBALL_SAVANT_CURRENT_SEASON,2026-08-20T23:44:25.220153+00:00,CURRENT
694410,"Groover, LuJames",,2026,33,6,18.181818181818183,21,5,23.80952380952381,54,11,20.37037037037037,BASEBALL_SAVANT_CURRENT_SEASON,2026-08-20T23:44:25.220153+00:00,CURRENT
665489,"Guerrero Jr., Vladimir",,2026,365,48,13.150684931506849,122,17,13.934426229508198,487,65,13.347022587268993,BASEBALL_SAVANT_CURRENT_SEASON,2026-08-20T23:44:25.220153+00:00,CURRENT
666971,"Gurriel Jr., Lourdes",,2026,143,28,19.58041958041958,46,6,13.043478260869565,189,34,17.98941798941799,BASEBALL_SAVANT_CURRENT_SEASON,2026-08-20T23:44:25.220153+00:00,CURRENT
694203,"Guzman, Denzer",,2026,142,32,22.535211267605632,52,17,32.69230769230769,194,49,25.257731958762886,BASEBALL_SAVANT_CURRENT_SEASON,2026-08-20T23:44:25.220153+00:00,CURRENT
606992,"Haase, Eric",,2026,56,19,33.92857142857143,29,9,31.03448275862069,85,28,32.94117647058823,BASEBALL_SAVANT_CURRENT_SEASON,2026-08-20T23:44:25.220153+00:00,CURRENT
664059,"Haggerty, Sam",,2026,11,3,27.272727272727273,36,13,36.111111111111114,47,16,34.04255319148936,BASEBALL_SAVANT_CURRENT_SEASON,2026-08-20T23:44:25.220153+00:00,CURRENT
690984,"Halpin, Petey",,2026,106,20,18.867924528301888,29,8,27.586206896551722,135,28,20.74074074074074,BASEBALL_SAVANT_CURRENT_SEASON,2026-08-20T23:44:25.220153+00:00,CURRENT
666152,"Hamilton, David",,2026,252,53,21.03174603174603,56,16,28.571428571428573,308,69,22.4025974025974,BASEBALL_SAVANT_CURRENT_SEASON,2026-08-20T23:44:25.220153+00:00,CURRENT
668974,"Handley, Maverick",,2026,1,1,100.0,0,0,,1,1,100.0,BASEBALL_SAVANT_CURRENT_SEASON,2026-08-20T23:44:25.220153+00:00,CURRENT
664023,"Happ, Ian",,2026,391,114,29.156010230179028,135,46,34.074074074074076,526,160,30.418250950570343,BASEBALL_SAVANT_CURRENT_SEASON,2026-08-20T23:44:25.220153+00:00,CURRENT
547180,"Harper, Bryce",,2026,340,61,17.941176470588236,206,51,24.75728155339806,546,112,20.512820512820515,BASEBALL_SAVANT_CURRENT_SEASON,2026-08-20T23:44:25.220153+00:00,CURRENT
671739,"Harris II, Michael",,2026,307,64,20.846905537459282,180,31,17.22222222222222,487,95,19.50718685831622,BASEBALL_SAVANT_CURRENT_SEASON,2026-08-20T23:44:25.220153+00:00,CURRENT
695391,"Harris, Brett",,2026,5,2,40.0,5,0,0.0,10,2,20.0,BASEBALL_SAVANT_CURRENT_SEASON,2026-08-20T23:44:25.220153+00:00,CURRENT
687957,"Harris, Dustin",,2026,41,6,14.634146341463415,12,1,8.333333333333334,53,7,13.20754716981132,BASEBALL_SAVANT_CURRENT_SEASON,2026-08-20T23:44:25.220153+00:00,CURRENT
663647,"Hayes, Ke'Bryan",,2026,147,30,20.408163265306122,46,8,17.391304347826086,193,38,19.689119170984455,BASEBALL_SAVANT_CURRENT_SEASON,2026-08-20T23:44:25.220153+00:00,CURRENT
669720,"Hays, Austin",,2026,39,11,28.205128205128204,21,5,23.80952380952381,60,16,26.666666666666668,BASEBALL_SAVANT_CURRENT_SEASON,2026-08-20T23:44:25.220153+00:00,CURRENT
595978,"Hedges, Austin",,2026,99,23,23.232323232323232,93,9,9.67741935483871,192,32,16.666666666666668,BASEBALL_SAVANT_CURRENT_SEASON,2026-08-20T23:44:25.220153+00:00,CURRENT
641680,"Heim, Jonah",,2026,160,30,18.75,134,24,17.91044776119403,294,54,18.367346938775512,BASEBALL_SAVANT_CURRENT_SEASON,2026-08-20T23:44:25.220153+00:00,CURRENT
623168,"Heineman, Tyler",,2026,110,17,15.454545454545455,40,7,17.5,150,24,16.0,BASEBALL_SAVANT_CURRENT_SEASON,2026-08-20T23:44:25.220153+00:00,CURRENT
680737,"Helman, Michael",,2026,19,2,10.526315789473685,16,4,25.0,35,6,17.142857142857142,BASEBALL_SAVANT_CURRENT_SEASON,2026-08-20T23:44:25.220153+00:00,CURRENT
683002,"Henderson, Gunnar",,2026,395,89,22.531645569620252,179,37,20.670391061452513,574,126,21.951219512195124,BASEBALL_SAVANT_CURRENT_SEASON,2026-08-20T23:44:25.220153+00:00,CURRENT
687231,"Hernaiz, Darell",,2026,87,15,17.24137931034483,53,9,16.9811320754717,140,24,17.142857142857142,BASEBALL_SAVANT_CURRENT_SEASON,2026-08-20T23:44:25.220153+00:00,CURRENT
571771,"Hernández, Enrique",,2026,9,3,33.333333333333336,24,6,25.0,33,9,27.272727272727273,BASEBALL_SAVANT_CURRENT_SEASON,2026-08-20T23:44:25.220153+00:00,CURRENT
681715,"Hernández, Heriberto",,2026,233,71,30.472103004291846,118,28,23.728813559322035,351,99,28.205128205128204,BASEBALL_SAVANT_CURRENT_SEASON,2026-08-20T23:44:25.220153+00:00,CURRENT
606192,"Hernández, Teoscar",,2026,255,74,29.019607843137255,103,23,22.33009708737864,358,97,27.094972067039105,BASEBALL_SAVANT_CURRENT_SEASON,2026-08-20T23:44:25.220153+00:00,CURRENT
671056,"Herrera, Iván",,2026,391,74,18.925831202046037,177,26,14.689265536723164,568,100,17.6056338028169,BASEBALL_SAVANT_CURRENT_SEASON,2026-08-20T23:44:25.220153+00:00,CURRENT
676551,"Hicklen, Brewer",,2026,20,7,35.0,3,1,33.333333333333336,23,8,34.78260869565217,BASEBALL_SAVANT_CURRENT_SEASON,2026-08-20T23:44:25.220153+00:00,CURRENT
689414,"Hicks, Liam",,2026,363,28,7.7134986225895315,98,15,15.306122448979592,461,43,9.327548806941431,BASEBALL_SAVANT_CURRENT_SEASON,2026-08-20T23:44:25.220153+00:00,CURRENT
543309,"Higashioka, Kyle",,2026,132,35,26.515151515151516,54,12,22.22222222222222,186,47,25.268817204301076,BASEBALL_SAVANT_CURRENT_SEASON,2026-08-20T23:44:25.220153+00:00,CURRENT
664731,"Higgins, P.J.",,2026,28,7,25.0,4,1,25.0,32,8,25.0,BASEBALL_SAVANT_CURRENT_SEASON,2026-08-20T23:44:25.220153+00:00,CURRENT
656537,"Hill, Derek",,2026,74,25,33.78378378378378,107,38,35.51401869158879,181,63,34.806629834254146,BASEBALL_SAVANT_CURRENT_SEASON,2026-08-20T23:44:25.220153+00:00,CURRENT
806367,"Hill, Turner",,2026,9,2,22.22222222222222,0,0,,9,2,22.22222222222222,BASEBALL_SAVANT_CURRENT_SEASON,2026-08-20T23:44:25.220153+00:00,CURRENT
677956,"Hinds, Rece",,2026,26,10,38.46153846153846,12,9,75.0,38,19,50.0,BASEBALL_SAVANT_CURRENT_SEASON,2026-08-20T23:44:25.220153+00:00,CURRENT
663538,"Hoerner, Nico",,2026,409,33,8.06845965770171,141,14,9.929078014184396,550,47,8.545454545454545,BASEBALL_SAVANT_CURRENT_SEASON,2026-08-20T23:44:25.220153+00:00,CURRENT
702616,"Holliday, Jackson",,2026,194,42,21.649484536082475,66,19,28.78787878787879,260,61,23.46153846153846,BASEBALL_SAVANT_CURRENT_SEASON,2026-08-20T23:44:25.220153+00:00,CURRENT
687462,"Horwitz, Spencer",,2026,288,39,13.541666666666666,61,10,16.39344262295082,349,49,14.040114613180515,BASEBALL_SAVANT_CURRENT_SEASON,2026-08-20T23:44:25.220153+00:00,CURRENT
656555,"Hoskins, Rhys",,2026,192,58,30.208333333333332,127,42,33.07086614173228,319,100,31.34796238244514,BASEBALL_SAVANT_CURRENT_SEASON,2026-08-20T23:44:25.220153+00:00,CURRENT
691781,"House, Brady",,2026,166,52,31.325301204819276,83,20,24.096385542168676,249,72,28.91566265060241,BASEBALL_SAVANT_CURRENT_SEASON,2026-08-20T23:44:25.220153+00:00,CURRENT
669087,"Huff, Sam",,2026,22,12,54.54545454545455,12,7,58.333333333333336,34,19,55.88235294117647,BASEBALL_SAVANT_CURRENT_SEASON,2026-08-20T23:44:25.220153+00:00,CURRENT
675448,"Hunt, Blake",,2026,1,1,100.0,2,2,100.0,3,3,100.0,BASEBALL_SAVANT_CURRENT_SEASON,2026-08-20T23:44:25.220153+00:00,CURRENT
628451,"Ibáñez, Andy",,2026,2,0,0.0,24,3,12.5,26,3,11.538461538461538,BASEBALL_SAVANT_CURRENT_SEASON,2026-08-20T23:44:25.220153+00:00,CURRENT
663697,"India, Jonathan",,2026,35,8,22.857142857142858,23,5,21.73913043478261,58,13,22.413793103448278,BASEBALL_SAVANT_CURRENT_SEASON,2026-08-20T23:44:25.220153+00:00,CURRENT
694876,"Ingle, Cooper",,2026,20,10,50.0,4,2,50.0,24,12,50.0,BASEBALL_SAVANT_CURRENT_SEASON,2026-08-20T23:44:25.220153+00:00,CURRENT
664728,"Isbel, Kyle",,2026,175,40,22.857142857142858,54,11,20.37037037037037,229,51,22.270742358078603,BASEBALL_SAVANT_CURRENT_SEASON,2026-08-20T23:44:25.220153+00:00,CURRENT
656577,"Jackson, Alex",,2026,45,11,24.444444444444443,24,12,50.0,69,23,33.333333333333336,BASEBALL_SAVANT_CURRENT_SEASON,2026-08-20T23:44:25.220153+00:00,CURRENT
669236,"Jackson, Jeremiah",,2026,169,30,17.75147928994083,80,21,26.25,249,51,20.481927710843372,BASEBALL_SAVANT_CURRENT_SEASON,2026-08-20T23:44:25.220153+00:00,CURRENT
643376,"Jansen, Danny",,2026,110,30,27.272727272727273,36,12,33.333333333333336,146,42,28.767123287671232,BASEBALL_SAVANT_CURRENT_SEASON,2026-08-20T23:44:25.220153+00:00,CURRENT
805347,"Jarvis, Jim",,2026,98,18,18.367346938775512,23,4,17.391304347826086,121,22,18.181818181818183,BASEBALL_SAVANT_CURRENT_SEASON,2026-08-20T23:44:25.220153+00:00,CURRENT
680777,"Jeffers, Ryan",,2026,162,30,18.51851851851852,98,13,13.26530612244898,260,43,16.53846153846154,BASEBALL_SAVANT_CURRENT_SEASON,2026-08-20T23:44:25.220153+00:00,CURRENT
695600,"Jensen, Carter",,2026,339,97,28.613569321533923,134,40,29.850746268656717,473,137,28.964059196617335,BASEBALL_SAVANT_CURRENT_SEASON,2026-08-20T23:44:25.220153+00:00,CURRENT
650391,"Jiménez, Eloy",,2026,22,5,22.727272727272727,13,2,15.384615384615385,35,7,20.0,BASEBALL_SAVANT_CURRENT_SEASON,2026-08-20T23:44:25.220153+00:00,CURRENT
677870,"Jiménez, Leo",,2026,92,18,19.565217391304348,82,16,19.51219512195122,174,34,19.54022988505747,BASEBALL_SAVANT_CURRENT_SEASON,2026-08-20T23:44:25.220153+00:00,CURRENT
656582,"Joe, Connor",,2026,19,6,31.57894736842105,26,9,34.61538461538461,45,15,33.333333333333336,BASEBALL_SAVANT_CURRENT_SEASON,2026-08-20T23:44:25.220153+00:00,CURRENT
669369,"Johnson, Bryce",,2026,36,13,36.111111111111114,13,5,38.46153846153846,49,18,36.734693877551024,BASEBALL_SAVANT_CURRENT_SEASON,2026-08-20T23:44:25.220153+00:00,CURRENT
669288,"Johnson, Daniel",,2026,13,3,23.076923076923077,4,0,0.0,17,3,17.647058823529413,BASEBALL_SAVANT_CURRENT_SEASON,2026-08-20T23:44:25.220153+00:00,CURRENT
671155,"Johnson, Ivan",,2026,6,3,50.0,8,3,37.5,14,6,42.857142857142854,BASEBALL_SAVANT_CURRENT_SEASON,2026-08-20T23:44:25.220153+00:00,CURRENT
687859,"Johnston, Troy",,2026,288,52,18.055555555555557,87,12,13.793103448275861,375,64,17.066666666666666,BASEBALL_SAVANT_CURRENT_SEASON,2026-08-20T23:44:25.220153+00:00,CURRENT
675659,"Jones, Greg",,2026,17,7,41.1764705882353,7,3,42.857142857142854,24,10,41.666666666666664,BASEBALL_SAVANT_CURRENT_SEASON,2026-08-20T23:44:25.220153+00:00,CURRENT
663330,"Jones, Jahmai",,2026,22,9,40.90909090909091,109,33,30.275229357798164,131,42,32.06106870229008,BASEBALL_SAVANT_CURRENT_SEASON,2026-08-20T23:44:25.220153+00:00,CURRENT
682987,"Jones, Spencer",,2026,134,53,39.55223880597015,30,8,26.666666666666668,164,61,37.19512195121951,BASEBALL_SAVANT_CURRENT_SEASON,2026-08-20T23:44:25.220153+00:00,CURRENT
691458,"Jordan, Blaze",,2026,112,20,17.857142857142858,65,7,10.76923076923077,177,27,15.254237288135593,BASEBALL_SAVANT_CURRENT_SEASON,2026-08-20T23:44:25.220153+00:00,CURRENT
592450,"Judge, Aaron",,2026,185,52,28.10810810810811,76,20,26.31578947368421,261,72,27.586206896551722,BASEBALL_SAVANT_CURRENT_SEASON,2026-08-20T23:44:25.220153+00:00,CURRENT
666397,"Julien, Edouard",,2026,250,62,24.8,26,9,34.61538461538461,276,71,25.72463768115942,BASEBALL_SAVANT_CURRENT_SEASON,2026-08-20T23:44:25.220153+00:00,CURRENT
667452,"Julks, Corey",,2026,0,0,,4,1,25.0,4,1,25.0,BASEBALL_SAVANT_CURRENT_SEASON,2026-08-20T23:44:25.220153+00:00,CURRENT
690291,"Jung, Jace",,2026,8,1,12.5,0,0,,8,1,12.5,BASEBALL_SAVANT_CURRENT_SEASON,2026-08-20T23:44:25.220153+00:00,CURRENT
673962,"Jung, Josh",,2026,303,59,19.471947194719473,93,12,12.903225806451612,396,71,17.92929292929293,BASEBALL_SAVANT_CURRENT_SEASON,2026-08-20T23:44:25.220153+00:00,CURRENT
691720,"Karros, Kyle",,2026,260,53,20.384615384615383,140,28,20.0,400,81,20.25,BASEBALL_SAVANT_CURRENT_SEASON,2026-08-20T23:44:25.220153+00:00,CURRENT
692216,"Kayfus, CJ",,2026,22,6,27.272727272727273,3,2,66.66666666666667,25,8,32.0,BASEBALL_SAVANT_CURRENT_SEASON,2026-08-20T23:44:25.220153+00:00,CURRENT
807712,"Keaschall, Luke",,2026,321,46,14.330218068535826,151,26,17.218543046357617,472,72,15.254237288135593,BASEBALL_SAVANT_CURRENT_SEASON,2026-08-20T23:44:25.220153+00:00,CURRENT
690993,"Keith, Colt",,2026,338,63,18.63905325443787,25,4,16.0,363,67,18.457300275482094,BASEBALL_SAVANT_CURRENT_SEASON,2026-08-20T23:44:25.220153+00:00,CURRENT
672284,"Kelenic, Jarred",,2026,70,26,37.142857142857146,10,3,30.0,80,29,36.25,BASEBALL_SAVANT_CURRENT_SEASON,2026-08-20T23:44:25.220153+00:00,CURRENT
608348,"Kelly, Carson",,2026,218,36,16.513761467889907,115,21,18.26086956521739,333,57,17.117117117117118,BASEBALL_SAVANT_CURRENT_SEASON,2026-08-20T23:44:25.220153+00:00,CURRENT
805249,"Kemp, Otto",,2026,5,2,40.0,22,8,36.36363636363637,27,10,37.03703703703704,BASEBALL_SAVANT_CURRENT_SEASON,2026-08-20T23:44:25.220153+00:00,CURRENT
671083,"Kennedy, Buddy",,2026,17,4,23.529411764705884,24,9,37.5,41,13,31.70731707317073,BASEBALL_SAVANT_CURRENT_SEASON,2026-08-20T23:44:25.220153+00:00,CURRENT
596146,"Kepler, Max",,2026,112,25,22.321428571428573,12,3,25.0,124,28,22.580645161290324,BASEBALL_SAVANT_CURRENT_SEASON,2026-08-20T23:44:25.220153+00:00,CURRENT
815873,"Keys, Sean",,2026,34,12,35.294117647058826,3,1,33.333333333333336,37,13,35.13513513513514,BASEBALL_SAVANT_CURRENT_SEASON,2026-08-20T23:44:25.220153+00:00,CURRENT
673490,"Kim, Ha-Seong",,2026,40,10,25.0,45,13,28.88888888888889,85,23,27.058823529411764,BASEBALL_SAVANT_CURRENT_SEASON,2026-08-20T23:44:25.220153+00:00,CURRENT
808975,"Kim, Hyeseong",,2026,116,26,22.413793103448278,15,5,33.333333333333336,131,31,23.66412213740458,BASEBALL_SAVANT_CURRENT_SEASON,2026-08-20T23:44:25.220153+00:00,CURRENT
643396,"Kiner-Falefa, Isiah",,2026,91,10,10.989010989010989,42,8,19.047619047619047,133,18,13.533834586466165,BASEBALL_SAVANT_CURRENT_SEASON,2026-08-20T23:44:25.220153+00:00,CURRENT
664068,"Kingery, Scott",,2026,2,0,0.0,2,0,0.0,4,0,0.0,BASEBALL_SAVANT_CURRENT_SEASON,2026-08-20T23:44:25.220153+00:00,CURRENT
672386,"Kirk, Alejandro",,2026,138,11,7.971014492753623,64,12,18.75,202,23,11.386138613861386,BASEBALL_SAVANT_CURRENT_SEASON,2026-08-20T23:44:25.220153+00:00,CURRENT
668800,"Knizner, Andrew",,2026,1,1,100.0,6,1,16.666666666666668,7,2,28.571428571428573,BASEBALL_SAVANT_CURRENT_SEASON,2026-08-20T23:44:25.220153+00:00,CURRENT
683766,"Koss, Christian",,2026,64,17,26.5625,26,6,23.076923076923077,90,23,25.555555555555557,BASEBALL_SAVANT_CURRENT_SEASON,2026-08-20T23:44:25.220153+00:00,CURRENT
668952,"Kreidler, Ryan",,2026,125,32,25.6,93,15,16.129032258064516,218,47,21.559633027522935,BASEBALL_SAVANT_CURRENT_SEASON,2026-08-20T23:44:25.220153+00:00,CURRENT
811965,"Kuroda-Grauer, Joshua",,2026,35,4,11.428571428571429,27,3,11.11111111111111,62,7,11.290322580645162,BASEBALL_SAVANT_CURRENT_SEASON,2026-08-20T23:44:25.220153+00:00,CURRENT
701762,"Kurtz, Nick",,2026,278,81,29.136690647482013,158,60,37.9746835443038,436,141,32.3394495412844,BASEBALL_SAVANT_CURRENT_SEASON,2026-08-20T23:44:25.220153+00:00,CURRENT
680757,"Kwan, Steven",,2026,337,30,8.90207715133531,146,19,13.013698630136986,483,49,10.144927536231885,BASEBALL_SAVANT_CURRENT_SEASON,2026-08-20T23:44:25.220153+00:00,CURRENT
669127,"Langeliers, Shea",,2026,289,69,23.875432525951556,128,27,21.09375,417,96,23.02158273381295,BASEBALL_SAVANT_CURRENT_SEASON,2026-08-20T23:44:25.220153+00:00,CURRENT
694671,"Langford, Wyatt",,2026,223,49,21.973094170403588,97,24,24.742268041237114,320,73,22.8125,BASEBALL_SAVANT_CURRENT_SEASON,2026-08-20T23:44:25.220153+00:00,CURRENT
800325,"Lara, Luis",,2026,87,17,19.54022988505747,22,3,13.636363636363637,109,20,18.34862385321101,BASEBALL_SAVANT_CURRENT_SEASON,2026-08-20T23:44:25.220153+00:00,CURRENT
663616,"Larnach, Trevor",,2026,333,57,17.117117117117118,47,11,23.404255319148938,380,68,17.894736842105264,BASEBALL_SAVANT_CURRENT_SEASON,2026-08-20T23:44:25.220153+00:00,CURRENT
657656,"Laureano, Ramón",,2026,151,50,33.11258278145695,55,15,27.272727272727273,206,65,31.553398058252426,BASEBALL_SAVANT_CURRENT_SEASON,2026-08-20T23:44:25.220153+00:00,CURRENT
691783,"Lawlar, Jordan",,2026,31,11,35.483870967741936,23,4,17.391304347826086,54,15,27.77777777777778,BASEBALL_SAVANT_CURRENT_SEASON,2026-08-20T23:44:25.220153+00:00,CURRENT
686797,"Lee, Brooks",,2026,333,43,12.912912912912914,158,37,23.417721518987342,491,80,16.293279022403258,BASEBALL_SAVANT_CURRENT_SEASON,2026-08-20T23:44:25.220153+00:00,CURRENT
701678,"Lee, Hao-Yu",,2026,123,29,23.577235772357724,104,24,23.076923076923077,227,53,23.348017621145374,BASEBALL_SAVANT_CURRENT_SEASON,2026-08-20T23:44:25.220153+00:00,CURRENT
808982,"Lee, Jung Hoo",,2026,329,29,8.814589665653495,139,18,12.949640287769784,468,47,10.042735042735043,BASEBALL_SAVANT_CURRENT_SEASON,2026-08-20T23:44:25.220153+00:00,CURRENT
678760,"Leonard, Eddys",,2026,3,1,33.333333333333336,5,1,20.0,8,2,25.0,BASEBALL_SAVANT_CURRENT_SEASON,2026-08-20T23:44:25.220153+00:00,CURRENT
668904,"Lewis, Royce",,2026,277,76,27.43682310469314,104,22,21.153846153846153,381,98,25.721784776902886,BASEBALL_SAVANT_CURRENT_SEASON,2026-08-20T23:44:25.220153+00:00,CURRENT
506702,"León, Sandy",,2026,24,10,41.666666666666664,20,8,40.0,44,18,40.90909090909091,BASEBALL_SAVANT_CURRENT_SEASON,2026-08-20T23:44:25.220153+00:00,CURRENT
695734,"Lile, Daylen",,2026,377,67,17.77188328912467,145,32,22.06896551724138,522,99,18.96551724137931,BASEBALL_SAVANT_CURRENT_SEASON,2026-08-20T23:44:25.220153+00:00,CURRENT
596019,"Lindor, Francisco",,2026,216,47,21.75925925925926,93,12,12.903225806451612,309,59,19.093851132686083,BASEBALL_SAVANT_CURRENT_SEASON,2026-08-20T23:44:25.220153+00:00,CURRENT
682988,"Locklear, Tyler",,2026,29,5,17.24137931034483,13,4,30.76923076923077,42,9,21.428571428571427,BASEBALL_SAVANT_CURRENT_SEASON,2026-08-20T23:44:25.220153+00:00,CURRENT
663604,"Lockridge, Brandon",,2026,66,16,24.242424242424242,46,16,34.78260869565217,112,32,28.571428571428573,BASEBALL_SAVANT_CURRENT_SEASON,2026-08-20T23:44:25.220153+00:00,CURRENT
679845,"Loftin, Nick",,2026,181,28,15.469613259668508,137,21,15.328467153284672,318,49,15.40880503144654,BASEBALL_SAVANT_CURRENT_SEASON,2026-08-20T23:44:25.220153+00:00,CURRENT
806146,"Lombard Jr., George",,2026,45,10,22.22222222222222,5,1,20.0,50,11,22.0,BASEBALL_SAVANT_CURRENT_SEASON,2026-08-20T23:44:25.220153+00:00,CURRENT
694388,"Loperfido, Joey",,2026,106,28,26.41509433962264,14,3,21.428571428571427,120,31,25.833333333333332,BASEBALL_SAVANT_CURRENT_SEASON,2026-08-20T23:44:25.220153+00:00,CURRENT
670032,"Lopez, Nicky",,2026,165,29,17.575757575757574,55,8,14.545454545454545,220,37,16.818181818181817,BASEBALL_SAVANT_CURRENT_SEASON,2026-08-20T23:44:25.220153+00:00,CURRENT
672640,"Lopez, Otto",,2026,416,55,13.221153846153847,124,14,11.290322580645162,540,69,12.777777777777779,BASEBALL_SAVANT_CURRENT_SEASON,2026-08-20T23:44:25.220153+00:00,CURRENT
664040,"Lowe, Brandon",,2026,366,91,24.863387978142075,165,61,36.96969696969697,531,152,28.625235404896422,BASEBALL_SAVANT_CURRENT_SEASON,2026-08-20T23:44:25.220153+00:00,CURRENT
666139,"Lowe, Josh",,2026,215,59,27.441860465116278,37,12,32.432432432432435,252,71,28.174603174603174,BASEBALL_SAVANT_CURRENT_SEASON,2026-08-20T23:44:25.220153+00:00,CURRENT
663993,"Lowe, Nathaniel",,2026,288,69,23.958333333333332,31,9,29.032258064516128,319,78,24.45141065830721,BASEBALL_SAVANT_CURRENT_SEASON,2026-08-20T23:44:25.220153+00:00,CURRENT
664770,"Lukes, Nathan",,2026,274,36,13.138686131386862,60,14,23.333333333333332,334,50,14.970059880239521,BASEBALL_SAVANT_CURRENT_SEASON,2026-08-20T23:44:25.220153+00:00,CURRENT
592518,"Machado, Manny",,2026,404,91,22.524752475247524,129,26,20.155038759689923,533,117,21.951219512195124,BASEBALL_SAVANT_CURRENT_SEASON,2026-08-20T23:44:25.220153+00:00,CURRENT
691788,"Mack, Joe",,2026,200,51,25.5,50,13,26.0,250,64,25.6,BASEBALL_SAVANT_CURRENT_SEASON,2026-08-20T23:44:25.220153+00:00,CURRENT
663611,"Madrigal, Nick",,2026,37,2,5.405405405405405,15,1,6.666666666666667,52,3,5.769230769230769,BASEBALL_SAVANT_CURRENT_SEASON,2026-08-20T23:44:25.220153+00:00,CURRENT
571912,"Maile, Luke",,2026,5,1,20.0,18,7,38.888888888888886,23,8,34.78260869565217,BASEBALL_SAVANT_CURRENT_SEASON,2026-08-20T23:44:25.220153+00:00,CURRENT
701162,"Malgeri, Ben",,2026,26,4,15.384615384615385,45,11,24.444444444444443,71,15,21.12676056338028,BASEBALL_SAVANT_CURRENT_SEASON,2026-08-20T23:44:25.220153+00:00,CURRENT
641820,"Mancini, Trey",,2026,10,1,10.0,4,2,50.0,14,3,21.428571428571427,BASEBALL_SAVANT_CURRENT_SEASON,2026-08-20T23:44:25.220153+00:00,CURRENT
663968,"Mangum, Jake",,2026,277,52,18.772563176895307,105,18,17.142857142857142,382,70,18.32460732984293,BASEBALL_SAVANT_CURRENT_SEASON,2026-08-20T23:44:25.220153+00:00,CURRENT
700932,"Manzardo, Kyle",,2026,283,94,33.21554770318021,73,20,27.397260273972602,356,114,32.02247191011236,BASEBALL_SAVANT_CURRENT_SEASON,2026-08-20T23:44:25.220153+00:00,CURRENT
665561,"Marchán, Rafael",,2026,63,9,14.285714285714286,29,5,17.24137931034483,92,14,15.217391304347826,BASEBALL_SAVANT_CURRENT_SEASON,2026-08-20T23:44:25.220153+00:00,CURRENT
805300,"Marsee, Jakob",,2026,386,75,19.430051813471504,106,28,26.41509433962264,492,103,20.934959349593495,BASEBALL_SAVANT_CURRENT_SEASON,2026-08-20T23:44:25.220153+00:00,CURRENT
669016,"Marsh, Brandon",,2026,362,75,20.718232044198896,120,45,37.5,482,120,24.896265560165975,BASEBALL_SAVANT_CURRENT_SEASON,2026-08-20T23:44:25.220153+00:00,CURRENT
606466,"Marte, Ketel",,2026,388,61,15.721649484536082,131,17,12.977099236641221,519,78,15.028901734104046,BASEBALL_SAVANT_CURRENT_SEASON,2026-08-20T23:44:25.220153+00:00,CURRENT
682622,"Marte, Noelvi",,2026,148,33,22.2972972972973,53,19,35.84905660377358,201,52,25.870646766169155,BASEBALL_SAVANT_CURRENT_SEASON,2026-08-20T23:44:25.220153+00:00,CURRENT
516782,"Marte, Starling",,2026,42,11,26.19047619047619,126,30,23.80952380952381,168,41,24.404761904761905,BASEBALL_SAVANT_CURRENT_SEASON,2026-08-20T23:44:25.220153+00:00,CURRENT
668885,"Martin, Austin",,2026,177,36,20.338983050847457,159,24,15.09433962264151,336,60,17.857142857142858,BASEBALL_SAVANT_CURRENT_SEASON,2026-08-20T23:44:25.220153+00:00,CURRENT
683079,"Martinez, Omar",,2026,3,1,33.333333333333336,0,0,,3,1,33.333333333333336,BASEBALL_SAVANT_CURRENT_SEASON,2026-08-20T23:44:25.220153+00:00,CURRENT
682657,"Martínez, Angel",,2026,204,54,26.470588235294116,111,17,15.315315315315315,315,71,22.53968253968254,BASEBALL_SAVANT_CURRENT_SEASON,2026-08-20T23:44:25.220153+00:00,CURRENT
686681,"Massey, Michael",,2026,270,41,15.185185185185185,82,21,25.609756097560975,352,62,17.613636363636363,BASEBALL_SAVANT_CURRENT_SEASON,2026-08-20T23:44:25.220153+00:00,CURRENT
670156,"Mastrobuoni, Miles",,2026,28,10,35.714285714285715,2,0,0.0,30,10,33.333333333333336,BASEBALL_SAVANT_CURRENT_SEASON,2026-08-20T23:44:25.220153+00:00,CURRENT
622761,"Mateo, Jorge",,2026,86,24,27.906976744186046,57,18,31.57894736842105,143,42,29.37062937062937,BASEBALL_SAVANT_CURRENT_SEASON,2026-08-20T23:44:25.220153+00:00,CURRENT
682641,"Matos, Luis",,2026,8,1,12.5,13,6,46.15384615384615,21,7,33.333333333333336,BASEBALL_SAVANT_CURRENT_SEASON,2026-08-20T23:44:25.220153+00:00,CURRENT
694728,"Matthews, Brice",,2026,145,45,31.03448275862069,82,26,31.70731707317073,227,71,31.277533039647576,BASEBALL_SAVANT_CURRENT_SEASON,2026-08-20T23:44:25.220153+00:00,CURRENT
677595,"Mauricio, Ronny",,2026,39,13,33.333333333333336,11,5,45.45454545454545,50,18,36.0,BASEBALL_SAVANT_CURRENT_SEASON,2026-08-20T23:44:25.220153+00:00,CURRENT
691785,"Mayer, Marcelo",,2026,210,42,20.0,18,2,11.11111111111111,228,44,19.29824561403509,BASEBALL_SAVANT_CURRENT_SEASON,2026-08-20T23:44:25.220153+00:00,CURRENT
691723,"Mayo, Coby",,2026,215,75,34.883720930232556,116,33,28.448275862068964,331,108,32.62839879154078,BASEBALL_SAVANT_CURRENT_SEASON,2026-08-20T23:44:25.220153+00:00,CURRENT
807727,"McAdoo, Charles",,2026,27,5,18.51851851851852,25,7,28.0,52,12,23.076923076923077,BASEBALL_SAVANT_CURRENT_SEASON,2026-08-20T23:44:25.220153+00:00,CURRENT
543510,"McCann, James",,2026,75,20,26.666666666666668,48,9,18.75,123,29,23.577235772357724,BASEBALL_SAVANT_CURRENT_SEASON,2026-08-20T23:44:25.220153+00:00,CURRENT
664983,"McCarthy, Jake",,2026,325,56,17.23076923076923,114,19,16.666666666666668,439,75,17.084282460136674,BASEBALL_SAVANT_CURRENT_SEASON,2026-08-20T23:44:25.220153+00:00,CURRENT
687529,"McCray, Grant",,2026,36,8,22.22222222222222,12,5,41.666666666666664,48,13,27.083333333333332,BASEBALL_SAVANT_CURRENT_SEASON,2026-08-20T23:44:25.220153+00:00,CURRENT
457705,"McCutchen, Andrew",,2026,33,14,42.42424242424242,50,8,16.0,83,22,26.50602409638554,BASEBALL_SAVANT_CURRENT_SEASON,2026-08-20T23:44:25.220153+00:00,CURRENT
805808,"McGonigle, Kevin",,2026,399,46,11.528822055137844,160,32,20.0,559,78,13.953488372093023,BASEBALL_SAVANT_CURRENT_SEASON,2026-08-20T23:44:25.220153+00:00,CURRENT
624512,"McGuire, Reese",,2026,31,8,25.806451612903224,3,1,33.333333333333336,34,9,26.470588235294116,BASEBALL_SAVANT_CURRENT_SEASON,2026-08-20T23:44:25.220153+00:00,CURRENT
656716,"McKinstry, Zach",,2026,281,42,14.946619217081851,70,12,17.142857142857142,351,54,15.384615384615385,BASEBALL_SAVANT_CURRENT_SEASON,2026-08-20T23:44:25.220153+00:00,CURRENT
680574,"McLain, Matt",,2026,289,86,29.757785467128027,91,18,19.78021978021978,380,104,27.36842105263158,BASEBALL_SAVANT_CURRENT_SEASON,2026-08-20T23:44:25.220153+00:00,CURRENT
641857,"McMahon, Ryan",,2026,248,73,29.43548387096774,60,20,33.333333333333336,308,93,30.194805194805195,BASEBALL_SAVANT_CURRENT_SEASON,2026-08-20T23:44:25.220153+00:00,CURRENT
643446,"McNeil, Jeff",,2026,302,38,12.582781456953642,81,6,7.407407407407407,383,44,11.488250652741515,BASEBALL_SAVANT_CURRENT_SEASON,2026-08-20T23:44:25.220153+00:00,CURRENT
678554,"Mead, Curtis",,2026,189,36,19.047619047619047,142,27,19.014084507042252,331,63,19.033232628398792,BASEBALL_SAVANT_CURRENT_SEASON,2026-08-20T23:44:25.220153+00:00,CURRENT
678009,"Meadows, Parker",,2026,38,10,26.31578947368421,1,0,0.0,39,10,25.641025641025642,BASEBALL_SAVANT_CURRENT_SEASON,2026-08-20T23:44:25.220153+00:00,CURRENT
685133,"Meckler, Wade",,2026,193,42,21.761658031088082,32,7,21.875,225,49,21.77777777777778,BASEBALL_SAVANT_CURRENT_SEASON,2026-08-20T23:44:25.220153+00:00,CURRENT
682989,"Mederos, Victor",,2026,1,0,0.0,0,0,,1,0,0.0,BASEBALL_SAVANT_CURRENT_SEASON,2026-08-20T23:44:25.220153+00:00,CURRENT
805367,"Meidroth, Chase",,2026,362,86,23.756906077348066,150,30,20.0,512,116,22.65625,BASEBALL_SAVANT_CURRENT_SEASON,2026-08-20T23:44:25.220153+00:00,CURRENT
669004,"Melendez, MJ",,2026,131,44,33.587786259541986,14,6,42.857142857142854,145,50,34.48275862068966,BASEBALL_SAVANT_CURRENT_SEASON,2026-08-20T23:44:25.220153+00:00,CURRENT
608841,"Meneses, Joey",,2026,9,2,22.22222222222222,16,2,12.5,25,4,16.0,BASEBALL_SAVANT_CURRENT_SEASON,2026-08-20T23:44:25.220153+00:00,CURRENT
701538,"Merrill, Jackson",,2026,384,91,23.697916666666668,141,38,26.95035460992908,525,129,24.571428571428573,BASEBALL_SAVANT_CURRENT_SEASON,2026-08-20T23:44:25.220153+00:00,CURRENT
683748,"Mesa Jr., Victor",,2026,147,34,23.12925170068027,32,6,18.75,179,40,22.3463687150838,BASEBALL_SAVANT_CURRENT_SEASON,2026-08-20T23:44:25.220153+00:00,CURRENT
676694,"Meyers, Jake",,2026,98,19,19.387755102040817,55,12,21.818181818181817,153,31,20.26143790849673,BASEBALL_SAVANT_CURRENT_SEASON,2026-08-20T23:44:25.220153+00:00,CURRENT
571945,"Mikolas, Miles",,2026,1,0,0.0,0,0,,1,0,0.0,BASEBALL_SAVANT_CURRENT_SEASON,2026-08-20T23:44:25.220153+00:00,CURRENT
686452,"Millas, Drew",,2026,132,28,21.21212121212121,20,9,45.0,152,37,24.342105263157894,BASEBALL_SAVANT_CURRENT_SEASON,2026-08-20T23:44:25.220153+00:00,CURRENT
670224,"Misner, Kameron",,2026,31,12,38.70967741935484,13,5,38.46153846153846,44,17,38.63636363636363,BASEBALL_SAVANT_CURRENT_SEASON,2026-08-20T23:44:25.220153+00:00,CURRENT
669003,"Mitchell, Garrett",,2026,331,106,32.02416918429003,93,28,30.107526881720432,424,134,31.60377358490566,BASEBALL_SAVANT_CURRENT_SEASON,2026-08-20T23:44:25.220153+00:00,CURRENT
655316,"Monasterio, Andruw",,2026,185,36,19.45945945945946,101,20,19.801980198019802,286,56,19.58041958041958,BASEBALL_SAVANT_CURRENT_SEASON,2026-08-20T23:44:25.220153+00:00,CURRENT
660162,"Moncada, Yoán",,2026,104,33,31.73076923076923,26,12,46.15384615384615,130,45,34.61538461538461,BASEBALL_SAVANT_CURRENT_SEASON,2026-08-20T23:44:25.220153+00:00,CURRENT
666160,"Moniak, Mickey",,2026,268,63,23.507462686567163,64,22,34.375,332,85,25.602409638554217,BASEBALL_SAVANT_CURRENT_SEASON,2026-08-20T23:44:25.220153+00:00,CURRENT
695731,"Montgomery, Braden",,2026,172,33,19.186046511627907,72,21,29.166666666666668,244,54,22.131147540983605,BASEBALL_SAVANT_CURRENT_SEASON,2026-08-20T23:44:25.220153+00:00,CURRENT
695657,"Montgomery, Colson",,2026,344,120,34.883720930232556,160,46,28.75,504,166,32.93650793650794,BASEBALL_SAVANT_CURRENT_SEASON,2026-08-20T23:44:25.220153+00:00,CURRENT
695681,"Moore, Christian",,2026,12,5,41.666666666666664,10,6,60.0,22,11,50.0,BASEBALL_SAVANT_CURRENT_SEASON,2026-08-20T23:44:25.220153+00:00,CURRENT
664238,"Moore, Dylan",,2026,3,2,66.66666666666667,12,4,33.333333333333336,15,6,40.0,BASEBALL_SAVANT_CURRENT_SEASON,2026-08-20T23:44:25.220153+00:00,CURRENT
703492,"Morabito, Nick",,2026,6,5,83.33333333333333,7,4,57.142857142857146,13,9,69.23076923076923,BASEBALL_SAVANT_CURRENT_SEASON,2026-08-20T23:44:25.220153+00:00,CURRENT
666624,"Morel, Christopher",,2026,49,17,34.69387755102041,29,11,37.93103448275862,78,28,35.8974358974359,BASEBALL_SAVANT_CURRENT_SEASON,2026-08-20T23:44:25.220153+00:00,CURRENT
672515,"Moreno, Gabriel",,2026,300,44,14.666666666666666,117,20,17.094017094017094,417,64,15.347721822541967,BASEBALL_SAVANT_CURRENT_SEASON,2026-08-20T23:44:25.220153+00:00,CURRENT
663624,"Mountcastle, Ryan",,2026,11,1,9.090909090909092,4,1,25.0,15,2,13.333333333333334,BASEBALL_SAVANT_CURRENT_SEASON,2026-08-20T23:44:25.220153+00:00,CURRENT
656775,"Mullins, Cedric",,2026,319,66,20.689655172413794,99,18,18.181818181818183,418,84,20.095693779904305,BASEBALL_SAVANT_CURRENT_SEASON,2026-08-20T23:44:25.220153+00:00,CURRENT
571970,"Muncy, Max",,2026,340,83,24.41176470588235,101,29,28.712871287128714,441,112,25.396825396825395,BASEBALL_SAVANT_CURRENT_SEASON,2026-08-20T23:44:25.220153+00:00,CURRENT
691777,"Muncy, Max",,2026,126,43,34.12698412698413,92,28,30.434782608695652,218,71,32.56880733944954,BASEBALL_SAVANT_CURRENT_SEASON,2026-08-20T23:44:25.220153+00:00,CURRENT
808959,"Murakami, Munetaka",,2026,272,84,30.88235294117647,126,47,37.301587301587304,398,131,32.914572864321606,BASEBALL_SAVANT_CURRENT_SEASON,2026-08-20T23:44:25.220153+00:00,CURRENT
669221,"Murphy, Sean",,2026,22,10,45.45454545454545,12,4,33.333333333333336,34,14,41.1764705882353,BASEBALL_SAVANT_CURRENT_SEASON,2026-08-20T23:44:25.220153+00:00,CURRENT
695020,"Murray, Tanner",,2026,9,0,0.0,24,7,29.166666666666668,33,7,21.21212121212121,BASEBALL_SAVANT_CURRENT_SEASON,2026-08-20T23:44:25.220153+00:00,CURRENT
667472,"Myers, Dane",,2026,140,37,26.428571428571427,97,23,23.711340206185568,237,60,25.31645569620253,BASEBALL_SAVANT_CURRENT_SEASON,2026-08-20T23:44:25.220153+00:00,CURRENT
665966,"Narváez, Carlos",,2026,180,61,33.888888888888886,57,17,29.82456140350877,237,78,32.91139240506329,BASEBALL_SAVANT_CURRENT_SEASON,2026-08-20T23:44:25.220153+00:00,CURRENT
640459,"Navarreto, Brian",,2026,14,4,28.571428571428573,21,6,28.571428571428573,35,10,28.571428571428573,BASEBALL_SAVANT_CURRENT_SEASON,2026-08-20T23:44:25.220153+00:00,CURRENT
666310,"Naylor, Bo",,2026,77,18,23.376623376623378,13,3,23.076923076923077,90,21,23.333333333333332,BASEBALL_SAVANT_CURRENT_SEASON,2026-08-20T23:44:25.220153+00:00,CURRENT
647304,"Naylor, Josh",,2026,351,38,10.826210826210826,157,26,16.56050955414013,508,64,12.598425196850394,BASEBALL_SAVANT_CURRENT_SEASON,2026-08-20T23:44:25.220153+00:00,CURRENT
687263,"Neto, Zach",,2026,402,132,32.83582089552239,146,40,27.397260273972602,548,172,31.386861313868614,BASEBALL_SAVANT_CURRENT_SEASON,2026-08-20T23:44:25.220153+00:00,CURRENT
607043,"Nimmo, Brandon",,2026,368,82,22.282608695652176,142,27,19.014084507042252,510,109,21.372549019607842,BASEBALL_SAVANT_CURRENT_SEASON,2026-08-20T23:44:25.220153+00:00,CURRENT
807747,"Nishida, Rikuu",,2026,26,4,15.384615384615385,4,1,25.0,30,5,16.666666666666668,BASEBALL_SAVANT_CURRENT_SEASON,2026-08-20T23:44:25.220153+00:00,CURRENT
663457,"Nootbaar, Lars",,2026,187,37,19.78609625668449,41,10,24.390243902439025,228,47,20.614035087719298,BASEBALL_SAVANT_CURRENT_SEASON,2026-08-20T23:44:25.220153+00:00,CURRENT
681393,"Norby, Connor",,2026,178,55,30.89887640449438,82,22,26.829268292682926,260,77,29.615384615384617,BASEBALL_SAVANT_CURRENT_SEASON,2026-08-20T23:44:25.220153+00:00,CURRENT
683083,"Nuñez, Nasim",,2026,284,60,21.12676056338028,132,25,18.939393939393938,416,85,20.432692307692307,BASEBALL_SAVANT_CURRENT_SEASON,2026-08-20T23:44:25.220153+00:00,CURRENT
656811,"O'Hearn, Ryan",,2026,279,58,20.788530465949822,121,28,23.140495867768596,400,86,21.5,BASEBALL_SAVANT_CURRENT_SEASON,2026-08-20T23:44:25.220153+00:00,CURRENT
681351,"O'Hoppe, Logan",,2026,186,48,25.806451612903224,71,16,22.535211267605632,257,64,24.90272373540856,BASEBALL_SAVANT_CURRENT_SEASON,2026-08-20T23:44:25.220153+00:00,CURRENT
641933,"O'Neill, Tyler",,2026,132,37,28.03030303030303,120,33,27.5,252,70,27.77777777777778,BASEBALL_SAVANT_CURRENT_SEASON,2026-08-20T23:44:25.220153+00:00,CURRENT
660271,"Ohtani, Shohei",,2026,360,82,22.77777777777778,181,43,23.756906077348066,541,125,23.10536044362292,BASEBALL_SAVANT_CURRENT_SEASON,2026-08-20T23:44:25.220153+00:00,CURRENT
672960,"Okamoto, Kazuma",,2026,374,118,31.550802139037433,129,36,27.906976744186046,503,154,30.616302186878727,BASEBALL_SAVANT_CURRENT_SEASON,2026-08-20T23:44:25.220153+00:00,CURRENT
666931,"Oliva, Jared",,2026,5,1,20.0,2,0,0.0,7,1,14.285714285714286,BASEBALL_SAVANT_CURRENT_SEASON,2026-08-20T23:44:25.220153+00:00,CURRENT
621566,"Olson, Matt",,2026,320,81,25.3125,233,58,24.892703862660944,553,139,25.135623869801083,BASEBALL_SAVANT_CURRENT_SEASON,2026-08-20T23:44:25.220153+00:00,CURRENT
680716,"Ornelas, Jonathan",,2026,5,4,80.0,17,7,41.1764705882353,22,11,50.0,BASEBALL_SAVANT_CURRENT_SEASON,2026-08-20T23:44:25.220153+00:00,CURRENT
694673,"Ortiz, Abimelec",,2026,46,8,17.391304347826086,4,3,75.0,50,11,22.0,BASEBALL_SAVANT_CURRENT_SEASON,2026-08-20T23:44:25.220153+00:00,CURRENT
687401,"Ortiz, Joey",,2026,208,35,16.826923076923077,104,23,22.115384615384617,312,58,18.58974358974359,BASEBALL_SAVANT_CURRENT_SEASON,2026-08-20T23:44:25.220153+00:00,CURRENT
696030,"Osuna, Alejandro",,2026,174,25,14.367816091954023,48,7,14.583333333333334,222,32,14.414414414414415,BASEBALL_SAVANT_CURRENT_SEASON,2026-08-20T23:44:25.220153+00:00,CURRENT
681546,"Outman, James",,2026,147,64,43.53741496598639,28,7,25.0,175,71,40.57142857142857,BASEBALL_SAVANT_CURRENT_SEASON,2026-08-20T23:44:25.220153+00:00,CURRENT
542303,"Ozuna, Marcell",,2026,178,53,29.775280898876403,103,27,26.21359223300971,281,80,28.469750889679716,BASEBALL_SAVANT_CURRENT_SEASON,2026-08-20T23:44:25.220153+00:00,CURRENT
665506,"Pache, Cristian",,2026,3,2,66.66666666666667,3,2,66.66666666666667,6,4,66.66666666666667,BASEBALL_SAVANT_CURRENT_SEASON,2026-08-20T23:44:25.220153+00:00,CURRENT
681624,"Pages, Andy",,2026,388,78,20.103092783505154,163,28,17.177914110429448,551,106,19.237749546279492,BASEBALL_SAVANT_CURRENT_SEASON,2026-08-20T23:44:25.220153+00:00,CURRENT
686780,"Pagés, Pedro",,2026,107,25,23.364485981308412,80,24,30.0,187,49,26.203208556149733,BASEBALL_SAVANT_CURRENT_SEASON,2026-08-20T23:44:25.220153+00:00,CURRENT
680700,"Palacios, Richie",,2026,267,46,17.228464419475657,44,11,25.0,311,57,18.327974276527332,BASEBALL_SAVANT_CURRENT_SEASON,2026-08-20T23:44:25.220153+00:00,CURRENT
670623,"Paredes, Isaac",,2026,392,51,13.010204081632653,118,18,15.254237288135593,510,69,13.529411764705882,BASEBALL_SAVANT_CURRENT_SEASON,2026-08-20T23:44:25.220153+00:00,CURRENT
686469,"Pasquantino, Vinnie",,2026,254,37,14.566929133858268,98,23,23.46938775510204,352,60,17.045454545454547,BASEBALL_SAVANT_CURRENT_SEASON,2026-08-20T23:44:25.220153+00:00,CURRENT
688363,"Pauley, Graham",,2026,108,26,24.074074074074073,7,1,14.285714285714286,115,27,23.47826086956522,BASEBALL_SAVANT_CURRENT_SEASON,2026-08-20T23:44:25.220153+00:00,CURRENT
592626,"Pederson, Joc",,2026,348,76,21.839080459770116,34,14,41.1764705882353,382,90,23.56020942408377,BASEBALL_SAVANT_CURRENT_SEASON,2026-08-20T23:44:25.220153+00:00,CURRENT
672724,"Peraza, Oswald",,2026,206,63,30.58252427184466,114,32,28.07017543859649,320,95,29.6875,BASEBALL_SAVANT_CURRENT_SEASON,2026-08-20T23:44:25.220153+00:00,CURRENT
672695,"Perdomo, Geraldo",,2026,370,46,12.432432432432432,163,20,12.269938650306749,533,66,12.382739212007504,BASEBALL_SAVANT_CURRENT_SEASON,2026-08-20T23:44:25.220153+00:00,CURRENT
640902,"Pereda, Jhonny",,2026,59,10,16.949152542372882,18,3,16.666666666666668,77,13,16.883116883116884,BASEBALL_SAVANT_CURRENT_SEASON,2026-08-20T23:44:25.220153+00:00,CURRENT
677592,"Pereira, Everson",,2026,65,20,30.76923076923077,40,15,37.5,105,35,33.333333333333336,BASEBALL_SAVANT_CURRENT_SEASON,2026-08-20T23:44:25.220153+00:00,CURRENT
678577,"Perez, Junior",,2026,9,4,44.44444444444444,27,10,37.03703703703704,36,14,38.888888888888886,BASEBALL_SAVANT_CURRENT_SEASON,2026-08-20T23:44:25.220153+00:00,CURRENT
521692,"Perez, Salvador",,2026,355,72,20.281690140845072,139,25,17.985611510791365,494,97,19.635627530364374,BASEBALL_SAVANT_CURRENT_SEASON,2026-08-20T23:44:25.220153+00:00,CURRENT
663368,"Perkins, Blake",,2026,42,12,28.571428571428573,60,10,16.666666666666668,102,22,21.568627450980394,BASEBALL_SAVANT_CURRENT_SEASON,2026-08-20T23:44:25.220153+00:00,CURRENT
671976,"Peters, Tristan",,2026,331,59,17.82477341389728,43,8,18.6046511627907,374,67,17.914438502673796,BASEBALL_SAVANT_CURRENT_SEASON,2026-08-20T23:44:25.220153+00:00,CURRENT
665161,"Peña, Jeremy",,2026,268,52,19.402985074626866,73,17,23.28767123287671,341,69,20.234604105571847,BASEBALL_SAVANT_CURRENT_SEASON,2026-08-20T23:44:25.220153+00:00,CURRENT
502054,"Pham, Tommy",,2026,3,3,100.0,11,4,36.36363636363637,14,7,50.0,BASEBALL_SAVANT_CURRENT_SEASON,2026-08-20T23:44:25.220153+00:00,CURRENT
687605,"Pinckney, Andrew",,2026,3,1,33.333333333333336,11,2,18.181818181818183,14,3,21.428571428571427,BASEBALL_SAVANT_CURRENT_SEASON,2026-08-20T23:44:25.220153+00:00,CURRENT
700652,"Piper, Kenny",,2026,5,0,0.0,0,0,,5,0,0.0,BASEBALL_SAVANT_CURRENT_SEASON,2026-08-20T23:44:25.220153+00:00,CURRENT
682818,"Piñango, Yohendrick",,2026,148,31,20.945945945945947,32,13,40.625,180,44,24.444444444444443,BASEBALL_SAVANT_CURRENT_SEASON,2026-08-20T23:44:25.220153+00:00,CURRENT
593871,"Polanco, Jorge",,2026,113,27,23.893805309734514,32,9,28.125,145,36,24.82758620689655,BASEBALL_SAVANT_CURRENT_SEASON,2026-08-20T23:44:25.220153+00:00,CURRENT
682515,"Porter, Logan",,2026,1,1,100.0,5,1,20.0,6,2,33.333333333333336,BASEBALL_SAVANT_CURRENT_SEASON,2026-08-20T23:44:25.220153+00:00,CURRENT
650968,"Pozo, Yohel",,2026,30,6,20.0,20,0,0.0,50,6,12.0,BASEBALL_SAVANT_CURRENT_SEASON,2026-08-20T23:44:25.220153+00:00,CURRENT
806198,"Pratt, Cooper",,2026,129,24,18.6046511627907,34,9,26.470588235294116,163,33,20.245398773006134,BASEBALL_SAVANT_CURRENT_SEASON,2026-08-20T23:44:25.220153+00:00,CURRENT
805672,"Price, Collin",,2026,11,5,45.45454545454545,3,1,33.333333333333336,14,6,42.857142857142854,BASEBALL_SAVANT_CURRENT_SEASON,2026-08-20T23:44:25.220153+00:00,CURRENT
693409,"Prieto, César",,2026,28,4,14.285714285714286,3,0,0.0,31,4,12.903225806451612,BASEBALL_SAVANT_CURRENT_SEASON,2026-08-20T23:44:25.220153+00:00,CURRENT
672761,"Pérez, Wenceel",,2026,121,21,17.355371900826448,54,8,14.814814814814815,175,29,16.571428571428573,BASEBALL_SAVANT_CURRENT_SEASON,2026-08-20T23:44:25.220153+00:00,CURRENT
700337,"Quero, Edgar",,2026,125,28,22.4,85,14,16.470588235294116,210,42,20.0,BASEBALL_SAVANT_CURRENT_SEASON,2026-08-20T23:44:25.220153+00:00,CURRENT
691620,"Quero, Jeferson",,2026,0,0,,2,0,0.0,2,0,0.0,BASEBALL_SAVANT_CURRENT_SEASON,2026-08-20T23:44:25.220153+00:00,CURRENT
678882,"Rafaela, Ceddanne",,2026,378,69,18.253968253968253,135,35,25.925925925925927,513,104,20.2729044834308,BASEBALL_SAVANT_CURRENT_SEASON,2026-08-20T23:44:25.220153+00:00,CURRENT
663728,"Raleigh, Cal",,2026,259,77,29.72972972972973,133,48,36.090225563909776,392,125,31.887755102040817,BASEBALL_SAVANT_CURRENT_SEASON,2026-08-20T23:44:25.220153+00:00,CURRENT
670042,"Raley, Luke",,2026,260,85,32.69230769230769,27,8,29.62962962962963,287,93,32.40418118466899,BASEBALL_SAVANT_CURRENT_SEASON,2026-08-20T23:44:25.220153+00:00,CURRENT
671218,"Ramos, Heliot",,2026,277,75,27.075812274368232,80,21,26.25,357,96,26.89075630252101,BASEBALL_SAVANT_CURRENT_SEASON,2026-08-20T23:44:25.220153+00:00,CURRENT
682663,"Ramírez, Agustín",,2026,114,28,24.56140350877193,50,10,20.0,164,38,23.170731707317074,BASEBALL_SAVANT_CURRENT_SEASON,2026-08-20T23:44:25.220153+00:00,CURRENT
608070,"Ramírez, José",,2026,287,42,14.634146341463415,119,8,6.722689075630252,406,50,12.31527093596059,BASEBALL_SAVANT_CURRENT_SEASON,2026-08-20T23:44:25.220153+00:00,CURRENT
699393,"Ramírez, Pedro",,2026,126,28,22.22222222222222,26,2,7.6923076923076925,152,30,19.736842105263158,BASEBALL_SAVANT_CURRENT_SEASON,2026-08-20T23:44:25.220153+00:00,CURRENT
670231,"Rave, John",,2026,49,12,24.489795918367346,17,2,11.764705882352942,66,14,21.21212121212121,BASEBALL_SAVANT_CURRENT_SEASON,2026-08-20T23:44:25.220153+00:00,CURRENT
592663,"Realmuto, J.T.",,2026,273,64,23.44322344322344,85,12,14.117647058823529,358,76,21.22905027932961,BASEBALL_SAVANT_CURRENT_SEASON,2026-08-20T23:44:25.220153+00:00,CURRENT
608701,"Refsnyder, Rob",,2026,21,6,28.571428571428573,108,31,28.703703703703702,129,37,28.68217054263566,BASEBALL_SAVANT_CURRENT_SEASON,2026-08-20T23:44:25.220153+00:00,CURRENT
650859,"Rengifo, Luis",,2026,203,20,9.852216748768473,126,24,19.047619047619047,329,44,13.373860182370821,BASEBALL_SAVANT_CURRENT_SEASON,2026-08-20T23:44:25.220153+00:00,CURRENT
694025,"Reyes, Felix",,2026,17,4,23.529411764705884,22,5,22.727272727272727,39,9,23.076923076923077,BASEBALL_SAVANT_CURRENT_SEASON,2026-08-20T23:44:25.220153+00:00,CURRENT
668804,"Reynolds, Bryan",,2026,375,93,24.8,186,42,22.580645161290324,561,135,24.06417112299465,BASEBALL_SAVANT_CURRENT_SEASON,2026-08-20T23:44:25.220153+00:00,CURRENT
700250,"Rice, Ben",,2026,343,81,23.61516034985423,177,50,28.24858757062147,520,131,25.192307692307693,BASEBALL_SAVANT_CURRENT_SEASON,2026-08-20T23:44:25.220153+00:00,CURRENT
663586,"Riley, Austin",,2026,350,110,31.428571428571427,155,49,31.612903225806452,505,159,31.485148514851485,BASEBALL_SAVANT_CURRENT_SEASON,2026-08-20T23:44:25.220153+00:00,CURRENT
687282,"Rincones Jr., Gabriel",,2026,84,28,33.333333333333336,5,1,20.0,89,29,32.58426966292135,BASEBALL_SAVANT_CURRENT_SEASON,2026-08-20T23:44:25.220153+00:00,CURRENT
690022,"Ritter, Ryan",,2026,5,1,20.0,2,2,100.0,7,3,42.857142857142854,BASEBALL_SAVANT_CURRENT_SEASON,2026-08-20T23:44:25.220153+00:00,CURRENT
660844,"Rivas, Leo",,2026,87,29,33.333333333333336,43,9,20.930232558139537,130,38,29.23076923076923,BASEBALL_SAVANT_CURRENT_SEASON,2026-08-20T23:44:25.220153+00:00,CURRENT
665861,"Rivero, Sebastián",,2026,42,9,21.428571428571427,14,2,14.285714285714286,56,11,19.642857142857142,BASEBALL_SAVANT_CURRENT_SEASON,2026-08-20T23:44:25.220153+00:00,CURRENT
673357,"Robert Jr., Luis",,2026,130,33,25.384615384615383,53,12,22.641509433962263,183,45,24.59016393442623,BASEBALL_SAVANT_CURRENT_SEASON,2026-08-20T23:44:25.220153+00:00,CURRENT
642020,"Robinson, Chuckie",,2026,17,4,23.529411764705884,9,1,11.11111111111111,26,5,19.23076923076923,BASEBALL_SAVANT_CURRENT_SEASON,2026-08-20T23:44:25.220153+00:00,CURRENT
645302,"Robles, Victor",,2026,93,12,12.903225806451612,47,10,21.27659574468085,140,22,15.714285714285714,BASEBALL_SAVANT_CURRENT_SEASON,2026-08-20T23:44:25.220153+00:00,CURRENT
677587,"Rocchio, Brayan",,2026,326,46,14.110429447852761,153,24,15.686274509803921,479,70,14.613778705636744,BASEBALL_SAVANT_CURRENT_SEASON,2026-08-20T23:44:25.220153+00:00,CURRENT
801126,"Rodden, Brock",,2026,14,5,35.714285714285715,7,3,42.857142857142854,21,8,38.095238095238095,BASEBALL_SAVANT_CURRENT_SEASON,2026-08-20T23:44:25.220153+00:00,CURRENT
702176,"Roden, Alan",,2026,61,8,13.114754098360656,11,2,18.181818181818183,72,10,13.88888888888889,BASEBALL_SAVANT_CURRENT_SEASON,2026-08-20T23:44:25.220153+00:00,CURRENT
683679,"Rodriguez, Jesus",,2026,41,6,14.634146341463415,17,2,11.764705882352942,58,8,13.793103448275861,BASEBALL_SAVANT_CURRENT_SEASON,2026-08-20T23:44:25.220153+00:00,CURRENT
682848,"Rodríguez, Endy",,2026,131,31,23.66412213740458,28,10,35.714285714285715,159,41,25.78616352201258,BASEBALL_SAVANT_CURRENT_SEASON,2026-08-20T23:44:25.220153+00:00,CURRENT
699302,"Rodríguez, Héctor",,2026,32,8,25.0,2,0,0.0,34,8,23.529411764705884,BASEBALL_SAVANT_CURRENT_SEASON,2026-08-20T23:44:25.220153+00:00,CURRENT
671286,"Rodríguez, Johnathan",,2026,2,1,50.0,13,5,38.46153846153846,15,6,40.0,BASEBALL_SAVANT_CURRENT_SEASON,2026-08-20T23:44:25.220153+00:00,CURRENT
677594,"Rodríguez, Julio",,2026,360,76,21.11111111111111,145,30,20.689655172413794,505,106,20.99009900990099,BASEBALL_SAVANT_CURRENT_SEASON,2026-08-20T23:44:25.220153+00:00,CURRENT
668670,"Rogers, Jake",,2026,107,30,28.037383177570092,31,9,29.032258064516128,138,39,28.26086956521739,BASEBALL_SAVANT_CURRENT_SEASON,2026-08-20T23:44:25.220153+00:00,CURRENT
668942,"Rojas, Josh",,2026,62,9,14.516129032258064,18,4,22.22222222222222,80,13,16.25,BASEBALL_SAVANT_CURRENT_SEASON,2026-08-20T23:44:25.220153+00:00,CURRENT
500743,"Rojas, Miguel",,2026,73,6,8.219178082191782,125,15,12.0,198,21,10.606060606060606,BASEBALL_SAVANT_CURRENT_SEASON,2026-08-20T23:44:25.220153+00:00,CURRENT
691011,"Romo, Drew",,2026,141,36,25.53191489361702,35,7,20.0,176,43,24.431818181818183,BASEBALL_SAVANT_CURRENT_SEASON,2026-08-20T23:44:25.220153+00:00,CURRENT
667670,"Rooker, Brent",,2026,154,44,28.571428571428573,48,20,41.666666666666664,202,64,31.683168316831683,BASEBALL_SAVANT_CURRENT_SEASON,2026-08-20T23:44:25.220153+00:00,CURRENT
666163,"Rortvedt, Ben",,2026,8,4,50.0,8,1,12.5,16,5,31.25,BASEBALL_SAVANT_CURRENT_SEASON,2026-08-20T23:44:25.220153+00:00,CURRENT
642708,"Rosario, Amed",,2026,72,21,29.166666666666668,129,32,24.8062015503876,201,53,26.3681592039801,BASEBALL_SAVANT_CURRENT_SEASON,2026-08-20T23:44:25.220153+00:00,CURRENT
676566,"Ross, Shawn",,2026,5,2,40.0,0,0,,5,2,40.0,BASEBALL_SAVANT_CURRENT_SEASON,2026-08-20T23:44:25.220153+00:00,CURRENT
665923,"Ruiz, Esteury",,2026,96,28,29.166666666666668,84,26,30.952380952380953,180,54,30.0,BASEBALL_SAVANT_CURRENT_SEASON,2026-08-20T23:44:25.220153+00:00,CURRENT
660688,"Ruiz, Keibert",,2026,196,17,8.673469387755102,89,16,17.97752808988764,285,33,11.578947368421053,BASEBALL_SAVANT_CURRENT_SEASON,2026-08-20T23:44:25.220153+00:00,CURRENT
681198,"Rumfield, TJ",,2026,348,51,14.655172413793103,150,20,13.333333333333334,498,71,14.257028112449799,BASEBALL_SAVANT_CURRENT_SEASON,2026-08-20T23:44:25.220153+00:00,CURRENT
687221,"Rushing, Dalton",,2026,179,51,28.491620111731844,66,19,28.78787878787879,245,70,28.571428571428573,BASEBALL_SAVANT_CURRENT_SEASON,2026-08-20T23:44:25.220153+00:00,CURRENT
668939,"Rutschman, Adley",,2026,207,35,16.908212560386474,110,14,12.727272727272727,317,49,15.457413249211356,BASEBALL_SAVANT_CURRENT_SEASON,2026-08-20T23:44:25.220153+00:00,CURRENT
695336,"Saggese, Thomas",,2026,54,17,31.48148148148148,28,9,32.142857142857146,82,26,31.70731707317073,BASEBALL_SAVANT_CURRENT_SEASON,2026-08-20T23:44:25.220153+00:00,CURRENT
663967,"Salazar, César",,2026,17,3,17.647058823529413,6,0,0.0,23,3,13.043478260869565,BASEBALL_SAVANT_CURRENT_SEASON,2026-08-20T23:44:25.220153+00:00,CURRENT
691594,"Sanoja, Javier",,2026,239,15,6.2761506276150625,110,14,12.727272727272727,349,29,8.30945558739255,BASEBALL_SAVANT_CURRENT_SEASON,2026-08-20T23:44:25.220153+00:00,CURRENT
467793,"Santana, Carlos",,2026,22,8,36.36363636363637,4,0,0.0,26,8,30.76923076923077,BASEBALL_SAVANT_CURRENT_SEASON,2026-08-20T23:44:25.220153+00:00,CURRENT
694384,"Schanuel, Nolan",,2026,324,39,12.037037037037036,118,19,16.10169491525424,442,58,13.122171945701357,BASEBALL_SAVANT_CURRENT_SEASON,2026-08-20T23:44:25.220153+00:00,CURRENT
669477,"Schmitt, Casey",,2026,304,65,21.38157894736842,106,16,15.09433962264151,410,81,19.75609756097561,BASEBALL_SAVANT_CURRENT_SEASON,2026-08-20T23:44:25.220153+00:00,CURRENT
682177,"Schneemann, Daniel",,2026,212,63,29.71698113207547,64,18,28.125,276,81,29.347826086956523,BASEBALL_SAVANT_CURRENT_SEASON,2026-08-20T23:44:25.220153+00:00,CURRENT
676914,"Schneider, Davis",,2026,64,18,28.125,76,29,38.1578947368421,140,47,33.57142857142857,BASEBALL_SAVANT_CURRENT_SEASON,2026-08-20T23:44:25.220153+00:00,CURRENT
680474,"Schuemann, Max",,2026,44,12,27.272727272727273,45,9,20.0,89,21,23.59550561797753,BASEBALL_SAVANT_CURRENT_SEASON,2026-08-20T23:44:25.220153+00:00,CURRENT
656941,"Schwarber, Kyle",,2026,346,125,36.127167630057805,200,59,29.5,546,184,33.6996336996337,BASEBALL_SAVANT_CURRENT_SEASON,2026-08-20T23:44:25.220153+00:00,CURRENT
687363,"Scott II, Victor",,2026,125,35,28.0,59,9,15.254237288135593,184,44,23.91304347826087,BASEBALL_SAVANT_CURRENT_SEASON,2026-08-20T23:44:25.220153+00:00,CURRENT
608369,"Seager, Corey",,2026,204,46,22.54901960784314,78,24,30.76923076923077,282,70,24.822695035460992,BASEBALL_SAVANT_CURRENT_SEASON,2026-08-20T23:44:25.220153+00:00,CURRENT
678011,"Seigler, Anthony",,2026,117,20,17.094017094017094,42,6,14.285714285714286,159,26,16.352201257861637,BASEBALL_SAVANT_CURRENT_SEASON,2026-08-20T23:44:25.220153+00:00,CURRENT
543760,"Semien, Marcus",,2026,309,68,22.006472491909385,113,24,21.238938053097346,422,92,21.80094786729858,BASEBALL_SAVANT_CURRENT_SEASON,2026-08-20T23:44:25.220153+00:00,CURRENT
663584,"Senger, Hayden",,2026,16,4,25.0,1,0,0.0,17,4,23.529411764705884,BASEBALL_SAVANT_CURRENT_SEASON,2026-08-20T23:44:25.220153+00:00,CURRENT
661531,"Serven, Brian",,2026,13,2,15.384615384615385,23,5,21.73913043478261,36,7,19.444444444444443,BASEBALL_SAVANT_CURRENT_SEASON,2026-08-20T23:44:25.220153+00:00,CURRENT
807713,"Shaw, Matt",,2026,79,14,17.72151898734177,68,13,19.11764705882353,147,27,18.367346938775512,BASEBALL_SAVANT_CURRENT_SEASON,2026-08-20T23:44:25.220153+00:00,CURRENT
657757,"Sheets, Gavin",,2026,329,63,19.148936170212767,72,20,27.77777777777778,401,83,20.698254364089774,BASEBALL_SAVANT_CURRENT_SEASON,2026-08-20T23:44:25.220153+00:00,CURRENT
669699,"Shewmake, Braden",,2026,79,14,17.72151898734177,12,2,16.666666666666668,91,16,17.582417582417584,BASEBALL_SAVANT_CURRENT_SEASON,2026-08-20T23:44:25.220153+00:00,CURRENT
670097,"Short, Zack",,2026,35,13,37.142857142857146,27,6,22.22222222222222,62,19,30.64516129032258,BASEBALL_SAVANT_CURRENT_SEASON,2026-08-20T23:44:25.220153+00:00,CURRENT
672279,"Siani, Michael",,2026,1,0,0.0,0,0,,1,0,0.0,BASEBALL_SAVANT_CURRENT_SEASON,2026-08-20T23:44:25.220153+00:00,CURRENT
682927,"Simon, Ronny",,2026,23,2,8.695652173913043,11,2,18.181818181818183,34,4,11.764705882352942,BASEBALL_SAVANT_CURRENT_SEASON,2026-08-20T23:44:25.220153+00:00,CURRENT
802415,"Simpson, Chandler",,2026,327,24,7.339449541284404,152,17,11.18421052631579,479,41,8.559498956158665,BASEBALL_SAVANT_CURRENT_SEASON,2026-08-20T23:44:25.220153+00:00,CURRENT
642350,"Siri, Jose",,2026,77,19,24.675324675324674,77,29,37.66233766233766,154,48,31.16883116883117,BASEBALL_SAVANT_CURRENT_SEASON,2026-08-20T23:44:25.220153+00:00,CURRENT
596103,"Slater, Austin",,2026,9,2,22.22222222222222,65,19,29.23076923076923,74,21,28.37837837837838,BASEBALL_SAVANT_CURRENT_SEASON,2026-08-20T23:44:25.220153+00:00,CURRENT
701358,"Smith, Cam",,2026,337,85,25.222551928783382,117,26,22.22222222222222,454,111,24.449339207048457,BASEBALL_SAVANT_CURRENT_SEASON,2026-08-20T23:44:25.220153+00:00,CURRENT
642086,"Smith, Dominic",,2026,246,40,16.260162601626018,36,5,13.88888888888889,282,45,15.957446808510639,BASEBALL_SAVANT_CURRENT_SEASON,2026-08-20T23:44:25.220153+00:00,CURRENT
669701,"Smith, Josh",,2026,158,28,17.72151898734177,30,12,40.0,188,40,21.27659574468085,BASEBALL_SAVANT_CURRENT_SEASON,2026-08-20T23:44:25.220153+00:00,CURRENT
656976,"Smith, Pavin",,2026,84,17,20.238095238095237,5,1,20.0,89,18,20.224719101123597,BASEBALL_SAVANT_CURRENT_SEASON,2026-08-20T23:44:25.220153+00:00,CURRENT
669257,"Smith, Will",,2026,150,20,13.333333333333334,51,14,27.45098039215686,201,34,16.915422885572138,BASEBALL_SAVANT_CURRENT_SEASON,2026-08-20T23:44:25.220153+00:00,CURRENT
691016,"Soderstrom, Tyler",,2026,309,50,16.181229773462782,145,41,28.275862068965516,454,91,20.044052863436125,BASEBALL_SAVANT_CURRENT_SEASON,2026-08-20T23:44:25.220153+00:00,CURRENT
686765,"Sogard, Nick",,2026,108,16,14.814814814814815,30,7,23.333333333333332,138,23,16.666666666666668,BASEBALL_SAVANT_CURRENT_SEASON,2026-08-20T23:44:25.220153+00:00,CURRENT
669256,"Solak, Nick",,2026,3,0,0.0,7,0,0.0,10,0,0.0,BASEBALL_SAVANT_CURRENT_SEASON,2026-08-20T23:44:25.220153+00:00,CURRENT
624585,"Soler, Jorge",,2026,267,88,32.95880149812734,95,30,31.57894736842105,362,118,32.59668508287293,BASEBALL_SAVANT_CURRENT_SEASON,2026-08-20T23:44:25.220153+00:00,CURRENT
823550,"Song, Sung-Mun",,2026,123,23,18.69918699186992,11,2,18.181818181818183,134,25,18.65671641791045,BASEBALL_SAVANT_CURRENT_SEASON,2026-08-20T23:44:25.220153+00:00,CURRENT
624641,"Sosa, Edmundo",,2026,95,19,20.0,110,24,21.818181818181817,205,43,20.975609756097562,BASEBALL_SAVANT_CURRENT_SEASON,2026-08-20T23:44:25.220153+00:00,CURRENT
672820,"Sosa, Lenyn",,2026,72,11,15.277777777777779,45,14,31.11111111111111,117,25,21.367521367521366,BASEBALL_SAVANT_CURRENT_SEASON,2026-08-20T23:44:25.220153+00:00,CURRENT
665742,"Soto, Juan",,2026,239,32,13.389121338912133,120,16,13.333333333333334,359,48,13.370473537604457,BASEBALL_SAVANT_CURRENT_SEASON,2026-08-20T23:44:25.220153+00:00,CURRENT
828599,"Spence, Lucas",,2026,29,11,37.93103448275862,13,4,30.76923076923077,42,15,35.714285714285715,BASEBALL_SAVANT_CURRENT_SEASON,2026-08-20T23:44:25.220153+00:00,CURRENT
543807,"Springer, George",,2026,285,53,18.596491228070175,119,21,17.647058823529413,404,74,18.316831683168317,BASEBALL_SAVANT_CURRENT_SEASON,2026-08-20T23:44:25.220153+00:00,CURRENT
519317,"Stanton, Giancarlo",,2026,66,19,28.78787878787879,30,10,33.333333333333336,96,29,30.208333333333332,BASEBALL_SAVANT_CURRENT_SEASON,2026-08-20T23:44:25.220153+00:00,CURRENT
668715,"Steer, Spencer",,2026,288,74,25.694444444444443,96,12,12.5,384,86,22.395833333333332,BASEBALL_SAVANT_CURRENT_SEASON,2026-08-20T23:44:25.220153+00:00,CURRENT
683021,"Stefanic, Michael",,2026,2,1,50.0,3,0,0.0,5,1,20.0,BASEBALL_SAVANT_CURRENT_SEASON,2026-08-20T23:44:25.220153+00:00,CURRENT
663886,"Stephenson, Tyler",,2026,275,76,27.636363636363637,77,17,22.07792207792208,352,93,26.420454545454547,BASEBALL_SAVANT_CURRENT_SEASON,2026-08-20T23:44:25.220153+00:00,CURRENT
677060,"Stevens, Chad",,2026,16,6,37.5,18,7,38.888888888888886,34,13,38.23529411764706,BASEBALL_SAVANT_CURRENT_SEASON,2026-08-20T23:44:25.220153+00:00,CURRENT
701398,"Stewart, Sal",,2026,418,89,21.291866028708135,131,31,23.66412213740458,549,120,21.85792349726776,BASEBALL_SAVANT_CURRENT_SEASON,2026-08-20T23:44:25.220153+00:00,CURRENT
596115,"Story, Trevor",,2026,128,41,32.03125,48,16,33.333333333333336,176,57,32.38636363636363,BASEBALL_SAVANT_CURRENT_SEASON,2026-08-20T23:44:25.220153+00:00,CURRENT
681082,"Stott, Bryson",,2026,376,64,17.02127659574468,105,15,14.285714285714286,481,79,16.424116424116423,BASEBALL_SAVANT_CURRENT_SEASON,2026-08-20T23:44:25.220153+00:00,CURRENT
669065,"Stowers, Kyle",,2026,313,98,31.309904153354633,86,27,31.3953488372093,399,125,31.328320802005013,BASEBALL_SAVANT_CURRENT_SEASON,2026-08-20T23:44:25.220153+00:00,CURRENT
664702,"Straw, Myles",,2026,105,8,7.619047619047619,138,25,18.115942028985508,243,33,13.580246913580247,BASEBALL_SAVANT_CURRENT_SEASON,2026-08-20T23:44:25.220153+00:00,CURRENT
596117,"Stubbs, Garrett",,2026,42,8,19.047619047619047,7,2,28.571428571428573,49,10,20.408163265306122,BASEBALL_SAVANT_CURRENT_SEASON,2026-08-20T23:44:25.220153+00:00,CURRENT
664954,"Sullivan, Brett",,2026,139,25,17.985611510791365,45,6,13.333333333333334,184,31,16.847826086956523,BASEBALL_SAVANT_CURRENT_SEASON,2026-08-20T23:44:25.220153+00:00,CURRENT
691740,"Susac, Daniel",,2026,111,28,25.225225225225227,50,8,16.0,161,36,22.36024844720497,BASEBALL_SAVANT_CURRENT_SEASON,2026-08-20T23:44:25.220153+00:00,CURRENT
673548,"Suzuki, Seiya",,2026,355,98,27.6056338028169,128,26,20.3125,483,124,25.67287784679089,BASEBALL_SAVANT_CURRENT_SEASON,2026-08-20T23:44:25.220153+00:00,CURRENT
553993,"Suárez, Eugenio",,2026,297,100,33.67003367003367,86,38,44.18604651162791,383,138,36.0313315926893,BASEBALL_SAVANT_CURRENT_SEASON,2026-08-20T23:44:25.220153+00:00,CURRENT
621020,"Swanson, Dansby",,2026,327,67,20.489296636085626,133,39,29.32330827067669,460,106,23.043478260869566,BASEBALL_SAVANT_CURRENT_SEASON,2026-08-20T23:44:25.220153+00:00,CURRENT
645305,"Sánchez, Ali",,2026,31,8,25.806451612903224,34,8,23.529411764705884,65,16,24.615384615384617,BASEBALL_SAVANT_CURRENT_SEASON,2026-08-20T23:44:25.220153+00:00,CURRENT
596142,"Sánchez, Gary",,2026,126,26,20.634920634920636,95,18,18.94736842105263,221,44,19.90950226244344,BASEBALL_SAVANT_CURRENT_SEASON,2026-08-20T23:44:25.220153+00:00,CURRENT
660821,"Sánchez, Jesús",,2026,241,57,23.651452282157678,32,6,18.75,273,63,23.076923076923077,BASEBALL_SAVANT_CURRENT_SEASON,2026-08-20T23:44:25.220153+00:00,CURRENT
665487,"Tatis Jr., Fernando",,2026,431,77,17.865429234338748,124,26,20.967741935483872,555,103,18.55855855855856,BASEBALL_SAVANT_CURRENT_SEASON,2026-08-20T23:44:25.220153+00:00,CURRENT
665750,"Taveras, Leody",,2026,264,59,22.348484848484848,124,36,29.032258064516128,388,95,24.484536082474225,BASEBALL_SAVANT_CURRENT_SEASON,2026-08-20T23:44:25.220153+00:00,CURRENT
694374,"Tawa, Tim",,2026,166,37,22.289156626506024,59,16,27.11864406779661,225,53,23.555555555555557,BASEBALL_SAVANT_CURRENT_SEASON,2026-08-20T23:44:25.220153+00:00,CURRENT
669392,"Taylor, Samad",,2026,77,22,28.571428571428573,25,8,32.0,102,30,29.41176470588235,BASEBALL_SAVANT_CURRENT_SEASON,2026-08-20T23:44:25.220153+00:00,CURRENT
621438,"Taylor, Tyrone",,2026,99,15,15.151515151515152,87,20,22.988505747126435,186,35,18.817204301075268,BASEBALL_SAVANT_CURRENT_SEASON,2026-08-20T23:44:25.220153+00:00,CURRENT
691019,"Teel, Kyle",,2026,53,21,39.62264150943396,17,6,35.294117647058826,70,27,38.57142857142857,BASEBALL_SAVANT_CURRENT_SEASON,2026-08-20T23:44:25.220153+00:00,CURRENT
642133,"Tellez, Rowdy",,2026,9,3,33.333333333333336,2,0,0.0,11,3,27.272727272727273,BASEBALL_SAVANT_CURRENT_SEASON,2026-08-20T23:44:25.220153+00:00,CURRENT
677588,"Tena, José",,2026,227,67,29.515418502202643,18,6,33.333333333333336,245,73,29.79591836734694,BASEBALL_SAVANT_CURRENT_SEASON,2026-08-20T23:44:25.220153+00:00,CURRENT
669326,"Teodosio, Bryce",,2026,13,3,23.076923076923077,38,15,39.473684210526315,51,18,35.294117647058826,BASEBALL_SAVANT_CURRENT_SEASON,2026-08-20T23:44:25.220153+00:00,CURRENT
677950,"Thomas, Alek",,2026,84,19,22.61904761904762,17,4,23.529411764705884,101,23,22.77227722772277,BASEBALL_SAVANT_CURRENT_SEASON,2026-08-20T23:44:25.220153+00:00,CURRENT
687515,"Thomas, Colby",,2026,17,7,41.1764705882353,104,30,28.846153846153847,121,37,30.578512396694215,BASEBALL_SAVANT_CURRENT_SEASON,2026-08-20T23:44:25.220153+00:00,CURRENT
657041,"Thomas, Lane",,2026,202,53,26.237623762376238,146,34,23.28767123287671,348,87,25.0,BASEBALL_SAVANT_CURRENT_SEASON,2026-08-20T23:44:25.220153+00:00,CURRENT
694514,"Thompson, Sterlin",,2026,62,16,25.806451612903224,15,5,33.333333333333336,77,21,27.272727272727273,BASEBALL_SAVANT_CURRENT_SEASON,2026-08-20T23:44:25.220153+00:00,CURRENT
669911,"Toglia, Michael",,2026,18,8,44.44444444444444,6,2,33.333333333333336,24,10,41.666666666666664,BASEBALL_SAVANT_CURRENT_SEASON,2026-08-20T23:44:25.220153+00:00,CURRENT
686475,"Tolbert, Tyler",,2026,47,10,21.27659574468085,64,9,14.0625,111,19,17.117117117117118,BASEBALL_SAVANT_CURRENT_SEASON,2026-08-20T23:44:25.220153+00:00,CURRENT
679529,"Torkelson, Spencer",,2026,357,114,31.932773109243698,139,40,28.776978417266186,496,154,31.048387096774192,BASEBALL_SAVANT_CURRENT_SEASON,2026-08-20T23:44:25.220153+00:00,CURRENT
620443,"Torrens, Luis",,2026,159,31,19.49685534591195,72,13,18.055555555555557,231,44,19.047619047619047,BASEBALL_SAVANT_CURRENT_SEASON,2026-08-20T23:44:25.220153+00:00,CURRENT
663494,"Torres, Bryan",,2026,101,22,21.782178217821784,22,3,13.636363636363637,123,25,20.32520325203252,BASEBALL_SAVANT_CURRENT_SEASON,2026-08-20T23:44:25.220153+00:00,CURRENT
650402,"Torres, Gleyber",,2026,227,43,18.94273127753304,86,15,17.441860465116278,313,58,18.53035143769968,BASEBALL_SAVANT_CURRENT_SEASON,2026-08-20T23:44:25.220153+00:00,CURRENT
678662,"Tovar, Ezequiel",,2026,300,68,22.666666666666668,125,39,31.2,425,107,25.176470588235293,BASEBALL_SAVANT_CURRENT_SEASON,2026-08-20T23:44:25.220153+00:00,CURRENT
666211,"Trammell, Taylor",,2026,173,58,33.52601156069364,32,8,25.0,205,66,32.19512195121951,BASEBALL_SAVANT_CURRENT_SEASON,2026-08-20T23:44:25.220153+00:00,CURRENT
624431,"Trevino, Jose",,2026,86,15,17.441860465116278,19,5,26.31578947368421,105,20,19.047619047619047,BASEBALL_SAVANT_CURRENT_SEASON,2026-08-20T23:44:25.220153+00:00,CURRENT
701649,"Triantos, James",,2026,6,1,16.666666666666668,3,1,33.333333333333336,9,2,22.22222222222222,BASEBALL_SAVANT_CURRENT_SEASON,2026-08-20T23:44:25.220153+00:00,CURRENT
669707,"Triolo, Jared",,2026,183,43,23.497267759562842,108,16,14.814814814814815,291,59,20.274914089347078,BASEBALL_SAVANT_CURRENT_SEASON,2026-08-20T23:44:25.220153+00:00,CURRENT
644433,"Tromp, Chadwick",,2026,33,9,27.272727272727273,18,4,22.22222222222222,51,13,25.49019607843137,BASEBALL_SAVANT_CURRENT_SEASON,2026-08-20T23:44:25.220153+00:00,CURRENT
545361,"Trout, Mike",,2026,353,92,26.062322946175637,131,31,23.66412213740458,484,123,25.41322314049587,BASEBALL_SAVANT_CURRENT_SEASON,2026-08-20T23:44:25.220153+00:00,CURRENT
694371,"Troy, Tommy",,2026,107,25,23.364485981308412,28,6,21.428571428571427,135,31,22.962962962962962,BASEBALL_SAVANT_CURRENT_SEASON,2026-08-20T23:44:25.220153+00:00,CURRENT
663656,"Tucker, Kyle",,2026,346,65,18.786127167630056,148,27,18.243243243243242,494,92,18.62348178137652,BASEBALL_SAVANT_CURRENT_SEASON,2026-08-20T23:44:25.220153+00:00,CURRENT
668930,"Turang, Brice",,2026,391,93,23.785166240409207,145,39,26.896551724137932,536,132,24.62686567164179,BASEBALL_SAVANT_CURRENT_SEASON,2026-08-20T23:44:25.220153+00:00,CURRENT
607208,"Turner, Trea",,2026,370,86,23.243243243243242,177,32,18.07909604519774,547,118,21.572212065813527,BASEBALL_SAVANT_CURRENT_SEASON,2026-08-20T23:44:25.220153+00:00,CURRENT
649966,"Urías, Luis",,2026,24,3,12.5,35,7,20.0,59,10,16.949152542372882,BASEBALL_SAVANT_CURRENT_SEASON,2026-08-20T23:44:25.220153+00:00,CURRENT
602104,"Urías, Ramón",,2026,47,8,17.02127659574468,21,4,19.047619047619047,68,12,17.647058823529413,BASEBALL_SAVANT_CURRENT_SEASON,2026-08-20T23:44:25.220153+00:00,CURRENT
699013,"Valdez, Esmerlyn",,2026,150,60,40.0,85,27,31.764705882352942,235,87,37.02127659574468,BASEBALL_SAVANT_CURRENT_SEASON,2026-08-20T23:44:25.220153+00:00,CURRENT
680664,"Valencia, Eduardo",,2026,33,5,15.151515151515152,28,12,42.857142857142854,61,17,27.868852459016395,BASEBALL_SAVANT_CURRENT_SEASON,2026-08-20T23:44:25.220153+00:00,CURRENT
678218,"Valenzuela, Brandon",,2026,164,46,28.048780487804876,66,16,24.242424242424242,230,62,26.956521739130434,BASEBALL_SAVANT_CURRENT_SEASON,2026-08-20T23:44:25.220153+00:00,CURRENT
671655,"Valera, George",,2026,36,7,19.444444444444443,2,1,50.0,38,8,21.05263157894737,BASEBALL_SAVANT_CURRENT_SEASON,2026-08-20T23:44:25.220153+00:00,CURRENT
545121,"Vargas, Ildemaro",,2026,259,27,10.424710424710424,134,11,8.208955223880597,393,38,9.669211195928753,BASEBALL_SAVANT_CURRENT_SEASON,2026-08-20T23:44:25.220153+00:00,CURRENT
678246,"Vargas, Miguel",,2026,378,69,18.253968253968253,169,28,16.568047337278106,547,97,17.73308957952468,BASEBALL_SAVANT_CURRENT_SEASON,2026-08-20T23:44:25.220153+00:00,CURRENT
662139,"Varsho, Daulton",,2026,317,63,19.873817034700316,103,20,19.41747572815534,420,83,19.761904761904763,BASEBALL_SAVANT_CURRENT_SEASON,2026-08-20T23:44:25.220153+00:00,CURRENT
683734,"Vaughn, Andrew",,2026,171,29,16.95906432748538,96,11,11.458333333333334,267,40,14.9812734082397,BASEBALL_SAVANT_CURRENT_SEASON,2026-08-20T23:44:25.220153+00:00,CURRENT
691728,"Veen, Zac",,2026,18,7,38.888888888888886,1,0,0.0,19,7,36.8421052631579,BASEBALL_SAVANT_CURRENT_SEASON,2026-08-20T23:44:25.220153+00:00,CURRENT
623205,"Velazquez, Andrew",,2026,11,1,9.090909090909092,4,1,25.0,15,2,13.333333333333334,BASEBALL_SAVANT_CURRENT_SEASON,2026-08-20T23:44:25.220153+00:00,CURRENT
676369,"Velázquez, Nelson",,2026,21,6,28.571428571428573,67,20,29.850746268656717,88,26,29.545454545454547,BASEBALL_SAVANT_CURRENT_SEASON,2026-08-20T23:44:25.220153+00:00,CURRENT
668901,"Vientos, Mark",,2026,159,42,26.41509433962264,95,19,20.0,254,61,24.015748031496063,BASEBALL_SAVANT_CURRENT_SEASON,2026-08-20T23:44:25.220153+00:00,CURRENT
663837,"Vierling, Matt",,2026,173,34,19.653179190751445,119,15,12.605042016806722,292,49,16.78082191780822,BASEBALL_SAVANT_CURRENT_SEASON,2026-08-20T23:44:25.220153+00:00,CURRENT
668723,"Vilade, Ryan",,2026,87,18,20.689655172413794,126,29,23.015873015873016,213,47,22.065727699530516,BASEBALL_SAVANT_CURRENT_SEASON,2026-08-20T23:44:25.220153+00:00,CURRENT
678391,"Vivas, Jorbit",,2026,239,35,14.644351464435147,34,3,8.823529411764707,273,38,13.91941391941392,BASEBALL_SAVANT_CURRENT_SEASON,2026-08-20T23:44:25.220153+00:00,CURRENT
683011,"Volpe, Anthony",,2026,107,29,27.102803738317757,88,16,18.181818181818183,195,45,23.076923076923077,BASEBALL_SAVANT_CURRENT_SEASON,2026-08-20T23:44:25.220153+00:00,CURRENT
681190,"Vásquez, Randy",,2026,1,0,0.0,0,0,,1,0,0.0,BASEBALL_SAVANT_CURRENT_SEASON,2026-08-20T23:44:25.220153+00:00,CURRENT
543877,"Vázquez, Christian",,2026,178,35,19.662921348314608,55,9,16.363636363636363,233,44,18.88412017167382,BASEBALL_SAVANT_CURRENT_SEASON,2026-08-20T23:44:25.220153+00:00,CURRENT
664774,"Wade Jr., LaMonte",,2026,91,19,20.87912087912088,10,2,20.0,101,21,20.792079207920793,BASEBALL_SAVANT_CURRENT_SEASON,2026-08-20T23:44:25.220153+00:00,CURRENT
676572,"Wagaman, Eric",,2026,8,2,25.0,40,9,22.5,48,11,22.916666666666668,BASEBALL_SAVANT_CURRENT_SEASON,2026-08-20T23:44:25.220153+00:00,CURRENT
695238,"Wagner, Will",,2026,44,7,15.909090909090908,1,0,0.0,45,7,15.555555555555555,BASEBALL_SAVANT_CURRENT_SEASON,2026-08-20T23:44:25.220153+00:00,CURRENT
814439,"Waldschmidt, Ryan",,2026,159,51,32.075471698113205,63,12,19.047619047619047,222,63,28.37837837837838,BASEBALL_SAVANT_CURRENT_SEASON,2026-08-20T23:44:25.220153+00:00,CURRENT
572233,"Walker, Christian",,2026,395,99,25.063291139240505,109,21,19.26605504587156,504,120,23.80952380952381,BASEBALL_SAVANT_CURRENT_SEASON,2026-08-20T23:44:25.220153+00:00,CURRENT
691023,"Walker, Jordan",,2026,387,101,26.098191214470283,143,27,18.88111888111888,530,128,24.150943396226417,BASEBALL_SAVANT_CURRENT_SEASON,2026-08-20T23:44:25.220153+00:00,CURRENT
670242,"Wallner, Matt",,2026,88,36,40.90909090909091,47,17,36.170212765957444,135,53,39.25925925925926,BASEBALL_SAVANT_CURRENT_SEASON,2026-08-20T23:44:25.220153+00:00,CURRENT
670764,"Walls, Taylor",,2026,237,63,26.582278481012658,123,24,19.51219512195122,360,87,24.166666666666668,BASEBALL_SAVANT_CURRENT_SEASON,2026-08-20T23:44:25.220153+00:00,CURRENT
622268,"Walton, Donovan",,2026,149,26,17.449664429530202,15,2,13.333333333333334,164,28,17.073170731707318,BASEBALL_SAVANT_CURRENT_SEASON,2026-08-20T23:44:25.220153+00:00,CURRENT
669899,"Ward, Ryan",,2026,57,15,26.31578947368421,3,2,66.66666666666667,60,17,28.333333333333332,BASEBALL_SAVANT_CURRENT_SEASON,2026-08-20T23:44:25.220153+00:00,CURRENT
621493,"Ward, Taylor",,2026,388,81,20.876288659793815,155,30,19.35483870967742,543,111,20.441988950276244,BASEBALL_SAVANT_CURRENT_SEASON,2026-08-20T23:44:25.220153+00:00,CURRENT
696135,"Watson, Kahlil",,2026,74,27,36.486486486486484,17,5,29.41176470588235,91,32,35.16483516483517,BASEBALL_SAVANT_CURRENT_SEASON,2026-08-20T23:44:25.220153+00:00,CURRENT
669224,"Wells, Austin",,2026,210,51,24.285714285714285,80,22,27.5,290,73,25.17241379310345,BASEBALL_SAVANT_CURRENT_SEASON,2026-08-20T23:44:25.220153+00:00,CURRENT
673995,"Wendzel, Davis",,2026,1,0,0.0,3,0,0.0,4,0,0.0,BASEBALL_SAVANT_CURRENT_SEASON,2026-08-20T23:44:25.220153+00:00,CURRENT
802139,"Wetherholt, JJ",,2026,357,57,15.966386554621849,196,30,15.306122448979592,553,87,15.732368896925859,BASEBALL_SAVANT_CURRENT_SEASON,2026-08-20T23:44:25.220153+00:00,CURRENT
694376,"Whitcomb, Shay",,2026,16,6,37.5,8,5,62.5,24,11,45.833333333333336,BASEBALL_SAVANT_CURRENT_SEASON,2026-08-20T23:44:25.220153+00:00,CURRENT
642201,"White, Eli",,2026,65,11,16.923076923076923,100,26,26.0,165,37,22.424242424242426,BASEBALL_SAVANT_CURRENT_SEASON,2026-08-20T23:44:25.220153+00:00,CURRENT
695720,"White, Tommy",,2026,64,8,12.5,49,10,20.408163265306122,113,18,15.929203539823009,BASEBALL_SAVANT_CURRENT_SEASON,2026-08-20T23:44:25.220153+00:00,CURRENT
686894,"Wiemer, Joey",,2026,41,15,36.58536585365854,44,14,31.818181818181817,85,29,34.11764705882353,BASEBALL_SAVANT_CURRENT_SEASON,2026-08-20T23:44:25.220153+00:00,CURRENT
675961,"Williams, Alika",,2026,67,19,28.35820895522388,85,18,21.176470588235293,152,37,24.342105263157894,BASEBALL_SAVANT_CURRENT_SEASON,2026-08-20T23:44:25.220153+00:00,CURRENT
700246,"Williams, Carson",,2026,23,6,26.08695652173913,17,7,41.1764705882353,40,13,32.5,BASEBALL_SAVANT_CURRENT_SEASON,2026-08-20T23:44:25.220153+00:00,CURRENT
663897,"Williams, Luke",,2026,0,0,,1,0,0.0,1,0,0.0,BASEBALL_SAVANT_CURRENT_SEASON,2026-08-20T23:44:25.220153+00:00,CURRENT
810938,"Williamson, Ben",,2026,150,28,18.666666666666668,121,23,19.00826446280992,271,51,18.819188191881917,BASEBALL_SAVANT_CURRENT_SEASON,2026-08-20T23:44:25.220153+00:00,CURRENT
805779,"Wilson, Jacob",,2026,222,27,12.162162162162161,116,12,10.344827586206897,338,39,11.538461538461538,BASEBALL_SAVANT_CURRENT_SEASON,2026-08-20T23:44:25.220153+00:00,CURRENT
642215,"Wilson, Weston",,2026,44,12,27.272727272727273,73,22,30.136986301369863,117,34,29.05982905982906,BASEBALL_SAVANT_CURRENT_SEASON,2026-08-20T23:44:25.220153+00:00,CURRENT
669717,"Wilson, Will",,2026,4,1,25.0,2,0,0.0,6,1,16.666666666666668,BASEBALL_SAVANT_CURRENT_SEASON,2026-08-20T23:44:25.220153+00:00,CURRENT
691026,"Winn, Masyn",,2026,361,78,21.606648199445985,128,26,20.3125,489,104,21.267893660531698,BASEBALL_SAVANT_CURRENT_SEASON,2026-08-20T23:44:25.220153+00:00,CURRENT
621550,"Wisdom, Patrick",,2026,24,8,33.333333333333336,20,10,50.0,44,18,40.90909090909091,BASEBALL_SAVANT_CURRENT_SEASON,2026-08-20T23:44:25.220153+00:00,CURRENT
677951,"Witt Jr., Bobby",,2026,353,69,19.546742209631727,128,15,11.71875,481,84,17.463617463617464,BASEBALL_SAVANT_CURRENT_SEASON,2026-08-20T23:44:25.220153+00:00,CURRENT
657136,"Wong, Connor",,2026,138,38,27.536231884057973,57,9,15.789473684210526,195,47,24.102564102564102,BASEBALL_SAVANT_CURRENT_SEASON,2026-08-20T23:44:25.220153+00:00,CURRENT
695578,"Wood, James",,2026,358,95,26.536312849162012,179,58,32.402234636871505,537,153,28.491620111731844,BASEBALL_SAVANT_CURRENT_SEASON,2026-08-20T23:44:25.220153+00:00,CURRENT
669398,"Workman, Gage",,2026,41,17,41.46341463414634,0,0,,41,17,41.46341463414634,BASEBALL_SAVANT_CURRENT_SEASON,2026-08-20T23:44:25.220153+00:00,CURRENT
642851,"Wynns, Austin",,2026,52,14,26.923076923076923,37,10,27.027027027027028,89,24,26.96629213483146,BASEBALL_SAVANT_CURRENT_SEASON,2026-08-20T23:44:25.220153+00:00,CURRENT
573262,"Yastrzemski, Mike",,2026,285,64,22.45614035087719,35,13,37.142857142857146,320,77,24.0625,BASEBALL_SAVANT_CURRENT_SEASON,2026-08-20T23:44:25.220153+00:00,CURRENT
592885,"Yelich, Christian",,2026,290,77,26.551724137931036,97,28,28.8659793814433,387,105,27.131782945736433,BASEBALL_SAVANT_CURRENT_SEASON,2026-08-20T23:44:25.220153+00:00,CURRENT
694377,"Yorke, Nick",,2026,52,8,15.384615384615385,44,12,27.272727272727273,96,20,20.833333333333332,BASEBALL_SAVANT_CURRENT_SEASON,2026-08-20T23:44:25.220153+00:00,CURRENT
807799,"Yoshida, Masataka",,2026,267,29,10.861423220973784,30,4,13.333333333333334,297,33,11.11111111111111,BASEBALL_SAVANT_CURRENT_SEASON,2026-08-20T23:44:25.220153+00:00,CURRENT
702284,"Young, Cole",,2026,349,54,15.472779369627506,165,32,19.393939393939394,514,86,16.731517509727627,BASEBALL_SAVANT_CURRENT_SEASON,2026-08-20T23:44:25.220153+00:00,CURRENT
696285,"Young, Jacob",,2026,249,43,17.269076305220885,136,22,16.176470588235293,385,65,16.883116883116884,BASEBALL_SAVANT_CURRENT_SEASON,2026-08-20T23:44:25.220153+00:00,CURRENT
676724,"Young, Jared",,2026,213,37,17.370892018779344,39,10,25.641025641025642,252,47,18.650793650793652,BASEBALL_SAVANT_CURRENT_SEASON,2026-08-20T23:44:25.220153+00:00,CURRENT
518595,"d'Arnaud, Travis",,2026,28,6,21.428571428571427,27,8,29.62962962962963,55,14,25.454545454545453,BASEBALL_SAVANT_CURRENT_SEASON,2026-08-20T23:44:25.220153+00:00,CURRENT
