player_id,player_name,season,PA,SO,K%,BB%,Whiff%,Swing%,xwOBA,xBA,xSLG,Hard-Hit%,Barrel%,average_swing_speed,fast_swing_rate,swords,squared_up_contact,wOBA,source,source_timestamp,schema_version,refresh_status
669743,"Call, Alex",2026,154,26,16.9,11.7,16.2,42.9,0.276,0.211,0.268,17.9,1.9,66.6,3.9,4.0,29.8,0.315,BASEBALL_SAVANT_CURRENT_SEASON,2026-08-20T23:43:02.137578+00:00,SAVANT_BATTER_PROFILE_SCHEMA_V1,CURRENT
681909,"Dean, Justin",2026,10,4,40.0,20.0,33.3,56.8,0.345,0.266,0.324,50.0,0.0,66.6,0.0,0.0,21.4,0.477,BASEBALL_SAVANT_CURRENT_SEASON,2026-08-20T23:43:02.137578+00:00,SAVANT_BATTER_PROFILE_SCHEMA_V1,CURRENT
686668,"Doyle, Brenton",2026,161,49,30.4,7.5,30.4,52.5,0.238,0.192,0.272,33.0,5.2,72.1,15.8,7.0,29.2,0.257,BASEBALL_SAVANT_CURRENT_SEASON,2026-08-20T23:43:02.137578+00:00,SAVANT_BATTER_PROFILE_SCHEMA_V1,CURRENT
663330,"Jones, Jahmai",2026,131,42,32.1,9.2,35.1,49.7,0.315,0.237,0.402,44.7,9.2,73.2,33.3,3.0,31.5,0.285,BASEBALL_SAVANT_CURRENT_SEASON,2026-08-20T23:43:02.137578+00:00,SAVANT_BATTER_PROFILE_SCHEMA_V1,CURRENT
641598,"Garver, Mitch",2026,149,49,32.9,14.8,33.7,41.3,0.301,0.194,0.341,48.1,9.1,72.5,18.8,8.0,33.5,0.278,BASEBALL_SAVANT_CURRENT_SEASON,2026-08-20T23:43:02.137578+00:00,SAVANT_BATTER_PROFILE_SCHEMA_V1,CURRENT
646240,"Devers, Rafael",2026,533,141,26.5,9.8,29.2,48.3,0.321,0.228,0.437,50.7,10.7,71.8,20.9,11.0,34.3,0.338,BASEBALL_SAVANT_CURRENT_SEASON,2026-08-20T23:43:02.137578+00:00,SAVANT_BATTER_PROFILE_SCHEMA_V1,CURRENT
622761,"Mateo, Jorge",2026,143,42,29.4,5.6,30.3,55.7,0.324,0.261,0.447,45.2,10.8,73.8,35.8,9.0,26.9,0.3,BASEBALL_SAVANT_CURRENT_SEASON,2026-08-20T23:43:02.137578+00:00,SAVANT_BATTER_PROFILE_SCHEMA_V1,CURRENT
805249,"Kemp, Otto",2026,27,10,37.0,3.7,37.9,48.3,0.205,0.162,0.221,13.3,0.0,71.4,15.7,1.0,25.0,0.119,BASEBALL_SAVANT_CURRENT_SEASON,2026-08-20T23:43:02.137578+00:00,SAVANT_BATTER_PROFILE_SCHEMA_V1,CURRENT
672279,"Siani, Michael",2026,1,0,0.0,0.0,0.0,25.0,0.292,0.302,0.353,0.0,0.0,73.5,0.0,0.0,100.0,0.0,BASEBALL_SAVANT_CURRENT_SEASON,2026-08-20T23:43:02.137578+00:00,SAVANT_BATTER_PROFILE_SCHEMA_V1,CURRENT
656775,"Mullins, Cedric",2026,417,84,20.1,8.2,23.0,49.9,0.259,0.188,0.306,31.7,3.8,70.8,7.8,8.0,32.0,0.286,BASEBALL_SAVANT_CURRENT_SEASON,2026-08-20T23:43:02.137578+00:00,SAVANT_BATTER_PROFILE_SCHEMA_V1,CURRENT
694410,"Groover, LuJames",2026,54,11,20.4,9.3,16.1,41.8,0.286,0.215,0.328,45.9,11.1,71.1,10.4,2.0,42.4,0.245,BASEBALL_SAVANT_CURRENT_SEASON,2026-08-20T23:43:02.137578+00:00,SAVANT_BATTER_PROFILE_SCHEMA_V1,CURRENT
656976,"Smith, Pavin",2026,89,18,20.2,11.2,17.2,43.7,0.255,0.188,0.253,31.1,3.3,70.9,10.1,1.0,28.2,0.206,BASEBALL_SAVANT_CURRENT_SEASON,2026-08-20T23:43:02.137578+00:00,SAVANT_BATTER_PROFILE_SCHEMA_V1,CURRENT
695257,"Cook, Billy",2026,49,19,38.8,2.0,33.7,59.8,0.155,0.144,0.189,20.7,0.0,73.4,29.1,1.0,27.1,0.2,BASEBALL_SAVANT_CURRENT_SEASON,2026-08-20T23:43:02.137578+00:00,SAVANT_BATTER_PROFILE_SCHEMA_V1,CURRENT
695670,"Ford, Harry",2026,60,18,30.0,11.7,27.4,40.8,0.243,0.147,0.259,29.4,8.8,68.5,3.2,3.0,30.9,0.326,BASEBALL_SAVANT_CURRENT_SEASON,2026-08-20T23:43:02.137578+00:00,SAVANT_BATTER_PROFILE_SCHEMA_V1,CURRENT
703520,"Bateman, Brett",2026,51,10,19.6,5.9,17.5,49.1,0.267,0.246,0.301,13.2,0.0,68.1,1.5,0.0,32.1,0.282,BASEBALL_SAVANT_CURRENT_SEASON,2026-08-20T23:43:02.137578+00:00,SAVANT_BATTER_PROFILE_SCHEMA_V1,CURRENT
661531,"Serven, Brian",2026,36,7,19.4,2.8,24.6,46.1,0.298,0.249,0.424,32.1,10.7,70.4,8.5,1.0,41.3,0.289,BASEBALL_SAVANT_CURRENT_SEASON,2026-08-20T23:43:02.137578+00:00,SAVANT_BATTER_PROFILE_SCHEMA_V1,CURRENT
573262,"Yastrzemski, Mike",2026,320,77,24.1,10.0,23.4,42.1,0.309,0.233,0.368,43.5,7.2,71.4,7.8,13.0,35.9,0.31,BASEBALL_SAVANT_CURRENT_SEASON,2026-08-20T23:43:02.137578+00:00,SAVANT_BATTER_PROFILE_SCHEMA_V1,CURRENT
592663,"Realmuto, J.T.",2026,357,76,21.3,7.6,24.2,47.2,0.319,0.256,0.384,40.4,4.5,73.2,34.7,9.0,34.3,0.281,BASEBALL_SAVANT_CURRENT_SEASON,2026-08-20T23:43:02.137578+00:00,SAVANT_BATTER_PROFILE_SCHEMA_V1,CURRENT
666152,"Hamilton, David",2026,308,69,22.4,9.7,23.3,45.0,0.268,0.207,0.296,27.7,3.9,69.4,5.5,20.0,29.9,0.295,BASEBALL_SAVANT_CURRENT_SEASON,2026-08-20T23:43:02.137578+00:00,SAVANT_BATTER_PROFILE_SCHEMA_V1,CURRENT
701678,"Lee, Hao-Yu",2026,227,53,23.3,6.2,28.2,48.7,0.295,0.238,0.386,38.1,8.1,71.1,19.4,9.0,37.5,0.323,BASEBALL_SAVANT_CURRENT_SEASON,2026-08-20T23:43:02.137578+00:00,SAVANT_BATTER_PROFILE_SCHEMA_V1,CURRENT
669360,"Cruz, Trei",2026,5,3,60.0,0.0,40.0,47.6,0.097,0.096,0.127,50.0,0.0,73.1,37.5,0.0,40.0,0.0,BASEBALL_SAVANT_CURRENT_SEASON,2026-08-20T23:43:02.137578+00:00,SAVANT_BATTER_PROFILE_SCHEMA_V1,CURRENT
691728,"Veen, Zac",2026,19,7,36.8,5.3,40.0,63.5,0.35,0.234,0.556,36.4,18.2,72.8,31.3,0.0,15.8,0.412,BASEBALL_SAVANT_CURRENT_SEASON,2026-08-20T23:43:02.137578+00:00,SAVANT_BATTER_PROFILE_SCHEMA_V1,CURRENT
680716,"Ornelas, Jonathan",2026,22,11,50.0,4.5,36.5,58.4,0.178,0.155,0.198,50.0,0.0,72.4,26.1,1.0,20.0,0.193,BASEBALL_SAVANT_CURRENT_SEASON,2026-08-20T23:43:02.137578+00:00,SAVANT_BATTER_PROFILE_SCHEMA_V1,CURRENT
681807,"Fry, David",2026,168,51,30.4,14.9,31.2,42.7,0.258,0.168,0.261,32.6,6.5,70.9,12.5,16.0,22.8,0.289,BASEBALL_SAVANT_CURRENT_SEASON,2026-08-20T23:43:02.137578+00:00,SAVANT_BATTER_PROFILE_SCHEMA_V1,CURRENT
688363,"Pauley, Graham",2026,115,27,23.5,4.3,22.9,46.0,0.219,0.182,0.28,24.1,4.8,71.7,17.2,7.0,27.3,0.234,BASEBALL_SAVANT_CURRENT_SEASON,2026-08-20T23:43:02.137578+00:00,SAVANT_BATTER_PROFILE_SCHEMA_V1,CURRENT
553993,"Suárez, Eugenio",2026,383,138,36.0,9.4,34.9,46.6,0.276,0.189,0.341,36.6,11.5,71.8,19.0,34.0,26.5,0.305,BASEBALL_SAVANT_CURRENT_SEASON,2026-08-20T23:43:02.137578+00:00,SAVANT_BATTER_PROFILE_SCHEMA_V1,CURRENT
686554,"Dunn, Oliver",2026,12,3,25.0,8.3,30.0,47.6,0.207,0.174,0.192,25.0,0.0,74.1,37.5,0.0,20.0,0.132,BASEBALL_SAVANT_CURRENT_SEASON,2026-08-20T23:43:02.137578+00:00,SAVANT_BATTER_PROFILE_SCHEMA_V1,CURRENT
672386,"Kirk, Alejandro",2026,202,23,11.4,10.9,17.2,43.8,0.311,0.265,0.373,38.2,3.8,71.6,16.2,7.0,38.1,0.34,BASEBALL_SAVANT_CURRENT_SEASON,2026-08-20T23:43:02.137578+00:00,SAVANT_BATTER_PROFILE_SCHEMA_V1,CURRENT
694249,"Carrigg, Cole",2026,232,48,20.7,10.3,24.0,51.5,0.327,0.262,0.388,32.1,4.5,73.6,38.4,13.0,24.3,0.358,BASEBALL_SAVANT_CURRENT_SEASON,2026-08-20T23:43:02.137578+00:00,SAVANT_BATTER_PROFILE_SCHEMA_V1,CURRENT
686611,"Crews, Dylan",2026,307,73,23.8,6.8,30.6,51.7,0.319,0.237,0.424,43.7,10.2,74.1,38.7,15.0,31.0,0.286,BASEBALL_SAVANT_CURRENT_SEASON,2026-08-20T23:43:02.137578+00:00,SAVANT_BATTER_PROFILE_SCHEMA_V1,CURRENT
644433,"Tromp, Chadwick",2026,51,13,25.5,0.0,24.3,56.6,0.17,0.174,0.217,26.3,0.0,70.4,9.4,2.0,26.6,0.15,BASEBALL_SAVANT_CURRENT_SEASON,2026-08-20T23:43:02.137578+00:00,SAVANT_BATTER_PROFILE_SCHEMA_V1,CURRENT
663609,"Baker, Luken",2026,5,3,60.0,0.0,50.0,33.3,0.123,0.132,0.15,50.0,0.0,72.8,14.3,0.0,25.0,0.178,BASEBALL_SAVANT_CURRENT_SEASON,2026-08-20T23:43:02.137578+00:00,SAVANT_BATTER_PROFILE_SCHEMA_V1,CURRENT
668904,"Lewis, Royce",2026,381,98,25.7,8.9,33.7,48.5,0.323,0.247,0.42,42.7,11.8,75.2,54.9,13.0,29.9,0.319,BASEBALL_SAVANT_CURRENT_SEASON,2026-08-20T23:43:02.137578+00:00,SAVANT_BATTER_PROFILE_SCHEMA_V1,CURRENT
666139,"Lowe, Josh",2026,252,71,28.2,7.1,31.3,57.0,0.296,0.223,0.4,38.9,8.6,74.1,39.9,5.0,25.5,0.278,BASEBALL_SAVANT_CURRENT_SEASON,2026-08-20T23:43:02.137578+00:00,SAVANT_BATTER_PROFILE_SCHEMA_V1,CURRENT
680777,"Jeffers, Ryan",2026,260,43,16.5,14.2,16.6,39.8,0.36,0.255,0.444,41.0,11.2,73.3,39.6,11.0,32.5,0.383,BASEBALL_SAVANT_CURRENT_SEASON,2026-08-20T23:43:02.137578+00:00,SAVANT_BATTER_PROFILE_SCHEMA_V1,CURRENT
687231,"Hernaiz, Darell",2026,140,24,17.1,9.3,22.6,50.8,0.263,0.218,0.274,26.5,1.0,69.2,8.0,9.0,28.6,0.274,BASEBALL_SAVANT_CURRENT_SEASON,2026-08-20T23:43:02.137578+00:00,SAVANT_BATTER_PROFILE_SCHEMA_V1,CURRENT
702616,"Holliday, Jackson",2026,259,61,23.6,13.1,28.7,43.5,0.315,0.239,0.367,34.1,7.3,70.6,6.3,8.0,34.1,0.311,BASEBALL_SAVANT_CURRENT_SEASON,2026-08-20T23:43:02.137578+00:00,SAVANT_BATTER_PROFILE_SCHEMA_V1,CURRENT
691406,"Caminero, Junior",2026,551,103,18.7,12.0,24.4,43.5,0.365,0.269,0.498,50.1,13.4,79.8,87.4,11.0,30.0,0.381,BASEBALL_SAVANT_CURRENT_SEASON,2026-08-20T23:43:02.137578+00:00,SAVANT_BATTER_PROFILE_SCHEMA_V1,CURRENT
699013,"Valdez, Esmerlyn",2026,235,87,37.0,14.9,39.3,42.0,0.333,0.199,0.438,48.2,20.5,74.9,52.0,4.0,30.1,0.38,BASEBALL_SAVANT_CURRENT_SEASON,2026-08-20T23:43:02.137578+00:00,SAVANT_BATTER_PROFILE_SCHEMA_V1,CURRENT
681393,"Norby, Connor",2026,260,77,29.6,10.8,32.1,49.6,0.29,0.195,0.332,36.7,6.8,70.4,7.1,17.0,28.7,0.299,BASEBALL_SAVANT_CURRENT_SEASON,2026-08-20T23:43:02.137578+00:00,SAVANT_BATTER_PROFILE_SCHEMA_V1,CURRENT
690993,"Keith, Colt",2026,363,67,18.5,6.9,20.4,44.4,0.335,0.278,0.433,42.2,7.1,71.8,17.8,11.0,39.0,0.326,BASEBALL_SAVANT_CURRENT_SEASON,2026-08-20T23:43:02.137578+00:00,SAVANT_BATTER_PROFILE_SCHEMA_V1,CURRENT
695681,"Moore, Christian",2026,22,11,50.0,4.5,39.3,60.2,0.202,0.188,0.241,50.0,10.0,74.6,40.0,0.0,29.0,0.193,BASEBALL_SAVANT_CURRENT_SEASON,2026-08-20T23:43:02.137578+00:00,SAVANT_BATTER_PROFILE_SCHEMA_V1,CURRENT
696285,"Young, Jacob",2026,382,65,17.0,6.5,21.2,43.6,0.318,0.264,0.393,32.6,6.0,69.4,2.1,11.0,43.1,0.314,BASEBALL_SAVANT_CURRENT_SEASON,2026-08-20T23:43:02.137578+00:00,SAVANT_BATTER_PROFILE_SCHEMA_V1,CURRENT
669397,"Allen, Nick",2026,128,27,21.1,5.5,25.6,46.8,0.231,0.204,0.259,25.8,2.2,68.8,1.1,4.0,35.1,0.279,BASEBALL_SAVANT_CURRENT_SEASON,2026-08-20T23:43:02.137578+00:00,SAVANT_BATTER_PROFILE_SCHEMA_V1,CURRENT
681047,"Franklin, Christian",2026,28,7,25.0,17.9,27.7,35.9,0.314,0.167,0.324,46.7,13.3,74.6,54.8,2.0,25.8,0.291,BASEBALL_SAVANT_CURRENT_SEASON,2026-08-20T23:43:02.137578+00:00,SAVANT_BATTER_PROFILE_SCHEMA_V1,CURRENT
592626,"Pederson, Joc",2026,381,90,23.6,11.5,30.3,46.4,0.347,0.249,0.449,50.6,11.1,72.1,21.5,9.0,36.5,0.352,BASEBALL_SAVANT_CURRENT_SEASON,2026-08-20T23:43:02.137578+00:00,SAVANT_BATTER_PROFILE_SCHEMA_V1,CURRENT
592885,"Yelich, Christian",2026,385,105,27.3,9.9,29.8,44.6,0.31,0.228,0.387,44.1,10.5,73.0,29.3,10.0,30.0,0.302,BASEBALL_SAVANT_CURRENT_SEASON,2026-08-20T23:43:02.137578+00:00,SAVANT_BATTER_PROFILE_SCHEMA_V1,CURRENT
687597,"Beck, Jordan",2026,122,33,27.0,7.4,29.3,52.4,0.248,0.203,0.291,30.0,5.1,73.9,38.3,3.0,25.0,0.24,BASEBALL_SAVANT_CURRENT_SEASON,2026-08-20T23:43:02.137578+00:00,SAVANT_BATTER_PROFILE_SCHEMA_V1,CURRENT
664761,"Bohm, Alec",2026,500,69,13.8,6.4,16.0,46.5,0.317,0.258,0.403,42.2,5.6,70.9,12.4,6.0,39.8,0.3,BASEBALL_SAVANT_CURRENT_SEASON,2026-08-20T23:43:02.137578+00:00,SAVANT_BATTER_PROFILE_SCHEMA_V1,CURRENT
671732,"Butler, Lawrence",2026,389,99,25.4,11.3,27.3,46.6,0.314,0.238,0.381,45.5,7.8,73.8,38.7,13.0,27.0,0.294,BASEBALL_SAVANT_CURRENT_SEASON,2026-08-20T23:43:02.137578+00:00,SAVANT_BATTER_PROFILE_SCHEMA_V1,CURRENT
667472,"Myers, Dane",2026,236,60,25.4,11.4,20.2,42.4,0.317,0.235,0.37,36.3,5.7,71.4,20.2,7.0,30.4,0.326,BASEBALL_SAVANT_CURRENT_SEASON,2026-08-20T23:43:02.137578+00:00,SAVANT_BATTER_PROFILE_SCHEMA_V1,CURRENT
805999,"Ewing, A.J.",2026,358,95,26.5,9.8,24.7,45.8,0.324,0.255,0.402,43.8,8.0,70.3,11.4,17.0,32.4,0.31,BASEBALL_SAVANT_CURRENT_SEASON,2026-08-20T23:43:02.137578+00:00,SAVANT_BATTER_PROFILE_SCHEMA_V1,CURRENT
678554,"Mead, Curtis",2026,329,63,19.1,11.9,18.1,40.6,0.358,0.259,0.457,42.3,10.9,72.6,27.3,9.0,30.2,0.37,BASEBALL_SAVANT_CURRENT_SEASON,2026-08-20T23:43:02.137578+00:00,SAVANT_BATTER_PROFILE_SCHEMA_V1,CURRENT
700652,"Piper, Kenny",2026,5,0,0.0,20.0,0.0,53.3,0.214,0.091,0.117,25.0,0.0,76.9,71.4,0.0,28.6,0.317,BASEBALL_SAVANT_CURRENT_SEASON,2026-08-20T23:43:02.137578+00:00,SAVANT_BATTER_PROFILE_SCHEMA_V1,CURRENT
641820,"Mancini, Trey",2026,14,3,21.4,0.0,18.8,65.3,0.282,0.241,0.322,45.5,18.2,74.5,37.9,0.0,24.0,0.305,BASEBALL_SAVANT_CURRENT_SEASON,2026-08-20T23:43:02.137578+00:00,SAVANT_BATTER_PROFILE_SCHEMA_V1,CURRENT
807747,"Nishida, Rikuu",2026,30,5,16.7,0.0,15.2,47.4,0.247,0.258,0.306,12.0,0.0,61.7,0.0,1.0,60.0,0.215,BASEBALL_SAVANT_CURRENT_SEASON,2026-08-20T23:43:02.137578+00:00,SAVANT_BATTER_PROFILE_SCHEMA_V1,CURRENT
669357,"Gorman, Nolan",2026,229,74,32.3,10.9,38.9,49.9,0.278,0.197,0.351,43.8,9.2,73.1,30.5,8.0,29.1,0.266,BASEBALL_SAVANT_CURRENT_SEASON,2026-08-20T23:43:02.137578+00:00,SAVANT_BATTER_PROFILE_SCHEMA_V1,CURRENT
670224,"Misner, Kameron",2026,44,17,38.6,4.5,36.7,53.3,0.209,0.185,0.242,20.0,0.0,74.3,41.2,0.0,19.6,0.227,BASEBALL_SAVANT_CURRENT_SEASON,2026-08-20T23:43:02.137578+00:00,SAVANT_BATTER_PROFILE_SCHEMA_V1,CURRENT
805367,"Meidroth, Chase",2026,510,116,22.7,9.6,19.2,41.3,0.293,0.234,0.333,34.8,4.4,67.1,1.2,14.0,36.7,0.336,BASEBALL_SAVANT_CURRENT_SEASON,2026-08-20T23:43:02.137578+00:00,SAVANT_BATTER_PROFILE_SCHEMA_V1,CURRENT
810938,"Williamson, Ben",2026,270,51,18.9,7.4,17.1,42.9,0.289,0.252,0.33,33.0,1.5,69.4,11.3,9.0,35.2,0.288,BASEBALL_SAVANT_CURRENT_SEASON,2026-08-20T23:43:02.137578+00:00,SAVANT_BATTER_PROFILE_SCHEMA_V1,CURRENT
621493,"Ward, Taylor",2026,542,111,20.5,16.1,19.5,34.6,0.339,0.248,0.374,38.2,5.7,68.5,3.0,16.0,41.6,0.324,BASEBALL_SAVANT_CURRENT_SEASON,2026-08-20T23:43:02.137578+00:00,SAVANT_BATTER_PROFILE_SCHEMA_V1,CURRENT
682989,"Mederos, Victor",2026,1,0,0.0,0.0,0.0,66.7,0.543,0.583,0.664,100.0,0.0,77.6,50.0,0.0,50.0,0.89,BASEBALL_SAVANT_CURRENT_SEASON,2026-08-20T23:43:02.137578+00:00,SAVANT_BATTER_PROFILE_SCHEMA_V1,CURRENT
803011,"Antonacci, Sam",2026,425,67,15.8,7.8,15.2,42.4,0.346,0.277,0.4,34.6,5.7,70.0,8.6,6.0,33.0,0.344,BASEBALL_SAVANT_CURRENT_SEASON,2026-08-20T23:43:02.137578+00:00,SAVANT_BATTER_PROFILE_SCHEMA_V1,CURRENT
805808,"McGonigle, Kevin",2026,555,78,14.1,13.9,16.2,43.0,0.349,0.26,0.424,36.6,6.8,71.2,15.9,13.0,35.6,0.359,BASEBALL_SAVANT_CURRENT_SEASON,2026-08-20T23:43:02.137578+00:00,SAVANT_BATTER_PROFILE_SCHEMA_V1,CURRENT
678009,"Meadows, Parker",2026,39,10,25.6,5.1,20.3,45.4,0.25,0.212,0.277,19.2,3.8,70.1,1.5,0.0,30.2,0.287,BASEBALL_SAVANT_CURRENT_SEASON,2026-08-20T23:43:02.137578+00:00,SAVANT_BATTER_PROFILE_SCHEMA_V1,CURRENT
642020,"Robinson, Chuckie",2026,26,5,19.2,0.0,29.6,60.0,0.149,0.159,0.181,14.3,0.0,69.7,4.9,0.0,38.5,0.077,BASEBALL_SAVANT_CURRENT_SEASON,2026-08-20T23:43:02.137578+00:00,SAVANT_BATTER_PROFILE_SCHEMA_V1,CURRENT
800050,"DeLauter, Chase",2026,453,64,14.1,10.4,15.3,42.1,0.346,0.277,0.43,45.5,6.5,71.3,17.3,20.0,40.3,0.351,BASEBALL_SAVANT_CURRENT_SEASON,2026-08-20T23:43:02.137578+00:00,SAVANT_BATTER_PROFILE_SCHEMA_V1,CURRENT
687221,"Rushing, Dalton",2026,245,70,28.6,9.4,31.5,49.5,0.34,0.254,0.434,44.6,12.2,72.4,15.1,11.0,31.1,0.352,BASEBALL_SAVANT_CURRENT_SEASON,2026-08-20T23:43:02.137578+00:00,SAVANT_BATTER_PROFILE_SCHEMA_V1,CURRENT
669065,"Stowers, Kyle",2026,399,125,31.3,9.5,35.4,52.6,0.331,0.235,0.436,55.0,11.4,75.4,56.2,22.0,30.7,0.341,BASEBALL_SAVANT_CURRENT_SEASON,2026-08-20T23:43:02.137578+00:00,SAVANT_BATTER_PROFILE_SCHEMA_V1,CURRENT
607208,"Turner, Trea",2026,547,118,21.6,6.4,27.0,50.7,0.298,0.249,0.373,40.0,6.2,71.7,19.6,13.0,33.5,0.305,BASEBALL_SAVANT_CURRENT_SEASON,2026-08-20T23:43:02.137578+00:00,SAVANT_BATTER_PROFILE_SCHEMA_V1,CURRENT
669911,"Toglia, Michael",2026,24,10,41.7,8.3,30.6,40.9,0.242,0.206,0.263,58.3,0.0,73.8,46.9,2.0,41.7,0.2,BASEBALL_SAVANT_CURRENT_SEASON,2026-08-20T23:43:02.137578+00:00,SAVANT_BATTER_PROFILE_SCHEMA_V1,CURRENT
682928,"Abrams, CJ",2026,534,124,23.2,8.6,29.0,50.9,0.342,0.256,0.446,41.5,10.3,72.9,28.5,25.0,32.3,0.378,BASEBALL_SAVANT_CURRENT_SEASON,2026-08-20T23:43:02.137578+00:00,SAVANT_BATTER_PROFILE_SCHEMA_V1,CURRENT
673962,"Jung, Josh",2026,396,71,17.9,8.3,18.4,46.4,0.347,0.286,0.432,48.3,6.3,70.5,8.9,13.0,38.8,0.352,BASEBALL_SAVANT_CURRENT_SEASON,2026-08-20T23:43:02.137578+00:00,SAVANT_BATTER_PROFILE_SCHEMA_V1,CURRENT
678225,"Bae, Jihwan",2026,4,1,25.0,0.0,28.6,53.8,0.361,0.193,0.195,0.0,0.0,59.0,0.0,0.0,0.0,0.539,BASEBALL_SAVANT_CURRENT_SEASON,2026-08-20T23:43:02.137578+00:00,SAVANT_BATTER_PROFILE_SCHEMA_V1,CURRENT
678246,"Vargas, Miguel",2026,547,97,17.7,13.0,21.0,45.2,0.384,0.264,0.519,46.5,14.6,74.0,43.9,5.0,33.7,0.36,BASEBALL_SAVANT_CURRENT_SEASON,2026-08-20T23:43:02.137578+00:00,SAVANT_BATTER_PROFILE_SCHEMA_V1,CURRENT
668670,"Rogers, Jake",2026,137,39,28.5,13.1,28.0,42.0,0.277,0.185,0.313,38.0,8.9,70.7,5.0,9.0,34.2,0.27,BASEBALL_SAVANT_CURRENT_SEASON,2026-08-20T23:43:02.137578+00:00,SAVANT_BATTER_PROFILE_SCHEMA_V1,CURRENT
575929,"Contreras, Willson",2026,479,122,25.5,11.1,31.2,48.8,0.38,0.258,0.496,44.5,14.2,77.1,71.5,22.0,25.4,0.4,BASEBALL_SAVANT_CURRENT_SEASON,2026-08-20T23:43:02.137578+00:00,SAVANT_BATTER_PROFILE_SCHEMA_V1,CURRENT
690022,"Ritter, Ryan",2026,7,3,42.9,0.0,33.3,72.0,0.166,0.167,0.214,25.0,0.0,70.3,6.7,0.0,40.0,0.127,BASEBALL_SAVANT_CURRENT_SEASON,2026-08-20T23:43:02.137578+00:00,SAVANT_BATTER_PROFILE_SCHEMA_V1,CURRENT
641584,"Fraley, Jake",2026,90,25,27.8,8.9,21.8,44.9,0.276,0.204,0.345,21.4,8.8,71.6,22.7,0.0,23.9,0.304,BASEBALL_SAVANT_CURRENT_SEASON,2026-08-20T23:43:02.137578+00:00,SAVANT_BATTER_PROFILE_SCHEMA_V1,CURRENT
656716,"McKinstry, Zach",2026,349,54,15.5,10.3,15.8,48.4,0.291,0.238,0.322,22.6,2.3,68.2,4.9,6.0,31.3,0.285,BASEBALL_SAVANT_CURRENT_SEASON,2026-08-20T23:43:02.137578+00:00,SAVANT_BATTER_PROFILE_SCHEMA_V1,CURRENT
660688,"Ruiz, Keibert",2026,284,33,11.6,4.9,13.5,52.0,0.283,0.244,0.362,37.4,4.7,67.7,0.5,2.0,45.0,0.326,BASEBALL_SAVANT_CURRENT_SEASON,2026-08-20T23:43:02.137578+00:00,SAVANT_BATTER_PROFILE_SCHEMA_V1,CURRENT
641355,"Bellinger, Cody",2026,434,70,16.1,12.7,20.3,45.7,0.35,0.277,0.419,37.3,6.2,69.5,3.0,9.0,38.8,0.339,BASEBALL_SAVANT_CURRENT_SEASON,2026-08-20T23:43:02.137578+00:00,SAVANT_BATTER_PROFILE_SCHEMA_V1,CURRENT
683002,"Henderson, Gunnar",2026,571,126,22.1,9.1,23.8,47.8,0.319,0.243,0.4,45.3,7.3,74.4,44.9,19.0,30.3,0.308,BASEBALL_SAVANT_CURRENT_SEASON,2026-08-20T23:43:02.137578+00:00,SAVANT_BATTER_PROFILE_SCHEMA_V1,CURRENT
676369,"Velázquez, Nelson",2026,88,26,29.5,8.0,37.6,49.6,0.355,0.256,0.495,63.0,13.0,74.9,55.8,1.0,39.8,0.295,BASEBALL_SAVANT_CURRENT_SEASON,2026-08-20T23:43:02.137578+00:00,SAVANT_BATTER_PROFILE_SCHEMA_V1,CURRENT
670541,"Alvarez, Yordan",2026,550,94,17.1,15.6,20.0,42.8,0.458,0.329,0.675,53.4,17.5,76.1,61.6,5.0,33.2,0.432,BASEBALL_SAVANT_CURRENT_SEASON,2026-08-20T23:43:02.137578+00:00,SAVANT_BATTER_PROFILE_SCHEMA_V1,CURRENT
690291,"Jung, Jace",2026,8,1,12.5,25.0,6.7,45.5,0.392,0.287,0.387,20.0,0.0,71.9,15.4,1.0,23.1,0.286,BASEBALL_SAVANT_CURRENT_SEASON,2026-08-20T23:43:02.137578+00:00,SAVANT_BATTER_PROFILE_SCHEMA_V1,CURRENT
669717,"Wilson, Will",2026,6,1,16.7,16.7,38.5,52.0,0.451,0.212,0.762,25.0,25.0,65.7,0.0,2.0,25.0,0.458,BASEBALL_SAVANT_CURRENT_SEASON,2026-08-20T23:43:02.137578+00:00,SAVANT_BATTER_PROFILE_SCHEMA_V1,CURRENT
663697,"India, Jonathan",2026,58,13,22.4,13.8,22.6,39.2,0.284,0.173,0.289,31.4,5.7,71.0,14.6,3.0,29.9,0.29,BASEBALL_SAVANT_CURRENT_SEASON,2026-08-20T23:43:02.137578+00:00,SAVANT_BATTER_PROFILE_SCHEMA_V1,CURRENT
606115,"Arcia, Orlando",2026,50,8,16.0,4.0,22.1,51.2,0.245,0.223,0.298,25.0,2.5,70.6,13.3,3.0,41.0,0.29,BASEBALL_SAVANT_CURRENT_SEASON,2026-08-20T23:43:02.137578+00:00,SAVANT_BATTER_PROFILE_SCHEMA_V1,CURRENT
650402,"Torres, Gleyber",2026,312,58,18.6,14.4,22.4,41.1,0.336,0.254,0.383,33.5,6.8,68.0,3.1,6.0,37.1,0.351,BASEBALL_SAVANT_CURRENT_SEASON,2026-08-20T23:43:02.137578+00:00,SAVANT_BATTER_PROFILE_SCHEMA_V1,CURRENT
642133,"Tellez, Rowdy",2026,11,3,27.3,9.1,30.4,44.2,0.506,0.339,0.828,42.9,28.6,76.4,52.4,0.0,21.4,0.33,BASEBALL_SAVANT_CURRENT_SEASON,2026-08-20T23:43:02.137578+00:00,SAVANT_BATTER_PROFILE_SCHEMA_V1,CURRENT
807713,"Shaw, Matt",2026,147,27,18.4,8.2,19.7,47.4,0.301,0.241,0.359,36.2,4.8,69.0,7.3,3.0,32.0,0.324,BASEBALL_SAVANT_CURRENT_SEASON,2026-08-20T23:43:02.137578+00:00,SAVANT_BATTER_PROFILE_SCHEMA_V1,CURRENT
553869,"Díaz, Elias",2026,166,39,23.5,2.4,28.0,55.4,0.259,0.224,0.356,37.7,6.6,74.9,49.5,11.0,23.8,0.27,BASEBALL_SAVANT_CURRENT_SEASON,2026-08-20T23:43:02.137578+00:00,SAVANT_BATTER_PROFILE_SCHEMA_V1,CURRENT
640492,"Azócar, José",2026,18,4,22.2,5.6,27.5,58.0,0.298,0.282,0.345,23.1,0.0,69.2,9.4,2.0,26.1,0.376,BASEBALL_SAVANT_CURRENT_SEASON,2026-08-20T23:43:02.137578+00:00,SAVANT_BATTER_PROFILE_SCHEMA_V1,CURRENT
691182,"Amador, Adael",2026,13,5,38.5,23.1,24.0,42.4,0.258,0.092,0.213,20.0,20.0,68.4,0.0,0.0,11.1,0.484,BASEBALL_SAVANT_CURRENT_SEASON,2026-08-20T23:43:02.137578+00:00,SAVANT_BATTER_PROFILE_SCHEMA_V1,CURRENT
699302,"Rodríguez, Héctor",2026,34,8,23.5,8.8,27.3,52.8,0.207,0.162,0.202,30.4,4.3,75.1,50.8,2.0,22.7,0.151,BASEBALL_SAVANT_CURRENT_SEASON,2026-08-20T23:43:02.137578+00:00,SAVANT_BATTER_PROFILE_SCHEMA_V1,CURRENT
681987,"Eaton, Nate",2026,39,12,30.8,12.8,35.1,47.0,0.291,0.16,0.316,35.0,10.0,73.4,31.9,1.0,24.4,0.267,BASEBALL_SAVANT_CURRENT_SEASON,2026-08-20T23:43:02.137578+00:00,SAVANT_BATTER_PROFILE_SCHEMA_V1,CURRENT
664770,"Lukes, Nathan",2026,333,50,15.0,5.7,17.2,49.7,0.285,0.255,0.331,26.6,1.5,67.0,3.4,6.0,34.7,0.298,BASEBALL_SAVANT_CURRENT_SEASON,2026-08-20T23:43:02.137578+00:00,SAVANT_BATTER_PROFILE_SCHEMA_V1,CURRENT
668974,"Handley, Maverick",2026,1,1,100.0,0.0,66.7,75.0,0.0,0.0,0.0,,,67.8,0.0,0.0,0.0,0.0,BASEBALL_SAVANT_CURRENT_SEASON,2026-08-20T23:43:02.137578+00:00,SAVANT_BATTER_PROFILE_SCHEMA_V1,CURRENT
670032,"Lopez, Nicky",2026,219,37,16.9,4.1,18.7,51.8,0.251,0.234,0.281,21.2,0.0,66.1,0.3,4.0,34.7,0.273,BASEBALL_SAVANT_CURRENT_SEASON,2026-08-20T23:43:02.137578+00:00,SAVANT_BATTER_PROFILE_SCHEMA_V1,CURRENT
701675,"Church, Nathan",2026,352,67,19.0,5.4,21.5,56.9,0.285,0.24,0.36,30.4,6.5,69.9,9.8,5.0,27.0,0.279,BASEBALL_SAVANT_CURRENT_SEASON,2026-08-20T23:43:02.137578+00:00,SAVANT_BATTER_PROFILE_SCHEMA_V1,CURRENT
624585,"Soler, Jorge",2026,361,118,32.7,9.7,36.9,47.3,0.294,0.206,0.362,42.6,10.9,74.9,51.2,7.0,25.7,0.294,BASEBALL_SAVANT_CURRENT_SEASON,2026-08-20T23:43:02.137578+00:00,SAVANT_BATTER_PROFILE_SCHEMA_V1,CURRENT
643446,"McNeil, Jeff",2026,383,44,11.5,6.5,15.9,57.4,0.311,0.279,0.373,31.7,1.9,68.6,3.2,13.0,34.4,0.301,BASEBALL_SAVANT_CURRENT_SEASON,2026-08-20T23:43:02.137578+00:00,SAVANT_BATTER_PROFILE_SCHEMA_V1,CURRENT
657757,"Sheets, Gavin",2026,399,83,20.8,11.8,21.1,43.2,0.318,0.231,0.383,39.4,7.2,74.4,46.2,20.0,25.2,0.317,BASEBALL_SAVANT_CURRENT_SEASON,2026-08-20T23:43:02.137578+00:00,SAVANT_BATTER_PROFILE_SCHEMA_V1,CURRENT
571945,"Mikolas, Miles",2026,1,0,0.0,0.0,0.0,66.7,0.0,0.0,0.0,0.0,0.0,,,,,0.0,BASEBALL_SAVANT_CURRENT_SEASON,2026-08-20T23:43:02.137578+00:00,SAVANT_BATTER_PROFILE_SCHEMA_V1,CURRENT
683146,"Baty, Brett",2026,391,109,27.9,8.7,29.0,49.2,0.302,0.229,0.377,41.4,9.0,75.1,55.4,20.0,28.1,0.274,BASEBALL_SAVANT_CURRENT_SEASON,2026-08-20T23:43:02.137578+00:00,SAVANT_BATTER_PROFILE_SCHEMA_V1,CURRENT
666126,"Cortes, Carlos",2026,288,43,14.9,9.0,21.4,45.0,0.317,0.252,0.389,37.9,6.6,70.7,13.3,10.0,35.4,0.324,BASEBALL_SAVANT_CURRENT_SEASON,2026-08-20T23:43:02.137578+00:00,SAVANT_BATTER_PROFILE_SCHEMA_V1,CURRENT
691720,"Karros, Kyle",2026,396,81,20.5,11.9,23.8,44.7,0.339,0.256,0.405,41.6,8.0,70.2,6.5,27.0,32.4,0.346,BASEBALL_SAVANT_CURRENT_SEASON,2026-08-20T23:43:02.137578+00:00,SAVANT_BATTER_PROFILE_SCHEMA_V1,CURRENT
680779,"Davis, Henry",2026,256,55,21.5,9.0,25.2,53.3,0.285,0.199,0.333,39.2,8.8,74.3,44.2,10.0,28.0,0.259,BASEBALL_SAVANT_CURRENT_SEASON,2026-08-20T23:43:02.137578+00:00,SAVANT_BATTER_PROFILE_SCHEMA_V1,CURRENT
691019,"Teel, Kyle",2026,70,27,38.6,8.6,36.4,48.5,0.302,0.233,0.371,50.0,11.1,72.4,30.8,4.0,24.7,0.266,BASEBALL_SAVANT_CURRENT_SEASON,2026-08-20T23:43:02.137578+00:00,SAVANT_BATTER_PROFILE_SCHEMA_V1,CURRENT
669236,"Jackson, Jeremiah",2026,248,51,20.6,3.2,27.3,58.5,0.286,0.244,0.387,38.5,7.5,72.9,28.4,14.0,35.3,0.265,BASEBALL_SAVANT_CURRENT_SEASON,2026-08-20T23:43:02.137578+00:00,SAVANT_BATTER_PROFILE_SCHEMA_V1,CURRENT
663538,"Hoerner, Nico",2026,549,47,8.6,7.3,12.0,46.0,0.326,0.301,0.376,28.1,1.1,68.3,1.4,13.0,40.0,0.305,BASEBALL_SAVANT_CURRENT_SEASON,2026-08-20T23:43:02.137578+00:00,SAVANT_BATTER_PROFILE_SCHEMA_V1,CURRENT
676914,"Schneider, Davis",2026,140,47,33.6,17.9,32.6,37.8,0.275,0.15,0.277,42.6,10.4,70.8,11.3,4.0,31.9,0.269,BASEBALL_SAVANT_CURRENT_SEASON,2026-08-20T23:43:02.137578+00:00,SAVANT_BATTER_PROFILE_SCHEMA_V1,CURRENT
666397,"Julien, Edouard",2026,276,71,25.7,14.1,23.7,40.9,0.338,0.247,0.401,49.7,7.3,71.5,15.2,7.0,35.7,0.286,BASEBALL_SAVANT_CURRENT_SEASON,2026-08-20T23:43:02.137578+00:00,SAVANT_BATTER_PROFILE_SCHEMA_V1,CURRENT
689414,"Hicks, Liam",2026,460,43,9.3,10.4,10.8,41.2,0.316,0.253,0.351,28.1,3.9,68.3,4.3,10.0,38.4,0.355,BASEBALL_SAVANT_CURRENT_SEASON,2026-08-20T23:43:02.137578+00:00,SAVANT_BATTER_PROFILE_SCHEMA_V1,CURRENT
677594,"Rodríguez, Julio",2026,503,106,21.1,8.0,26.8,52.5,0.351,0.274,0.466,42.9,9.1,76.7,68.9,11.0,27.0,0.322,BASEBALL_SAVANT_CURRENT_SEASON,2026-08-20T23:43:02.137578+00:00,SAVANT_BATTER_PROFILE_SCHEMA_V1,CURRENT
666624,"Morel, Christopher",2026,77,28,36.4,6.5,34.8,50.9,0.222,0.184,0.235,41.9,2.3,76.0,59.0,2.0,30.4,0.208,BASEBALL_SAVANT_CURRENT_SEASON,2026-08-20T23:43:02.137578+00:00,SAVANT_BATTER_PROFILE_SCHEMA_V1,CURRENT
699625,"Crooks, Jimmy",2026,132,43,32.6,6.1,34.1,50.4,0.282,0.195,0.371,46.8,9.2,71.8,19.5,2.0,32.7,0.255,BASEBALL_SAVANT_CURRENT_SEASON,2026-08-20T23:43:02.137578+00:00,SAVANT_BATTER_PROFILE_SCHEMA_V1,CURRENT
691785,"Mayer, Marcelo",2026,228,44,19.3,7.0,26.5,50.1,0.259,0.201,0.297,36.0,6.1,74.6,47.2,8.0,27.6,0.267,BASEBALL_SAVANT_CURRENT_SEASON,2026-08-20T23:43:02.137578+00:00,SAVANT_BATTER_PROFILE_SCHEMA_V1,CURRENT
679822,"Foscue, Justin",2026,168,43,25.6,7.7,20.4,43.2,0.319,0.235,0.426,40.9,10.0,71.1,11.3,2.0,35.5,0.344,BASEBALL_SAVANT_CURRENT_SEASON,2026-08-20T23:43:02.137578+00:00,SAVANT_BATTER_PROFILE_SCHEMA_V1,CURRENT
677595,"Mauricio, Ronny",2026,50,18,36.0,0.0,32.1,63.4,0.205,0.181,0.299,34.4,9.4,74.8,48.5,1.0,23.9,0.191,BASEBALL_SAVANT_CURRENT_SEASON,2026-08-20T23:43:02.137578+00:00,SAVANT_BATTER_PROFILE_SCHEMA_V1,CURRENT
828599,"Spence, Lucas",2026,41,15,36.6,7.3,38.0,50.3,0.236,0.177,0.253,40.9,4.5,73.1,30.9,1.0,34.1,0.208,BASEBALL_SAVANT_CURRENT_SEASON,2026-08-20T23:43:02.137578+00:00,SAVANT_BATTER_PROFILE_SCHEMA_V1,CURRENT
686217,"Frelick, Sal",2026,313,31,9.9,8.0,10.7,42.8,0.281,0.243,0.322,27.8,2.0,68.3,3.1,7.0,38.8,0.281,BASEBALL_SAVANT_CURRENT_SEASON,2026-08-20T23:43:02.137578+00:00,SAVANT_BATTER_PROFILE_SCHEMA_V1,CURRENT
694388,"Loperfido, Joey",2026,120,31,25.8,11.7,31.0,48.8,0.297,0.231,0.337,35.6,6.8,71.8,18.9,5.0,30.5,0.289,BASEBALL_SAVANT_CURRENT_SEASON,2026-08-20T23:43:02.137578+00:00,SAVANT_BATTER_PROFILE_SCHEMA_V1,CURRENT
676572,"Wagaman, Eric",2026,47,11,23.4,8.5,30.5,41.2,0.304,0.23,0.368,22.6,6.5,72.4,31.1,2.0,26.4,0.276,BASEBALL_SAVANT_CURRENT_SEASON,2026-08-20T23:43:02.137578+00:00,SAVANT_BATTER_PROFILE_SCHEMA_V1,CURRENT
804668,"Flores Jr., Rafael",2026,56,15,26.8,14.3,34.1,38.7,0.413,0.27,0.603,51.5,21.2,74.0,40.2,2.0,41.1,0.475,BASEBALL_SAVANT_CURRENT_SEASON,2026-08-20T23:43:02.137578+00:00,SAVANT_BATTER_PROFILE_SCHEMA_V1,CURRENT
571970,"Muncy, Max",2026,441,112,25.4,11.3,29.5,45.4,0.349,0.24,0.479,45.5,13.8,71.5,15.0,13.0,35.6,0.362,BASEBALL_SAVANT_CURRENT_SEASON,2026-08-20T23:43:02.137578+00:00,SAVANT_BATTER_PROFILE_SCHEMA_V1,CURRENT
686555,"Collins, Isaac",2026,418,93,22.2,11.5,21.8,40.0,0.301,0.229,0.324,40.6,5.9,73.6,33.6,23.0,32.8,0.304,BASEBALL_SAVANT_CURRENT_SEASON,2026-08-20T23:43:02.137578+00:00,SAVANT_BATTER_PROFILE_SCHEMA_V1,CURRENT
593871,"Polanco, Jorge",2026,145,36,24.8,6.2,24.0,45.0,0.234,0.189,0.284,31.0,4.0,69.5,3.1,5.0,33.3,0.196,BASEBALL_SAVANT_CURRENT_SEASON,2026-08-20T23:43:02.137578+00:00,SAVANT_BATTER_PROFILE_SCHEMA_V1,CURRENT
623205,"Velazquez, Andrew",2026,15,2,13.3,0.0,14.3,62.2,0.16,0.167,0.2,23.1,0.0,70.1,10.5,0.0,31.3,0.059,BASEBALL_SAVANT_CURRENT_SEASON,2026-08-20T23:43:02.137578+00:00,SAVANT_BATTER_PROFILE_SCHEMA_V1,CURRENT
657041,"Thomas, Lane",2026,348,87,25.0,11.8,22.6,41.3,0.317,0.242,0.376,42.2,6.9,72.5,24.3,20.0,31.8,0.321,BASEBALL_SAVANT_CURRENT_SEASON,2026-08-20T23:43:02.137578+00:00,SAVANT_BATTER_PROFILE_SCHEMA_V1,CURRENT
663457,"Nootbaar, Lars",2026,228,47,20.6,14.0,19.2,36.8,0.332,0.239,0.414,49.7,9.4,73.2,36.7,8.0,38.5,0.3,BASEBALL_SAVANT_CURRENT_SEASON,2026-08-20T23:43:02.137578+00:00,SAVANT_BATTER_PROFILE_SCHEMA_V1,CURRENT
676694,"Meyers, Jake",2026,153,31,20.3,6.5,21.8,52.2,0.256,0.205,0.316,27.9,6.3,67.5,4.6,8.0,32.5,0.264,BASEBALL_SAVANT_CURRENT_SEASON,2026-08-20T23:43:02.137578+00:00,SAVANT_BATTER_PROFILE_SCHEMA_V1,CURRENT
694514,"Thompson, Sterlin",2026,77,21,27.3,6.5,30.1,50.0,0.295,0.219,0.357,43.8,6.3,75.4,55.5,0.0,24.4,0.308,BASEBALL_SAVANT_CURRENT_SEASON,2026-08-20T23:43:02.137578+00:00,SAVANT_BATTER_PROFILE_SCHEMA_V1,CURRENT
691016,"Soderstrom, Tyler",2026,453,91,20.1,11.7,22.9,45.9,0.328,0.246,0.411,45.4,9.5,74.4,45.1,16.0,30.7,0.349,BASEBALL_SAVANT_CURRENT_SEASON,2026-08-20T23:43:02.137578+00:00,SAVANT_BATTER_PROFILE_SCHEMA_V1,CURRENT
687394,"Brannigan, Jack",2026,1,1,100.0,0.0,100.0,100.0,0.0,0.0,0.0,,,73.9,33.3,0.0,,0.0,BASEBALL_SAVANT_CURRENT_SEASON,2026-08-20T23:43:02.137578+00:00,SAVANT_BATTER_PROFILE_SCHEMA_V1,CURRENT
672275,"Bailey, Patrick",2026,265,67,25.3,7.2,26.5,50.1,0.288,0.229,0.377,40.8,6.8,73.0,33.3,10.0,30.8,0.237,BASEBALL_SAVANT_CURRENT_SEASON,2026-08-20T23:43:02.137578+00:00,SAVANT_BATTER_PROFILE_SCHEMA_V1,CURRENT
596115,"Story, Trevor",2026,176,57,32.4,4.5,31.7,55.4,0.248,0.212,0.309,41.8,3.6,71.1,15.1,4.0,29.5,0.242,BASEBALL_SAVANT_CURRENT_SEASON,2026-08-20T23:43:02.137578+00:00,SAVANT_BATTER_PROFILE_SCHEMA_V1,CURRENT
663853,"Gonzalez, Romy",2026,73,21,28.8,6.8,33.8,52.4,0.289,0.231,0.335,37.8,4.4,71.8,18.5,2.0,29.5,0.258,BASEBALL_SAVANT_CURRENT_SEASON,2026-08-20T23:43:02.137578+00:00,SAVANT_BATTER_PROFILE_SCHEMA_V1,CURRENT
645277,"Albies, Ozzie",2026,542,75,13.8,7.0,20.5,56.3,0.285,0.23,0.359,28.4,4.3,68.8,5.6,13.0,33.8,0.315,BASEBALL_SAVANT_CURRENT_SEASON,2026-08-20T23:43:02.137578+00:00,SAVANT_BATTER_PROFILE_SCHEMA_V1,CURRENT
694378,"Gonzalez, Jacob",2026,175,31,17.7,5.1,20.3,58.1,0.315,0.262,0.408,36.6,3.8,71.2,14.5,6.0,26.7,0.293,BASEBALL_SAVANT_CURRENT_SEASON,2026-08-20T23:43:02.137578+00:00,SAVANT_BATTER_PROFILE_SCHEMA_V1,CURRENT
691011,"Romo, Drew",2026,176,43,24.4,8.0,30.2,52.5,0.246,0.179,0.291,25.6,6.8,69.9,5.2,9.0,28.6,0.233,BASEBALL_SAVANT_CURRENT_SEASON,2026-08-20T23:43:02.137578+00:00,SAVANT_BATTER_PROFILE_SCHEMA_V1,CURRENT
665861,"Rivero, Sebastián",2026,56,11,19.6,5.4,25.7,58.6,0.272,0.261,0.304,14.3,0.0,70.0,10.1,4.0,20.9,0.262,BASEBALL_SAVANT_CURRENT_SEASON,2026-08-20T23:43:02.137578+00:00,SAVANT_BATTER_PROFILE_SCHEMA_V1,CURRENT
519317,"Stanton, Giancarlo",2026,96,29,30.2,6.3,38.7,45.1,0.326,0.245,0.466,44.3,18.0,79.3,92.9,3.0,30.3,0.316,BASEBALL_SAVANT_CURRENT_SEASON,2026-08-20T23:43:02.137578+00:00,SAVANT_BATTER_PROFILE_SCHEMA_V1,CURRENT
641343,"Bauers, Jake",2026,457,116,25.4,14.4,27.9,41.0,0.37,0.259,0.48,53.3,14.1,76.6,70.5,20.0,34.7,0.383,BASEBALL_SAVANT_CURRENT_SEASON,2026-08-20T23:43:02.137578+00:00,SAVANT_BATTER_PROFILE_SCHEMA_V1,CURRENT
665487,"Tatis Jr., Fernando",2026,555,103,18.6,9.7,27.1,45.9,0.371,0.29,0.475,52.7,12.2,76.3,65.0,26.0,37.0,0.343,BASEBALL_SAVANT_CURRENT_SEASON,2026-08-20T23:43:02.137578+00:00,SAVANT_BATTER_PROFILE_SCHEMA_V1,CURRENT
694371,"Troy, Tommy",2026,134,31,23.1,9.7,24.9,44.8,0.317,0.238,0.412,31.1,10.0,72.1,24.1,6.0,27.3,0.295,BASEBALL_SAVANT_CURRENT_SEASON,2026-08-20T23:43:02.137578+00:00,SAVANT_BATTER_PROFILE_SCHEMA_V1,CURRENT
663586,"Riley, Austin",2026,504,159,31.5,7.5,32.9,48.3,0.302,0.213,0.399,46.1,12.5,75.8,58.4,22.0,28.6,0.293,BASEBALL_SAVANT_CURRENT_SEASON,2026-08-20T23:43:02.137578+00:00,SAVANT_BATTER_PROFILE_SCHEMA_V1,CURRENT
663993,"Lowe, Nathaniel",2026,317,78,24.6,9.5,21.5,46.0,0.343,0.269,0.452,43.1,9.3,74.6,46.2,13.0,24.1,0.353,BASEBALL_SAVANT_CURRENT_SEASON,2026-08-20T23:43:02.137578+00:00,SAVANT_BATTER_PROFILE_SCHEMA_V1,CURRENT
687605,"Pinckney, Andrew",2026,14,3,21.4,7.1,23.8,42.0,0.376,0.252,0.44,55.6,11.1,74.3,58.8,1.0,53.8,0.426,BASEBALL_SAVANT_CURRENT_SEASON,2026-08-20T23:43:02.137578+00:00,SAVANT_BATTER_PROFILE_SCHEMA_V1,CURRENT
521692,"Perez, Salvador",2026,492,97,19.7,3.9,25.2,56.8,0.301,0.233,0.413,42.3,9.9,71.6,18.2,16.0,30.9,0.272,BASEBALL_SAVANT_CURRENT_SEASON,2026-08-20T23:43:02.137578+00:00,SAVANT_BATTER_PROFILE_SCHEMA_V1,CURRENT
664068,"Kingery, Scott",2026,4,0,0.0,0.0,12.5,53.3,0.156,0.167,0.19,0.0,0.0,70.6,0.0,0.0,16.7,0.222,BASEBALL_SAVANT_CURRENT_SEASON,2026-08-20T23:43:02.137578+00:00,SAVANT_BATTER_PROFILE_SCHEMA_V1,CURRENT
694192,"Chourio, Jackson",2026,420,103,24.5,8.1,24.8,47.3,0.338,0.257,0.474,47.1,13.2,74.4,45.9,13.0,32.9,0.349,BASEBALL_SAVANT_CURRENT_SEASON,2026-08-20T23:43:02.137578+00:00,SAVANT_BATTER_PROFILE_SCHEMA_V1,CURRENT
650489,"Castro, Willi",2026,430,116,27.0,8.6,30.7,54.0,0.31,0.233,0.397,41.2,8.5,72.9,28.0,10.0,25.2,0.334,BASEBALL_SAVANT_CURRENT_SEASON,2026-08-20T23:43:02.137578+00:00,SAVANT_BATTER_PROFILE_SCHEMA_V1,CURRENT
650859,"Rengifo, Luis",2026,329,44,13.4,10.0,20.6,49.2,0.308,0.255,0.349,33.7,4.4,71.3,17.0,3.0,35.2,0.294,BASEBALL_SAVANT_CURRENT_SEASON,2026-08-20T23:43:02.137578+00:00,SAVANT_BATTER_PROFILE_SCHEMA_V1,CURRENT
808975,"Kim, Hyeseong",2026,131,31,23.7,9.2,27.0,47.4,0.304,0.261,0.341,25.3,3.4,66.7,0.0,5.0,34.9,0.293,BASEBALL_SAVANT_CURRENT_SEASON,2026-08-20T23:43:02.137578+00:00,SAVANT_BATTER_PROFILE_SCHEMA_V1,CURRENT
691740,"Susac, Daniel",2026,161,36,22.4,5.0,23.8,55.6,0.296,0.249,0.369,32.5,5.3,68.7,3.9,2.0,28.0,0.29,BASEBALL_SAVANT_CURRENT_SEASON,2026-08-20T23:43:02.137578+00:00,SAVANT_BATTER_PROFILE_SCHEMA_V1,CURRENT
673548,"Suzuki, Seiya",2026,483,124,25.7,12.0,24.9,40.5,0.336,0.247,0.427,38.7,10.8,73.3,36.9,16.0,27.3,0.365,BASEBALL_SAVANT_CURRENT_SEASON,2026-08-20T23:43:02.137578+00:00,SAVANT_BATTER_PROFILE_SCHEMA_V1,CURRENT
682848,"Rodríguez, Endy",2026,159,41,25.8,14.5,25.9,44.8,0.338,0.245,0.403,46.8,10.6,72.7,26.2,3.0,35.9,0.37,BASEBALL_SAVANT_CURRENT_SEASON,2026-08-20T23:43:02.137578+00:00,SAVANT_BATTER_PROFILE_SCHEMA_V1,CURRENT
663698,"Bart, Joey",2026,128,35,27.3,5.5,29.2,47.6,0.295,0.203,0.362,34.6,7.7,75.3,52.2,4.0,21.8,0.298,BASEBALL_SAVANT_CURRENT_SEASON,2026-08-20T23:43:02.137578+00:00,SAVANT_BATTER_PROFILE_SCHEMA_V1,CURRENT
682998,"Carroll, Corbin",2026,538,117,21.7,11.9,27.2,45.2,0.344,0.247,0.44,48.1,11.9,75.4,57.8,7.0,33.4,0.357,BASEBALL_SAVANT_CURRENT_SEASON,2026-08-20T23:43:02.137578+00:00,SAVANT_BATTER_PROFILE_SCHEMA_V1,CURRENT
665953,"Chaparro, Andrés",2026,136,31,22.8,11.8,31.3,46.4,0.377,0.25,0.51,49.4,15.3,74.5,49.1,8.0,31.3,0.389,BASEBALL_SAVANT_CURRENT_SEASON,2026-08-20T23:43:02.137578+00:00,SAVANT_BATTER_PROFILE_SCHEMA_V1,CURRENT
669477,"Schmitt, Casey",2026,409,81,19.8,2.7,21.4,53.8,0.355,0.288,0.512,44.8,12.3,72.5,27.5,14.0,34.0,0.335,BASEBALL_SAVANT_CURRENT_SEASON,2026-08-20T23:43:02.137578+00:00,SAVANT_BATTER_PROFILE_SCHEMA_V1,CURRENT
571448,"Arenado, Nolan",2026,463,96,20.7,9.1,23.6,45.4,0.297,0.23,0.358,32.5,6.9,71.3,15.2,26.0,28.4,0.332,BASEBALL_SAVANT_CURRENT_SEASON,2026-08-20T23:43:02.137578+00:00,SAVANT_BATTER_PROFILE_SCHEMA_V1,CURRENT
682927,"Simon, Ronny",2026,34,4,11.8,5.9,16.4,56.6,0.308,0.276,0.373,28.6,3.6,72.3,26.2,0.0,26.9,0.296,BASEBALL_SAVANT_CURRENT_SEASON,2026-08-20T23:43:02.137578+00:00,SAVANT_BATTER_PROFILE_SCHEMA_V1,CURRENT
605170,"Caratini, Victor",2026,335,67,20.0,9.6,21.6,41.6,0.321,0.237,0.383,39.4,6.6,71.0,13.3,10.0,41.1,0.291,BASEBALL_SAVANT_CURRENT_SEASON,2026-08-20T23:43:02.137578+00:00,SAVANT_BATTER_PROFILE_SCHEMA_V1,CURRENT
665161,"Peña, Jeremy",2026,340,69,20.3,6.2,30.0,54.7,0.332,0.28,0.419,39.8,5.3,72.2,13.4,12.0,33.4,0.351,BASEBALL_SAVANT_CURRENT_SEASON,2026-08-20T23:43:02.137578+00:00,SAVANT_BATTER_PROFILE_SCHEMA_V1,CURRENT
592206,"Castellanos, Nick",2026,122,34,27.9,4.1,33.5,57.0,0.285,0.244,0.4,37.3,8.4,69.7,10.1,3.0,32.9,0.238,BASEBALL_SAVANT_CURRENT_SEASON,2026-08-20T23:43:02.137578+00:00,SAVANT_BATTER_PROFILE_SCHEMA_V1,CURRENT
823550,"Song, Sung-Mun",2026,134,25,18.7,12.7,21.5,42.9,0.258,0.181,0.268,23.9,4.3,72.1,14.4,4.0,30.6,0.267,BASEBALL_SAVANT_CURRENT_SEASON,2026-08-20T23:43:02.137578+00:00,SAVANT_BATTER_PROFILE_SCHEMA_V1,CURRENT
686797,"Lee, Brooks",2026,489,80,16.4,6.7,20.8,52.8,0.271,0.224,0.328,32.2,3.5,70.0,7.7,24.0,33.7,0.314,BASEBALL_SAVANT_CURRENT_SEASON,2026-08-20T23:43:02.137578+00:00,SAVANT_BATTER_PROFILE_SCHEMA_V1,CURRENT
687551,"Gilbert, Drew",2026,303,51,16.8,9.6,22.0,41.6,0.321,0.26,0.375,34.1,4.2,69.9,7.1,12.0,35.6,0.308,BASEBALL_SAVANT_CURRENT_SEASON,2026-08-20T23:43:02.137578+00:00,SAVANT_BATTER_PROFILE_SCHEMA_V1,CURRENT
671976,"Peters, Tristan",2026,374,67,17.9,7.5,23.4,54.5,0.306,0.251,0.372,30.4,4.8,69.7,7.6,11.0,34.1,0.334,BASEBALL_SAVANT_CURRENT_SEASON,2026-08-20T23:43:02.137578+00:00,SAVANT_BATTER_PROFILE_SCHEMA_V1,CURRENT
665489,"Guerrero Jr., Vladimir",2026,486,65,13.4,9.7,20.0,47.5,0.333,0.282,0.399,43.0,6.8,76.2,61.8,11.0,31.9,0.307,BASEBALL_SAVANT_CURRENT_SEASON,2026-08-20T23:43:02.137578+00:00,SAVANT_BATTER_PROFILE_SCHEMA_V1,CURRENT
695391,"Harris, Brett",2026,9,2,22.2,11.1,25.0,42.1,0.299,0.089,0.105,25.0,0.0,71.6,28.6,1.0,27.3,0.239,BASEBALL_SAVANT_CURRENT_SEASON,2026-08-20T23:43:02.137578+00:00,SAVANT_BATTER_PROFILE_SCHEMA_V1,CURRENT
682829,"De La Cruz, Elly",2026,482,132,27.4,10.8,28.3,41.4,0.357,0.267,0.467,51.4,13.8,75.8,57.8,11.0,33.9,0.351,BASEBALL_SAVANT_CURRENT_SEASON,2026-08-20T23:43:02.137578+00:00,SAVANT_BATTER_PROFILE_SCHEMA_V1,CURRENT
672642,"Berroa, Steward",2026,7,4,57.1,0.0,7.7,56.5,0.211,0.226,0.27,0.0,0.0,68.5,0.0,0.0,30.0,0.127,BASEBALL_SAVANT_CURRENT_SEASON,2026-08-20T23:43:02.137578+00:00,SAVANT_BATTER_PROFILE_SCHEMA_V1,CURRENT
673995,"Wendzel, Davis",2026,4,0,0.0,0.0,21.4,58.3,0.23,0.224,0.307,50.0,0.0,70.8,30.8,0.0,27.3,0.0,BASEBALL_SAVANT_CURRENT_SEASON,2026-08-20T23:43:02.137578+00:00,SAVANT_BATTER_PROFILE_SCHEMA_V1,CURRENT
502054,"Pham, Tommy",2026,14,7,50.0,7.1,37.0,45.0,0.137,0.099,0.117,33.3,0.0,69.3,0.0,1.0,25.0,0.05,BASEBALL_SAVANT_CURRENT_SEASON,2026-08-20T23:43:02.137578+00:00,SAVANT_BATTER_PROFILE_SCHEMA_V1,CURRENT
807799,"Yoshida, Masataka",2026,297,33,11.1,9.4,15.6,42.6,0.318,0.262,0.372,39.9,3.4,71.5,17.8,0.0,43.1,0.329,BASEBALL_SAVANT_CURRENT_SEASON,2026-08-20T23:43:02.137578+00:00,SAVANT_BATTER_PROFILE_SCHEMA_V1,CURRENT
596146,"Kepler, Max",2026,124,28,22.6,8.9,24.6,52.8,0.275,0.203,0.342,41.2,8.2,71.5,15.9,7.0,29.7,0.27,BASEBALL_SAVANT_CURRENT_SEASON,2026-08-20T23:43:02.137578+00:00,SAVANT_BATTER_PROFILE_SCHEMA_V1,CURRENT
687957,"Harris, Dustin",2026,52,7,13.5,11.5,13.8,42.3,0.334,0.286,0.356,15.8,0.0,66.5,2.9,2.0,41.9,0.292,BASEBALL_SAVANT_CURRENT_SEASON,2026-08-20T23:43:02.137578+00:00,SAVANT_BATTER_PROFILE_SCHEMA_V1,CURRENT
608324,"Bregman, Alex",2026,571,89,15.6,11.0,15.4,41.2,0.315,0.245,0.367,38.2,4.6,69.8,3.2,15.0,38.0,0.331,BASEBALL_SAVANT_CURRENT_SEASON,2026-08-20T23:43:02.137578+00:00,SAVANT_BATTER_PROFILE_SCHEMA_V1,CURRENT
806068,"Emerson, Colt",2026,241,83,34.4,6.2,34.1,53.6,0.248,0.196,0.3,31.2,5.0,72.5,26.4,11.0,22.9,0.256,BASEBALL_SAVANT_CURRENT_SEASON,2026-08-20T23:43:02.137578+00:00,SAVANT_BATTER_PROFILE_SCHEMA_V1,CURRENT
664731,"Higgins, P.J.",2026,32,8,25.0,6.3,25.5,39.8,0.287,0.276,0.326,13.6,0.0,66.8,0.0,2.0,41.2,0.245,BASEBALL_SAVANT_CURRENT_SEASON,2026-08-20T23:43:02.137578+00:00,SAVANT_BATTER_PROFILE_SCHEMA_V1,CURRENT
621566,"Olson, Matt",2026,553,139,25.1,10.1,24.4,45.7,0.364,0.251,0.523,49.9,15.8,74.9,51.0,20.0,29.5,0.376,BASEBALL_SAVANT_CURRENT_SEASON,2026-08-20T23:43:02.137578+00:00,SAVANT_BATTER_PROFILE_SCHEMA_V1,CURRENT
694376,"Whitcomb, Shay",2026,24,11,45.8,4.2,42.2,48.9,0.258,0.162,0.415,41.7,16.7,71.7,16.2,0.0,30.0,0.237,BASEBALL_SAVANT_CURRENT_SEASON,2026-08-20T23:43:02.137578+00:00,SAVANT_BATTER_PROFILE_SCHEMA_V1,CURRENT
694362,"Dunn, Blake",2026,155,33,21.3,6.5,23.3,46.8,0.278,0.241,0.317,30.3,2.9,71.8,21.2,16.0,36.0,0.32,BASEBALL_SAVANT_CURRENT_SEASON,2026-08-20T23:43:02.137578+00:00,SAVANT_BATTER_PROFILE_SCHEMA_V1,CURRENT
690924,"Fulford, Braxton",2026,74,31,41.9,8.1,35.0,45.5,0.202,0.136,0.226,30.6,8.3,71.4,19.8,2.0,19.2,0.246,BASEBALL_SAVANT_CURRENT_SEASON,2026-08-20T23:43:02.137578+00:00,SAVANT_BATTER_PROFILE_SCHEMA_V1,CURRENT
592518,"Machado, Manny",2026,532,117,22.0,10.9,25.8,47.7,0.329,0.243,0.427,44.9,9.9,74.8,45.4,22.0,29.8,0.309,BASEBALL_SAVANT_CURRENT_SEASON,2026-08-20T23:43:02.137578+00:00,SAVANT_BATTER_PROFILE_SCHEMA_V1,CURRENT
691594,"Sanoja, Javier",2026,348,29,8.3,5.5,11.6,51.4,0.278,0.256,0.332,31.0,2.3,69.3,8.1,10.0,36.5,0.323,BASEBALL_SAVANT_CURRENT_SEASON,2026-08-20T23:43:02.137578+00:00,SAVANT_BATTER_PROFILE_SCHEMA_V1,CURRENT
804606,"Griffin, Konnor",2026,247,65,26.3,6.5,31.7,51.8,0.305,0.24,0.392,37.0,8.1,75.6,57.3,10.0,25.6,0.324,BASEBALL_SAVANT_CURRENT_SEASON,2026-08-20T23:43:02.137578+00:00,SAVANT_BATTER_PROFILE_SCHEMA_V1,CURRENT
673357,"Robert Jr., Luis",2026,183,45,24.6,9.8,28.5,49.8,0.306,0.232,0.39,37.5,6.7,76.8,69.6,6.0,23.8,0.289,BASEBALL_SAVANT_CURRENT_SEASON,2026-08-20T23:43:02.137578+00:00,SAVANT_BATTER_PROFILE_SCHEMA_V1,CURRENT
687749,"Bowen, Jase",2026,81,30,37.0,2.5,36.7,51.7,0.267,0.215,0.358,36.2,10.9,73.5,29.2,2.0,28.4,0.216,BASEBALL_SAVANT_CURRENT_SEASON,2026-08-20T23:43:02.137578+00:00,SAVANT_BATTER_PROFILE_SCHEMA_V1,CURRENT
700337,"Quero, Edgar",2026,210,42,20.0,7.6,21.2,49.9,0.278,0.224,0.318,38.5,2.7,68.9,3.6,0.0,36.9,0.249,BASEBALL_SAVANT_CURRENT_SEASON,2026-08-20T23:43:02.137578+00:00,SAVANT_BATTER_PROFILE_SCHEMA_V1,CURRENT
676391,"Clement, Ernie",2026,498,47,9.4,3.4,16.0,57.7,0.268,0.251,0.333,20.6,2.3,67.4,3.0,27.0,39.5,0.311,BASEBALL_SAVANT_CURRENT_SEASON,2026-08-20T23:43:02.137578+00:00,SAVANT_BATTER_PROFILE_SCHEMA_V1,CURRENT
671286,"Rodríguez, Johnathan",2026,15,6,40.0,20.0,27.8,47.4,0.297,0.138,0.235,50.0,0.0,76.0,63.6,1.0,12.5,0.283,BASEBALL_SAVANT_CURRENT_SEASON,2026-08-20T23:43:02.137578+00:00,SAVANT_BATTER_PROFILE_SCHEMA_V1,CURRENT
650968,"Pozo, Yohel",2026,50,6,12.0,2.0,16.1,63.3,0.246,0.243,0.303,25.6,2.3,69.4,8.1,0.0,28.9,0.258,BASEBALL_SAVANT_CURRENT_SEASON,2026-08-20T23:43:02.137578+00:00,SAVANT_BATTER_PROFILE_SCHEMA_V1,CURRENT
677942,"Alexander, Blaze",2026,246,54,22.0,6.5,25.9,56.1,0.361,0.308,0.467,48.8,7.2,72.4,25.2,7.0,34.2,0.354,BASEBALL_SAVANT_CURRENT_SEASON,2026-08-20T23:43:02.137578+00:00,SAVANT_BATTER_PROFILE_SCHEMA_V1,CURRENT
663743,"Fortes, Nick",2026,274,33,12.0,3.3,17.0,52.4,0.287,0.255,0.344,35.0,2.3,72.3,21.6,5.0,30.4,0.304,BASEBALL_SAVANT_CURRENT_SEASON,2026-08-20T23:43:02.137578+00:00,SAVANT_BATTER_PROFILE_SCHEMA_V1,CURRENT
669369,"Johnson, Bryce",2026,49,18,36.7,6.1,32.3,49.5,0.172,0.147,0.166,7.1,0.0,67.6,2.8,2.0,16.3,0.207,BASEBALL_SAVANT_CURRENT_SEASON,2026-08-20T23:43:02.137578+00:00,SAVANT_BATTER_PROFILE_SCHEMA_V1,CURRENT
672515,"Moreno, Gabriel",2026,413,64,15.5,11.1,15.8,42.1,0.369,0.294,0.455,42.5,7.4,71.5,21.2,11.0,32.5,0.373,BASEBALL_SAVANT_CURRENT_SEASON,2026-08-20T23:43:02.137578+00:00,SAVANT_BATTER_PROFILE_SCHEMA_V1,CURRENT
543807,"Springer, George",2026,404,74,18.3,9.9,23.2,47.8,0.304,0.23,0.371,38.0,6.7,73.0,32.9,22.0,30.1,0.311,BASEBALL_SAVANT_CURRENT_SEASON,2026-08-20T23:43:02.137578+00:00,SAVANT_BATTER_PROFILE_SCHEMA_V1,CURRENT
660271,"Ohtani, Shohei",2026,540,125,23.1,13.1,30.9,46.7,0.409,0.295,0.58,52.5,16.7,74.7,49.2,11.0,38.2,0.395,BASEBALL_SAVANT_CURRENT_SEASON,2026-08-20T23:43:02.137578+00:00,SAVANT_BATTER_PROFILE_SCHEMA_V1,CURRENT
678218,"Valenzuela, Brandon",2026,229,62,27.1,9.6,25.2,49.7,0.312,0.241,0.385,37.5,7.6,72.6,22.0,8.0,25.8,0.302,BASEBALL_SAVANT_CURRENT_SEASON,2026-08-20T23:43:02.137578+00:00,SAVANT_BATTER_PROFILE_SCHEMA_V1,CURRENT
506702,"León, Sandy",2026,44,18,40.9,0.0,29.7,56.7,0.132,0.135,0.17,19.2,0.0,67.0,2.3,3.0,27.4,0.081,BASEBALL_SAVANT_CURRENT_SEASON,2026-08-20T23:43:02.137578+00:00,SAVANT_BATTER_PROFILE_SCHEMA_V1,CURRENT
687093,"Grissom, Vaughn",2026,323,60,18.6,6.8,22.6,48.9,0.309,0.249,0.38,38.3,6.4,71.5,18.9,16.0,33.3,0.299,BASEBALL_SAVANT_CURRENT_SEASON,2026-08-20T23:43:02.137578+00:00,SAVANT_BATTER_PROFILE_SCHEMA_V1,CURRENT
690976,"Freeland, Alex",2026,223,68,30.5,9.9,29.8,40.9,0.276,0.21,0.317,37.1,5.3,70.7,8.0,12.0,35.0,0.283,BASEBALL_SAVANT_CURRENT_SEASON,2026-08-20T23:43:02.137578+00:00,SAVANT_BATTER_PROFILE_SCHEMA_V1,CURRENT
643396,"Kiner-Falefa, Isiah",2026,132,18,13.6,9.1,17.6,49.5,0.312,0.277,0.351,26.5,3.0,68.8,4.0,5.0,31.0,0.317,BASEBALL_SAVANT_CURRENT_SEASON,2026-08-20T23:43:02.137578+00:00,SAVANT_BATTER_PROFILE_SCHEMA_V1,CURRENT
605141,"Betts, Mookie",2026,382,44,11.5,6.8,12.5,42.5,0.327,0.274,0.43,38.3,7.7,69.8,8.8,17.0,47.4,0.305,BASEBALL_SAVANT_CURRENT_SEASON,2026-08-20T23:43:02.137578+00:00,SAVANT_BATTER_PROFILE_SCHEMA_V1,CURRENT
808959,"Murakami, Munetaka",2026,398,131,32.9,17.3,42.1,40.3,0.372,0.221,0.517,59.7,20.9,74.8,50.4,22.0,35.5,0.383,BASEBALL_SAVANT_CURRENT_SEASON,2026-08-20T23:43:02.137578+00:00,SAVANT_BATTER_PROFILE_SCHEMA_V1,CURRENT
664040,"Lowe, Brandon",2026,530,152,28.7,8.9,34.9,50.0,0.327,0.241,0.437,46.8,12.2,73.6,39.8,39.0,33.0,0.344,BASEBALL_SAVANT_CURRENT_SEASON,2026-08-20T23:43:02.137578+00:00,SAVANT_BATTER_PROFILE_SCHEMA_V1,CURRENT
606992,"Haase, Eric",2026,84,28,33.3,7.1,38.1,48.7,0.271,0.184,0.36,28.6,16.3,71.6,14.1,4.0,27.7,0.263,BASEBALL_SAVANT_CURRENT_SEASON,2026-08-20T23:43:02.137578+00:00,SAVANT_BATTER_PROFILE_SCHEMA_V1,CURRENT
701762,"Kurtz, Nick",2026,434,141,32.5,18.2,36.9,43.1,0.373,0.243,0.482,57.3,18.0,78.2,80.4,17.0,26.1,0.38,BASEBALL_SAVANT_CURRENT_SEASON,2026-08-20T23:43:02.137578+00:00,SAVANT_BATTER_PROFILE_SCHEMA_V1,CURRENT
622268,"Walton, Donovan",2026,164,28,17.1,9.8,23.7,50.3,0.312,0.245,0.363,32.5,4.3,67.4,0.4,4.0,41.9,0.353,BASEBALL_SAVANT_CURRENT_SEASON,2026-08-20T23:43:02.137578+00:00,SAVANT_BATTER_PROFILE_SCHEMA_V1,CURRENT
691777,"Muncy, Max",2026,215,71,33.0,7.4,32.7,50.9,0.288,0.215,0.366,45.2,11.3,74.3,49.3,12.0,26.5,0.294,BASEBALL_SAVANT_CURRENT_SEASON,2026-08-20T23:43:02.137578+00:00,SAVANT_BATTER_PROFILE_SCHEMA_V1,CURRENT
665052,"Conine, Griffin",2026,198,60,30.3,11.1,38.1,48.3,0.386,0.27,0.537,54.9,16.8,74.3,44.6,9.0,36.9,0.393,BASEBALL_SAVANT_CURRENT_SEASON,2026-08-20T23:43:02.137578+00:00,SAVANT_BATTER_PROFILE_SCHEMA_V1,CURRENT
672761,"Pérez, Wenceel",2026,175,29,16.6,8.0,18.2,47.9,0.272,0.203,0.348,33.3,7.6,71.4,18.1,0.0,36.6,0.262,BASEBALL_SAVANT_CURRENT_SEASON,2026-08-20T23:43:02.137578+00:00,SAVANT_BATTER_PROFILE_SCHEMA_V1,CURRENT
663967,"Salazar, César",2026,22,3,13.6,13.6,14.3,44.2,0.328,0.237,0.328,33.3,0.0,66.8,0.0,0.0,28.1,0.169,BASEBALL_SAVANT_CURRENT_SEASON,2026-08-20T23:43:02.137578+00:00,SAVANT_BATTER_PROFILE_SCHEMA_V1,CURRENT
673490,"Kim, Ha-Seong",2026,85,23,27.1,10.6,20.9,41.8,0.207,0.144,0.199,22.6,3.9,71.8,20.0,0.0,21.5,0.126,BASEBALL_SAVANT_CURRENT_SEASON,2026-08-20T23:43:02.137578+00:00,SAVANT_BATTER_PROFILE_SCHEMA_V1,CURRENT
641487,"Crawford, J.P.",2026,364,74,20.3,13.7,17.8,38.5,0.325,0.24,0.365,35.3,6.4,71.4,18.7,5.0,33.0,0.308,BASEBALL_SAVANT_CURRENT_SEASON,2026-08-20T23:43:02.137578+00:00,SAVANT_BATTER_PROFILE_SCHEMA_V1,CURRENT
677956,"Hinds, Rece",2026,38,19,50.0,2.6,46.0,56.1,0.155,0.131,0.157,23.5,0.0,73.0,40.3,4.0,18.6,0.16,BASEBALL_SAVANT_CURRENT_SEASON,2026-08-20T23:43:02.137578+00:00,SAVANT_BATTER_PROFILE_SCHEMA_V1,CURRENT
668804,"Reynolds, Bryan",2026,560,135,24.1,13.4,28.9,46.3,0.348,0.247,0.428,46.8,11.1,72.8,30.5,46.0,31.2,0.352,BASEBALL_SAVANT_CURRENT_SEASON,2026-08-20T23:43:02.137578+00:00,SAVANT_BATTER_PROFILE_SCHEMA_V1,CURRENT
608369,"Seager, Corey",2026,282,70,24.8,12.1,34.1,51.8,0.337,0.233,0.453,47.2,14.8,71.7,13.6,17.0,35.5,0.31,BASEBALL_SAVANT_CURRENT_SEASON,2026-08-20T23:43:02.137578+00:00,SAVANT_BATTER_PROFILE_SCHEMA_V1,CURRENT
680664,"Valencia, Eduardo",2026,61,17,27.9,1.6,27.1,53.4,0.349,0.254,0.547,52.4,23.8,73.3,30.6,2.0,32.2,0.48,BASEBALL_SAVANT_CURRENT_SEASON,2026-08-20T23:43:02.137578+00:00,SAVANT_BATTER_PROFILE_SCHEMA_V1,CURRENT
680728,"Del Castillo, Adrian",2026,192,54,28.1,6.8,28.9,48.2,0.26,0.201,0.335,36.8,6.5,72.1,23.9,8.0,32.6,0.254,BASEBALL_SAVANT_CURRENT_SEASON,2026-08-20T23:43:02.137578+00:00,SAVANT_BATTER_PROFILE_SCHEMA_V1,CURRENT
666181,"Benson, Will",2026,114,38,33.3,14.0,36.1,43.4,0.3,0.189,0.355,37.9,12.7,73.5,37.6,6.0,30.3,0.29,BASEBALL_SAVANT_CURRENT_SEASON,2026-08-20T23:43:02.137578+00:00,SAVANT_BATTER_PROFILE_SCHEMA_V1,CURRENT
682674,"Bericoto, Victor",2026,78,22,28.2,1.3,29.3,56.6,0.281,0.216,0.441,49.1,12.7,74.6,52.4,4.0,31.5,0.311,BASEBALL_SAVANT_CURRENT_SEASON,2026-08-20T23:43:02.137578+00:00,SAVANT_BATTER_PROFILE_SCHEMA_V1,CURRENT
702222,"Crawford, Justin",2026,374,68,18.2,5.6,18.4,53.8,0.281,0.257,0.32,34.8,1.4,69.1,5.7,6.0,31.9,0.3,BASEBALL_SAVANT_CURRENT_SEASON,2026-08-20T23:43:02.137578+00:00,SAVANT_BATTER_PROFILE_SCHEMA_V1,CURRENT
624428,"Frazier, Adam",2026,110,31,28.2,8.2,26.0,53.0,0.242,0.194,0.257,15.9,1.4,65.4,2.0,5.0,29.1,0.292,BASEBALL_SAVANT_CURRENT_SEASON,2026-08-20T23:43:02.137578+00:00,SAVANT_BATTER_PROFILE_SCHEMA_V1,CURRENT
691026,"Winn, Masyn",2026,489,104,21.3,9.0,23.5,41.7,0.301,0.248,0.333,35.0,3.6,71.4,16.2,10.0,35.5,0.29,BASEBALL_SAVANT_CURRENT_SEASON,2026-08-20T23:43:02.137578+00:00,SAVANT_BATTER_PROFILE_SCHEMA_V1,CURRENT
669127,"Langeliers, Shea",2026,416,96,23.1,8.2,28.4,50.2,0.363,0.268,0.513,45.6,14.9,75.2,53.7,2.0,33.0,0.357,BASEBALL_SAVANT_CURRENT_SEASON,2026-08-20T23:43:02.137578+00:00,SAVANT_BATTER_PROFILE_SCHEMA_V1,CURRENT
666163,"Rortvedt, Ben",2026,16,5,31.3,0.0,23.3,49.2,0.214,0.23,0.265,9.1,0.0,67.3,0.0,2.0,33.3,0.167,BASEBALL_SAVANT_CURRENT_SEASON,2026-08-20T23:43:02.137578+00:00,SAVANT_BATTER_PROFILE_SCHEMA_V1,CURRENT
665923,"Ruiz, Esteury",2026,179,54,30.2,10.6,32.3,47.8,0.307,0.204,0.338,29.2,8.3,71.8,20.3,6.0,26.5,0.362,BASEBALL_SAVANT_CURRENT_SEASON,2026-08-20T23:43:02.137578+00:00,SAVANT_BATTER_PROFILE_SCHEMA_V1,CURRENT
656811,"O'Hearn, Ryan",2026,398,86,21.6,7.8,22.0,47.0,0.321,0.254,0.41,43.5,7.2,70.8,9.1,12.0,33.5,0.343,BASEBALL_SAVANT_CURRENT_SEASON,2026-08-20T23:43:02.137578+00:00,SAVANT_BATTER_PROFILE_SCHEMA_V1,CURRENT
678545,"Basabe, Osleivis",2026,64,10,15.6,1.6,21.7,51.5,0.271,0.229,0.361,35.3,8.0,73.5,31.7,5.0,33.3,0.308,BASEBALL_SAVANT_CURRENT_SEASON,2026-08-20T23:43:02.137578+00:00,SAVANT_BATTER_PROFILE_SCHEMA_V1,CURRENT
666310,"Naylor, Bo",2026,90,21,23.3,6.7,14.8,45.2,0.29,0.215,0.399,42.6,11.1,71.8,14.2,2.0,27.9,0.199,BASEBALL_SAVANT_CURRENT_SEASON,2026-08-20T23:43:02.137578+00:00,SAVANT_BATTER_PROFILE_SCHEMA_V1,CURRENT
641857,"McMahon, Ryan",2026,306,93,30.4,7.8,31.4,46.0,0.304,0.235,0.395,48.4,9.7,74.6,48.9,18.0,32.2,0.287,BASEBALL_SAVANT_CURRENT_SEASON,2026-08-20T23:43:02.137578+00:00,SAVANT_BATTER_PROFILE_SCHEMA_V1,CURRENT
666160,"Moniak, Mickey",2026,332,85,25.6,5.4,28.8,57.2,0.292,0.219,0.414,41.6,10.6,74.4,46.8,9.0,29.0,0.356,BASEBALL_SAVANT_CURRENT_SEASON,2026-08-20T23:43:02.137578+00:00,SAVANT_BATTER_PROFILE_SCHEMA_V1,CURRENT
691907,"Cheng, Tsung-Che",2026,44,14,31.8,9.1,36.3,48.5,0.303,0.237,0.392,23.1,7.7,66.5,0.0,4.0,31.8,0.274,BASEBALL_SAVANT_CURRENT_SEASON,2026-08-20T23:43:02.137578+00:00,SAVANT_BATTER_PROFILE_SCHEMA_V1,CURRENT
682177,"Schneemann, Daniel",2026,276,81,29.3,8.7,31.5,49.5,0.285,0.218,0.357,37.6,7.6,71.2,11.5,12.0,30.3,0.268,BASEBALL_SAVANT_CURRENT_SEASON,2026-08-20T23:43:02.137578+00:00,SAVANT_BATTER_PROFILE_SCHEMA_V1,CURRENT
650333,"Arraez, Luis",2026,533,24,4.5,5.1,7.8,49.3,0.306,0.289,0.377,19.7,1.0,63.2,0.0,2.0,46.1,0.342,BASEBALL_SAVANT_CURRENT_SEASON,2026-08-20T23:43:02.137578+00:00,SAVANT_BATTER_PROFILE_SCHEMA_V1,CURRENT
663897,"Williams, Luke",2026,1,0,0.0,100.0,,0.0,0.698,0.0,0.0,,,,,,,0.698,BASEBALL_SAVANT_CURRENT_SEASON,2026-08-20T23:43:02.137578+00:00,SAVANT_BATTER_PROFILE_SCHEMA_V1,CURRENT
695508,"Cauley, Cam",2026,65,15,23.1,7.7,31.9,47.7,0.235,0.192,0.238,20.5,0.0,69.8,15.7,2.0,32.8,0.279,BASEBALL_SAVANT_CURRENT_SEASON,2026-08-20T23:43:02.137578+00:00,SAVANT_BATTER_PROFILE_SCHEMA_V1,CURRENT
647304,"Naylor, Josh",2026,506,64,12.6,7.7,17.7,51.5,0.323,0.277,0.396,36.8,4.8,70.2,8.8,12.0,38.4,0.314,BASEBALL_SAVANT_CURRENT_SEASON,2026-08-20T23:43:02.137578+00:00,SAVANT_BATTER_PROFILE_SCHEMA_V1,CURRENT
703601,"Clark, Max",2026,75,17,22.7,5.3,16.6,52.3,0.292,0.263,0.344,34.0,1.9,73.0,25.6,2.0,20.9,0.321,BASEBALL_SAVANT_CURRENT_SEASON,2026-08-20T23:43:02.137578+00:00,SAVANT_BATTER_PROFILE_SCHEMA_V1,CURRENT
545361,"Trout, Mike",2026,482,123,25.5,17.2,23.8,40.0,0.382,0.254,0.495,46.1,15.7,74.9,51.8,15.0,26.4,0.358,BASEBALL_SAVANT_CURRENT_SEASON,2026-08-20T23:43:02.137578+00:00,SAVANT_BATTER_PROFILE_SCHEMA_V1,CURRENT
596103,"Slater, Austin",2026,74,21,28.4,10.8,27.9,46.6,0.235,0.182,0.236,18.2,2.3,71.1,10.2,2.0,29.8,0.271,BASEBALL_SAVANT_CURRENT_SEASON,2026-08-20T23:43:02.137578+00:00,SAVANT_BATTER_PROFILE_SCHEMA_V1,CURRENT
669004,"Melendez, MJ",2026,144,50,34.7,11.8,34.5,46.7,0.28,0.166,0.317,55.6,11.1,74.1,40.6,5.0,30.9,0.302,BASEBALL_SAVANT_CURRENT_SEASON,2026-08-20T23:43:02.137578+00:00,SAVANT_BATTER_PROFILE_SCHEMA_V1,CURRENT
600869,"Candelario, Jeimer",2026,20,8,40.0,5.0,50.0,55.4,0.218,0.167,0.213,40.0,0.0,71.0,15.0,0.0,33.3,0.197,BASEBALL_SAVANT_CURRENT_SEASON,2026-08-20T23:43:02.137578+00:00,SAVANT_BATTER_PROFILE_SCHEMA_V1,CURRENT
807727,"McAdoo, Charles",2026,52,12,23.1,5.8,18.1,50.0,0.301,0.256,0.396,32.4,8.1,73.2,34.2,0.0,25.4,0.339,BASEBALL_SAVANT_CURRENT_SEASON,2026-08-20T23:43:02.137578+00:00,SAVANT_BATTER_PROFILE_SCHEMA_V1,CURRENT
806367,"Hill, Turner",2026,9,2,22.2,11.1,26.7,40.5,0.296,0.272,0.373,33.3,0.0,64.5,0.0,0.0,50.0,0.316,BASEBALL_SAVANT_CURRENT_SEASON,2026-08-20T23:43:02.137578+00:00,SAVANT_BATTER_PROFILE_SCHEMA_V1,CURRENT
643217,"Benintendi, Andrew",2026,377,90,23.9,8.5,29.2,52.0,0.314,0.245,0.408,43.5,8.8,69.9,4.5,12.0,36.0,0.321,BASEBALL_SAVANT_CURRENT_SEASON,2026-08-20T23:43:02.137578+00:00,SAVANT_BATTER_PROFILE_SCHEMA_V1,CURRENT
683083,"Nuñez, Nasim",2026,416,85,20.4,10.6,20.8,46.9,0.269,0.223,0.27,22.0,0.4,68.5,3.6,19.0,28.6,0.266,BASEBALL_SAVANT_CURRENT_SEASON,2026-08-20T23:43:02.137578+00:00,SAVANT_BATTER_PROFILE_SCHEMA_V1,CURRENT
665833,"Cruz, Oneil",2026,290,101,34.8,10.7,37.3,43.6,0.361,0.255,0.496,58.7,17.0,78.3,76.2,8.0,34.0,0.361,BASEBALL_SAVANT_CURRENT_SEASON,2026-08-20T23:43:02.137578+00:00,SAVANT_BATTER_PROFILE_SCHEMA_V1,CURRENT
676356,"DeLuca, Jonny",2026,252,51,20.2,4.4,26.0,53.5,0.279,0.245,0.358,30.0,4.2,73.7,37.7,7.0,23.5,0.321,BASEBALL_SAVANT_CURRENT_SEASON,2026-08-20T23:43:02.137578+00:00,SAVANT_BATTER_PROFILE_SCHEMA_V1,CURRENT
669087,"Huff, Sam",2026,34,19,55.9,2.9,46.7,60.5,0.137,0.099,0.184,57.1,14.3,73.6,34.8,1.0,24.3,0.147,BASEBALL_SAVANT_CURRENT_SEASON,2026-08-20T23:43:02.137578+00:00,SAVANT_BATTER_PROFILE_SCHEMA_V1,CURRENT
663616,"Larnach, Trevor",2026,377,68,18.0,10.9,26.3,44.0,0.332,0.261,0.403,37.0,7.5,72.0,20.9,9.0,32.5,0.343,BASEBALL_SAVANT_CURRENT_SEASON,2026-08-20T23:43:02.137578+00:00,SAVANT_BATTER_PROFILE_SCHEMA_V1,CURRENT
672640,"Lopez, Otto",2026,538,69,12.8,5.2,18.8,46.6,0.326,0.283,0.422,41.2,6.2,71.7,23.5,18.0,38.6,0.343,BASEBALL_SAVANT_CURRENT_SEASON,2026-08-20T23:43:02.137578+00:00,SAVANT_BATTER_PROFILE_SCHEMA_V1,CURRENT
672356,"Arias, Gabriel",2026,139,58,41.7,5.0,46.5,52.7,0.274,0.22,0.379,44.6,10.8,74.4,44.3,7.0,30.9,0.28,BASEBALL_SAVANT_CURRENT_SEASON,2026-08-20T23:43:02.137578+00:00,SAVANT_BATTER_PROFILE_SCHEMA_V1,CURRENT
670042,"Raley, Luke",2026,287,93,32.4,5.2,40.9,54.1,0.342,0.252,0.486,47.1,15.7,75.3,57.2,11.0,30.5,0.313,BASEBALL_SAVANT_CURRENT_SEASON,2026-08-20T23:43:02.137578+00:00,SAVANT_BATTER_PROFILE_SCHEMA_V1,CURRENT
681198,"Rumfield, TJ",2026,497,71,14.3,9.7,19.9,50.3,0.322,0.257,0.379,26.8,4.6,68.7,8.3,12.0,29.8,0.361,BASEBALL_SAVANT_CURRENT_SEASON,2026-08-20T23:43:02.137578+00:00,SAVANT_BATTER_PROFILE_SCHEMA_V1,CURRENT
695734,"Lile, Daylen",2026,521,99,19.0,5.6,23.9,56.0,0.315,0.253,0.421,37.0,8.5,71.1,10.4,12.0,33.1,0.303,BASEBALL_SAVANT_CURRENT_SEASON,2026-08-20T23:43:02.137578+00:00,SAVANT_BATTER_PROFILE_SCHEMA_V1,CURRENT
665742,"Soto, Juan",2026,359,48,13.4,17.5,20.6,39.1,0.422,0.297,0.589,48.6,14.3,72.2,26.9,26.0,42.4,0.402,BASEBALL_SAVANT_CURRENT_SEASON,2026-08-20T23:43:02.137578+00:00,SAVANT_BATTER_PROFILE_SCHEMA_V1,CURRENT
806146,"Lombard Jr., George",2026,50,11,22.0,10.0,28.7,44.3,0.336,0.279,0.401,35.3,9.1,71.4,19.0,2.0,29.0,0.373,BASEBALL_SAVANT_CURRENT_SEASON,2026-08-20T23:43:02.137578+00:00,SAVANT_BATTER_PROFILE_SCHEMA_V1,CURRENT
641680,"Heim, Jonah",2026,294,54,18.4,7.5,23.2,49.7,0.299,0.234,0.381,32.4,7.0,70.2,11.2,8.0,32.3,0.289,BASEBALL_SAVANT_CURRENT_SEASON,2026-08-20T23:43:02.137578+00:00,SAVANT_BATTER_PROFILE_SCHEMA_V1,CURRENT
682988,"Locklear, Tyler",2026,42,9,21.4,9.5,23.5,49.7,0.334,0.252,0.427,32.1,14.3,72.0,26.0,1.0,23.7,0.35,BASEBALL_SAVANT_CURRENT_SEASON,2026-08-20T23:43:02.137578+00:00,SAVANT_BATTER_PROFILE_SCHEMA_V1,CURRENT
668939,"Rutschman, Adley",2026,317,49,15.5,11.4,16.7,40.2,0.347,0.267,0.43,40.9,7.4,70.6,12.7,13.0,36.8,0.33,BASEBALL_SAVANT_CURRENT_SEASON,2026-08-20T23:43:02.137578+00:00,SAVANT_BATTER_PROFILE_SCHEMA_V1,CURRENT
660844,"Rivas, Leo",2026,130,38,29.2,12.3,23.6,36.5,0.238,0.153,0.215,15.1,1.4,65.6,0.6,8.0,35.8,0.213,BASEBALL_SAVANT_CURRENT_SEASON,2026-08-20T23:43:02.137578+00:00,SAVANT_BATTER_PROFILE_SCHEMA_V1,CURRENT
660710,"Durán, Rodolfo",2026,91,24,26.4,7.7,25.5,45.6,0.257,0.18,0.323,30.5,8.5,72.6,32.1,3.0,25.2,0.236,BASEBALL_SAVANT_CURRENT_SEASON,2026-08-20T23:43:02.137578+00:00,SAVANT_BATTER_PROFILE_SCHEMA_V1,CURRENT
645305,"Sánchez, Ali",2026,65,16,24.6,1.5,20.7,48.1,0.272,0.261,0.321,26.1,2.2,70.3,7.3,0.0,28.4,0.281,BASEBALL_SAVANT_CURRENT_SEASON,2026-08-20T23:43:02.137578+00:00,SAVANT_BATTER_PROFILE_SCHEMA_V1,CURRENT
669398,"Workman, Gage",2026,41,17,41.5,0.0,33.3,60.0,0.299,0.222,0.489,45.8,20.8,70.7,11.0,0.0,36.4,0.245,BASEBALL_SAVANT_CURRENT_SEASON,2026-08-20T23:43:02.137578+00:00,SAVANT_BATTER_PROFILE_SCHEMA_V1,CURRENT
676609,"Caballero, José",2026,362,87,24.0,6.4,27.6,50.5,0.282,0.231,0.341,24.9,4.1,68.7,7.0,12.0,28.8,0.304,BASEBALL_SAVANT_CURRENT_SEASON,2026-08-20T23:43:02.137578+00:00,SAVANT_BATTER_PROFILE_SCHEMA_V1,CURRENT
680474,"Schuemann, Max",2026,87,21,24.1,13.8,27.6,42.5,0.312,0.203,0.336,41.2,9.8,70.4,7.1,2.0,31.9,0.317,BASEBALL_SAVANT_CURRENT_SEASON,2026-08-20T23:43:02.137578+00:00,SAVANT_BATTER_PROFILE_SCHEMA_V1,CURRENT
686894,"Wiemer, Joey",2026,83,29,34.9,14.5,31.9,40.3,0.315,0.217,0.349,39.0,10.0,71.3,34.5,11.0,27.7,0.397,BASEBALL_SAVANT_CURRENT_SEASON,2026-08-20T23:43:02.137578+00:00,SAVANT_BATTER_PROFILE_SCHEMA_V1,CURRENT
694728,"Matthews, Brice",2026,226,71,31.4,6.6,35.3,46.3,0.26,0.192,0.341,37.1,8.6,72.9,28.8,8.0,29.4,0.257,BASEBALL_SAVANT_CURRENT_SEASON,2026-08-20T23:43:02.137578+00:00,SAVANT_BATTER_PROFILE_SCHEMA_V1,CURRENT
543510,"McCann, James",2026,123,29,23.6,4.1,29.2,50.8,0.277,0.225,0.371,40.9,8.0,72.2,24.6,0.0,39.1,0.338,BASEBALL_SAVANT_CURRENT_SEASON,2026-08-20T23:43:02.137578+00:00,SAVANT_BATTER_PROFILE_SCHEMA_V1,CURRENT
686469,"Pasquantino, Vinnie",2026,349,60,17.2,10.9,15.7,45.7,0.323,0.252,0.405,41.0,7.3,70.3,9.8,10.0,32.5,0.306,BASEBALL_SAVANT_CURRENT_SEASON,2026-08-20T23:43:02.137578+00:00,SAVANT_BATTER_PROFILE_SCHEMA_V1,CURRENT
642086,"Smith, Dominic",2026,282,45,16.0,7.4,21.3,48.8,0.302,0.243,0.379,33.2,5.7,68.8,6.0,14.0,36.3,0.308,BASEBALL_SAVANT_CURRENT_SEASON,2026-08-20T23:43:02.137578+00:00,SAVANT_BATTER_PROFILE_SCHEMA_V1,CURRENT
686681,"Massey, Michael",2026,352,62,17.6,5.1,20.2,52.5,0.296,0.241,0.397,40.1,6.3,72.1,14.7,12.0,35.5,0.322,BASEBALL_SAVANT_CURRENT_SEASON,2026-08-20T23:43:02.137578+00:00,SAVANT_BATTER_PROFILE_SCHEMA_V1,CURRENT
661388,"Contreras, William",2026,509,71,13.9,9.4,20.4,46.8,0.335,0.26,0.437,43.5,8.0,73.3,35.3,13.0,38.7,0.313,BASEBALL_SAVANT_CURRENT_SEASON,2026-08-20T23:43:02.137578+00:00,SAVANT_BATTER_PROFILE_SCHEMA_V1,CURRENT
701852,"Cavanaugh, Drew",2026,94,21,22.3,13.8,24.7,47.4,0.325,0.251,0.355,26.7,3.4,69.2,4.1,1.0,28.3,0.286,BASEBALL_SAVANT_CURRENT_SEASON,2026-08-20T23:43:02.137578+00:00,SAVANT_BATTER_PROFILE_SCHEMA_V1,CURRENT
669289,"Espinal, Santiago",2026,60,8,13.3,1.7,18.8,50.0,0.29,0.285,0.374,31.4,2.0,68.3,3.2,4.0,37.8,0.281,BASEBALL_SAVANT_CURRENT_SEASON,2026-08-20T23:43:02.137578+00:00,SAVANT_BATTER_PROFILE_SCHEMA_V1,CURRENT
670764,"Walls, Taylor",2026,360,87,24.2,10.3,22.3,43.4,0.248,0.19,0.256,21.5,2.1,68.2,2.2,14.0,34.7,0.279,BASEBALL_SAVANT_CURRENT_SEASON,2026-08-20T23:43:02.137578+00:00,SAVANT_BATTER_PROFILE_SCHEMA_V1,CURRENT
656577,"Jackson, Alex",2026,69,23,33.3,1.4,30.6,58.1,0.22,0.191,0.264,34.9,2.3,72.9,29.3,2.0,22.6,0.327,BASEBALL_SAVANT_CURRENT_SEASON,2026-08-20T23:43:02.137578+00:00,SAVANT_BATTER_PROFILE_SCHEMA_V1,CURRENT
681146,"Bride, Jonah",2026,6,2,33.3,16.7,28.6,31.8,0.229,0.109,0.213,66.7,0.0,66.5,0.0,1.0,100.0,0.265,BASEBALL_SAVANT_CURRENT_SEASON,2026-08-20T23:43:02.137578+00:00,SAVANT_BATTER_PROFILE_SCHEMA_V1,CURRENT
663968,"Mangum, Jake",2026,381,70,18.4,5.5,20.9,58.4,0.29,0.254,0.336,27.8,2.2,67.8,3.2,13.0,31.9,0.328,BASEBALL_SAVANT_CURRENT_SEASON,2026-08-20T23:43:02.137578+00:00,SAVANT_BATTER_PROFILE_SCHEMA_V1,CURRENT
682987,"Jones, Spencer",2026,163,61,37.4,9.8,39.8,53.4,0.308,0.214,0.412,58.3,14.1,77.5,76.7,3.0,24.4,0.295,BASEBALL_SAVANT_CURRENT_SEASON,2026-08-20T23:43:02.137578+00:00,SAVANT_BATTER_PROFILE_SCHEMA_V1,CURRENT
606466,"Marte, Ketel",2026,519,78,15.0,7.9,21.1,48.3,0.351,0.278,0.469,42.8,10.2,74.8,46.6,10.0,33.0,0.328,BASEBALL_SAVANT_CURRENT_SEASON,2026-08-20T23:43:02.137578+00:00,SAVANT_BATTER_PROFILE_SCHEMA_V1,CURRENT
650391,"Jiménez, Eloy",2026,35,7,20.0,8.6,29.9,51.5,0.256,0.214,0.289,44.0,4.0,72.6,21.7,1.0,32.6,0.289,BASEBALL_SAVANT_CURRENT_SEASON,2026-08-20T23:43:02.137578+00:00,SAVANT_BATTER_PROFILE_SCHEMA_V1,CURRENT
657656,"Laureano, Ramón",2026,206,65,31.6,9.7,31.1,50.5,0.312,0.222,0.409,41.2,14.3,72.5,26.0,10.0,26.5,0.292,BASEBALL_SAVANT_CURRENT_SEASON,2026-08-20T23:43:02.137578+00:00,SAVANT_BATTER_PROFILE_SCHEMA_V1,CURRENT
669699,"Shewmake, Braden",2026,91,16,17.6,2.2,23.5,61.6,0.294,0.246,0.411,37.0,6.9,69.6,2.5,1.0,40.0,0.295,BASEBALL_SAVANT_CURRENT_SEASON,2026-08-20T23:43:02.137578+00:00,SAVANT_BATTER_PROFILE_SCHEMA_V1,CURRENT
683766,"Koss, Christian",2026,90,23,25.6,2.2,28.7,59.2,0.238,0.215,0.297,29.7,6.5,69.7,4.8,6.0,28.4,0.208,BASEBALL_SAVANT_CURRENT_SEASON,2026-08-20T23:43:02.137578+00:00,SAVANT_BATTER_PROFILE_SCHEMA_V1,CURRENT
813841,"Cox, Jonah",2026,42,21,50.0,0.0,44.6,57.1,0.237,0.202,0.357,38.1,9.5,69.7,8.2,2.0,29.3,0.303,BASEBALL_SAVANT_CURRENT_SEASON,2026-08-20T23:43:02.137578+00:00,SAVANT_BATTER_PROFILE_SCHEMA_V1,CURRENT
623168,"Heineman, Tyler",2026,150,24,16.0,3.3,18.8,55.3,0.249,0.226,0.273,12.8,0.9,65.6,0.0,6.0,31.1,0.214,BASEBALL_SAVANT_CURRENT_SEASON,2026-08-20T23:43:02.137578+00:00,SAVANT_BATTER_PROFILE_SCHEMA_V1,CURRENT
640902,"Pereda, Jhonny",2026,76,13,17.1,5.3,18.1,49.2,0.328,0.298,0.398,45.6,3.5,70.7,5.8,1.0,35.1,0.299,BASEBALL_SAVANT_CURRENT_SEASON,2026-08-20T23:43:02.137578+00:00,SAVANT_BATTER_PROFILE_SCHEMA_V1,CURRENT
500743,"Rojas, Miguel",2026,197,21,10.7,6.6,16.2,48.4,0.322,0.289,0.401,37.3,5.6,69.3,5.8,6.0,38.0,0.314,BASEBALL_SAVANT_CURRENT_SEASON,2026-08-20T23:43:02.137578+00:00,SAVANT_BATTER_PROFILE_SCHEMA_V1,CURRENT
665856,"Camargo, Jair",2026,2,1,50.0,0.0,50.0,57.1,0.407,0.322,0.648,100.0,100.0,77.8,75.0,0.0,50.0,0.63,BASEBALL_SAVANT_CURRENT_SEASON,2026-08-20T23:43:02.137578+00:00,SAVANT_BATTER_PROFILE_SCHEMA_V1,CURRENT
695020,"Murray, Tanner",2026,33,7,21.2,6.1,32.0,48.5,0.275,0.191,0.39,43.5,8.7,73.8,38.1,1.0,43.3,0.256,BASEBALL_SAVANT_CURRENT_SEASON,2026-08-20T23:43:02.137578+00:00,SAVANT_BATTER_PROFILE_SCHEMA_V1,CURRENT
802415,"Simpson, Chandler",2026,477,41,8.6,4.4,10.5,47.5,0.264,0.259,0.297,13.6,0.0,64.9,0.6,8.0,46.4,0.31,BASEBALL_SAVANT_CURRENT_SEASON,2026-08-20T23:43:02.137578+00:00,SAVANT_BATTER_PROFILE_SCHEMA_V1,CURRENT
672016,"Clarke, Denzel",2026,60,24,40.0,6.7,35.8,45.0,0.193,0.163,0.19,46.9,3.2,77.1,73.0,1.0,33.3,0.196,BASEBALL_SAVANT_CURRENT_SEASON,2026-08-20T23:43:02.137578+00:00,SAVANT_BATTER_PROFILE_SCHEMA_V1,CURRENT
815873,"Keys, Sean",2026,37,13,35.1,2.7,33.7,49.1,0.211,0.176,0.286,60.9,4.3,74.9,50.0,1.0,28.8,0.204,BASEBALL_SAVANT_CURRENT_SEASON,2026-08-20T23:43:02.137578+00:00,SAVANT_BATTER_PROFILE_SCHEMA_V1,CURRENT
605137,"Bell, Josh",2026,499,103,20.6,8.2,23.9,50.1,0.33,0.252,0.445,42.0,9.9,72.0,25.8,19.0,32.0,0.33,BASEBALL_SAVANT_CURRENT_SEASON,2026-08-20T23:43:02.137578+00:00,SAVANT_BATTER_PROFILE_SCHEMA_V1,CURRENT
664023,"Happ, Ian",2026,523,160,30.6,12.6,31.3,43.6,0.308,0.2,0.386,42.1,11.0,72.0,19.5,7.0,29.2,0.321,BASEBALL_SAVANT_CURRENT_SEASON,2026-08-20T23:43:02.137578+00:00,SAVANT_BATTER_PROFILE_SCHEMA_V1,CURRENT
666182,"Bichette, Bo",2026,548,100,18.2,6.6,19.6,53.2,0.325,0.28,0.413,40.7,6.4,69.9,14.7,8.0,33.2,0.308,BASEBALL_SAVANT_CURRENT_SEASON,2026-08-20T23:43:02.137578+00:00,SAVANT_BATTER_PROFILE_SCHEMA_V1,CURRENT
682626,"Alvarez, Francisco",2026,330,94,28.5,10.6,34.0,45.3,0.332,0.234,0.437,43.6,15.9,74.2,43.3,12.0,30.1,0.328,BASEBALL_SAVANT_CURRENT_SEASON,2026-08-20T23:43:02.137578+00:00,SAVANT_BATTER_PROFILE_SCHEMA_V1,CURRENT
620443,"Torrens, Luis",2026,231,44,19.0,6.9,20.9,47.3,0.298,0.235,0.368,39.5,5.5,70.3,8.2,5.0,33.6,0.311,BASEBALL_SAVANT_CURRENT_SEASON,2026-08-20T23:43:02.137578+00:00,SAVANT_BATTER_PROFILE_SCHEMA_V1,CURRENT
694208,"Ballesteros, Moisés",2026,230,48,20.9,9.6,26.9,48.8,0.302,0.232,0.372,46.3,8.2,72.9,36.5,12.0,35.4,0.269,BASEBALL_SAVANT_CURRENT_SEASON,2026-08-20T23:43:02.137578+00:00,SAVANT_BATTER_PROFILE_SCHEMA_V1,CURRENT
678391,"Vivas, Jorbit",2026,271,38,14.0,10.7,17.4,50.2,0.293,0.238,0.314,22.1,3.0,69.2,2.8,7.0,26.9,0.296,BASEBALL_SAVANT_CURRENT_SEASON,2026-08-20T23:43:02.137578+00:00,SAVANT_BATTER_PROFILE_SCHEMA_V1,CURRENT
669326,"Teodosio, Bryce",2026,51,18,35.3,5.9,39.2,54.8,0.203,0.16,0.236,23.3,6.7,70.1,3.8,6.0,31.3,0.235,BASEBALL_SAVANT_CURRENT_SEASON,2026-08-20T23:43:02.137578+00:00,SAVANT_BATTER_PROFILE_SCHEMA_V1,CURRENT
662139,"Varsho, Daulton",2026,419,83,19.8,8.4,21.0,52.9,0.289,0.232,0.354,37.8,6.0,73.0,28.5,4.0,25.5,0.287,BASEBALL_SAVANT_CURRENT_SEASON,2026-08-20T23:43:02.137578+00:00,SAVANT_BATTER_PROFILE_SCHEMA_V1,CURRENT
642715,"Adames, Willy",2026,489,133,27.2,7.4,28.6,48.2,0.291,0.22,0.38,38.4,8.2,72.3,25.9,10.0,28.4,0.307,BASEBALL_SAVANT_CURRENT_SEASON,2026-08-20T23:43:02.137578+00:00,SAVANT_BATTER_PROFILE_SCHEMA_V1,CURRENT
642350,"Siri, Jose",2026,154,48,31.2,5.8,35.2,55.5,0.322,0.232,0.462,42.6,14.9,73.8,41.6,7.0,24.7,0.334,BASEBALL_SAVANT_CURRENT_SEASON,2026-08-20T23:43:02.137578+00:00,SAVANT_BATTER_PROFILE_SCHEMA_V1,CURRENT
571912,"Maile, Luke",2026,22,8,36.4,4.5,30.0,48.8,0.205,0.174,0.248,23.1,7.7,69.9,2.8,0.0,23.1,0.303,BASEBALL_SAVANT_CURRENT_SEASON,2026-08-20T23:43:02.137578+00:00,SAVANT_BATTER_PROFILE_SCHEMA_V1,CURRENT
666211,"Trammell, Taylor",2026,205,66,32.2,9.3,40.4,48.0,0.302,0.2,0.4,37.1,12.9,76.2,62.9,11.0,25.9,0.305,BASEBALL_SAVANT_CURRENT_SEASON,2026-08-20T23:43:02.137578+00:00,SAVANT_BATTER_PROFILE_SCHEMA_V1,CURRENT
672695,"Perdomo, Geraldo",2026,533,66,12.4,14.1,12.1,39.0,0.323,0.249,0.341,29.7,3.1,67.1,1.1,17.0,38.9,0.327,BASEBALL_SAVANT_CURRENT_SEASON,2026-08-20T23:43:02.137578+00:00,SAVANT_BATTER_PROFILE_SCHEMA_V1,CURRENT
608070,"Ramírez, José",2026,406,50,12.3,13.3,15.7,45.8,0.352,0.284,0.428,41.9,5.0,70.1,12.3,4.0,32.6,0.317,BASEBALL_SAVANT_CURRENT_SEASON,2026-08-20T23:43:02.137578+00:00,SAVANT_BATTER_PROFILE_SCHEMA_V1,CURRENT
693307,"Dingler, Dillon",2026,500,111,22.2,6.2,21.9,47.4,0.358,0.274,0.488,43.1,10.5,71.8,16.4,10.0,32.5,0.349,BASEBALL_SAVANT_CURRENT_SEASON,2026-08-20T23:43:02.137578+00:00,SAVANT_BATTER_PROFILE_SCHEMA_V1,CURRENT
545341,"Grichuk, Randal",2026,200,46,23.0,3.5,24.9,52.5,0.337,0.279,0.48,47.3,11.7,74.3,44.1,7.0,33.2,0.361,BASEBALL_SAVANT_CURRENT_SEASON,2026-08-20T23:43:02.137578+00:00,SAVANT_BATTER_PROFILE_SCHEMA_V1,CURRENT
686780,"Pagés, Pedro",2026,184,49,26.6,4.9,28.2,50.7,0.268,0.218,0.336,37.4,4.9,72.7,24.3,8.0,22.4,0.254,BASEBALL_SAVANT_CURRENT_SEASON,2026-08-20T23:43:02.137578+00:00,SAVANT_BATTER_PROFILE_SCHEMA_V1,CURRENT
669720,"Hays, Austin",2026,60,16,26.7,1.7,34.7,54.0,0.285,0.281,0.377,41.9,4.7,72.7,22.6,6.0,33.3,0.257,BASEBALL_SAVANT_CURRENT_SEASON,2026-08-20T23:43:02.137578+00:00,SAVANT_BATTER_PROFILE_SCHEMA_V1,CURRENT
805672,"Price, Collin",2026,13,6,46.2,7.7,61.5,49.1,0.302,0.259,0.361,50.0,0.0,73.7,36.0,0.0,55.6,0.219,BASEBALL_SAVANT_CURRENT_SEASON,2026-08-20T23:43:02.137578+00:00,SAVANT_BATTER_PROFILE_SCHEMA_V1,CURRENT
518595,"d'Arnaud, Travis",2026,55,14,25.5,9.1,31.4,50.7,0.292,0.185,0.361,29.4,14.7,71.4,16.3,1.0,31.3,0.263,BASEBALL_SAVANT_CURRENT_SEASON,2026-08-20T23:43:02.137578+00:00,SAVANT_BATTER_PROFILE_SCHEMA_V1,CURRENT
701350,"Anthony, Roman",2026,130,33,25.4,15.4,28.1,37.2,0.352,0.262,0.41,47.4,9.3,75.5,53.4,4.0,36.9,0.31,BASEBALL_SAVANT_CURRENT_SEASON,2026-08-20T23:43:02.137578+00:00,SAVANT_BATTER_PROFILE_SCHEMA_V1,CURRENT
683021,"Stefanic, Michael",2026,5,1,20.0,0.0,12.5,50.0,0.232,0.253,0.28,0.0,0.0,62.8,0.0,0.0,66.7,0.356,BASEBALL_SAVANT_CURRENT_SEASON,2026-08-20T23:43:02.137578+00:00,SAVANT_BATTER_PROFILE_SCHEMA_V1,CURRENT
671655,"Valera, George",2026,38,8,21.1,2.6,22.1,57.1,0.198,0.193,0.232,34.5,0.0,72.2,21.3,0.0,36.2,0.235,BASEBALL_SAVANT_CURRENT_SEASON,2026-08-20T23:43:02.137578+00:00,SAVANT_BATTER_PROFILE_SCHEMA_V1,CURRENT
660821,"Sánchez, Jesús",2026,273,63,23.1,6.2,27.3,52.9,0.331,0.263,0.439,46.0,11.3,73.5,43.0,3.0,31.4,0.322,BASEBALL_SAVANT_CURRENT_SEASON,2026-08-20T23:43:02.137578+00:00,SAVANT_BATTER_PROFILE_SCHEMA_V1,CURRENT
660644,"Bruján, Vidal",2026,13,1,7.7,7.7,22.7,56.4,0.213,0.164,0.231,9.1,0.0,68.9,0.0,0.0,38.5,0.132,BASEBALL_SAVANT_CURRENT_SEASON,2026-08-20T23:43:02.137578+00:00,SAVANT_BATTER_PROFILE_SCHEMA_V1,CURRENT
656413,"Fairchild, Stuart",2026,27,14,51.9,25.9,69.0,38.2,0.28,0.089,0.151,40.0,0.0,71.0,2.8,1.0,30.0,0.307,BASEBALL_SAVANT_CURRENT_SEASON,2026-08-20T23:43:02.137578+00:00,SAVANT_BATTER_PROFILE_SCHEMA_V1,CURRENT
683227,"Freeman, Cody",2026,30,7,23.3,10.0,24.5,43.4,0.187,0.138,0.156,15.0,0.0,65.6,0.0,2.0,33.3,0.287,BASEBALL_SAVANT_CURRENT_SEASON,2026-08-20T23:43:02.137578+00:00,SAVANT_BATTER_PROFILE_SCHEMA_V1,CURRENT
685133,"Meckler, Wade",2026,225,49,21.8,8.9,23.1,44.9,0.304,0.253,0.354,32.3,3.2,69.0,2.5,7.0,38.2,0.328,BASEBALL_SAVANT_CURRENT_SEASON,2026-08-20T23:43:02.137578+00:00,SAVANT_BATTER_PROFILE_SCHEMA_V1,CURRENT
695506,"Caglianone, Jac",2026,461,118,25.6,6.3,28.5,53.7,0.363,0.282,0.514,55.0,14.2,77.3,75.7,16.0,31.5,0.356,BASEBALL_SAVANT_CURRENT_SEASON,2026-08-20T23:43:02.137578+00:00,SAVANT_BATTER_PROFILE_SCHEMA_V1,CURRENT
624413,"Alonso, Pete",2026,551,133,24.1,11.4,27.0,44.6,0.392,0.282,0.545,56.5,14.1,74.6,47.0,17.0,33.7,0.37,BASEBALL_SAVANT_CURRENT_SEASON,2026-08-20T23:43:02.137578+00:00,SAVANT_BATTER_PROFILE_SCHEMA_V1,CURRENT
595978,"Hedges, Austin",2026,191,32,16.8,9.4,22.4,44.7,0.286,0.236,0.325,32.1,4.3,69.4,8.3,10.0,34.7,0.319,BASEBALL_SAVANT_CURRENT_SEASON,2026-08-20T23:43:02.137578+00:00,SAVANT_BATTER_PROFILE_SCHEMA_V1,CURRENT
682663,"Ramírez, Agustín",2026,164,38,23.2,10.4,30.9,47.6,0.279,0.225,0.303,41.1,3.7,75.8,58.4,9.0,27.5,0.305,BASEBALL_SAVANT_CURRENT_SEASON,2026-08-20T23:43:02.137578+00:00,SAVANT_BATTER_PROFILE_SCHEMA_V1,CURRENT
681082,"Stott, Bryson",2026,481,79,16.4,10.2,18.7,41.8,0.333,0.271,0.404,38.7,6.0,69.9,7.2,14.0,37.9,0.333,BASEBALL_SAVANT_CURRENT_SEASON,2026-08-20T23:43:02.137578+00:00,SAVANT_BATTER_PROFILE_SCHEMA_V1,CURRENT
547180,"Harper, Bryce",2026,546,112,20.5,16.7,29.8,49.3,0.391,0.273,0.5,44.7,10.8,74.2,46.2,10.0,29.4,0.377,BASEBALL_SAVANT_CURRENT_SEASON,2026-08-20T23:43:02.137578+00:00,SAVANT_BATTER_PROFILE_SCHEMA_V1,CURRENT
702284,"Young, Cole",2026,510,86,16.9,6.3,19.0,48.6,0.321,0.27,0.403,38.6,4.7,71.5,21.2,16.0,34.0,0.314,BASEBALL_SAVANT_CURRENT_SEASON,2026-08-20T23:43:02.137578+00:00,SAVANT_BATTER_PROFILE_SCHEMA_V1,CURRENT
624512,"McGuire, Reese",2026,34,9,26.5,5.9,21.8,50.0,0.242,0.186,0.215,9.5,0.0,69.3,2.1,0.0,18.4,0.221,BASEBALL_SAVANT_CURRENT_SEASON,2026-08-20T23:43:02.137578+00:00,SAVANT_BATTER_PROFILE_SCHEMA_V1,CURRENT
682622,"Marte, Noelvi",2026,201,52,25.9,5.0,27.5,52.0,0.237,0.193,0.304,30.2,5.1,72.2,27.2,8.0,28.3,0.242,BASEBALL_SAVANT_CURRENT_SEASON,2026-08-20T23:43:02.137578+00:00,SAVANT_BATTER_PROFILE_SCHEMA_V1,CURRENT
679845,"Loftin, Nick",2026,315,49,15.6,10.2,16.2,40.3,0.299,0.231,0.335,27.6,3.9,69.0,5.4,5.0,39.3,0.308,BASEBALL_SAVANT_CURRENT_SEASON,2026-08-20T23:43:02.137578+00:00,SAVANT_BATTER_PROFILE_SCHEMA_V1,CURRENT
664034,"France, Ty",2026,365,82,22.5,5.5,27.0,53.1,0.326,0.25,0.429,49.2,10.0,72.1,21.0,20.0,30.7,0.369,BASEBALL_SAVANT_CURRENT_SEASON,2026-08-20T23:43:02.137578+00:00,SAVANT_BATTER_PROFILE_SCHEMA_V1,CURRENT
805300,"Marsee, Jakob",2026,486,103,21.2,12.8,18.6,40.3,0.3,0.22,0.314,34.3,3.6,70.5,6.8,23.0,32.9,0.292,BASEBALL_SAVANT_CURRENT_SEASON,2026-08-20T23:43:02.137578+00:00,SAVANT_BATTER_PROFILE_SCHEMA_V1,CURRENT
642201,"White, Eli",2026,165,37,22.4,6.1,27.5,51.7,0.26,0.218,0.312,29.9,5.2,73.0,29.6,6.0,26.5,0.294,BASEBALL_SAVANT_CURRENT_SEASON,2026-08-20T23:43:02.137578+00:00,SAVANT_BATTER_PROFILE_SCHEMA_V1,CURRENT
664059,"Haggerty, Sam",2026,47,16,34.0,4.3,31.8,52.7,0.182,0.156,0.181,7.1,0.0,70.2,9.3,3.0,24.5,0.186,BASEBALL_SAVANT_CURRENT_SEASON,2026-08-20T23:43:02.137578+00:00,SAVANT_BATTER_PROFILE_SCHEMA_V1,CURRENT
542303,"Ozuna, Marcell",2026,280,80,28.6,9.6,30.1,42.6,0.304,0.221,0.389,36.8,7.7,73.5,36.9,4.0,29.3,0.275,BASEBALL_SAVANT_CURRENT_SEASON,2026-08-20T23:43:02.137578+00:00,SAVANT_BATTER_PROFILE_SCHEMA_V1,CURRENT
669899,"Ward, Ryan",2026,60,17,28.3,8.3,27.6,53.2,0.316,0.239,0.424,28.9,10.8,71.6,10.9,0.0,26.2,0.319,BASEBALL_SAVANT_CURRENT_SEASON,2026-08-20T23:43:02.137578+00:00,SAVANT_BATTER_PROFILE_SCHEMA_V1,CURRENT
682729,"Clase, Jonatan",2026,25,8,32.0,12.0,30.6,43.0,0.247,0.171,0.267,35.7,0.0,67.9,14.3,4.0,34.5,0.39,BASEBALL_SAVANT_CURRENT_SEASON,2026-08-20T23:43:02.137578+00:00,SAVANT_BATTER_PROFILE_SCHEMA_V1,CURRENT
695731,"Montgomery, Braden",2026,244,54,22.1,10.7,30.0,50.1,0.31,0.238,0.361,41.6,3.7,69.6,8.1,17.0,33.3,0.314,BASEBALL_SAVANT_CURRENT_SEASON,2026-08-20T23:43:02.137578+00:00,SAVANT_BATTER_PROFILE_SCHEMA_V1,CURRENT
666018,"Aranda, Jonathan",2026,540,125,23.1,10.7,21.8,46.6,0.35,0.263,0.445,45.4,10.1,70.1,12.1,16.0,35.6,0.347,BASEBALL_SAVANT_CURRENT_SEASON,2026-08-20T23:43:02.137578+00:00,SAVANT_BATTER_PROFILE_SCHEMA_V1,CURRENT
682877,"Brito, Juan",2026,56,17,30.4,7.1,32.5,48.5,0.256,0.205,0.287,32.4,2.9,68.6,0.0,2.0,29.2,0.232,BASEBALL_SAVANT_CURRENT_SEASON,2026-08-20T23:43:02.137578+00:00,SAVANT_BATTER_PROFILE_SCHEMA_V1,CURRENT
681351,"O'Hoppe, Logan",2026,257,64,24.9,6.6,28.8,51.6,0.264,0.197,0.328,35.3,9.8,72.1,25.5,14.0,30.5,0.255,BASEBALL_SAVANT_CURRENT_SEASON,2026-08-20T23:43:02.137578+00:00,SAVANT_BATTER_PROFILE_SCHEMA_V1,CURRENT
693459,"Fedko, Kyler",2026,19,8,42.1,10.5,39.5,55.1,0.166,0.097,0.136,44.4,0.0,71.4,10.5,0.0,26.1,0.073,BASEBALL_SAVANT_CURRENT_SEASON,2026-08-20T23:43:02.137578+00:00,SAVANT_BATTER_PROFILE_SCHEMA_V1,CURRENT
669003,"Mitchell, Garrett",2026,421,134,31.8,12.1,36.4,43.5,0.345,0.255,0.434,51.3,12.5,77.5,79.4,18.0,30.8,0.335,BASEBALL_SAVANT_CURRENT_SEASON,2026-08-20T23:43:02.137578+00:00,SAVANT_BATTER_PROFILE_SCHEMA_V1,CURRENT
621550,"Wisdom, Patrick",2026,44,18,40.9,6.8,39.8,57.4,0.265,0.178,0.403,47.8,21.7,76.3,66.7,2.0,30.8,0.171,BASEBALL_SAVANT_CURRENT_SEASON,2026-08-20T23:43:02.137578+00:00,SAVANT_BATTER_PROFILE_SCHEMA_V1,CURRENT
699912,"Fernandez, Jose",2026,189,43,22.8,4.2,24.6,47.1,0.276,0.241,0.349,38.7,4.4,74.3,45.1,4.0,29.5,0.292,BASEBALL_SAVANT_CURRENT_SEASON,2026-08-20T23:43:02.137578+00:00,SAVANT_BATTER_PROFILE_SCHEMA_V1,CURRENT
605244,"Garcia, Aramis",2026,19,6,31.6,0.0,35.3,53.1,0.259,0.198,0.415,30.8,7.7,72.2,16.1,0.0,40.0,0.201,BASEBALL_SAVANT_CURRENT_SEASON,2026-08-20T23:43:02.137578+00:00,SAVANT_BATTER_PROFILE_SCHEMA_V1,CURRENT
808982,"Lee, Jung Hoo",2026,468,47,10.0,4.1,12.5,47.2,0.313,0.29,0.382,29.3,2.5,68.3,3.7,4.0,39.6,0.333,BASEBALL_SAVANT_CURRENT_SEASON,2026-08-20T23:43:02.137578+00:00,SAVANT_BATTER_PROFILE_SCHEMA_V1,CURRENT
701398,"Stewart, Sal",2026,548,120,21.9,9.9,27.1,48.0,0.348,0.253,0.473,38.4,13.4,72.3,27.5,30.0,31.6,0.347,BASEBALL_SAVANT_CURRENT_SEASON,2026-08-20T23:43:02.137578+00:00,SAVANT_BATTER_PROFILE_SCHEMA_V1,CURRENT
672012,"Black, Tyler",2026,28,7,25.0,3.6,23.1,53.6,0.191,0.17,0.229,15.0,0.0,71.6,13.0,1.0,27.8,0.364,BASEBALL_SAVANT_CURRENT_SEASON,2026-08-20T23:43:02.137578+00:00,SAVANT_BATTER_PROFILE_SCHEMA_V1,CURRENT
640459,"Navarreto, Brian",2026,35,10,28.6,5.7,33.3,48.8,0.223,0.142,0.222,14.3,9.5,73.3,23.1,0.0,21.9,0.241,BASEBALL_SAVANT_CURRENT_SEASON,2026-08-20T23:43:02.137578+00:00,SAVANT_BATTER_PROFILE_SCHEMA_V1,CURRENT
665561,"Marchán, Rafael",2026,92,14,15.2,2.2,16.7,49.7,0.208,0.181,0.248,18.9,2.7,66.1,0.0,3.0,34.3,0.143,BASEBALL_SAVANT_CURRENT_SEASON,2026-08-20T23:43:02.137578+00:00,SAVANT_BATTER_PROFILE_SCHEMA_V1,CURRENT
694025,"Reyes, Felix",2026,38,9,23.7,0.0,27.5,58.5,0.233,0.229,0.314,27.6,6.9,75.5,54.8,2.0,29.2,0.181,BASEBALL_SAVANT_CURRENT_SEASON,2026-08-20T23:43:02.137578+00:00,SAVANT_BATTER_PROFILE_SCHEMA_V1,CURRENT
668885,"Martin, Austin",2026,335,60,17.9,12.8,19.7,40.1,0.311,0.24,0.326,29.3,3.1,69.1,3.8,13.0,41.3,0.315,BASEBALL_SAVANT_CURRENT_SEASON,2026-08-20T23:43:02.137578+00:00,SAVANT_BATTER_PROFILE_SCHEMA_V1,CURRENT
681715,"Hernández, Heriberto",2026,351,99,28.2,9.4,33.9,46.2,0.342,0.245,0.467,49.3,12.4,74.6,49.6,20.0,35.7,0.326,BASEBALL_SAVANT_CURRENT_SEASON,2026-08-20T23:43:02.137578+00:00,SAVANT_BATTER_PROFILE_SCHEMA_V1,CURRENT
663584,"Senger, Hayden",2026,17,4,23.5,0.0,32.4,63.0,0.181,0.15,0.281,23.1,0.0,71.6,18.5,0.0,23.5,0.196,BASEBALL_SAVANT_CURRENT_SEASON,2026-08-20T23:43:02.137578+00:00,SAVANT_BATTER_PROFILE_SCHEMA_V1,CURRENT
690984,"Halpin, Petey",2026,135,28,20.7,2.2,26.5,60.6,0.272,0.236,0.361,26.5,6.9,69.9,5.1,3.0,30.3,0.243,BASEBALL_SAVANT_CURRENT_SEASON,2026-08-20T23:43:02.137578+00:00,SAVANT_BATTER_PROFILE_SCHEMA_V1,CURRENT
680574,"McLain, Matt",2026,380,104,27.4,11.1,28.2,42.7,0.321,0.233,0.397,37.4,10.1,71.6,11.9,19.0,32.4,0.291,BASEBALL_SAVANT_CURRENT_SEASON,2026-08-20T23:43:02.137578+00:00,SAVANT_BATTER_PROFILE_SCHEMA_V1,CURRENT
621043,"Correa, Carlos",2026,141,26,18.4,12.8,22.9,45.0,0.364,0.289,0.459,41.2,10.3,73.4,38.8,1.0,28.3,0.347,BASEBALL_SAVANT_CURRENT_SEASON,2026-08-20T23:43:02.137578+00:00,SAVANT_BATTER_PROFILE_SCHEMA_V1,CURRENT
457705,"McCutchen, Andrew",2026,83,22,26.5,10.8,32.5,44.9,0.237,0.164,0.265,28.8,5.8,70.5,4.3,4.0,28.3,0.249,BASEBALL_SAVANT_CURRENT_SEASON,2026-08-20T23:43:02.137578+00:00,SAVANT_BATTER_PROFILE_SCHEMA_V1,CURRENT
669224,"Wells, Austin",2026,287,73,25.4,10.8,28.4,47.1,0.291,0.21,0.358,42.5,6.6,72.8,25.7,12.0,29.7,0.255,BASEBALL_SAVANT_CURRENT_SEASON,2026-08-20T23:43:02.137578+00:00,SAVANT_BATTER_PROFILE_SCHEMA_V1,CURRENT
667670,"Rooker, Brent",2026,202,64,31.7,9.4,38.4,49.7,0.316,0.208,0.438,41.9,15.5,74.0,41.1,7.0,29.1,0.294,BASEBALL_SAVANT_CURRENT_SEASON,2026-08-20T23:43:02.137578+00:00,SAVANT_BATTER_PROFILE_SCHEMA_V1,CURRENT
608841,"Meneses, Joey",2026,25,4,16.0,12.0,23.5,44.7,0.326,0.269,0.314,58.8,0.0,70.2,27.6,2.0,47.8,0.22,BASEBALL_SAVANT_CURRENT_SEASON,2026-08-20T23:43:02.137578+00:00,SAVANT_BATTER_PROFILE_SCHEMA_V1,CURRENT
642851,"Wynns, Austin",2026,89,24,27.0,5.6,23.9,54.4,0.24,0.2,0.29,26.7,3.3,70.5,13.5,4.0,22.9,0.176,BASEBALL_SAVANT_CURRENT_SEASON,2026-08-20T23:43:02.137578+00:00,SAVANT_BATTER_PROFILE_SCHEMA_V1,CURRENT
677592,"Pereira, Everson",2026,105,35,33.3,5.7,37.6,54.4,0.3,0.208,0.407,41.7,13.3,74.4,48.9,7.0,28.1,0.327,BASEBALL_SAVANT_CURRENT_SEASON,2026-08-20T23:43:02.137578+00:00,SAVANT_BATTER_PROFILE_SCHEMA_V1,CURRENT
545121,"Vargas, Ildemaro",2026,391,38,9.7,5.6,15.2,50.3,0.31,0.279,0.382,35.5,3.7,70.8,15.5,10.0,36.4,0.311,BASEBALL_SAVANT_CURRENT_SEASON,2026-08-20T23:43:02.137578+00:00,SAVANT_BATTER_PROFILE_SCHEMA_V1,CURRENT
672960,"Okamoto, Kazuma",2026,502,154,30.7,8.4,33.7,47.7,0.309,0.214,0.417,43.3,12.3,73.1,35.0,24.0,31.4,0.32,BASEBALL_SAVANT_CURRENT_SEASON,2026-08-20T23:43:02.137578+00:00,SAVANT_BATTER_PROFILE_SCHEMA_V1,CURRENT
683011,"Volpe, Anthony",2026,194,45,23.2,11.3,25.7,44.6,0.29,0.231,0.315,35.4,4.0,71.7,17.8,6.0,31.0,0.294,BASEBALL_SAVANT_CURRENT_SEASON,2026-08-20T23:43:02.137578+00:00,SAVANT_BATTER_PROFILE_SCHEMA_V1,CURRENT
669392,"Taylor, Samad",2026,102,30,29.4,11.8,24.3,41.1,0.326,0.283,0.351,25.0,3.3,68.2,4.0,1.0,31.5,0.364,BASEBALL_SAVANT_CURRENT_SEASON,2026-08-20T23:43:02.137578+00:00,SAVANT_BATTER_PROFILE_SCHEMA_V1,CURRENT
680977,"Donovan, Brendan",2026,149,23,15.4,9.4,17.6,44.3,0.306,0.237,0.333,27.4,2.9,68.3,0.9,2.0,32.3,0.341,BASEBALL_SAVANT_CURRENT_SEASON,2026-08-20T23:43:02.137578+00:00,SAVANT_BATTER_PROFILE_SCHEMA_V1,CURRENT
641555,"Escarra, J.C.",2026,92,18,19.6,6.5,28.1,45.5,0.257,0.206,0.308,33.8,4.5,69.6,3.6,1.0,45.4,0.228,BASEBALL_SAVANT_CURRENT_SEASON,2026-08-20T23:43:02.137578+00:00,SAVANT_BATTER_PROFILE_SCHEMA_V1,CURRENT
514888,"Altuve, Jose",2026,430,87,20.2,8.1,22.4,47.9,0.277,0.224,0.331,31.4,4.9,68.8,9.9,14.0,35.1,0.311,BASEBALL_SAVANT_CURRENT_SEASON,2026-08-20T23:43:02.137578+00:00,SAVANT_BATTER_PROFILE_SCHEMA_V1,CURRENT
666971,"Gurriel Jr., Lourdes",2026,189,34,18.0,5.3,24.0,52.6,0.277,0.234,0.315,34.3,4.9,70.7,10.5,6.0,34.4,0.242,BASEBALL_SAVANT_CURRENT_SEASON,2026-08-20T23:43:02.137578+00:00,SAVANT_BATTER_PROFILE_SCHEMA_V1,CURRENT
681481,"Carpenter, Kerry",2026,259,75,29.0,6.9,28.6,50.2,0.295,0.212,0.388,44.0,9.6,71.8,16.5,8.0,29.0,0.3,BASEBALL_SAVANT_CURRENT_SEASON,2026-08-20T23:43:02.137578+00:00,SAVANT_BATTER_PROFILE_SCHEMA_V1,CURRENT
663604,"Lockridge, Brandon",2026,111,32,28.8,9.9,29.2,45.2,0.258,0.216,0.262,32.4,1.5,73.3,40.1,3.0,22.3,0.302,BASEBALL_SAVANT_CURRENT_SEASON,2026-08-20T23:43:02.137578+00:00,SAVANT_BATTER_PROFILE_SCHEMA_V1,CURRENT
683748,"Mesa Jr., Victor",2026,179,40,22.3,8.9,25.8,53.9,0.318,0.23,0.426,40.2,12.3,74.1,38.2,2.0,29.9,0.318,BASEBALL_SAVANT_CURRENT_SEASON,2026-08-20T23:43:02.137578+00:00,SAVANT_BATTER_PROFILE_SCHEMA_V1,CURRENT
663368,"Perkins, Blake",2026,101,22,21.8,9.9,20.9,43.4,0.264,0.196,0.295,33.8,4.4,70.4,8.7,1.0,31.4,0.235,BASEBALL_SAVANT_CURRENT_SEASON,2026-08-20T23:43:02.137578+00:00,SAVANT_BATTER_PROFILE_SCHEMA_V1,CURRENT
801126,"Rodden, Brock",2026,21,8,38.1,14.3,44.4,42.4,0.246,0.134,0.235,50.0,10.0,69.0,3.0,1.0,38.9,0.38,BASEBALL_SAVANT_CURRENT_SEASON,2026-08-20T23:43:02.137578+00:00,SAVANT_BATTER_PROFILE_SCHEMA_V1,CURRENT
664702,"Straw, Myles",2026,243,33,13.6,7.0,12.9,41.4,0.292,0.254,0.35,25.0,3.1,68.7,6.7,11.0,37.4,0.268,BASEBALL_SAVANT_CURRENT_SEASON,2026-08-20T23:43:02.137578+00:00,SAVANT_BATTER_PROFILE_SCHEMA_V1,CURRENT
682515,"Porter, Logan",2026,6,2,33.3,33.3,22.2,32.1,0.414,0.269,0.363,50.0,0.0,68.4,0.0,0.0,33.3,0.443,BASEBALL_SAVANT_CURRENT_SEASON,2026-08-20T23:43:02.137578+00:00,SAVANT_BATTER_PROFILE_SCHEMA_V1,CURRENT
668942,"Rojas, Josh",2026,80,13,16.3,3.8,21.6,50.5,0.207,0.179,0.256,29.7,1.6,69.0,3.8,3.0,39.0,0.247,BASEBALL_SAVANT_CURRENT_SEASON,2026-08-20T23:43:02.137578+00:00,SAVANT_BATTER_PROFILE_SCHEMA_V1,CURRENT
686452,"Millas, Drew",2026,152,37,24.3,9.2,23.3,44.8,0.266,0.204,0.282,21.9,3.2,68.1,3.6,1.0,31.0,0.251,BASEBALL_SAVANT_CURRENT_SEASON,2026-08-20T23:43:02.137578+00:00,SAVANT_BATTER_PROFILE_SCHEMA_V1,CURRENT
663662,"Cameron, Daz",2026,6,1,16.7,0.0,12.5,44.4,0.211,0.207,0.288,20.0,20.0,74.2,57.1,0.0,42.9,0.358,BASEBALL_SAVANT_CURRENT_SEASON,2026-08-20T23:43:02.137578+00:00,SAVANT_BATTER_PROFILE_SCHEMA_V1,CURRENT
606192,"Hernández, Teoscar",2026,358,97,27.1,8.1,31.6,47.2,0.318,0.247,0.416,43.9,9.2,72.2,22.2,14.0,34.7,0.313,BASEBALL_SAVANT_CURRENT_SEASON,2026-08-20T23:43:02.137578+00:00,SAVANT_BATTER_PROFILE_SCHEMA_V1,CURRENT
696030,"Osuna, Alejandro",2026,220,32,14.5,8.6,16.8,47.5,0.299,0.25,0.306,29.2,0.6,71.8,23.7,3.0,32.4,0.3,BASEBALL_SAVANT_CURRENT_SEASON,2026-08-20T23:43:02.137578+00:00,SAVANT_BATTER_PROFILE_SCHEMA_V1,CURRENT
665506,"Pache, Cristian",2026,6,4,66.7,0.0,33.3,41.4,0.09,0.097,0.108,50.0,0.0,69.1,0.0,0.0,12.5,0.0,BASEBALL_SAVANT_CURRENT_SEASON,2026-08-20T23:43:02.137578+00:00,SAVANT_BATTER_PROFILE_SCHEMA_V1,CURRENT
673237,"Diaz, Yainer",2026,246,38,15.4,3.7,22.0,57.0,0.307,0.271,0.404,34.8,5.1,72.5,21.6,12.0,37.1,0.293,BASEBALL_SAVANT_CURRENT_SEASON,2026-08-20T23:43:02.137578+00:00,SAVANT_BATTER_PROFILE_SCHEMA_V1,CURRENT
663728,"Raleigh, Cal",2026,391,125,32.0,13.0,31.4,50.5,0.29,0.173,0.353,35.4,12.3,75.0,51.6,19.0,21.0,0.261,BASEBALL_SAVANT_CURRENT_SEASON,2026-08-20T23:43:02.137578+00:00,SAVANT_BATTER_PROFILE_SCHEMA_V1,CURRENT
668227,"Arozarena, Randy",2026,511,108,21.1,9.2,26.5,46.7,0.345,0.263,0.415,43.0,7.4,70.9,22.2,11.0,35.9,0.361,BASEBALL_SAVANT_CURRENT_SEASON,2026-08-20T23:43:02.137578+00:00,SAVANT_BATTER_PROFILE_SCHEMA_V1,CURRENT
467793,"Santana, Carlos",2026,26,8,30.8,7.7,29.6,50.9,0.187,0.141,0.192,43.8,0.0,71.6,16.7,1.0,28.6,0.136,BASEBALL_SAVANT_CURRENT_SEASON,2026-08-20T23:43:02.137578+00:00,SAVANT_BATTER_PROFILE_SCHEMA_V1,CURRENT
676475,"Burleson, Alec",2026,539,90,16.7,8.5,21.8,52.7,0.387,0.299,0.542,49.5,11.6,73.5,35.4,13.0,34.6,0.364,BASEBALL_SAVANT_CURRENT_SEASON,2026-08-20T23:43:02.137578+00:00,SAVANT_BATTER_PROFILE_SCHEMA_V1,CURRENT
687529,"McCray, Grant",2026,47,13,27.7,14.9,34.2,39.9,0.296,0.2,0.316,25.9,11.1,71.6,19.0,5.0,30.2,0.198,BASEBALL_SAVANT_CURRENT_SEASON,2026-08-20T23:43:02.137578+00:00,SAVANT_BATTER_PROFILE_SCHEMA_V1,CURRENT
805347,"Jarvis, Jim",2026,121,22,18.2,6.6,18.2,44.6,0.272,0.237,0.308,36.7,3.3,71.0,12.4,3.0,36.7,0.261,BASEBALL_SAVANT_CURRENT_SEASON,2026-08-20T23:43:02.137578+00:00,SAVANT_BATTER_PROFILE_SCHEMA_V1,CURRENT
543760,"Semien, Marcus",2026,420,92,21.9,7.6,24.3,49.9,0.303,0.244,0.389,34.2,6.8,68.5,2.4,23.0,34.7,0.274,BASEBALL_SAVANT_CURRENT_SEASON,2026-08-20T23:43:02.137578+00:00,SAVANT_BATTER_PROFILE_SCHEMA_V1,CURRENT
683079,"Martinez, Omar",2026,3,1,33.3,0.0,20.0,41.7,0.111,0.116,0.136,50.0,0.0,73.9,25.0,0.0,33.3,0.297,BASEBALL_SAVANT_CURRENT_SEASON,2026-08-20T23:43:02.137578+00:00,SAVANT_BATTER_PROFILE_SCHEMA_V1,CURRENT
669364,"Edwards, Xavier",2026,537,72,13.4,11.5,16.5,43.3,0.317,0.264,0.366,29.0,3.5,68.4,2.7,14.0,39.1,0.334,BASEBALL_SAVANT_CURRENT_SEASON,2026-08-20T23:43:02.137578+00:00,SAVANT_BATTER_PROFILE_SCHEMA_V1,CURRENT
664774,"Wade Jr., LaMonte",2026,100,21,21.0,16.0,21.0,38.4,0.291,0.205,0.294,34.9,3.2,71.3,8.4,1.0,31.4,0.319,BASEBALL_SAVANT_CURRENT_SEASON,2026-08-20T23:43:02.137578+00:00,SAVANT_BATTER_PROFILE_SCHEMA_V1,CURRENT
624641,"Sosa, Edmundo",2026,205,43,21.0,3.4,27.3,61.2,0.328,0.279,0.436,40.5,6.8,72.3,25.8,0.0,28.2,0.269,BASEBALL_SAVANT_CURRENT_SEASON,2026-08-20T23:43:02.137578+00:00,SAVANT_BATTER_PROFILE_SCHEMA_V1,CURRENT
671739,"Harris II, Michael",2026,483,95,19.7,3.7,25.2,56.2,0.343,0.289,0.477,48.9,10.6,75.0,50.8,16.0,31.2,0.346,BASEBALL_SAVANT_CURRENT_SEASON,2026-08-20T23:43:02.137578+00:00,SAVANT_BATTER_PROFILE_SCHEMA_V1,CURRENT
677060,"Stevens, Chad",2026,34,13,38.2,14.7,31.1,49.0,0.209,0.117,0.186,25.0,6.3,72.1,36.2,1.0,17.5,0.129,BASEBALL_SAVANT_CURRENT_SEASON,2026-08-20T23:43:02.137578+00:00,SAVANT_BATTER_PROFILE_SCHEMA_V1,CURRENT
665862,"Chisholm Jr., Jazz",2026,459,142,30.9,10.2,31.5,45.4,0.289,0.208,0.364,42.0,9.3,73.2,31.3,14.0,32.1,0.298,BASEBALL_SAVANT_CURRENT_SEASON,2026-08-20T23:43:02.137578+00:00,SAVANT_BATTER_PROFILE_SCHEMA_V1,CURRENT
687263,"Neto, Zach",2026,548,172,31.4,9.5,33.7,51.6,0.295,0.198,0.383,39.7,11.4,71.2,13.5,36.0,30.5,0.315,BASEBALL_SAVANT_CURRENT_SEASON,2026-08-20T23:43:02.137578+00:00,SAVANT_BATTER_PROFILE_SCHEMA_V1,CURRENT
694673,"Ortiz, Abimelec",2026,49,11,22.4,4.1,20.9,50.5,0.391,0.28,0.623,50.0,16.7,75.6,62.6,3.0,25.3,0.398,BASEBALL_SAVANT_CURRENT_SEASON,2026-08-20T23:43:02.137578+00:00,SAVANT_BATTER_PROFILE_SCHEMA_V1,CURRENT
686765,"Sogard, Nick",2026,136,23,16.9,14.7,19.5,39.9,0.323,0.257,0.342,25.8,3.2,69.4,4.8,2.0,31.1,0.339,BASEBALL_SAVANT_CURRENT_SEASON,2026-08-20T23:43:02.137578+00:00,SAVANT_BATTER_PROFILE_SCHEMA_V1,CURRENT
682668,"Acuña, Luisangel",2026,199,39,19.6,4.0,25.6,51.5,0.265,0.246,0.316,37.7,3.3,72.1,27.7,12.0,37.4,0.242,BASEBALL_SAVANT_CURRENT_SEASON,2026-08-20T23:43:02.137578+00:00,SAVANT_BATTER_PROFILE_SCHEMA_V1,CURRENT
683734,"Vaughn, Andrew",2026,265,40,15.1,11.3,20.4,38.8,0.342,0.271,0.396,43.2,5.8,70.5,14.1,7.0,42.3,0.373,BASEBALL_SAVANT_CURRENT_SEASON,2026-08-20T23:43:02.137578+00:00,SAVANT_BATTER_PROFILE_SCHEMA_V1,CURRENT
609280,"Andujar, Miguel",2026,254,38,15.0,4.3,18.5,54.2,0.298,0.264,0.376,36.3,4.5,71.2,19.2,9.0,31.7,0.313,BASEBALL_SAVANT_CURRENT_SEASON,2026-08-20T23:43:02.137578+00:00,SAVANT_BATTER_PROFILE_SCHEMA_V1,CURRENT
701807,"Benge, Carson",2026,503,107,21.3,7.4,21.0,45.8,0.341,0.28,0.439,41.4,7.4,70.9,17.1,25.0,33.9,0.332,BASEBALL_SAVANT_CURRENT_SEASON,2026-08-20T23:43:02.137578+00:00,SAVANT_BATTER_PROFILE_SCHEMA_V1,CURRENT
687515,"Thomas, Colby",2026,121,37,30.6,3.3,34.3,60.6,0.248,0.182,0.357,34.2,8.9,75.5,57.3,2.0,27.5,0.25,BASEBALL_SAVANT_CURRENT_SEASON,2026-08-20T23:43:02.137578+00:00,SAVANT_BATTER_PROFILE_SCHEMA_V1,CURRENT
672724,"Peraza, Oswald",2026,320,95,29.7,4.1,29.8,55.9,0.27,0.222,0.338,37.7,6.9,72.5,27.5,12.0,26.4,0.276,BASEBALL_SAVANT_CURRENT_SEASON,2026-08-20T23:43:02.137578+00:00,SAVANT_BATTER_PROFILE_SCHEMA_V1,CURRENT
665966,"Narváez, Carlos",2026,236,78,33.1,6.8,33.9,52.2,0.268,0.198,0.32,38.2,7.4,72.0,19.2,13.0,30.4,0.227,BASEBALL_SAVANT_CURRENT_SEASON,2026-08-20T23:43:02.137578+00:00,SAVANT_BATTER_PROFILE_SCHEMA_V1,CURRENT
571657,"Farmer, Kyle",2026,16,4,25.0,0.0,30.0,57.7,0.238,0.264,0.304,25.0,0.0,66.3,0.0,0.0,31.6,0.246,BASEBALL_SAVANT_CURRENT_SEASON,2026-08-20T23:43:02.137578+00:00,SAVANT_BATTER_PROFILE_SCHEMA_V1,CURRENT
670097,"Short, Zack",2026,62,19,30.6,12.9,31.1,44.9,0.256,0.159,0.269,20.6,5.9,70.3,3.7,0.0,31.5,0.218,BASEBALL_SAVANT_CURRENT_SEASON,2026-08-20T23:43:02.137578+00:00,SAVANT_BATTER_PROFILE_SCHEMA_V1,CURRENT
596142,"Sánchez, Gary",2026,220,44,20.0,17.7,27.3,35.4,0.36,0.23,0.432,37.3,9.0,71.5,22.9,10.0,37.5,0.361,BASEBALL_SAVANT_CURRENT_SEASON,2026-08-20T23:43:02.137578+00:00,SAVANT_BATTER_PROFILE_SCHEMA_V1,CURRENT
679529,"Torkelson, Spencer",2026,496,154,31.0,10.7,31.3,43.4,0.314,0.218,0.405,41.0,12.8,73.1,25.7,15.0,29.6,0.319,BASEBALL_SAVANT_CURRENT_SEASON,2026-08-20T23:43:02.137578+00:00,SAVANT_BATTER_PROFILE_SCHEMA_V1,CURRENT
695720,"White, Tommy",2026,113,18,15.9,3.5,20.4,54.5,0.291,0.264,0.378,31.9,6.6,69.6,13.2,2.0,33.1,0.272,BASEBALL_SAVANT_CURRENT_SEASON,2026-08-20T23:43:02.137578+00:00,SAVANT_BATTER_PROFILE_SCHEMA_V1,CURRENT
502671,"Goldschmidt, Paul",2026,330,79,23.9,7.9,27.1,47.5,0.306,0.231,0.405,36.5,10.4,71.2,13.9,4.0,31.9,0.33,BASEBALL_SAVANT_CURRENT_SEASON,2026-08-20T23:43:02.137578+00:00,SAVANT_BATTER_PROFILE_SCHEMA_V1,CURRENT
666023,"Fermin, Freddy",2026,217,44,20.3,7.8,25.8,52.0,0.268,0.208,0.31,27.5,3.9,69.9,6.3,12.0,32.4,0.26,BASEBALL_SAVANT_CURRENT_SEASON,2026-08-20T23:43:02.137578+00:00,SAVANT_BATTER_PROFILE_SCHEMA_V1,CURRENT
663757,"Grisham, Trent",2026,424,74,17.5,11.8,18.2,39.7,0.34,0.249,0.441,46.2,10.0,70.7,7.9,6.0,41.9,0.324,BASEBALL_SAVANT_CURRENT_SEASON,2026-08-20T23:43:02.137578+00:00,SAVANT_BATTER_PROFILE_SCHEMA_V1,CURRENT
656582,"Joe, Connor",2026,45,15,33.3,13.3,24.7,40.5,0.337,0.257,0.397,45.8,8.3,72.9,38.7,2.0,27.1,0.274,BASEBALL_SAVANT_CURRENT_SEASON,2026-08-20T23:43:02.137578+00:00,SAVANT_BATTER_PROFILE_SCHEMA_V1,CURRENT
660670,"Acuña Jr., Ronald",2026,330,77,23.3,12.1,29.9,47.5,0.367,0.257,0.487,46.2,13.0,75.9,61.1,27.0,28.1,0.338,BASEBALL_SAVANT_CURRENT_SEASON,2026-08-20T23:43:02.137578+00:00,SAVANT_BATTER_PROFILE_SCHEMA_V1,CURRENT
669208,"Bliss, Ryan",2026,10,3,30.0,10.0,37.5,53.3,0.27,0.203,0.295,66.7,0.0,69.8,5.3,0.0,30.8,0.159,BASEBALL_SAVANT_CURRENT_SEASON,2026-08-20T23:43:02.137578+00:00,SAVANT_BATTER_PROFILE_SCHEMA_V1,CURRENT
664056,"Bader, Harrison",2026,111,34,30.6,3.6,32.0,53.4,0.272,0.215,0.367,41.1,8.2,72.9,37.9,6.0,32.4,0.238,BASEBALL_SAVANT_CURRENT_SEASON,2026-08-20T23:43:02.137578+00:00,SAVANT_BATTER_PROFILE_SCHEMA_V1,CURRENT
691718,"Crow-Armstrong, Pete",2026,570,154,27.0,11.9,27.4,49.3,0.359,0.251,0.47,49.0,12.5,74.8,50.3,43.0,26.7,0.396,BASEBALL_SAVANT_CURRENT_SEASON,2026-08-20T23:43:02.137578+00:00,SAVANT_BATTER_PROFILE_SCHEMA_V1,CURRENT
694671,"Langford, Wyatt",2026,320,73,22.8,7.8,24.5,48.9,0.308,0.237,0.399,39.3,7.8,72.5,24.4,10.0,34.5,0.338,BASEBALL_SAVANT_CURRENT_SEASON,2026-08-20T23:43:02.137578+00:00,SAVANT_BATTER_PROFILE_SCHEMA_V1,CURRENT
683357,"Caissie, Owen",2026,290,111,38.3,7.6,35.7,46.6,0.3,0.208,0.407,46.4,15.0,74.9,54.1,15.0,28.0,0.306,BASEBALL_SAVANT_CURRENT_SEASON,2026-08-20T23:43:02.137578+00:00,SAVANT_BATTER_PROFILE_SCHEMA_V1,CURRENT
665877,"Fermín, José",2026,269,33,12.3,9.7,13.4,38.9,0.305,0.255,0.349,32.4,1.9,68.2,2.6,7.0,40.2,0.303,BASEBALL_SAVANT_CURRENT_SEASON,2026-08-20T23:43:02.137578+00:00,SAVANT_BATTER_PROFILE_SCHEMA_V1,CURRENT
691373,"Garcia, Jhostynxon",2026,51,17,33.3,2.0,33.9,60.9,0.24,0.211,0.301,31.3,3.1,74.5,44.9,1.0,24.2,0.175,BASEBALL_SAVANT_CURRENT_SEASON,2026-08-20T23:43:02.137578+00:00,SAVANT_BATTER_PROFILE_SCHEMA_V1,CURRENT
678760,"Leonard, Eddys",2026,8,2,25.0,0.0,36.4,57.9,0.299,0.3,0.386,16.7,16.7,75.2,65.0,0.0,7.1,0.269,BASEBALL_SAVANT_CURRENT_SEASON,2026-08-20T23:43:02.137578+00:00,SAVANT_BATTER_PROFILE_SCHEMA_V1,CURRENT
675659,"Jones, Greg",2026,24,10,41.7,0.0,38.6,54.3,0.164,0.174,0.205,28.6,0.0,71.0,12.9,2.0,25.0,0.077,BASEBALL_SAVANT_CURRENT_SEASON,2026-08-20T23:43:02.137578+00:00,SAVANT_BATTER_PROFILE_SCHEMA_V1,CURRENT
691277,"De Los Santos, Deyvison",2026,7,3,42.9,0.0,31.6,55.9,0.221,0.201,0.314,25.0,25.0,74.0,47.1,2.0,15.4,0.307,BASEBALL_SAVANT_CURRENT_SEASON,2026-08-20T23:43:02.137578+00:00,SAVANT_BATTER_PROFILE_SCHEMA_V1,CURRENT
671277,"García Jr., Luis",2026,429,71,16.6,4.4,19.2,53.0,0.345,0.284,0.491,46.0,11.9,74.2,43.5,11.0,32.5,0.356,BASEBALL_SAVANT_CURRENT_SEASON,2026-08-20T23:43:02.137578+00:00,SAVANT_BATTER_PROFILE_SCHEMA_V1,CURRENT
663624,"Mountcastle, Ryan",2026,15,2,13.3,6.7,8.8,63.0,0.301,0.279,0.348,41.7,0.0,74.4,43.8,0.0,20.0,0.308,BASEBALL_SAVANT_CURRENT_SEASON,2026-08-20T23:43:02.137578+00:00,SAVANT_BATTER_PROFILE_SCHEMA_V1,CURRENT
682641,"Matos, Luis",2026,21,7,33.3,4.8,31.8,61.1,0.13,0.099,0.136,23.1,0.0,71.1,12.8,2.0,24.1,0.203,BASEBALL_SAVANT_CURRENT_SEASON,2026-08-20T23:43:02.137578+00:00,SAVANT_BATTER_PROFILE_SCHEMA_V1,CURRENT
702332,"Durbin, Caleb",2026,458,62,13.5,7.4,15.8,47.2,0.29,0.239,0.326,26.1,2.8,69.3,7.0,19.0,31.9,0.321,BASEBALL_SAVANT_CURRENT_SEASON,2026-08-20T23:43:02.137578+00:00,SAVANT_BATTER_PROFILE_SCHEMA_V1,CURRENT
691620,"Quero, Jeferson",2026,2,0,0.0,50.0,50.0,25.0,0.494,0.306,0.355,0.0,0.0,71.9,0.0,0.0,0.0,0.349,BASEBALL_SAVANT_CURRENT_SEASON,2026-08-20T23:43:02.137578+00:00,SAVANT_BATTER_PROFILE_SCHEMA_V1,CURRENT
701162,"Malgeri, Ben",2026,71,15,21.1,14.1,28.2,46.6,0.329,0.242,0.365,42.2,6.7,69.0,4.5,6.0,37.3,0.356,BASEBALL_SAVANT_CURRENT_SEASON,2026-08-20T23:43:02.137578+00:00,SAVANT_BATTER_PROFILE_SCHEMA_V1,CURRENT
814430,"Callahan, Brett",2026,11,2,18.2,0.0,5.6,62.1,0.428,0.35,0.662,44.4,11.1,73.1,43.8,0.0,33.3,0.493,BASEBALL_SAVANT_CURRENT_SEASON,2026-08-20T23:43:02.137578+00:00,SAVANT_BATTER_PROFILE_SCHEMA_V1,CURRENT
663886,"Stephenson, Tyler",2026,351,93,26.5,10.5,25.8,44.7,0.344,0.249,0.46,46.1,12.6,70.7,8.2,19.0,34.0,0.323,BASEBALL_SAVANT_CURRENT_SEASON,2026-08-20T23:43:02.137578+00:00,SAVANT_BATTER_PROFILE_SCHEMA_V1,CURRENT
643289,"Dubón, Mauricio",2026,484,62,12.8,6.0,15.9,53.1,0.305,0.267,0.378,29.9,3.9,69.1,4.1,13.0,33.4,0.305,BASEBALL_SAVANT_CURRENT_SEASON,2026-08-20T23:43:02.137578+00:00,SAVANT_BATTER_PROFILE_SCHEMA_V1,CURRENT
668952,"Kreidler, Ryan",2026,217,47,21.7,6.5,30.4,53.1,0.287,0.223,0.379,36.1,7.7,74.0,40.9,14.0,29.4,0.287,BASEBALL_SAVANT_CURRENT_SEASON,2026-08-20T23:43:02.137578+00:00,SAVANT_BATTER_PROFILE_SCHEMA_V1,CURRENT
691176,"Domínguez, Jasson",2026,212,46,21.7,4.2,24.3,50.8,0.288,0.251,0.364,39.0,5.2,74.4,40.4,4.0,29.2,0.285,BASEBALL_SAVANT_CURRENT_SEASON,2026-08-20T23:43:02.137578+00:00,SAVANT_BATTER_PROFILE_SCHEMA_V1,CURRENT
663647,"Hayes, Ke'Bryan",2026,193,38,19.7,5.2,23.8,44.4,0.302,0.245,0.4,39.2,8.6,70.8,7.1,3.0,45.1,0.206,BASEBALL_SAVANT_CURRENT_SEASON,2026-08-20T23:43:02.137578+00:00,SAVANT_BATTER_PROFILE_SCHEMA_V1,CURRENT
678662,"Tovar, Ezequiel",2026,422,107,25.4,5.9,29.1,62.2,0.272,0.218,0.355,33.3,6.3,72.1,21.4,14.0,25.4,0.254,BASEBALL_SAVANT_CURRENT_SEASON,2026-08-20T23:43:02.137578+00:00,SAVANT_BATTER_PROFILE_SCHEMA_V1,CURRENT
608348,"Kelly, Carson",2026,333,57,17.1,10.2,19.9,44.0,0.314,0.243,0.377,36.0,5.4,70.9,9.7,4.0,35.6,0.321,BASEBALL_SAVANT_CURRENT_SEASON,2026-08-20T23:43:02.137578+00:00,SAVANT_BATTER_PROFILE_SCHEMA_V1,CURRENT
608701,"Refsnyder, Rob",2026,129,37,28.7,6.2,29.0,44.5,0.255,0.17,0.316,34.6,8.6,71.9,19.1,7.0,27.8,0.207,BASEBALL_SAVANT_CURRENT_SEASON,2026-08-20T23:43:02.137578+00:00,SAVANT_BATTER_PROFILE_SCHEMA_V1,CURRENT
680869,"Gelof, Zack",2026,285,70,24.6,6.7,27.1,46.1,0.304,0.229,0.403,41.1,8.4,73.8,34.0,2.0,31.1,0.356,BASEBALL_SAVANT_CURRENT_SEASON,2026-08-20T23:43:02.137578+00:00,SAVANT_BATTER_PROFILE_SCHEMA_V1,CURRENT
680757,"Kwan, Steven",2026,481,49,10.2,13.3,8.8,36.1,0.323,0.271,0.333,8.8,0.3,62.5,0.2,5.0,45.2,0.319,BASEBALL_SAVANT_CURRENT_SEASON,2026-08-20T23:43:02.137578+00:00,SAVANT_BATTER_PROFILE_SCHEMA_V1,CURRENT
806198,"Pratt, Cooper",2026,163,33,20.2,11.0,25.8,45.1,0.316,0.257,0.353,29.7,3.7,70.2,8.2,2.0,34.6,0.313,BASEBALL_SAVANT_CURRENT_SEASON,2026-08-20T23:43:02.137578+00:00,SAVANT_BATTER_PROFILE_SCHEMA_V1,CURRENT
682997,"Callihan, Tyler",2026,107,38,35.5,8.4,34.3,55.0,0.252,0.185,0.296,27.1,6.8,70.2,10.8,1.0,20.6,0.294,BASEBALL_SAVANT_CURRENT_SEASON,2026-08-20T23:43:02.137578+00:00,SAVANT_BATTER_PROFILE_SCHEMA_V1,CURRENT
677950,"Thomas, Alek",2026,100,23,23.0,3.0,26.7,57.4,0.292,0.235,0.397,43.1,8.6,69.6,4.5,5.0,36.1,0.246,BASEBALL_SAVANT_CURRENT_SEASON,2026-08-20T23:43:02.137578+00:00,SAVANT_BATTER_PROFILE_SCHEMA_V1,CURRENT
663837,"Vierling, Matt",2026,291,49,16.8,6.5,18.2,48.0,0.304,0.256,0.381,37.2,5.0,70.9,7.6,2.0,35.7,0.258,BASEBALL_SAVANT_CURRENT_SEASON,2026-08-20T23:43:02.137578+00:00,SAVANT_BATTER_PROFILE_SCHEMA_V1,CURRENT
669394,"Burger, Jake",2026,480,128,26.7,7.5,34.0,50.4,0.302,0.231,0.399,46.6,10.9,75.7,61.8,24.0,33.1,0.316,BASEBALL_SAVANT_CURRENT_SEASON,2026-08-20T23:43:02.137578+00:00,SAVANT_BATTER_PROFILE_SCHEMA_V1,CURRENT
516782,"Marte, Starling",2026,168,41,24.4,5.4,27.9,53.2,0.287,0.23,0.364,35.1,9.6,72.6,30.2,9.0,29.9,0.275,BASEBALL_SAVANT_CURRENT_SEASON,2026-08-20T23:43:02.137578+00:00,SAVANT_BATTER_PROFILE_SCHEMA_V1,CURRENT
694384,"Schanuel, Nolan",2026,442,58,13.1,9.5,16.4,44.4,0.336,0.287,0.39,33.3,2.4,68.2,5.7,17.0,39.0,0.331,BASEBALL_SAVANT_CURRENT_SEASON,2026-08-20T23:43:02.137578+00:00,SAVANT_BATTER_PROFILE_SCHEMA_V1,CURRENT
681624,"Pages, Andy",2026,548,106,19.3,8.2,22.0,47.8,0.34,0.273,0.439,42.2,7.7,73.0,28.5,14.0,30.6,0.346,BASEBALL_SAVANT_CURRENT_SEASON,2026-08-20T23:43:02.137578+00:00,SAVANT_BATTER_PROFILE_SCHEMA_V1,CURRENT
801501,"Furman, Nate",2026,8,1,12.5,25.0,9.1,34.4,0.27,0.129,0.163,0.0,0.0,65.6,0.0,0.0,20.0,0.174,BASEBALL_SAVANT_CURRENT_SEASON,2026-08-20T23:43:02.137578+00:00,SAVANT_BATTER_PROFILE_SCHEMA_V1,CURRENT
670770,"Friedl, TJ",2026,246,57,23.2,8.1,25.1,44.0,0.231,0.173,0.239,27.3,2.5,71.0,11.0,11.0,35.9,0.222,BASEBALL_SAVANT_CURRENT_SEASON,2026-08-20T23:43:02.137578+00:00,SAVANT_BATTER_PROFILE_SCHEMA_V1,CURRENT
669701,"Smith, Josh",2026,187,40,21.4,10.2,24.9,48.3,0.277,0.208,0.323,29.1,7.1,68.9,3.0,10.0,31.1,0.275,BASEBALL_SAVANT_CURRENT_SEASON,2026-08-20T23:43:02.137578+00:00,SAVANT_BATTER_PROFILE_SCHEMA_V1,CURRENT
687401,"Ortiz, Joey",2026,312,58,18.6,9.3,19.1,44.8,0.3,0.241,0.342,36.0,4.4,73.0,31.0,5.0,31.7,0.309,BASEBALL_SAVANT_CURRENT_SEASON,2026-08-20T23:43:02.137578+00:00,SAVANT_BATTER_PROFILE_SCHEMA_V1,CURRENT
683679,"Rodriguez, Jesus",2026,58,8,13.8,8.6,24.5,52.6,0.315,0.267,0.355,29.5,2.3,69.4,3.1,2.0,31.1,0.321,BASEBALL_SAVANT_CURRENT_SEASON,2026-08-20T23:43:02.137578+00:00,SAVANT_BATTER_PROFILE_SCHEMA_V1,CURRENT
677649,"Duran, Ezequiel",2026,451,110,24.4,7.1,27.0,51.4,0.298,0.243,0.372,36.3,6.3,72.7,27.7,21.0,27.2,0.323,BASEBALL_SAVANT_CURRENT_SEASON,2026-08-20T23:43:02.137578+00:00,SAVANT_BATTER_PROFILE_SCHEMA_V1,CURRENT
664238,"Moore, Dylan",2026,15,6,40.0,20.0,29.4,42.0,0.233,0.096,0.178,33.3,0.0,73.2,26.7,1.0,13.6,0.14,BASEBALL_SAVANT_CURRENT_SEASON,2026-08-20T23:43:02.137578+00:00,SAVANT_BATTER_PROFILE_SCHEMA_V1,CURRENT
669257,"Smith, Will",2026,201,34,16.9,11.4,16.4,41.3,0.385,0.275,0.494,39.4,13.4,70.0,7.5,9.0,34.9,0.321,BASEBALL_SAVANT_CURRENT_SEASON,2026-08-20T23:43:02.137578+00:00,SAVANT_BATTER_PROFILE_SCHEMA_V1,CURRENT
694212,"Basallo, Samuel",2026,315,83,26.3,8.3,31.9,53.4,0.338,0.251,0.473,45.6,13.3,74.6,47.4,16.0,32.1,0.326,BASEBALL_SAVANT_CURRENT_SEASON,2026-08-20T23:43:02.137578+00:00,SAVANT_BATTER_PROFILE_SCHEMA_V1,CURRENT
672613,"Alfonzo, Eliezer",2026,27,2,7.4,0.0,12.5,53.3,0.223,0.218,0.301,32.0,0.0,68.6,4.8,1.0,51.4,0.192,BASEBALL_SAVANT_CURRENT_SEASON,2026-08-20T23:43:02.137578+00:00,SAVANT_BATTER_PROFILE_SCHEMA_V1,CURRENT
703607,"Bolte, Henry",2026,313,84,26.8,6.4,33.1,50.5,0.306,0.243,0.365,47.4,7.1,77.0,73.6,18.0,30.4,0.319,BASEBALL_SAVANT_CURRENT_SEASON,2026-08-20T23:43:02.137578+00:00,SAVANT_BATTER_PROFILE_SCHEMA_V1,CURRENT
663656,"Tucker, Kyle",2026,493,92,18.7,12.0,22.4,48.9,0.327,0.256,0.383,37.5,5.9,71.4,19.3,12.0,32.5,0.31,BASEBALL_SAVANT_CURRENT_SEASON,2026-08-20T23:43:02.137578+00:00,SAVANT_BATTER_PROFILE_SCHEMA_V1,CURRENT
680718,"Barger, Addison",2026,28,7,25.0,17.9,23.1,43.7,0.255,0.131,0.185,50.0,0.0,74.3,50.0,1.0,24.3,0.17,BASEBALL_SAVANT_CURRENT_SEASON,2026-08-20T23:43:02.137578+00:00,SAVANT_BATTER_PROFILE_SCHEMA_V1,CURRENT
814439,"Waldschmidt, Ryan",2026,222,63,28.4,7.2,31.8,43.6,0.307,0.253,0.378,31.9,6.5,72.3,20.4,3.0,34.8,0.325,BASEBALL_SAVANT_CURRENT_SEASON,2026-08-20T23:43:02.137578+00:00,SAVANT_BATTER_PROFILE_SCHEMA_V1,CURRENT
593428,"Bogaerts, Xander",2026,481,85,17.7,12.3,22.7,41.4,0.324,0.247,0.377,40.8,6.3,72.5,29.5,18.0,36.1,0.295,BASEBALL_SAVANT_CURRENT_SEASON,2026-08-20T23:43:02.137578+00:00,SAVANT_BATTER_PROFILE_SCHEMA_V1,CURRENT
687363,"Scott II, Victor",2026,184,44,23.9,8.7,24.9,46.4,0.273,0.221,0.293,23.8,0.8,68.4,2.8,9.0,32.0,0.248,BASEBALL_SAVANT_CURRENT_SEASON,2026-08-20T23:43:02.137578+00:00,SAVANT_BATTER_PROFILE_SCHEMA_V1,CURRENT
681190,"Vásquez, Randy",2026,1,0,0.0,0.0,0.0,100.0,0.044,0.049,0.05,0.0,0.0,66.2,0.0,0.0,0.0,0.0,BASEBALL_SAVANT_CURRENT_SEASON,2026-08-20T23:43:02.137578+00:00,SAVANT_BATTER_PROFILE_SCHEMA_V1,CURRENT
695336,"Saggese, Thomas",2026,82,26,31.7,7.3,33.0,54.0,0.274,0.203,0.365,38.0,10.0,72.1,23.3,5.0,26.6,0.235,BASEBALL_SAVANT_CURRENT_SEASON,2026-08-20T23:43:02.137578+00:00,SAVANT_BATTER_PROFILE_SCHEMA_V1,CURRENT
602104,"Urías, Ramón",2026,68,12,17.6,8.8,23.5,48.5,0.305,0.185,0.374,37.0,10.9,70.2,2.9,3.0,36.3,0.273,BASEBALL_SAVANT_CURRENT_SEASON,2026-08-20T23:43:02.137578+00:00,SAVANT_BATTER_PROFILE_SCHEMA_V1,CURRENT
657136,"Wong, Connor",2026,194,47,24.2,8.2,24.9,46.8,0.302,0.231,0.357,36.5,5.6,72.8,28.0,8.0,26.2,0.318,BASEBALL_SAVANT_CURRENT_SEASON,2026-08-20T23:43:02.137578+00:00,SAVANT_BATTER_PROFILE_SCHEMA_V1,CURRENT
800325,"Lara, Luis",2026,108,20,18.5,11.1,18.2,38.9,0.325,0.277,0.37,42.1,5.3,71.3,17.0,5.0,32.4,0.305,BASEBALL_SAVANT_CURRENT_SEASON,2026-08-20T23:43:02.137578+00:00,SAVANT_BATTER_PROFILE_SCHEMA_V1,CURRENT
668709,"Bleday, JJ",2026,410,89,21.7,13.9,26.5,46.4,0.345,0.238,0.43,40.8,9.7,73.8,35.5,21.0,29.4,0.335,BASEBALL_SAVANT_CURRENT_SEASON,2026-08-20T23:43:02.137578+00:00,SAVANT_BATTER_PROFILE_SCHEMA_V1,CURRENT
805779,"Wilson, Jacob",2026,337,39,11.6,3.6,14.8,55.9,0.282,0.262,0.345,27.6,2.5,64.7,0.6,8.0,38.4,0.3,BASEBALL_SAVANT_CURRENT_SEASON,2026-08-20T23:43:02.137578+00:00,SAVANT_BATTER_PROFILE_SCHEMA_V1,CURRENT
675448,"Hunt, Blake",2026,3,3,100.0,0.0,57.1,41.2,0.0,0.0,0.0,,,71.7,16.7,1.0,0.0,0.0,BASEBALL_SAVANT_CURRENT_SEASON,2026-08-20T23:43:02.137578+00:00,SAVANT_BATTER_PROFILE_SCHEMA_V1,CURRENT
805811,"Eldridge, Bryce",2026,339,91,26.8,12.4,26.8,43.0,0.349,0.247,0.464,51.0,12.2,73.7,35.6,5.0,31.6,0.341,BASEBALL_SAVANT_CURRENT_SEASON,2026-08-20T23:43:02.137578+00:00,SAVANT_BATTER_PROFILE_SCHEMA_V1,CURRENT
595879,"Báez, Javier",2026,144,26,18.1,2.8,27.8,55.9,0.269,0.251,0.318,33.0,1.8,73.2,31.4,2.0,31.9,0.28,BASEBALL_SAVANT_CURRENT_SEASON,2026-08-20T23:43:02.137578+00:00,SAVANT_BATTER_PROFILE_SCHEMA_V1,CURRENT
678489,"Barrosa, Jorge",2026,157,42,26.8,8.9,26.9,44.3,0.235,0.163,0.254,25.3,5.1,69.1,3.0,3.0,32.6,0.278,BASEBALL_SAVANT_CURRENT_SEASON,2026-08-20T23:43:02.137578+00:00,SAVANT_BATTER_PROFILE_SCHEMA_V1,CURRENT
642215,"Wilson, Weston",2026,116,34,29.3,12.1,34.1,45.4,0.266,0.179,0.291,32.8,6.1,72.1,20.3,5.0,24.8,0.293,BASEBALL_SAVANT_CURRENT_SEASON,2026-08-20T23:43:02.137578+00:00,SAVANT_BATTER_PROFILE_SCHEMA_V1,CURRENT
671056,"Herrera, Iván",2026,568,100,17.6,10.7,20.6,44.7,0.336,0.251,0.381,40.9,5.8,73.7,41.2,18.0,30.1,0.333,BASEBALL_SAVANT_CURRENT_SEASON,2026-08-20T23:43:02.137578+00:00,SAVANT_BATTER_PROFILE_SCHEMA_V1,CURRENT
695578,"Wood, James",2026,535,153,28.6,16.8,30.7,37.8,0.419,0.275,0.585,57.6,20.8,77.0,69.5,39.0,34.3,0.395,BASEBALL_SAVANT_CURRENT_SEASON,2026-08-20T23:43:02.137578+00:00,SAVANT_BATTER_PROFILE_SCHEMA_V1,CURRENT
672580,"Garcia, Maikel",2026,308,47,15.3,7.8,13.9,39.4,0.316,0.274,0.375,40.9,4.6,71.8,19.0,8.0,38.4,0.31,BASEBALL_SAVANT_CURRENT_SEASON,2026-08-20T23:43:02.137578+00:00,SAVANT_BATTER_PROFILE_SCHEMA_V1,CURRENT
696100,"Goodman, Hunter",2026,460,152,33.0,8.5,35.8,54.0,0.329,0.231,0.467,46.0,16.7,75.3,52.4,14.0,26.6,0.364,BASEBALL_SAVANT_CURRENT_SEASON,2026-08-20T23:43:02.137578+00:00,SAVANT_BATTER_PROFILE_SCHEMA_V1,CURRENT
687637,"Beavers, Dylan",2026,237,63,26.6,9.7,25.0,41.5,0.3,0.23,0.363,40.3,6.1,72.4,20.6,4.0,32.3,0.301,BASEBALL_SAVANT_CURRENT_SEASON,2026-08-20T23:43:02.137578+00:00,SAVANT_BATTER_PROFILE_SCHEMA_V1,CURRENT
702176,"Roden, Alan",2026,72,10,13.9,11.1,16.9,46.3,0.337,0.277,0.389,40.7,5.6,70.4,11.7,2.0,37.2,0.27,BASEBALL_SAVANT_CURRENT_SEASON,2026-08-20T23:43:02.137578+00:00,SAVANT_BATTER_PROFILE_SCHEMA_V1,CURRENT
666969,"García, Adolis",2026,259,84,32.4,8.1,34.6,45.4,0.294,0.22,0.362,48.0,9.3,71.7,25.6,9.0,35.9,0.268,BASEBALL_SAVANT_CURRENT_SEASON,2026-08-20T23:43:02.137578+00:00,SAVANT_BATTER_PROFILE_SCHEMA_V1,CURRENT
669384,"Delgado, Raynel",2026,36,5,13.9,5.6,26.7,55.6,0.277,0.248,0.333,31.0,3.4,70.6,3.7,0.0,45.0,0.312,BASEBALL_SAVANT_CURRENT_SEASON,2026-08-20T23:43:02.137578+00:00,SAVANT_BATTER_PROFILE_SCHEMA_V1,CURRENT
694876,"Ingle, Cooper",2026,24,12,50.0,12.5,21.7,43.8,0.175,0.106,0.127,44.4,0.0,68.3,0.0,3.0,21.2,0.161,BASEBALL_SAVANT_CURRENT_SEASON,2026-08-20T23:43:02.137578+00:00,SAVANT_BATTER_PROFILE_SCHEMA_V1,CURRENT
656941,"Schwarber, Kyle",2026,545,184,33.8,14.7,34.4,44.0,0.365,0.236,0.491,51.5,17.2,77.1,74.1,43.0,24.1,0.38,BASEBALL_SAVANT_CURRENT_SEASON,2026-08-20T23:43:02.137578+00:00,SAVANT_BATTER_PROFILE_SCHEMA_V1,CURRENT
680737,"Helman, Michael",2026,35,6,17.1,2.9,20.9,59.3,0.2,0.147,0.208,7.7,0.0,70.1,1.9,0.0,31.0,0.239,BASEBALL_SAVANT_CURRENT_SEASON,2026-08-20T23:43:02.137578+00:00,SAVANT_BATTER_PROFILE_SCHEMA_V1,CURRENT
687952,"Encarnacion-Strand, Christian",2026,93,23,24.7,5.4,25.9,60.7,0.363,0.262,0.566,42.2,18.8,73.7,35.8,3.0,26.7,0.346,BASEBALL_SAVANT_CURRENT_SEASON,2026-08-20T23:43:02.137578+00:00,SAVANT_BATTER_PROFILE_SCHEMA_V1,CURRENT
668723,"Vilade, Ryan",2026,212,47,22.2,8.5,22.1,50.1,0.324,0.251,0.436,38.6,6.9,76.4,63.8,4.0,23.3,0.346,BASEBALL_SAVANT_CURRENT_SEASON,2026-08-20T23:43:02.137578+00:00,SAVANT_BATTER_PROFILE_SCHEMA_V1,CURRENT
680776,"Duran, Jarren",2026,504,143,28.4,6.7,34.0,50.6,0.294,0.231,0.376,39.6,9.3,75.0,51.0,22.0,27.7,0.271,BASEBALL_SAVANT_CURRENT_SEASON,2026-08-20T23:43:02.137578+00:00,SAVANT_BATTER_PROFILE_SCHEMA_V1,CURRENT
677870,"Jiménez, Leo",2026,172,34,19.8,8.1,24.5,43.5,0.312,0.242,0.344,43.6,4.3,72.1,16.9,7.0,36.4,0.269,BASEBALL_SAVANT_CURRENT_SEASON,2026-08-20T23:43:02.137578+00:00,SAVANT_BATTER_PROFILE_SCHEMA_V1,CURRENT
682818,"Piñango, Yohendrick",2026,180,44,24.4,6.1,25.6,50.9,0.309,0.262,0.398,45.6,8.0,75.6,57.4,5.0,27.4,0.309,BASEBALL_SAVANT_CURRENT_SEASON,2026-08-20T23:43:02.137578+00:00,SAVANT_BATTER_PROFILE_SCHEMA_V1,CURRENT
669016,"Marsh, Brandon",2026,481,120,24.9,6.0,25.1,52.6,0.313,0.263,0.42,45.2,8.5,71.6,16.8,4.0,32.8,0.324,BASEBALL_SAVANT_CURRENT_SEASON,2026-08-20T23:43:02.137578+00:00,SAVANT_BATTER_PROFILE_SCHEMA_V1,CURRENT
700246,"Williams, Carson",2026,40,13,32.5,5.0,32.9,57.7,0.217,0.166,0.28,24.0,4.0,74.2,35.2,2.0,17.6,0.166,BASEBALL_SAVANT_CURRENT_SEASON,2026-08-20T23:43:02.137578+00:00,SAVANT_BATTER_PROFILE_SCHEMA_V1,CURRENT
677951,"Witt Jr., Bobby",2026,481,84,17.5,10.4,24.7,47.7,0.379,0.299,0.5,51.0,11.8,73.7,40.3,17.0,37.0,0.353,BASEBALL_SAVANT_CURRENT_SEASON,2026-08-20T23:43:02.137578+00:00,SAVANT_BATTER_PROFILE_SCHEMA_V1,CURRENT
695657,"Montgomery, Colson",2026,503,166,33.0,8.0,36.6,52.2,0.304,0.211,0.411,41.6,11.9,76.5,68.7,27.0,23.6,0.316,BASEBALL_SAVANT_CURRENT_SEASON,2026-08-20T23:43:02.137578+00:00,SAVANT_BATTER_PROFILE_SCHEMA_V1,CURRENT
694224,"Gonzalez, Gabriel",2026,4,0,0.0,50.0,0.0,44.4,0.422,0.154,0.166,0.0,0.0,66.0,0.0,0.0,0.0,0.571,BASEBALL_SAVANT_CURRENT_SEASON,2026-08-20T23:43:02.137578+00:00,SAVANT_BATTER_PROFILE_SCHEMA_V1,CURRENT
596117,"Stubbs, Garrett",2026,49,10,20.4,4.1,19.4,53.8,0.233,0.203,0.248,28.6,0.0,66.7,0.0,3.0,30.4,0.185,BASEBALL_SAVANT_CURRENT_SEASON,2026-08-20T23:43:02.137578+00:00,SAVANT_BATTER_PROFILE_SCHEMA_V1,CURRENT
686527,"Canzone, Dominic",2026,381,79,20.7,9.4,27.7,47.3,0.361,0.272,0.492,45.8,12.6,74.6,46.4,10.0,36.5,0.36,BASEBALL_SAVANT_CURRENT_SEASON,2026-08-20T23:43:02.137578+00:00,SAVANT_BATTER_PROFILE_SCHEMA_V1,CURRENT
691723,"Mayo, Coby",2026,331,108,32.6,7.3,31.9,46.7,0.309,0.22,0.431,49.0,12.2,75.6,57.1,6.0,29.0,0.309,BASEBALL_SAVANT_CURRENT_SEASON,2026-08-20T23:43:02.137578+00:00,SAVANT_BATTER_PROFILE_SCHEMA_V1,CURRENT
700250,"Rice, Ben",2026,518,131,25.3,11.8,25.9,44.0,0.371,0.262,0.509,49.1,15.2,72.7,25.5,11.0,35.0,0.374,BASEBALL_SAVANT_CURRENT_SEASON,2026-08-20T23:43:02.137578+00:00,SAVANT_BATTER_PROFILE_SCHEMA_V1,CURRENT
687462,"Horwitz, Spencer",2026,348,49,14.1,12.6,15.2,40.8,0.324,0.227,0.366,31.9,7.3,68.8,4.7,6.0,34.8,0.343,BASEBALL_SAVANT_CURRENT_SEASON,2026-08-20T23:43:02.137578+00:00,SAVANT_BATTER_PROFILE_SCHEMA_V1,CURRENT
677588,"Tena, José",2026,245,73,29.8,9.0,34.6,48.9,0.311,0.24,0.384,49.7,8.8,73.9,40.8,10.0,31.9,0.32,BASEBALL_SAVANT_CURRENT_SEASON,2026-08-20T23:43:02.137578+00:00,SAVANT_BATTER_PROFILE_SCHEMA_V1,CURRENT
811965,"Kuroda-Grauer, Joshua",2026,62,7,11.3,1.6,14.6,54.4,0.329,0.317,0.416,40.4,1.9,68.3,8.3,1.0,33.0,0.442,BASEBALL_SAVANT_CURRENT_SEASON,2026-08-20T23:43:02.137578+00:00,SAVANT_BATTER_PROFILE_SCHEMA_V1,CURRENT
695238,"Wagner, Will",2026,45,7,15.6,22.2,16.9,40.3,0.329,0.249,0.282,17.9,0.0,69.9,4.8,1.0,28.3,0.333,BASEBALL_SAVANT_CURRENT_SEASON,2026-08-20T23:43:02.137578+00:00,SAVANT_BATTER_PROFILE_SCHEMA_V1,CURRENT
667452,"Julks, Corey",2026,4,1,25.0,0.0,12.5,44.4,0.111,0.067,0.206,33.3,0.0,73.0,14.3,0.0,33.3,0.315,BASEBALL_SAVANT_CURRENT_SEASON,2026-08-20T23:43:02.137578+00:00,SAVANT_BATTER_PROFILE_SCHEMA_V1,CURRENT
693304,"Gonzales, Nick",2026,494,82,16.6,6.7,23.3,53.3,0.325,0.283,0.387,34.9,2.7,70.8,12.5,12.0,30.9,0.344,BASEBALL_SAVANT_CURRENT_SEASON,2026-08-20T23:43:02.137578+00:00,SAVANT_BATTER_PROFILE_SCHEMA_V1,CURRENT
518692,"Freeman, Freddie",2026,532,87,16.4,10.3,21.8,50.5,0.374,0.299,0.486,42.1,8.8,70.3,8.1,18.0,33.0,0.367,BASEBALL_SAVANT_CURRENT_SEASON,2026-08-20T23:43:02.137578+00:00,SAVANT_BATTER_PROFILE_SCHEMA_V1,CURRENT
670156,"Mastrobuoni, Miles",2026,30,10,33.3,6.7,20.9,40.2,0.184,0.145,0.201,22.2,0.0,68.0,2.6,1.0,41.9,0.201,BASEBALL_SAVANT_CURRENT_SEASON,2026-08-20T23:43:02.137578+00:00,SAVANT_BATTER_PROFILE_SCHEMA_V1,CURRENT
668800,"Knizner, Andrew",2026,7,2,28.6,14.3,25.0,47.1,0.2,0.127,0.136,25.0,0.0,71.9,16.7,1.0,0.0,0.1,BASEBALL_SAVANT_CURRENT_SEASON,2026-08-20T23:43:02.137578+00:00,SAVANT_BATTER_PROFILE_SCHEMA_V1,CURRENT
665804,"Amaya, Miguel",2026,208,54,26.0,10.1,27.4,45.1,0.293,0.203,0.324,36.3,7.3,70.5,10.3,5.0,32.5,0.325,BASEBALL_SAVANT_CURRENT_SEASON,2026-08-20T23:43:02.137578+00:00,SAVANT_BATTER_PROFILE_SCHEMA_V1,CURRENT
669256,"Solak, Nick",2026,10,0,0.0,10.0,0.0,47.8,0.373,0.26,0.502,50.0,12.5,70.8,20.0,0.0,50.0,0.232,BASEBALL_SAVANT_CURRENT_SEASON,2026-08-20T23:43:02.137578+00:00,SAVANT_BATTER_PROFILE_SCHEMA_V1,CURRENT
699393,"Ramírez, Pedro",2026,152,30,19.7,8.6,22.8,50.5,0.295,0.263,0.348,41.3,2.8,72.2,22.7,5.0,32.0,0.33,BASEBALL_SAVANT_CURRENT_SEASON,2026-08-20T23:43:02.137578+00:00,SAVANT_BATTER_PROFILE_SCHEMA_V1,CURRENT
669221,"Murphy, Sean",2026,34,14,41.2,0.0,35.9,54.2,0.146,0.153,0.183,30.0,0.0,70.5,15.8,4.0,25.6,0.116,BASEBALL_SAVANT_CURRENT_SEASON,2026-08-20T23:43:02.137578+00:00,SAVANT_BATTER_PROFILE_SCHEMA_V1,CURRENT
669134,"Campusano, Luis",2026,157,33,21.0,14.0,25.4,44.6,0.351,0.255,0.416,44.0,10.0,72.5,25.4,12.0,29.9,0.397,BASEBALL_SAVANT_CURRENT_SEASON,2026-08-20T23:43:02.137578+00:00,SAVANT_BATTER_PROFILE_SCHEMA_V1,CURRENT
669288,"Johnson, Daniel",2026,17,3,17.6,11.8,21.7,43.4,0.341,0.28,0.32,45.5,0.0,73.5,30.0,0.0,43.8,0.23,BASEBALL_SAVANT_CURRENT_SEASON,2026-08-20T23:43:02.137578+00:00,SAVANT_BATTER_PROFILE_SCHEMA_V1,CURRENT
686948,"Baldwin, Drake",2026,462,94,20.3,10.0,23.1,50.3,0.376,0.282,0.506,52.1,13.3,75.2,54.7,15.0,32.4,0.355,BASEBALL_SAVANT_CURRENT_SEASON,2026-08-20T23:43:02.137578+00:00,SAVANT_BATTER_PROFILE_SCHEMA_V1,CURRENT
671083,"Kennedy, Buddy",2026,41,13,31.7,9.8,28.4,48.9,0.252,0.176,0.263,34.8,8.7,72.3,20.5,3.0,20.7,0.182,BASEBALL_SAVANT_CURRENT_SEASON,2026-08-20T23:43:02.137578+00:00,SAVANT_BATTER_PROFILE_SCHEMA_V1,CURRENT
543309,"Higashioka, Kyle",2026,186,47,25.3,10.2,26.3,44.2,0.295,0.219,0.351,38.1,8.5,71.0,11.3,9.0,32.6,0.303,BASEBALL_SAVANT_CURRENT_SEASON,2026-08-20T23:43:02.137578+00:00,SAVANT_BATTER_PROFILE_SCHEMA_V1,CURRENT
682985,"Greene, Riley",2026,492,133,27.0,12.4,29.8,46.3,0.363,0.258,0.478,48.3,14.6,75.6,58.2,12.0,28.0,0.356,BASEBALL_SAVANT_CURRENT_SEASON,2026-08-20T23:43:02.137578+00:00,SAVANT_BATTER_PROFILE_SCHEMA_V1,CURRENT
681508,"Gasper, Mickey",2026,131,22,16.8,8.4,17.5,41.2,0.313,0.244,0.394,36.1,7.2,72.0,16.1,4.0,39.7,0.316,BASEBALL_SAVANT_CURRENT_SEASON,2026-08-20T23:43:02.137578+00:00,SAVANT_BATTER_PROFILE_SCHEMA_V1,CURRENT
695490,"Arroyo, Edwin",2026,142,31,21.8,3.5,25.4,58.8,0.307,0.289,0.367,26.2,2.0,69.1,5.1,3.0,33.9,0.257,BASEBALL_SAVANT_CURRENT_SEASON,2026-08-20T23:43:02.137578+00:00,SAVANT_BATTER_PROFILE_SCHEMA_V1,CURRENT
572233,"Walker, Christian",2026,504,120,23.8,8.3,29.9,50.6,0.303,0.225,0.386,41.4,9.3,74.4,44.6,32.0,27.7,0.325,BASEBALL_SAVANT_CURRENT_SEASON,2026-08-20T23:43:02.137578+00:00,SAVANT_BATTER_PROFILE_SCHEMA_V1,CURRENT
692216,"Kayfus, CJ",2026,25,8,32.0,8.0,37.9,53.7,0.304,0.169,0.427,50.0,21.4,70.2,17.6,0.0,24.2,0.288,BASEBALL_SAVANT_CURRENT_SEASON,2026-08-20T23:43:02.137578+00:00,SAVANT_BATTER_PROFILE_SCHEMA_V1,CURRENT
666185,"Carlson, Dylan",2026,4,2,50.0,0.0,33.3,30.0,0.07,0.067,0.096,0.0,0.0,65.2,0.0,0.0,50.0,0.0,BASEBALL_SAVANT_CURRENT_SEASON,2026-08-20T23:43:02.137578+00:00,SAVANT_BATTER_PROFILE_SCHEMA_V1,CURRENT
592450,"Judge, Aaron",2026,261,72,27.6,16.1,32.2,42.9,0.415,0.27,0.6,57.3,21.7,76.1,64.4,12.0,31.7,0.385,BASEBALL_SAVANT_CURRENT_SEASON,2026-08-20T23:43:02.137578+00:00,SAVANT_BATTER_PROFILE_SCHEMA_V1,CURRENT
624424,"Conforto, Michael",2026,225,67,29.8,12.0,29.3,43.5,0.312,0.218,0.403,42.3,11.5,72.5,30.7,8.0,28.7,0.325,BASEBALL_SAVANT_CURRENT_SEASON,2026-08-20T23:43:02.137578+00:00,SAVANT_BATTER_PROFILE_SCHEMA_V1,CURRENT
665750,"Taveras, Leody",2026,388,95,24.5,9.3,25.3,48.0,0.281,0.218,0.328,32.4,4.3,72.9,27.5,7.0,27.1,0.299,BASEBALL_SAVANT_CURRENT_SEASON,2026-08-20T23:43:02.137578+00:00,SAVANT_BATTER_PROFILE_SCHEMA_V1,CURRENT
671289,"Freeman, Tyler",2026,288,34,11.8,3.8,12.4,50.6,0.309,0.265,0.353,36.0,1.3,70.5,12.7,5.0,33.4,0.288,BASEBALL_SAVANT_CURRENT_SEASON,2026-08-20T23:43:02.137578+00:00,SAVANT_BATTER_PROFILE_SCHEMA_V1,CURRENT
641933,"O'Neill, Tyler",2026,252,70,27.8,10.7,31.5,47.0,0.312,0.217,0.402,43.1,9.2,72.3,19.0,7.0,31.0,0.311,BASEBALL_SAVANT_CURRENT_SEASON,2026-08-20T23:43:02.137578+00:00,SAVANT_BATTER_PROFILE_SCHEMA_V1,CURRENT
656305,"Chapman, Matt",2026,352,81,23.0,10.5,23.1,44.5,0.286,0.21,0.319,35.8,6.6,76.1,61.1,11.0,22.0,0.309,BASEBALL_SAVANT_CURRENT_SEASON,2026-08-20T23:43:02.137578+00:00,SAVANT_BATTER_PROFILE_SCHEMA_V1,CURRENT
656484,"Gray, Tristan",2026,188,60,31.9,5.3,33.9,56.2,0.263,0.218,0.322,37.6,6.0,72.7,31.1,8.0,24.2,0.261,BASEBALL_SAVANT_CURRENT_SEASON,2026-08-20T23:43:02.137578+00:00,SAVANT_BATTER_PROFILE_SCHEMA_V1,CURRENT
678011,"Seigler, Anthony",2026,158,26,16.5,8.9,21.6,46.5,0.31,0.244,0.38,35.9,6.0,67.2,0.4,5.0,43.7,0.318,BASEBALL_SAVANT_CURRENT_SEASON,2026-08-20T23:43:02.137578+00:00,SAVANT_BATTER_PROFILE_SCHEMA_V1,CURRENT
621020,"Swanson, Dansby",2026,458,106,23.1,10.5,30.6,47.2,0.307,0.223,0.389,41.1,7.6,71.5,9.5,19.0,37.3,0.309,BASEBALL_SAVANT_CURRENT_SEASON,2026-08-20T23:43:02.137578+00:00,SAVANT_BATTER_PROFILE_SCHEMA_V1,CURRENT
656537,"Hill, Derek",2026,181,63,34.8,6.6,34.8,50.7,0.29,0.225,0.378,35.2,10.6,71.7,18.1,6.0,30.7,0.311,BASEBALL_SAVANT_CURRENT_SEASON,2026-08-20T23:43:02.137578+00:00,SAVANT_BATTER_PROFILE_SCHEMA_V1,CURRENT
682657,"Martínez, Angel",2026,314,71,22.6,2.5,20.7,54.7,0.303,0.258,0.411,36.2,7.8,71.3,17.1,11.0,28.8,0.303,BASEBALL_SAVANT_CURRENT_SEASON,2026-08-20T23:43:02.137578+00:00,SAVANT_BATTER_PROFILE_SCHEMA_V1,CURRENT
681546,"Outman, James",2026,170,71,41.8,5.9,41.8,51.2,0.225,0.162,0.273,37.2,7.0,72.3,19.3,14.0,26.7,0.246,BASEBALL_SAVANT_CURRENT_SEASON,2026-08-20T23:43:02.137578+00:00,SAVANT_BATTER_PROFILE_SCHEMA_V1,CURRENT
663611,"Madrigal, Nick",2026,52,3,5.8,13.5,8.7,50.0,0.298,0.232,0.286,24.4,0.0,65.6,1.2,1.0,38.5,0.32,BASEBALL_SAVANT_CURRENT_SEASON,2026-08-20T23:43:02.137578+00:00,SAVANT_BATTER_PROFILE_SCHEMA_V1,CURRENT
571771,"Hernández, Enrique",2026,33,9,27.3,3.0,23.6,61.5,0.249,0.206,0.341,34.8,8.7,69.8,7.7,2.0,33.3,0.329,BASEBALL_SAVANT_CURRENT_SEASON,2026-08-20T23:43:02.137578+00:00,SAVANT_BATTER_PROFILE_SCHEMA_V1,CURRENT
666176,"Adell, Jo",2026,510,124,24.3,4.1,28.2,53.9,0.332,0.258,0.455,44.8,10.1,77.2,70.3,25.0,24.2,0.304,BASEBALL_SAVANT_CURRENT_SEASON,2026-08-20T23:43:02.137578+00:00,SAVANT_BATTER_PROFILE_SCHEMA_V1,CURRENT
687859,"Johnston, Troy",2026,375,64,17.1,8.5,23.7,52.0,0.325,0.279,0.382,36.9,2.2,70.1,5.5,5.0,38.1,0.327,BASEBALL_SAVANT_CURRENT_SEASON,2026-08-20T23:43:02.137578+00:00,SAVANT_BATTER_PROFILE_SCHEMA_V1,CURRENT
655316,"Monasterio, Andruw",2026,286,56,19.6,7.7,18.6,45.9,0.303,0.243,0.381,32.5,7.8,69.7,4.2,3.0,33.7,0.324,BASEBALL_SAVANT_CURRENT_SEASON,2026-08-20T23:43:02.137578+00:00,SAVANT_BATTER_PROFILE_SCHEMA_V1,CURRENT
683953,"Bazzana, Travis",2026,397,88,22.2,11.6,25.0,44.1,0.3,0.223,0.349,36.6,5.0,69.7,12.7,23.0,33.3,0.311,BASEBALL_SAVANT_CURRENT_SEASON,2026-08-20T23:43:02.137578+00:00,SAVANT_BATTER_PROFILE_SCHEMA_V1,CURRENT
802139,"Wetherholt, JJ",2026,552,87,15.8,11.2,20.0,41.9,0.348,0.253,0.429,43.7,7.3,72.0,20.0,16.0,37.3,0.325,BASEBALL_SAVANT_CURRENT_SEASON,2026-08-20T23:43:02.137578+00:00,SAVANT_BATTER_PROFILE_SCHEMA_V1,CURRENT
630105,"Cronenworth, Jake",2026,292,64,21.9,9.2,22.5,46.1,0.284,0.224,0.315,30.6,3.6,71.6,18.6,10.0,29.9,0.28,BASEBALL_SAVANT_CURRENT_SEASON,2026-08-20T23:43:02.137578+00:00,SAVANT_BATTER_PROFILE_SCHEMA_V1,CURRENT
672284,"Kelenic, Jarred",2026,80,29,36.3,11.3,39.0,45.2,0.335,0.237,0.444,50.0,19.0,73.1,29.5,3.0,34.6,0.28,BASEBALL_SAVANT_CURRENT_SEASON,2026-08-20T23:43:02.137578+00:00,SAVANT_BATTER_PROFILE_SCHEMA_V1,CURRENT
666931,"Oliva, Jared",2026,7,1,14.3,0.0,37.5,59.3,0.308,0.322,0.379,66.7,0.0,70.9,16.7,0.0,50.0,0.127,BASEBALL_SAVANT_CURRENT_SEASON,2026-08-20T23:43:02.137578+00:00,SAVANT_BATTER_PROFILE_SCHEMA_V1,CURRENT
678882,"Rafaela, Ceddanne",2026,513,104,20.3,3.7,25.1,57.2,0.285,0.247,0.364,32.2,5.8,69.6,7.3,22.0,32.9,0.339,BASEBALL_SAVANT_CURRENT_SEASON,2026-08-20T23:43:02.137578+00:00,SAVANT_BATTER_PROFILE_SCHEMA_V1,CURRENT
695491,"Báez, Joshua",2026,25,7,28.0,4.0,28.3,54.8,0.408,0.28,0.676,62.5,25.0,79.1,87.5,2.0,29.0,0.338,BASEBALL_SAVANT_CURRENT_SEASON,2026-08-20T23:43:02.137578+00:00,SAVANT_BATTER_PROFILE_SCHEMA_V1,CURRENT
701538,"Merrill, Jackson",2026,523,129,24.7,6.3,27.3,55.5,0.329,0.256,0.46,47.1,11.2,73.3,30.0,16.0,29.2,0.303,BASEBALL_SAVANT_CURRENT_SEASON,2026-08-20T23:43:02.137578+00:00,SAVANT_BATTER_PROFILE_SCHEMA_V1,CURRENT
682634,"Alcántara, Kevin",2026,25,10,40.0,8.0,36.4,40.4,0.305,0.251,0.383,30.8,7.7,76.7,69.2,2.0,30.8,0.28,BASEBALL_SAVANT_CURRENT_SEASON,2026-08-20T23:43:02.137578+00:00,SAVANT_BATTER_PROFILE_SCHEMA_V1,CURRENT
691788,"Mack, Joe",2026,247,64,25.9,6.5,25.4,47.1,0.306,0.231,0.416,39.4,9.7,74.3,42.4,1.0,30.1,0.314,BASEBALL_SAVANT_CURRENT_SEASON,2026-08-20T23:43:02.137578+00:00,SAVANT_BATTER_PROFILE_SCHEMA_V1,CURRENT
665926,"Giménez, Andrés",2026,419,81,19.3,3.3,25.2,57.6,0.266,0.23,0.32,23.4,3.2,68.1,4.3,14.0,32.7,0.279,BASEBALL_SAVANT_CURRENT_SEASON,2026-08-20T23:43:02.137578+00:00,SAVANT_BATTER_PROFILE_SCHEMA_V1,CURRENT
691023,"Walker, Jordan",2026,530,128,24.2,7.7,30.4,52.3,0.356,0.276,0.487,47.9,13.4,79.2,84.9,21.0,28.0,0.366,BASEBALL_SAVANT_CURRENT_SEASON,2026-08-20T23:43:02.137578+00:00,SAVANT_BATTER_PROFILE_SCHEMA_V1,CURRENT
660162,"Moncada, Yoán",2026,130,45,34.6,13.1,28.8,38.9,0.269,0.169,0.286,40.9,7.7,72.3,30.4,4.0,29.5,0.281,BASEBALL_SAVANT_CURRENT_SEASON,2026-08-20T23:43:02.137578+00:00,SAVANT_BATTER_PROFILE_SCHEMA_V1,CURRENT
676439,"Feduccia, Hunter",2026,191,47,24.6,9.4,22.7,43.9,0.32,0.249,0.396,39.5,8.8,71.1,13.5,6.0,35.0,0.293,BASEBALL_SAVANT_CURRENT_SEASON,2026-08-20T23:43:02.137578+00:00,SAVANT_BATTER_PROFILE_SCHEMA_V1,CURRENT
621438,"Taylor, Tyrone",2026,185,35,18.9,5.9,22.4,49.4,0.31,0.238,0.426,34.3,10.2,71.6,13.7,6.0,33.8,0.334,BASEBALL_SAVANT_CURRENT_SEASON,2026-08-20T23:43:02.137578+00:00,SAVANT_BATTER_PROFILE_SCHEMA_V1,CURRENT
676724,"Young, Jared",2026,252,47,18.7,7.1,25.3,46.5,0.323,0.246,0.408,47.0,8.3,73.2,33.1,5.0,34.6,0.343,BASEBALL_SAVANT_CURRENT_SEASON,2026-08-20T23:43:02.137578+00:00,SAVANT_BATTER_PROFILE_SCHEMA_V1,CURRENT
649966,"Urías, Luis",2026,59,10,16.9,10.2,13.0,50.0,0.299,0.237,0.351,30.2,7.0,71.4,24.0,2.0,27.2,0.345,BASEBALL_SAVANT_CURRENT_SEASON,2026-08-20T23:43:02.137578+00:00,SAVANT_BATTER_PROFILE_SCHEMA_V1,CURRENT
691458,"Jordan, Blaze",2026,177,27,15.3,4.0,20.4,53.7,0.309,0.261,0.407,43.7,8.5,72.8,27.6,3.0,31.7,0.281,BASEBALL_SAVANT_CURRENT_SEASON,2026-08-20T23:43:02.137578+00:00,SAVANT_BATTER_PROFILE_SCHEMA_V1,CURRENT
694197,"Genao, Angel",2026,46,3,6.5,8.7,15.5,44.4,0.351,0.29,0.425,52.6,7.9,71.4,21.3,0.0,51.0,0.389,BASEBALL_SAVANT_CURRENT_SEASON,2026-08-20T23:43:02.137578+00:00,SAVANT_BATTER_PROFILE_SCHEMA_V1,CURRENT
666464,"Encarnacion, Jerar",2026,35,8,22.9,2.9,19.3,52.2,0.21,0.19,0.266,34.6,7.7,74.7,54.7,1.0,21.3,0.183,BASEBALL_SAVANT_CURRENT_SEASON,2026-08-20T23:43:02.137578+00:00,SAVANT_BATTER_PROFILE_SCHEMA_V1,CURRENT
701305,"Dezenzo, Zach",2026,83,32,38.6,8.4,38.3,46.2,0.248,0.191,0.294,31.8,9.1,75.1,51.4,2.0,23.0,0.262,BASEBALL_SAVANT_CURRENT_SEASON,2026-08-20T23:43:02.137578+00:00,SAVANT_BATTER_PROFILE_SCHEMA_V1,CURRENT
677800,"Abreu, Wilyer",2026,540,106,19.6,10.7,24.5,48.3,0.357,0.261,0.489,44.2,12.9,73.8,38.0,11.0,32.0,0.346,BASEBALL_SAVANT_CURRENT_SEASON,2026-08-20T23:43:02.137578+00:00,SAVANT_BATTER_PROFILE_SCHEMA_V1,CURRENT
680700,"Palacios, Richie",2026,311,57,18.3,12.2,21.7,45.7,0.312,0.248,0.338,27.7,3.8,69.1,3.5,15.0,31.8,0.317,BASEBALL_SAVANT_CURRENT_SEASON,2026-08-20T23:43:02.137578+00:00,SAVANT_BATTER_PROFILE_SCHEMA_V1,CURRENT
650490,"Díaz, Yandy",2026,538,76,14.1,8.6,14.4,46.9,0.362,0.292,0.456,48.0,7.2,73.7,39.0,10.0,34.4,0.369,BASEBALL_SAVANT_CURRENT_SEASON,2026-08-20T23:43:02.137578+00:00,SAVANT_BATTER_PROFILE_SCHEMA_V1,CURRENT
676551,"Hicklen, Brewer",2026,23,8,34.8,17.4,44.4,48.9,0.354,0.256,0.405,54.5,9.1,73.0,32.5,0.0,36.4,0.457,BASEBALL_SAVANT_CURRENT_SEASON,2026-08-20T23:43:02.137578+00:00,SAVANT_BATTER_PROFILE_SCHEMA_V1,CURRENT
694497,"Carter, Evan",2026,361,87,24.1,11.6,28.7,40.2,0.286,0.202,0.325,36.0,5.7,71.5,21.4,13.0,31.1,0.283,BASEBALL_SAVANT_CURRENT_SEASON,2026-08-20T23:43:02.137578+00:00,SAVANT_BATTER_PROFILE_SCHEMA_V1,CURRENT
686823,"Brennan, Will",2026,23,3,13.0,0.0,8.0,64.9,0.178,0.174,0.238,25.0,0.0,68.4,2.4,0.0,23.1,0.077,BASEBALL_SAVANT_CURRENT_SEASON,2026-08-20T23:43:02.137578+00:00,SAVANT_BATTER_PROFILE_SCHEMA_V1,CURRENT
694374,"Tawa, Tim",2026,225,53,23.6,7.1,27.3,49.1,0.304,0.24,0.4,44.9,9.1,74.1,39.3,11.0,32.5,0.294,BASEBALL_SAVANT_CURRENT_SEASON,2026-08-20T23:43:02.137578+00:00,SAVANT_BATTER_PROFILE_SCHEMA_V1,CURRENT
668930,"Turang, Brice",2026,532,132,24.8,13.0,22.6,43.0,0.343,0.254,0.432,42.3,7.9,70.0,10.7,15.0,33.2,0.35,BASEBALL_SAVANT_CURRENT_SEASON,2026-08-20T23:43:02.137578+00:00,SAVANT_BATTER_PROFILE_SCHEMA_V1,CURRENT
676566,"Ross, Shawn",2026,5,2,40.0,0.0,50.0,47.6,0.428,0.226,0.84,33.3,33.3,75.9,77.8,1.0,20.0,0.41,BASEBALL_SAVANT_CURRENT_SEASON,2026-08-20T23:43:02.137578+00:00,SAVANT_BATTER_PROFILE_SCHEMA_V1,CURRENT
664728,"Isbel, Kyle",2026,228,51,22.4,5.3,17.9,47.7,0.263,0.229,0.307,34.0,2.5,71.6,16.5,3.0,33.3,0.272,BASEBALL_SAVANT_CURRENT_SEASON,2026-08-20T23:43:02.137578+00:00,SAVANT_BATTER_PROFILE_SCHEMA_V1,CURRENT
664954,"Sullivan, Brett",2026,184,31,16.8,6.0,18.1,52.2,0.285,0.229,0.364,32.6,4.3,68.4,4.9,5.0,36.3,0.311,BASEBALL_SAVANT_CURRENT_SEASON,2026-08-20T23:43:02.137578+00:00,SAVANT_BATTER_PROFILE_SCHEMA_V1,CURRENT
642708,"Rosario, Amed",2026,201,53,26.4,6.0,27.2,54.2,0.305,0.242,0.418,39.0,11.0,73.8,40.1,4.0,29.3,0.298,BASEBALL_SAVANT_CURRENT_SEASON,2026-08-20T23:43:02.137578+00:00,SAVANT_BATTER_PROFILE_SCHEMA_V1,CURRENT
671218,"Ramos, Heliot",2026,356,96,27.0,5.9,28.5,52.4,0.321,0.257,0.436,48.9,13.4,72.4,24.8,8.0,32.9,0.299,BASEBALL_SAVANT_CURRENT_SEASON,2026-08-20T23:43:02.137578+00:00,SAVANT_BATTER_PROFILE_SCHEMA_V1,CURRENT
686475,"Tolbert, Tyler",2026,111,19,17.1,9.0,27.2,50.9,0.313,0.264,0.343,28.0,3.7,69.3,2.6,3.0,38.7,0.364,BASEBALL_SAVANT_CURRENT_SEASON,2026-08-20T23:43:02.137578+00:00,SAVANT_BATTER_PROFILE_SCHEMA_V1,CURRENT
678577,"Perez, Junior",2026,36,14,38.9,2.8,39.4,51.1,0.312,0.206,0.516,52.4,14.3,75.1,56.3,0.0,35.0,0.264,BASEBALL_SAVANT_CURRENT_SEASON,2026-08-20T23:43:02.137578+00:00,SAVANT_BATTER_PROFILE_SCHEMA_V1,CURRENT
670623,"Paredes, Isaac",2026,509,69,13.6,9.6,15.4,43.7,0.325,0.251,0.377,28.6,5.3,67.2,6.8,7.0,32.8,0.344,BASEBALL_SAVANT_CURRENT_SEASON,2026-08-20T23:43:02.137578+00:00,SAVANT_BATTER_PROFILE_SCHEMA_V1,CURRENT
663494,"Torres, Bryan",2026,123,25,20.3,8.1,20.5,45.8,0.293,0.237,0.367,29.5,4.7,66.0,1.0,4.0,37.0,0.299,BASEBALL_SAVANT_CURRENT_SEASON,2026-08-20T23:43:02.137578+00:00,SAVANT_BATTER_PROFILE_SCHEMA_V1,CURRENT
805904,"Cole, Zach",2026,53,21,39.6,1.9,43.3,44.3,0.289,0.209,0.438,50.0,16.7,76.4,66.7,1.0,34.7,0.234,BASEBALL_SAVANT_CURRENT_SEASON,2026-08-20T23:43:02.137578+00:00,SAVANT_BATTER_PROFILE_SCHEMA_V1,CURRENT
675961,"Williams, Alika",2026,152,37,24.3,3.9,21.7,53.2,0.243,0.217,0.286,33.0,0.9,69.5,3.9,3.0,22.3,0.302,BASEBALL_SAVANT_CURRENT_SEASON,2026-08-20T23:43:02.137578+00:00,SAVANT_BATTER_PROFILE_SCHEMA_V1,CURRENT
607043,"Nimmo, Brandon",2026,510,109,21.4,7.8,21.9,50.8,0.364,0.288,0.488,51.5,10.4,72.3,27.7,19.0,33.0,0.336,BASEBALL_SAVANT_CURRENT_SEASON,2026-08-20T23:43:02.137578+00:00,SAVANT_BATTER_PROFILE_SCHEMA_V1,CURRENT
701358,"Smith, Cam",2026,452,111,24.6,7.7,29.0,48.6,0.328,0.246,0.44,45.2,11.8,77.7,77.0,10.0,25.9,0.302,BASEBALL_SAVANT_CURRENT_SEASON,2026-08-20T23:43:02.137578+00:00,SAVANT_BATTER_PROFILE_SCHEMA_V1,CURRENT
681297,"Cowser, Colton",2026,301,91,30.2,12.3,33.5,43.6,0.321,0.215,0.421,39.5,11.0,74.8,50.2,17.0,25.5,0.299,BASEBALL_SAVANT_CURRENT_SEASON,2026-08-20T23:43:02.137578+00:00,SAVANT_BATTER_PROFILE_SCHEMA_V1,CURRENT
624431,"Trevino, Jose",2026,105,20,19.0,1.0,22.5,50.7,0.217,0.205,0.286,32.1,2.4,68.8,3.2,4.0,37.3,0.278,BASEBALL_SAVANT_CURRENT_SEASON,2026-08-20T23:43:02.137578+00:00,SAVANT_BATTER_PROFILE_SCHEMA_V1,CURRENT
671155,"Johnson, Ivan",2026,14,6,42.9,14.3,53.8,44.8,0.178,0.08,0.135,16.7,0.0,73.5,37.5,0.0,16.7,0.163,BASEBALL_SAVANT_CURRENT_SEASON,2026-08-20T23:43:02.137578+00:00,SAVANT_BATTER_PROFILE_SCHEMA_V1,CURRENT
683737,"Busch, Michael",2026,564,125,22.2,12.4,25.0,43.9,0.331,0.234,0.401,39.1,8.9,68.6,4.9,21.0,38.2,0.33,BASEBALL_SAVANT_CURRENT_SEASON,2026-08-20T23:43:02.137578+00:00,SAVANT_BATTER_PROFILE_SCHEMA_V1,CURRENT
621439,"Buxton, Byron",2026,387,94,24.3,7.2,31.4,52.8,0.345,0.247,0.496,47.1,16.7,74.2,41.1,14.0,30.3,0.36,BASEBALL_SAVANT_CURRENT_SEASON,2026-08-20T23:43:02.137578+00:00,SAVANT_BATTER_PROFILE_SCHEMA_V1,CURRENT
543877,"Vázquez, Christian",2026,233,44,18.9,7.3,19.8,47.2,0.243,0.2,0.28,23.8,2.3,65.6,0.5,7.0,37.6,0.277,BASEBALL_SAVANT_CURRENT_SEASON,2026-08-20T23:43:02.137578+00:00,SAVANT_BATTER_PROFILE_SCHEMA_V1,CURRENT
656555,"Hoskins, Rhys",2026,317,100,31.5,14.8,32.4,42.2,0.297,0.174,0.348,41.3,12.6,71.9,17.0,15.0,30.4,0.305,BASEBALL_SAVANT_CURRENT_SEASON,2026-08-20T23:43:02.137578+00:00,SAVANT_BATTER_PROFILE_SCHEMA_V1,CURRENT
628451,"Ibáñez, Andy",2026,26,3,11.5,3.8,19.2,65.8,0.164,0.152,0.205,18.2,0.0,70.5,6.4,0.0,36.8,0.095,BASEBALL_SAVANT_CURRENT_SEASON,2026-08-20T23:43:02.137578+00:00,SAVANT_BATTER_PROFILE_SCHEMA_V1,CURRENT
693409,"Prieto, César",2026,31,4,12.9,0.0,21.3,52.8,0.249,0.232,0.351,29.6,3.8,69.3,0.0,0.0,51.5,0.057,BASEBALL_SAVANT_CURRENT_SEASON,2026-08-20T23:43:02.137578+00:00,SAVANT_BATTER_PROFILE_SCHEMA_V1,CURRENT
703492,"Morabito, Nick",2026,12,9,75.0,0.0,63.6,41.5,0.173,0.126,0.156,50.0,0.0,68.2,5.3,2.0,14.3,0.061,BASEBALL_SAVANT_CURRENT_SEASON,2026-08-20T23:43:02.137578+00:00,SAVANT_BATTER_PROFILE_SCHEMA_V1,CURRENT
643376,"Jansen, Danny",2026,146,42,28.8,8.9,26.1,44.7,0.249,0.165,0.267,32.6,5.8,70.4,7.5,10.0,30.3,0.261,BASEBALL_SAVANT_CURRENT_SEASON,2026-08-20T23:43:02.137578+00:00,SAVANT_BATTER_PROFILE_SCHEMA_V1,CURRENT
669707,"Triolo, Jared",2026,291,59,20.3,8.2,22.1,44.8,0.29,0.245,0.32,37.6,2.5,70.6,5.2,8.0,36.4,0.283,BASEBALL_SAVANT_CURRENT_SEASON,2026-08-20T23:43:02.137578+00:00,SAVANT_BATTER_PROFILE_SCHEMA_V1,CURRENT
664983,"McCarthy, Jake",2026,439,75,17.1,5.0,22.9,57.5,0.316,0.272,0.402,26.4,4.8,71.2,13.5,6.0,31.0,0.354,BASEBALL_SAVANT_CURRENT_SEASON,2026-08-20T23:43:02.137578+00:00,SAVANT_BATTER_PROFILE_SCHEMA_V1,CURRENT
677587,"Rocchio, Brayan",2026,478,70,14.6,6.7,22.2,49.8,0.293,0.243,0.35,31.0,3.3,70.0,7.2,11.0,32.8,0.305,BASEBALL_SAVANT_CURRENT_SEASON,2026-08-20T23:43:02.137578+00:00,SAVANT_BATTER_PROFILE_SCHEMA_V1,CURRENT
668715,"Steer, Spencer",2026,384,86,22.4,9.1,25.3,45.3,0.342,0.246,0.452,39.1,12.4,71.2,8.3,9.0,34.4,0.325,BASEBALL_SAVANT_CURRENT_SEASON,2026-08-20T23:43:02.137578+00:00,SAVANT_BATTER_PROFILE_SCHEMA_V1,CURRENT
670242,"Wallner, Matt",2026,135,53,39.3,7.4,44.0,52.1,0.281,0.2,0.333,40.3,10.4,75.2,56.8,15.0,22.3,0.253,BASEBALL_SAVANT_CURRENT_SEASON,2026-08-20T23:43:02.137578+00:00,SAVANT_BATTER_PROFILE_SCHEMA_V1,CURRENT
668901,"Vientos, Mark",2026,254,61,24.0,4.7,31.5,54.5,0.31,0.234,0.447,43.8,10.1,73.4,28.7,12.0,33.1,0.28,BASEBALL_SAVANT_CURRENT_SEASON,2026-08-20T23:43:02.137578+00:00,SAVANT_BATTER_PROFILE_SCHEMA_V1,CURRENT
700932,"Manzardo, Kyle",2026,356,114,32.0,10.1,30.6,46.5,0.306,0.219,0.379,41.0,12.0,69.8,6.3,12.0,33.0,0.305,BASEBALL_SAVANT_CURRENT_SEASON,2026-08-20T23:43:02.137578+00:00,SAVANT_BATTER_PROFILE_SCHEMA_V1,CURRENT
669242,"Edman, Tommy",2026,190,38,20.0,6.3,20.5,48.4,0.315,0.262,0.374,35.8,6.0,70.6,11.9,1.0,32.6,0.333,BASEBALL_SAVANT_CURRENT_SEASON,2026-08-20T23:43:02.137578+00:00,SAVANT_BATTER_PROFILE_SCHEMA_V1,CURRENT
687282,"Rincones Jr., Gabriel",2026,89,29,32.6,2.2,30.3,57.6,0.205,0.15,0.276,35.7,9.4,76.1,61.2,4.0,19.5,0.215,BASEBALL_SAVANT_CURRENT_SEASON,2026-08-20T23:43:02.137578+00:00,SAVANT_BATTER_PROFILE_SCHEMA_V1,CURRENT
670231,"Rave, John",2026,65,14,21.5,7.7,23.6,44.0,0.311,0.234,0.419,30.4,13.0,74.7,49.4,0.0,32.8,0.302,BASEBALL_SAVANT_CURRENT_SEASON,2026-08-20T23:43:02.137578+00:00,SAVANT_BATTER_PROFILE_SCHEMA_V1,CURRENT
695600,"Jensen, Carter",2026,472,137,29.0,10.4,29.8,44.8,0.287,0.202,0.358,43.3,10.2,73.8,36.4,38.0,30.7,0.308,BASEBALL_SAVANT_CURRENT_SEASON,2026-08-20T23:43:02.137578+00:00,SAVANT_BATTER_PROFILE_SCHEMA_V1,CURRENT
650559,"De La Cruz, Bryan",2026,36,8,22.2,5.6,30.1,55.7,0.33,0.252,0.418,37.5,8.3,71.3,18.5,3.0,28.6,0.401,BASEBALL_SAVANT_CURRENT_SEASON,2026-08-20T23:43:02.137578+00:00,SAVANT_BATTER_PROFILE_SCHEMA_V1,CURRENT
665019,"Clemens, Kody",2026,449,101,22.5,6.2,25.3,50.1,0.327,0.248,0.446,45.9,11.9,72.0,12.9,11.0,38.2,0.325,BASEBALL_SAVANT_CURRENT_SEASON,2026-08-20T23:43:02.137578+00:00,SAVANT_BATTER_PROFILE_SCHEMA_V1,CURRENT
665828,"Cabrera, Oswaldo",2026,11,4,36.4,0.0,15.8,52.8,0.148,0.158,0.187,42.9,0.0,69.1,0.0,0.0,30.8,0.0,BASEBALL_SAVANT_CURRENT_SEASON,2026-08-20T23:43:02.137578+00:00,SAVANT_BATTER_PROFILE_SCHEMA_V1,CURRENT
694203,"Guzman, Denzer",2026,193,49,25.4,5.2,25.3,52.4,0.268,0.229,0.334,32.6,5.3,74.1,41.4,0.0,25.8,0.278,BASEBALL_SAVANT_CURRENT_SEASON,2026-08-20T23:43:02.137578+00:00,SAVANT_BATTER_PROFILE_SCHEMA_V1,CURRENT
696135,"Watson, Kahlil",2026,91,32,35.2,3.3,35.5,54.0,0.246,0.209,0.33,32.1,7.1,73.0,27.2,5.0,30.0,0.265,BASEBALL_SAVANT_CURRENT_SEASON,2026-08-20T23:43:02.137578+00:00,SAVANT_BATTER_PROFILE_SCHEMA_V1,CURRENT
645302,"Robles, Victor",2026,140,22,15.7,5.7,21.8,54.4,0.281,0.24,0.326,20.6,1.9,68.1,2.6,8.0,34.6,0.285,BASEBALL_SAVANT_CURRENT_SEASON,2026-08-20T23:43:02.137578+00:00,SAVANT_BATTER_PROFILE_SCHEMA_V1,CURRENT
596019,"Lindor, Francisco",2026,309,59,19.1,11.0,24.3,45.8,0.349,0.252,0.455,48.4,9.4,72.5,25.0,11.0,33.4,0.333,BASEBALL_SAVANT_CURRENT_SEASON,2026-08-20T23:43:02.137578+00:00,SAVANT_BATTER_PROFILE_SCHEMA_V1,CURRENT
701785,"Culpepper, Kaelen",2026,40,11,27.5,5.0,29.5,49.7,0.325,0.271,0.395,44.0,4.2,73.7,34.4,0.0,34.1,0.354,BASEBALL_SAVANT_CURRENT_SEASON,2026-08-20T23:43:02.137578+00:00,SAVANT_BATTER_PROFILE_SCHEMA_V1,CURRENT
701649,"Triantos, James",2026,9,2,22.2,11.1,30.0,45.5,0.159,0.098,0.116,16.7,0.0,69.2,10.0,0.0,28.6,0.176,BASEBALL_SAVANT_CURRENT_SEASON,2026-08-20T23:43:02.137578+00:00,SAVANT_BATTER_PROFILE_SCHEMA_V1,CURRENT
807712,"Keaschall, Luke",2026,471,72,15.3,10.0,17.3,41.7,0.311,0.241,0.35,29.1,3.0,69.3,10.0,27.0,32.6,0.332,BASEBALL_SAVANT_CURRENT_SEASON,2026-08-20T23:43:02.137578+00:00,SAVANT_BATTER_PROFILE_SCHEMA_V1,CURRENT
694377,"Yorke, Nick",2026,96,20,20.8,7.3,21.1,48.6,0.307,0.252,0.368,49.3,6.0,72.7,21.7,3.0,33.9,0.27,BASEBALL_SAVANT_CURRENT_SEASON,2026-08-20T23:43:02.137578+00:00,SAVANT_BATTER_PROFILE_SCHEMA_V1,CURRENT
691783,"Lawlar, Jordan",2026,54,15,27.8,5.6,24.5,45.6,0.294,0.233,0.325,24.2,3.0,69.5,3.5,2.0,31.3,0.312,BASEBALL_SAVANT_CURRENT_SEASON,2026-08-20T23:43:02.137578+00:00,SAVANT_BATTER_PROFILE_SCHEMA_V1,CURRENT
672820,"Sosa, Lenyn",2026,117,25,21.4,0.9,21.5,56.0,0.249,0.222,0.345,36.7,5.6,72.4,22.6,1.0,30.0,0.213,BASEBALL_SAVANT_CURRENT_SEASON,2026-08-20T23:43:02.137578+00:00,SAVANT_BATTER_PROFILE_SCHEMA_V1,CURRENT
691781,"House, Brady",2026,249,72,28.9,6.0,33.0,51.6,0.331,0.262,0.445,46.5,11.4,73.7,35.0,10.0,30.5,0.3,BASEBALL_SAVANT_CURRENT_SEASON,2026-08-20T23:43:02.137578+00:00,SAVANT_BATTER_PROFILE_SCHEMA_V1,CURRENT
